secim_yili,secim_tarihi,il_plaka,il_adi,parti,oy,oy_orani,vekil,il_toplam_vekil,il_katilim_orani
2023,14 Mayıs 2023,1,Adana,AK Parti,439641,30.84,5,15,87.95
2023,14 Mayıs 2023,1,Adana,CHP,408171,28.63,5,15,87.95
2023,14 Mayıs 2023,1,Adana,YEŞİL SOL,138727,9.73,1,15,87.95
2023,14 Mayıs 2023,1,Adana,MHP,157305,11.03,2,15,87.95
2023,14 Mayıs 2023,1,Adana,İYİ Parti,153184,10.74,2,15,87.95
2023,14 Mayıs 2023,2,Adıyaman,AK Parti,170104,52.33,4,5,82.43
2023,14 Mayıs 2023,2,Adıyaman,CHP,60954,18.75,1,5,82.43
2023,14 Mayıs 2023,3,Afyonkarahisar,AK Parti,215286,44.17,3,6,90.45
2023,14 Mayıs 2023,3,Afyonkarahisar,CHP,91585,18.79,1,6,90.45
2023,14 Mayıs 2023,3,Afyonkarahisar,MHP,78277,16.06,1,6,90.45
2023,14 Mayıs 2023,3,Afyonkarahisar,İYİ Parti,60212,12.35,1,6,90.45
2023,14 Mayıs 2023,4,Ağrı,AK Parti,55632,25.37,1,4,73.45
2023,14 Mayıs 2023,4,Ağrı,YEŞİL SOL,119412,54.46,3,4,73.45
2023,14 Mayıs 2023,5,Amasya,AK Parti,94567,39.58,2,3,92.38
2023,14 Mayıs 2023,5,Amasya,CHP,70730,29.6,1,3,92.38
2023,14 Mayıs 2023,6,Ankara,AK Parti,1292189,32.53,15,36,91.49
2023,14 Mayıs 2023,6,Ankara,CHP,1214147,30.56,13,36,91.49
2023,14 Mayıs 2023,6,Ankara,MHP,407150,10.25,3,36,91.49
2023,14 Mayıs 2023,6,Ankara,İYİ Parti,508592,12.8,5,36,91.49
2023,14 Mayıs 2023,7,Antalya,AK Parti,499464,29.06,6,17,89.66
2023,14 Mayıs 2023,7,Antalya,CHP,555265,32.31,6,17,89.66
2023,14 Mayıs 2023,7,Antalya,YEŞİL SOL,84268,4.9,1,17,89.66
2023,14 Mayıs 2023,7,Antalya,MHP,172337,10.03,2,17,89.66
2023,14 Mayıs 2023,7,Antalya,İYİ Parti,194340,11.31,2,17,89.66
2023,14 Mayıs 2023,8,Artvin,AK Parti,43864,37.17,1,2,89.03
2023,14 Mayıs 2023,8,Artvin,CHP,35256,29.88,1,2,89.03
2023,14 Mayıs 2023,9,Aydın,AK Parti,227930,28.71,3,8,90.18
2023,14 Mayıs 2023,9,Aydın,CHP,282541,35.59,4,8,90.18
2023,14 Mayıs 2023,9,Aydın,İYİ Parti,102794,12.95,1,8,90.18
2023,14 Mayıs 2023,10,Balıkesir,AK Parti,316245,34.67,4,9,91.45
2023,14 Mayıs 2023,10,Balıkesir,CHP,287000,31.47,3,9,91.45
2023,14 Mayıs 2023,10,Balıkesir,MHP,74778,8.2,1,9,91.45
2023,14 Mayıs 2023,10,Balıkesir,İYİ Parti,133176,14.6,1,9,91.45
2023,14 Mayıs 2023,11,Bilecik,AK Parti,57696,37.22,1,2,92.21
2023,14 Mayıs 2023,11,Bilecik,CHP,41403,26.71,1,2,92.21
2023,14 Mayıs 2023,12,Bingöl,AK Parti,58635,39.21,2,3,79.19
2023,14 Mayıs 2023,12,Bingöl,YEŞİL SOL,35816,23.95,1,3,79.19
2023,14 Mayıs 2023,13,Bitlis,AK Parti,67036,37.71,1,3,82.23
2023,14 Mayıs 2023,13,Bitlis,YEŞİL SOL,71418,40.17,2,3,82.23
2023,14 Mayıs 2023,14,Bolu,AK Parti,80725,37.01,1,3,91.68
2023,14 Mayıs 2023,14,Bolu,CHP,47722,21.88,1,3,91.68
2023,14 Mayıs 2023,14,Bolu,MHP,50726,23.26,1,3,91.68
2023,14 Mayıs 2023,15,Burdur,AK Parti,67689,36.61,2,3,91.02
2023,14 Mayıs 2023,15,Burdur,CHP,57437,31.07,1,3,91.02
2023,14 Mayıs 2023,16,Bursa,AK Parti,849249,39.01,10,20,91.19
2023,14 Mayıs 2023,16,Bursa,CHP,530797,24.38,6,20,91.19
2023,14 Mayıs 2023,16,Bursa,MHP,187656,8.62,2,20,91.19
2023,14 Mayıs 2023,16,Bursa,İYİ Parti,259157,11.9,2,20,91.19
2023,14 Mayıs 2023,17,Çanakkale,AK Parti,129671,32.07,1,4,91.9
2023,14 Mayıs 2023,17,Çanakkale,CHP,142544,35.25,2,4,91.9
2023,14 Mayıs 2023,17,Çanakkale,İYİ Parti,65927,16.3,1,4,91.9
2023,14 Mayıs 2023,18,Çankırı,AK Parti,54025,42.73,1,2,89.17
2023,14 Mayıs 2023,18,Çankırı,MHP,39385,31.15,1,2,89.17
2023,14 Mayıs 2023,19,Çorum,AK Parti,147470,40.31,2,4,91.1
2023,14 Mayıs 2023,19,Çorum,CHP,112588,30.78,1,4,91.1
2023,14 Mayıs 2023,19,Çorum,MHP,73738,20.16,1,4,91.1
2023,14 Mayıs 2023,20,Denizli,AK Parti,249271,33.99,3,7,91.9
2023,14 Mayıs 2023,20,Denizli,CHP,233980,31.9,3,7,91.9
2023,14 Mayıs 2023,20,Denizli,İYİ Parti,103118,14.06,1,7,91.9
2023,14 Mayıs 2023,21,Diyarbakır,AK Parti,215069,23.22,3,12,82.18
2023,14 Mayıs 2023,21,Diyarbakır,CHP,76293,8.24,1,12,82.18
2023,14 Mayıs 2023,21,Diyarbakır,YEŞİL SOL,564336,60.93,8,12,82.18
2023,14 Mayıs 2023,22,Edirne,AK Parti,69381,23.83,1,4,90.6
2023,14 Mayıs 2023,22,Edirne,CHP,114660,39.38,2,4,90.6
2023,14 Mayıs 2023,22,Edirne,İYİ Parti,59581,20.46,1,4,90.6
2023,14 Mayıs 2023,23,Elazığ,AK Parti,148894,40.43,3,5,86.16
2023,14 Mayıs 2023,23,Elazığ,CHP,76364,20.73,1,5,86.16
2023,14 Mayıs 2023,23,Elazığ,MHP,42287,11.48,1,5,86.16
2023,14 Mayıs 2023,24,Erzincan,AK Parti,60388,38.67,1,2,90.77
2023,14 Mayıs 2023,24,Erzincan,CHP,56110,35.93,1,2,90.77
2023,14 Mayıs 2023,25,Erzurum,AK Parti,192238,43.32,4,6,86.63
2023,14 Mayıs 2023,25,Erzurum,YEŞİL SOL,43931,9.9,1,6,86.63
2023,14 Mayıs 2023,25,Erzurum,MHP,73952,16.67,1,6,86.63
2023,14 Mayıs 2023,26,Eskişehir,AK Parti,210650,33.15,2,6,91.11
2023,14 Mayıs 2023,26,Eskişehir,CHP,216397,34.06,3,6,91.11
2023,14 Mayıs 2023,26,Eskişehir,İYİ Parti,87762,13.81,1,6,91.11
2023,14 Mayıs 2023,27,Gaziantep,AK Parti,525901,44.91,8,14,86.06
2023,14 Mayıs 2023,27,Gaziantep,CHP,238356,20.35,3,14,86.06
2023,14 Mayıs 2023,27,Gaziantep,YEŞİL SOL,106873,9.13,1,14,86.06
2023,14 Mayıs 2023,27,Gaziantep,MHP,113802,9.72,1,14,86.06
2023,14 Mayıs 2023,27,Gaziantep,İYİ Parti,63379,5.41,1,14,86.06
2023,14 Mayıs 2023,28,Giresun,AK Parti,133759,43.13,2,4,88.65
2023,14 Mayıs 2023,28,Giresun,CHP,64082,20.66,1,4,88.65
2023,14 Mayıs 2023,28,Giresun,MHP,48431,15.61,1,4,88.65
2023,14 Mayıs 2023,29,Gümüşhane,AK Parti,38347,47.78,1,2,83.24
2023,14 Mayıs 2023,29,Gümüşhane,MHP,21222,26.44,1,2,83.24
2023,14 Mayıs 2023,30,Hakkari,YEŞİL SOL,95810,62.45,3,3,83.99
2023,14 Mayıs 2023,31,Hatay,AK Parti,303292,33.91,4,11,83.61
2023,14 Mayıs 2023,31,Hatay,CHP,253886,28.39,4,11,83.61
2023,14 Mayıs 2023,31,Hatay,MHP,109143,12.2,1,11,83.61
2023,14 Mayıs 2023,31,Hatay,İYİ Parti,71728,8.02,1,11,83.61
2023,14 Mayıs 2023,31,Hatay,TİP,76580,8.56,1,11,83.61
2023,14 Mayıs 2023,32,Isparta,AK Parti,96636,32.7,2,4,90.03
2023,14 Mayıs 2023,32,Isparta,CHP,65786,22.26,1,4,90.03
2023,14 Mayıs 2023,32,Isparta,MHP,60266,20.39,1,4,90.03
2023,14 Mayıs 2023,33,Mersin,AK Parti,311422,24.96,4,13,89.73
2023,14 Mayıs 2023,33,Mersin,CHP,385460,30.89,5,13,89.73
2023,14 Mayıs 2023,33,Mersin,YEŞİL SOL,165131,13.23,2,13,89.73
2023,14 Mayıs 2023,33,Mersin,MHP,149627,11.99,1,13,89.73
2023,14 Mayıs 2023,33,Mersin,İYİ Parti,147707,11.84,1,13,89.73
2023,14 Mayıs 2023,34,İstanbul,AK Parti,3758031,36.06,40,98,90.81
2023,14 Mayıs 2023,34,İstanbul,CHP,2952880,28.33,31,98,90.81
2023,14 Mayıs 2023,34,İstanbul,YEŞİL SOL,853161,8.19,8,98,90.81
2023,14 Mayıs 2023,34,İstanbul,MHP,650886,6.24,5,98,90.81
2023,14 Mayıs 2023,34,İstanbul,İYİ Parti,840891,8.07,8,98,90.81
2023,14 Mayıs 2023,34,İstanbul,YENİDEN REFAH,338753,3.25,3,98,90.81
2023,14 Mayıs 2023,34,İstanbul,TİP,420740,4.04,3,98,90.81
2023,14 Mayıs 2023,35,İzmir,AK Parti,793908,25.26,8,28,90.55
2023,14 Mayıs 2023,35,İzmir,CHP,1285263,40.9,14,28,90.55
2023,14 Mayıs 2023,35,İzmir,YEŞİL SOL,236991,7.54,2,28,90.55
2023,14 Mayıs 2023,35,İzmir,MHP,168679,5.37,1,28,90.55
2023,14 Mayıs 2023,35,İzmir,İYİ Parti,357814,11.39,3,28,90.55
2023,14 Mayıs 2023,36,Kars,AK Parti,37661,25.81,1,3,80.07
2023,14 Mayıs 2023,36,Kars,CHP,24089,16.51,1,3,80.07
2023,14 Mayıs 2023,36,Kars,YEŞİL SOL,40710,27.9,1,3,80.07
2023,14 Mayıs 2023,37,Kastamonu,AK Parti,118176,45.49,2,3,88.4
2023,14 Mayıs 2023,37,Kastamonu,CHP,56568,21.78,1,3,88.4
2023,14 Mayıs 2023,38,Kayseri,AK Parti,385747,40.72,5,10,91.27
2023,14 Mayıs 2023,38,Kayseri,CHP,163381,17.25,2,10,91.27
2023,14 Mayıs 2023,38,Kayseri,MHP,180088,19.01,2,10,91.27
2023,14 Mayıs 2023,38,Kayseri,İYİ Parti,94509,9.98,1,10,91.27
2023,14 Mayıs 2023,39,Kırklareli,AK Parti,68052,25.27,1,3,91.41
2023,14 Mayıs 2023,39,Kırklareli,CHP,122373,45.44,2,3,91.41
2023,14 Mayıs 2023,40,Kırşehir,AK Parti,59698,38.84,1,2,87.9
2023,14 Mayıs 2023,40,Kırşehir,CHP,44881,29.2,1,2,87.9
2023,14 Mayıs 2023,41,Kocaeli,AK Parti,557744,39.7,6,14,91.79
2023,14 Mayıs 2023,41,Kocaeli,CHP,336732,23.97,4,14,91.79
2023,14 Mayıs 2023,41,Kocaeli,YEŞİL SOL,81740,5.82,1,14,91.79
2023,14 Mayıs 2023,41,Kocaeli,MHP,118434,8.43,1,14,91.79
2023,14 Mayıs 2023,41,Kocaeli,İYİ Parti,133468,9.5,1,14,91.79
2023,14 Mayıs 2023,41,Kocaeli,YENİDEN REFAH,80614,5.74,1,14,91.79
2023,14 Mayıs 2023,42,Konya,AK Parti,702233,47.95,9,15,89.49
2023,14 Mayıs 2023,42,Konya,CHP,200415,13.68,2,15,89.49
2023,14 Mayıs 2023,42,Konya,MHP,209530,14.31,2,15,89.49
2023,14 Mayıs 2023,42,Konya,İYİ Parti,126898,8.66,1,15,89.49
2023,14 Mayıs 2023,42,Konya,YENİDEN REFAH,74289,5.07,1,15,89.49
2023,14 Mayıs 2023,43,Kütahya,AK Parti,185993,46.64,3,5,92.21
2023,14 Mayıs 2023,43,Kütahya,CHP,67040,16.81,1,5,92.21
2023,14 Mayıs 2023,43,Kütahya,MHP,51926,13.02,1,5,92.21
2023,14 Mayıs 2023,44,Malatya,AK Parti,198561,45.19,4,6,82.17
2023,14 Mayıs 2023,44,Malatya,CHP,94917,21.6,1,6,82.17
2023,14 Mayıs 2023,44,Malatya,MHP,56762,12.92,1,6,82.17
2023,14 Mayıs 2023,45,Manisa,AK Parti,324460,31.79,4,10,92.21
2023,14 Mayıs 2023,45,Manisa,CHP,300639,29.46,4,10,92.21
2023,14 Mayıs 2023,45,Manisa,MHP,144102,14.12,1,10,92.21
2023,14 Mayıs 2023,45,Manisa,İYİ Parti,112904,11.06,1,10,92.21
2023,14 Mayıs 2023,46,Kahramanmaraş,AK Parti,309478,47.72,5,8,85.81
2023,14 Mayıs 2023,46,Kahramanmaraş,CHP,105734,16.3,2,8,85.81
2023,14 Mayıs 2023,46,Kahramanmaraş,MHP,104865,16.17,1,8,85.81
2023,14 Mayıs 2023,47,Mardin,AK Parti,112569,25.2,2,6,83.21
2023,14 Mayıs 2023,47,Mardin,YEŞİL SOL,244036,54.63,4,6,83.21
2023,14 Mayıs 2023,48,Muğla,AK Parti,179663,24.5,2,7,90.48
2023,14 Mayıs 2023,48,Muğla,CHP,275567,37.59,4,7,90.48
2023,14 Mayıs 2023,48,Muğla,İYİ Parti,124900,17.04,1,7,90.48
2023,14 Mayıs 2023,49,Muş,AK Parti,40522,21.51,1,3,79.14
2023,14 Mayıs 2023,49,Muş,YEŞİL SOL,95284,50.57,2,3,79.14
2023,14 Mayıs 2023,50,Nevşehir,AK Parti,81317,39.46,2,3,90.79
2023,14 Mayıs 2023,50,Nevşehir,MHP,41781,20.27,1,3,90.79
2023,14 Mayıs 2023,51,Niğde,AK Parti,77905,33.88,1,3,88.64
2023,14 Mayıs 2023,51,Niğde,CHP,55502,24.14,1,3,88.64
2023,14 Mayıs 2023,51,Niğde,MHP,51413,22.36,1,3,88.64
2023,14 Mayıs 2023,52,Ordu,AK Parti,234054,45.25,3,6,87.98
2023,14 Mayıs 2023,52,Ordu,CHP,125261,24.22,2,6,87.98
2023,14 Mayıs 2023,52,Ordu,MHP,65861,12.73,1,6,87.98
2023,14 Mayıs 2023,53,Rize,AK Parti,127718,53.4,2,3,89.4
2023,14 Mayıs 2023,53,Rize,CHP,51330,21.46,1,3,89.4
2023,14 Mayıs 2023,54,Sakarya,AK Parti,344737,47.33,5,8,91.84
2023,14 Mayıs 2023,54,Sakarya,CHP,119408,16.39,1,8,91.84
2023,14 Mayıs 2023,54,Sakarya,MHP,87532,12.02,1,8,91.84
2023,14 Mayıs 2023,54,Sakarya,İYİ Parti,79512,10.92,1,8,91.84
2023,14 Mayıs 2023,55,Samsun,AK Parti,391347,42.45,5,9,89.68
2023,14 Mayıs 2023,55,Samsun,CHP,182210,19.76,2,9,89.68
2023,14 Mayıs 2023,55,Samsun,MHP,131259,14.24,1,9,89.68
2023,14 Mayıs 2023,55,Samsun,İYİ Parti,111169,12.06,1,9,89.68
2023,14 Mayıs 2023,56,Siirt,AK Parti,59552,35.98,1,3,83.78
2023,14 Mayıs 2023,56,Siirt,YEŞİL SOL,77268,46.68,2,3,83.78
2023,14 Mayıs 2023,57,Sinop,AK Parti,64031,42.75,1,2,88.13
2023,14 Mayıs 2023,57,Sinop,CHP,38492,25.7,1,2,88.13
2023,14 Mayıs 2023,58,Sivas,AK Parti,169726,40.63,3,5,89.53
2023,14 Mayıs 2023,58,Sivas,CHP,68385,16.37,1,5,89.53
2023,14 Mayıs 2023,58,Sivas,MHP,75300,18.02,1,5,89.53
2023,14 Mayıs 2023,59,Tekirdağ,AK Parti,241159,30.73,3,8,90.81
2023,14 Mayıs 2023,59,Tekirdağ,CHP,284479,36.25,4,8,90.81
2023,14 Mayıs 2023,59,Tekirdağ,İYİ Parti,87644,11.17,1,8,90.81
2023,14 Mayıs 2023,60,Tokat,AK Parti,151130,37.4,3,5,90.97
2023,14 Mayıs 2023,60,Tokat,CHP,83611,20.69,1,5,90.97
2023,14 Mayıs 2023,60,Tokat,MHP,89188,22.07,1,5,90.97
2023,14 Mayıs 2023,61,Trabzon,AK Parti,263447,47.77,4,6,89.46
2023,14 Mayıs 2023,61,Trabzon,CHP,99376,18.02,1,6,89.46
2023,14 Mayıs 2023,61,Trabzon,İYİ Parti,66698,12.09,1,6,89.46
2023,14 Mayıs 2023,62,Tunceli,YEŞİL SOL,24763,42.79,1,1,87.63
2023,14 Mayıs 2023,63,Şanlıurfa,AK Parti,424799,43.01,8,14,82.28
2023,14 Mayıs 2023,63,Şanlıurfa,CHP,79531,8.05,1,14,82.28
2023,14 Mayıs 2023,63,Şanlıurfa,YEŞİL SOL,245424,24.85,4,14,82.28
2023,14 Mayıs 2023,63,Şanlıurfa,MHP,93277,9.44,1,14,82.28
2023,14 Mayıs 2023,64,Uşak,AK Parti,92327,36.04,2,3,91.27
2023,14 Mayıs 2023,64,Uşak,CHP,74420,29.05,1,3,91.27
2023,14 Mayıs 2023,65,Van,AK Parti,142930,26.15,2,8,79.13
2023,14 Mayıs 2023,65,Van,YEŞİL SOL,289239,52.92,6,8,79.13
2023,14 Mayıs 2023,66,Yozgat,AK Parti,114947,43.9,2,4,86.92
2023,14 Mayıs 2023,66,Yozgat,MHP,60752,23.2,1,4,86.92
2023,14 Mayıs 2023,66,Yozgat,İYİ Parti,59980,22.91,1,4,86.92
2023,14 Mayıs 2023,67,Zonguldak,AK Parti,162290,40.02,3,5,89.6
2023,14 Mayıs 2023,67,Zonguldak,CHP,130033,32.07,2,5,89.6
2023,14 Mayıs 2023,68,Aksaray,AK Parti,113633,44.13,2,4,87.17
2023,14 Mayıs 2023,68,Aksaray,MHP,54103,21.01,1,4,87.17
2023,14 Mayıs 2023,68,Aksaray,İYİ Parti,63588,24.69,1,4,87.17
2023,14 Mayıs 2023,69,Bayburt,AK Parti,30185,59.95,1,1,87.62
2023,14 Mayıs 2023,70,Karaman,AK Parti,69380,40.98,2,3,90.0
2023,14 Mayıs 2023,70,Karaman,CHP,32678,19.3,1,3,90.0
2023,14 Mayıs 2023,71,Kırıkkale,AK Parti,65134,35.67,1,3,89.34
2023,14 Mayıs 2023,71,Kırıkkale,CHP,48590,26.61,1,3,89.34
2023,14 Mayıs 2023,71,Kırıkkale,MHP,38775,21.23,1,3,89.34
2023,14 Mayıs 2023,72,Batman,AK Parti,98159,29.22,2,5,85.34
2023,14 Mayıs 2023,72,Batman,YEŞİL SOL,194142,57.79,3,5,85.34
2023,14 Mayıs 2023,73,Şırnak,AK Parti,58730,21.45,1,4,85.01
2023,14 Mayıs 2023,73,Şırnak,YEŞİL SOL,171603,62.67,3,4,85.01
2023,14 Mayıs 2023,74,Bartın,AK Parti,50239,36.96,1,2,88.68
2023,14 Mayıs 2023,74,Bartın,CHP,42749,31.45,1,2,88.68
2023,14 Mayıs 2023,75,Ardahan,AK Parti,19489,34.98,1,2,83.19
2023,14 Mayıs 2023,75,Ardahan,CHP,16573,29.75,1,2,83.19
2023,14 Mayıs 2023,76,Iğdır,AK Parti,37022,35.25,1,2,79.58
2023,14 Mayıs 2023,76,Iğdır,YEŞİL SOL,45736,43.55,1,2,79.58
2023,14 Mayıs 2023,77,Yalova,AK Parti,61761,34.25,2,3,87.51
2023,14 Mayıs 2023,77,Yalova,CHP,51817,28.74,1,3,87.51
2023,14 Mayıs 2023,78,Karabük,AK Parti,61621,37.67,2,3,89.91
2023,14 Mayıs 2023,78,Karabük,CHP,35916,21.96,1,3,89.91
2023,14 Mayıs 2023,79,Kilis,AK Parti,34480,39.68,1,2,89.14
2023,14 Mayıs 2023,79,Kilis,MHP,23253,26.76,1,2,89.14
2023,14 Mayıs 2023,80,Osmaniye,AK Parti,113953,33.19,2,4,88.08
2023,14 Mayıs 2023,80,Osmaniye,CHP,59488,17.33,1,4,88.08
2023,14 Mayıs 2023,80,Osmaniye,MHP,97683,28.45,1,4,88.08
2023,14 Mayıs 2023,81,Düzce,AK Parti,136052,49.58,2,3,92.49
2023,14 Mayıs 2023,81,Düzce,CHP,62126,22.64,1,3,92.49
2018,24 Haziran 2018,1,Adana,AK Parti,440540,34.17,5,15,86.14
2018,24 Haziran 2018,1,Adana,CHP,339339,26.32,4,15,86.14
2018,24 Haziran 2018,1,Adana,MHP,153060,11.87,2,15,86.14
2018,24 Haziran 2018,1,Adana,HDP,172831,13.41,2,15,86.14
2018,24 Haziran 2018,1,Adana,İYİ Parti,159881,12.4,2,15,86.14
2018,24 Haziran 2018,2,Adıyaman,AK Parti,185691,55.2,4,5,86.43
2018,24 Haziran 2018,2,Adıyaman,CHP,39947,11.88,1,5,86.43
2018,24 Haziran 2018,3,Afyonkarahisar,AK Parti,248264,55.5,3,6,90.59
2018,24 Haziran 2018,3,Afyonkarahisar,CHP,64241,14.36,1,6,90.59
2018,24 Haziran 2018,3,Afyonkarahisar,MHP,63233,14.13,1,6,90.59
2018,24 Haziran 2018,3,Afyonkarahisar,İYİ Parti,61123,13.66,1,6,90.59
2018,24 Haziran 2018,4,Ağrı,AK Parti,63032,28.11,1,4,78.63
2018,24 Haziran 2018,4,Ağrı,HDP,142683,63.62,3,4,78.63
2018,24 Haziran 2018,5,Amasya,AK Parti,103401,46.84,2,3,91.51
2018,24 Haziran 2018,5,Amasya,CHP,55100,24.96,1,3,91.51
2018,24 Haziran 2018,6,Ankara,AK Parti,1379020,40.08,15,36,89.44
2018,24 Haziran 2018,6,Ankara,CHP,906435,26.35,10,36,89.44
2018,24 Haziran 2018,6,Ankara,MHP,456434,13.27,5,36,89.44
2018,24 Haziran 2018,6,Ankara,HDP,208792,6.07,1,36,89.44
2018,24 Haziran 2018,6,Ankara,İYİ Parti,424928,12.35,5,36,89.44
2018,24 Haziran 2018,7,Antalya,AK Parti,494530,34.44,6,16,87.36
2018,24 Haziran 2018,7,Antalya,CHP,423783,29.51,5,16,87.36
2018,24 Haziran 2018,7,Antalya,MHP,146216,10.18,1,16,87.36
2018,24 Haziran 2018,7,Antalya,HDP,100782,7.02,1,16,87.36
2018,24 Haziran 2018,7,Antalya,İYİ Parti,248494,17.31,3,16,87.36
2018,24 Haziran 2018,8,Artvin,AK Parti,44975,40.16,1,2,87.65
2018,24 Haziran 2018,8,Artvin,CHP,36358,32.47,1,2,87.65
2018,24 Haziran 2018,9,Aydın,AK Parti,226369,31.9,4,8,89.0
2018,24 Haziran 2018,9,Aydın,CHP,244459,34.45,3,8,89.0
2018,24 Haziran 2018,9,Aydın,İYİ Parti,107254,15.12,1,8,89.0
2018,24 Haziran 2018,10,Balıkesir,AK Parti,344499,41.08,5,9,90.81
2018,24 Haziran 2018,10,Balıkesir,CHP,257957,30.76,3,9,90.81
2018,24 Haziran 2018,10,Balıkesir,İYİ Parti,126162,15.04,1,9,90.81
2018,24 Haziran 2018,11,Bilecik,AK Parti,59063,43.04,1,2,90.85
2018,24 Haziran 2018,11,Bilecik,CHP,39070,28.47,1,2,90.85
2018,24 Haziran 2018,12,Bingöl,AK Parti,77773,55.39,2,3,81.33
2018,24 Haziran 2018,12,Bingöl,HDP,38050,27.1,1,3,81.33
2018,24 Haziran 2018,13,Bitlis,AK Parti,71151,44.6,2,3,83.41
2018,24 Haziran 2018,13,Bitlis,HDP,69110,43.32,1,3,83.41
2018,24 Haziran 2018,14,Bolu,AK Parti,101969,52.14,2,3,89.79
2018,24 Haziran 2018,14,Bolu,CHP,39879,20.39,1,3,89.79
2018,24 Haziran 2018,15,Burdur,AK Parti,73382,42.88,2,3,90.19
2018,24 Haziran 2018,15,Burdur,CHP,34749,20.31,1,3,90.19
2018,24 Haziran 2018,16,Bursa,AK Parti,871202,46.01,11,20,89.86
2018,24 Haziran 2018,16,Bursa,CHP,432987,22.87,5,20,89.86
2018,24 Haziran 2018,16,Bursa,MHP,204766,10.81,2,20,89.86
2018,24 Haziran 2018,16,Bursa,İYİ Parti,240641,12.71,2,20,89.86
2018,24 Haziran 2018,17,Çanakkale,AK Parti,133986,36.93,2,4,91.21
2018,24 Haziran 2018,17,Çanakkale,CHP,124504,34.31,2,4,91.21
2018,24 Haziran 2018,18,Çankırı,AK Parti,68682,59.44,2,2,88.17
2018,24 Haziran 2018,19,Çorum,AK Parti,181338,52.08,3,4,91.14
2018,24 Haziran 2018,19,Çorum,CHP,71031,20.4,1,4,91.14
2018,24 Haziran 2018,20,Denizli,AK Parti,268289,40.41,4,8,91.28
2018,24 Haziran 2018,20,Denizli,CHP,188363,28.37,3,8,91.28
2018,24 Haziran 2018,20,Denizli,İYİ Parti,111881,16.85,1,8,91.28
2018,24 Haziran 2018,21,Diyarbakır,AK Parti,169529,20.52,3,12,83.67
2018,24 Haziran 2018,21,Diyarbakır,HDP,554172,67.07,9,12,83.67
2018,24 Haziran 2018,22,Edirne,AK Parti,74688,27.86,1,4,88.59
2018,24 Haziran 2018,22,Edirne,CHP,124003,46.26,2,4,88.59
2018,24 Haziran 2018,22,Edirne,İYİ Parti,42878,15.99,1,4,88.59
2018,24 Haziran 2018,23,Elazığ,AK Parti,186167,54.62,4,5,84.99
2018,24 Haziran 2018,23,Elazığ,CHP,35878,10.53,1,5,84.99
2018,24 Haziran 2018,24,Erzincan,AK Parti,64158,44.54,2,2,90.25
2018,24 Haziran 2018,25,Erzurum,AK Parti,232168,54.91,4,6,87.34
2018,24 Haziran 2018,25,Erzurum,MHP,79731,18.86,1,6,87.34
2018,24 Haziran 2018,25,Erzurum,İYİ Parti,34974,8.27,1,6,87.34
2018,24 Haziran 2018,26,Eskişehir,AK Parti,216516,38.38,3,7,89.1
2018,24 Haziran 2018,26,Eskişehir,CHP,184576,32.72,2,7,89.1
2018,24 Haziran 2018,26,Eskişehir,MHP,56348,9.99,1,7,89.1
2018,24 Haziran 2018,26,Eskişehir,İYİ Parti,76077,13.49,1,7,89.1
2018,24 Haziran 2018,27,Gaziantep,AK Parti,524405,51.44,8,14,85.58
2018,24 Haziran 2018,27,Gaziantep,CHP,153165,15.02,2,14,85.58
2018,24 Haziran 2018,27,Gaziantep,MHP,130674,12.82,2,14,85.58
2018,24 Haziran 2018,27,Gaziantep,HDP,119393,11.71,1,14,85.58
2018,24 Haziran 2018,27,Gaziantep,İYİ Parti,68901,6.76,1,14,85.58
2018,24 Haziran 2018,28,Giresun,AK Parti,151916,53.71,3,4,86.81
2018,24 Haziran 2018,28,Giresun,CHP,50285,17.78,1,4,86.81
2018,24 Haziran 2018,29,Gümüşhane,AK Parti,44961,57.02,2,2,80.19
2018,24 Haziran 2018,30,Hakkari,AK Parti,25877,19.09,1,3,83.37
2018,24 Haziran 2018,30,Hakkari,HDP,97337,71.8,2,3,83.37
2018,24 Haziran 2018,31,Hatay,AK Parti,325525,35.72,5,11,88.88
2018,24 Haziran 2018,31,Hatay,CHP,282429,30.99,4,11,88.88
2018,24 Haziran 2018,31,Hatay,MHP,133407,14.64,1,11,88.88
2018,24 Haziran 2018,31,Hatay,HDP,98645,10.82,1,11,88.88
2018,24 Haziran 2018,32,Isparta,AK Parti,129357,47.63,3,4,89.26
2018,24 Haziran 2018,32,Isparta,İYİ Parti,51168,18.84,1,4,89.26
2018,24 Haziran 2018,33,Mersin,AK Parti,307858,27.92,4,13,88.45
2018,24 Haziran 2018,33,Mersin,CHP,298172,27.04,3,13,88.45
2018,24 Haziran 2018,33,Mersin,MHP,142295,12.91,2,13,88.45
2018,24 Haziran 2018,33,Mersin,HDP,186663,16.93,2,13,88.45
2018,24 Haziran 2018,33,Mersin,İYİ Parti,152763,13.86,2,13,88.45
2018,24 Haziran 2018,34,İstanbul,AK Parti,3882775,42.41,43,98,88.11
2018,24 Haziran 2018,34,İstanbul,CHP,2448244,26.74,27,98,88.11
2018,24 Haziran 2018,34,İstanbul,MHP,757238,8.27,8,98,88.11
2018,24 Haziran 2018,34,İstanbul,HDP,1146449,12.52,12,98,88.11
2018,24 Haziran 2018,34,İstanbul,İYİ Parti,743920,8.13,8,98,88.11
2018,24 Haziran 2018,35,İzmir,AK Parti,791283,27.98,8,28,89.27
2018,24 Haziran 2018,35,İzmir,CHP,1188826,42.04,14,28,89.27
2018,24 Haziran 2018,35,İzmir,MHP,176299,6.23,2,28,89.27
2018,24 Haziran 2018,35,İzmir,HDP,319815,11.31,2,28,89.27
2018,24 Haziran 2018,35,İzmir,İYİ Parti,313546,11.09,2,28,89.27
2018,24 Haziran 2018,36,Kars,AK Parti,53620,37.48,2,3,81.13
2018,24 Haziran 2018,36,Kars,HDP,46285,32.36,1,3,81.13
2018,24 Haziran 2018,37,Kastamonu,AK Parti,126395,52.25,2,3,87.24
2018,24 Haziran 2018,37,Kastamonu,CHP,37463,15.49,1,3,87.24
2018,24 Haziran 2018,38,Kayseri,AK Parti,429421,50.6,6,10,90.77
2018,24 Haziran 2018,38,Kayseri,CHP,103603,12.21,1,10,90.77
2018,24 Haziran 2018,38,Kayseri,MHP,185831,21.9,2,10,90.77
2018,24 Haziran 2018,38,Kayseri,İYİ Parti,95270,11.23,1,10,90.77
2018,24 Haziran 2018,39,Kırklareli,AK Parti,63019,26.11,1,3,90.37
2018,24 Haziran 2018,39,Kırklareli,CHP,116842,48.41,2,3,90.37
2018,24 Haziran 2018,40,Kırşehir,AK Parti,57230,40.91,1,2,86.59
2018,24 Haziran 2018,40,Kırşehir,CHP,36092,25.8,1,2,86.59
2018,24 Haziran 2018,41,Kocaeli,AK Parti,566482,48.18,7,13,89.84
2018,24 Haziran 2018,41,Kocaeli,CHP,237366,20.19,3,13,89.84
2018,24 Haziran 2018,41,Kocaeli,MHP,134792,11.47,1,13,89.84
2018,24 Haziran 2018,41,Kocaeli,HDP,82860,7.05,1,13,89.84
2018,24 Haziran 2018,41,Kocaeli,İYİ Parti,123644,10.52,1,13,89.84
2018,24 Haziran 2018,42,Konya,AK Parti,783116,59.65,10,15,89.25
2018,24 Haziran 2018,42,Konya,CHP,123746,9.43,2,15,89.25
2018,24 Haziran 2018,42,Konya,MHP,206466,15.73,2,15,89.25
2018,24 Haziran 2018,42,Konya,İYİ Parti,119710,9.12,1,15,89.25
2018,24 Haziran 2018,43,Kütahya,AK Parti,207307,54.92,3,5,91.45
2018,24 Haziran 2018,43,Kütahya,CHP,47175,12.5,1,5,91.45
2018,24 Haziran 2018,43,Kütahya,MHP,70911,18.79,1,5,91.45
2018,24 Haziran 2018,44,Malatya,AK Parti,258166,53.93,4,6,87.72
2018,24 Haziran 2018,44,Malatya,CHP,80020,16.72,1,6,87.72
2018,24 Haziran 2018,44,Malatya,MHP,78401,16.38,1,6,87.72
2018,24 Haziran 2018,45,Manisa,AK Parti,370178,39.8,5,10,91.3
2018,24 Haziran 2018,45,Manisa,CHP,247465,26.6,3,10,91.3
2018,24 Haziran 2018,45,Manisa,MHP,107505,11.56,1,10,91.3
2018,24 Haziran 2018,45,Manisa,İYİ Parti,128843,13.85,1,10,91.3
2018,24 Haziran 2018,46,Kahramanmaraş,AK Parti,380706,58.68,6,8,89.5
2018,24 Haziran 2018,46,Kahramanmaraş,CHP,61782,9.52,1,8,89.5
2018,24 Haziran 2018,46,Kahramanmaraş,MHP,107607,16.59,1,8,89.5
2018,24 Haziran 2018,47,Mardin,AK Parti,114683,29.77,2,6,84.1
2018,24 Haziran 2018,47,Mardin,HDP,233657,60.65,4,6,84.1
2018,24 Haziran 2018,48,Muğla,AK Parti,172610,27.46,2,7,88.69
2018,24 Haziran 2018,48,Muğla,CHP,261387,41.58,4,7,88.69
2018,24 Haziran 2018,48,Muğla,İYİ Parti,106074,16.87,1,7,88.69
2018,24 Haziran 2018,49,Muş,AK Parti,58265,31.83,1,4,82.82
2018,24 Haziran 2018,49,Muş,HDP,101744,55.59,3,4,82.82
2018,24 Haziran 2018,50,Nevşehir,AK Parti,98583,53.18,2,3,89.85
2018,24 Haziran 2018,50,Nevşehir,CHP,30686,16.55,1,3,89.85
2018,24 Haziran 2018,51,Niğde,AK Parti,89919,43.59,2,3,87.85
2018,24 Haziran 2018,51,Niğde,CHP,41840,20.28,1,3,87.85
2018,24 Haziran 2018,52,Ordu,AK Parti,228861,48.68,3,6,86.78
2018,24 Haziran 2018,52,Ordu,CHP,107653,22.9,2,6,86.78
2018,24 Haziran 2018,52,Ordu,MHP,80514,17.13,1,6,86.78
2018,24 Haziran 2018,53,Rize,AK Parti,141928,65.25,3,3,88.02
2018,24 Haziran 2018,54,Sakarya,AK Parti,365372,58.38,4,7,90.37
2018,24 Haziran 2018,54,Sakarya,CHP,85046,13.59,1,7,90.37
2018,24 Haziran 2018,54,Sakarya,MHP,86470,13.82,1,7,90.37
2018,24 Haziran 2018,54,Sakarya,İYİ Parti,59801,9.55,1,7,90.37
2018,24 Haziran 2018,55,Samsun,AK Parti,430279,51.98,5,9,88.51
2018,24 Haziran 2018,55,Samsun,CHP,142905,17.26,2,9,88.51
2018,24 Haziran 2018,55,Samsun,MHP,136427,16.48,1,9,88.51
2018,24 Haziran 2018,55,Samsun,İYİ Parti,91779,11.09,1,9,88.51
2018,24 Haziran 2018,56,Siirt,AK Parti,56417,38.57,1,3,84.26
2018,24 Haziran 2018,56,Siirt,HDP,76225,52.11,2,3,84.26
2018,24 Haziran 2018,57,Sinop,AK Parti,74918,55.38,1,2,87.66
2018,24 Haziran 2018,57,Sinop,CHP,33045,24.43,1,2,87.66
2018,24 Haziran 2018,58,Sivas,AK Parti,217215,54.71,3,5,89.83
2018,24 Haziran 2018,58,Sivas,CHP,60163,15.15,1,5,89.83
2018,24 Haziran 2018,58,Sivas,MHP,76787,19.34,1,5,89.83
2018,24 Haziran 2018,59,Tekirdağ,AK Parti,220408,34.2,3,7,89.24
2018,24 Haziran 2018,59,Tekirdağ,CHP,250166,38.82,3,7,89.24
2018,24 Haziran 2018,59,Tekirdağ,İYİ Parti,77214,11.98,1,7,89.24
2018,24 Haziran 2018,60,Tokat,AK Parti,186939,49.85,3,5,90.33
2018,24 Haziran 2018,60,Tokat,CHP,77812,20.75,1,5,90.33
2018,24 Haziran 2018,60,Tokat,MHP,62460,16.66,1,5,90.33
2018,24 Haziran 2018,61,Trabzon,AK Parti,279328,56.11,4,6,87.35
2018,24 Haziran 2018,61,Trabzon,CHP,74920,15.05,1,6,87.35
2018,24 Haziran 2018,61,Trabzon,İYİ Parti,56701,11.39,1,6,87.35
2018,24 Haziran 2018,62,Tunceli,CHP,14406,26.58,1,2,86.25
2018,24 Haziran 2018,62,Tunceli,HDP,28219,52.07,1,2,86.25
2018,24 Haziran 2018,63,Şanlıurfa,AK Parti,444729,52.7,8,14,81.48
2018,24 Haziran 2018,63,Şanlıurfa,CHP,29153,3.45,1,14,81.48
2018,24 Haziran 2018,63,Şanlıurfa,MHP,78717,9.33,1,14,81.48
2018,24 Haziran 2018,63,Şanlıurfa,HDP,247256,29.3,4,14,81.48
2018,24 Haziran 2018,64,Uşak,AK Parti,102003,43.22,2,3,91.12
2018,24 Haziran 2018,64,Uşak,CHP,67428,28.57,1,3,91.12
2018,24 Haziran 2018,65,Van,AK Parti,159468,31.15,3,8,83.06
2018,24 Haziran 2018,65,Van,HDP,310273,60.62,5,8,83.06
2018,24 Haziran 2018,66,Yozgat,AK Parti,134237,53.44,2,4,86.42
2018,24 Haziran 2018,66,Yozgat,CHP,28757,11.45,1,4,86.42
2018,24 Haziran 2018,66,Yozgat,MHP,63403,25.24,1,4,86.42
2018,24 Haziran 2018,67,Zonguldak,AK Parti,172946,45.8,3,5,87.91
2018,24 Haziran 2018,67,Zonguldak,CHP,117724,31.17,2,5,87.91
2018,24 Haziran 2018,68,Aksaray,AK Parti,127750,56.28,2,4,87.0
2018,24 Haziran 2018,68,Aksaray,MHP,47501,20.93,1,4,87.0
2018,24 Haziran 2018,68,Aksaray,İYİ Parti,24375,10.74,1,4,87.0
2018,24 Haziran 2018,69,Bayburt,AK Parti,27453,57.63,1,1,86.21
2018,24 Haziran 2018,70,Karaman,AK Parti,81960,53.58,2,3,90.39
2018,24 Haziran 2018,70,Karaman,CHP,24774,16.2,1,3,90.39
2018,24 Haziran 2018,71,Kırıkkale,AK Parti,74118,43.44,1,3,87.61
2018,24 Haziran 2018,71,Kırıkkale,CHP,25950,15.21,1,3,87.61
2018,24 Haziran 2018,71,Kırıkkale,MHP,42204,24.73,1,3,87.61
2018,24 Haziran 2018,72,Batman,AK Parti,68398,24.08,1,5,85.67
2018,24 Haziran 2018,72,Batman,HDP,180318,63.48,4,5,85.67
2018,24 Haziran 2018,73,Şırnak,AK Parti,38884,17.15,1,4,87.05
2018,24 Haziran 2018,73,Şırnak,HDP,162969,71.88,3,4,87.05
2018,24 Haziran 2018,74,Bartın,AK Parti,57715,46.89,1,2,87.59
2018,24 Haziran 2018,74,Bartın,CHP,31654,25.72,1,2,87.59
2018,24 Haziran 2018,75,Ardahan,AK Parti,20796,36.69,1,2,84.81
2018,24 Haziran 2018,75,Ardahan,CHP,14804,26.12,1,2,84.81
2018,24 Haziran 2018,76,Iğdır,MHP,22222,24.39,1,2,77.97
2018,24 Haziran 2018,76,Iğdır,HDP,41057,45.06,1,2,77.97
2018,24 Haziran 2018,77,Yalova,AK Parti,66927,43.9,2,3,87.08
2018,24 Haziran 2018,77,Yalova,CHP,44148,28.96,1,3,87.08
2018,24 Haziran 2018,78,Karabük,AK Parti,80848,53.88,2,3,87.98
2018,24 Haziran 2018,78,Karabük,CHP,24947,16.63,1,3,87.98
2018,24 Haziran 2018,79,Kilis,AK Parti,37305,50.81,2,2,87.75
2018,24 Haziran 2018,80,Osmaniye,AK Parti,108468,35.79,2,4,86.36
2018,24 Haziran 2018,80,Osmaniye,CHP,40655,13.41,1,4,86.36
2018,24 Haziran 2018,80,Osmaniye,MHP,98244,32.41,1,4,86.36
2018,24 Haziran 2018,81,Düzce,AK Parti,134668,56.2,2,3,91.3
2018,24 Haziran 2018,81,Düzce,MHP,45633,19.04,1,3,91.3
2015Kasim,1 Kasım 2015,1,Adana,AK Parti,462362,36.82,6,14,85.7
2015Kasim,1 Kasım 2015,1,Adana,CHP,374000,29.78,4,14,85.7
2015Kasim,1 Kasım 2015,1,Adana,MHP,246182,19.6,3,14,85.7
2015Kasim,1 Kasım 2015,1,Adana,HDP,147572,11.75,1,14,85.7
2015Kasim,1 Kasım 2015,2,Adıyaman,AK Parti,222189,69.46,4,5,85.2
2015Kasim,1 Kasım 2015,2,Adıyaman,HDP,45431,14.2,1,5,85.2
2015Kasim,1 Kasım 2015,3,Afyonkarahisar,AK Parti,273797,63.4,3,5,89.0
2015Kasim,1 Kasım 2015,3,Afyonkarahisar,CHP,70153,16.24,1,5,89.0
2015Kasim,1 Kasım 2015,3,Afyonkarahisar,MHP,73417,17.0,1,5,89.0
2015Kasim,1 Kasım 2015,4,Ağrı,AK Parti,57780,27.02,1,4,75.3
2015Kasim,1 Kasım 2015,4,Ağrı,HDP,145689,68.14,3,4,75.3
2015Kasim,1 Kasım 2015,5,Amasya,AK Parti,109491,51.53,2,3,90.3
2015Kasim,1 Kasım 2015,5,Amasya,CHP,52129,24.53,1,3,90.3
2015Kasim,1 Kasım 2015,6,Ankara,AK Parti,1618972,48.8,16,32,89.6
2015Kasim,1 Kasım 2015,6,Ankara,CHP,1022500,30.82,11,32,89.6
2015Kasim,1 Kasım 2015,6,Ankara,MHP,471092,14.2,4,32,89.6
2015Kasim,1 Kasım 2015,6,Ankara,HDP,134449,4.05,1,32,89.6
2015Kasim,1 Kasım 2015,7,Antalya,AK Parti,560344,41.32,7,14,86.5
2015Kasim,1 Kasım 2015,7,Antalya,CHP,451878,33.32,5,14,86.5
2015Kasim,1 Kasım 2015,7,Antalya,MHP,238820,17.61,2,14,86.5
2015Kasim,1 Kasım 2015,8,Artvin,AK Parti,48128,45.19,1,2,83.9
2015Kasim,1 Kasım 2015,8,Artvin,CHP,37670,35.37,1,2,83.9
2015Kasim,1 Kasım 2015,9,Aydın,AK Parti,226022,33.84,3,7,87.4
2015Kasim,1 Kasım 2015,9,Aydın,CHP,272532,40.81,3,7,87.4
2015Kasim,1 Kasım 2015,9,Aydın,MHP,105247,15.76,1,7,87.4
2015Kasim,1 Kasım 2015,10,Balıkesir,AK Parti,361821,45.54,4,8,88.5
2015Kasim,1 Kasım 2015,10,Balıkesir,CHP,275229,34.64,3,8,88.5
2015Kasim,1 Kasım 2015,10,Balıkesir,MHP,117551,14.79,1,8,88.5
2015Kasim,1 Kasım 2015,11,Bilecik,AK Parti,61338,46.31,1,2,90.4
2015Kasim,1 Kasım 2015,11,Bilecik,CHP,44792,33.82,1,2,90.4
2015Kasim,1 Kasım 2015,12,Bingöl,AK Parti,83492,64.6,2,3,78.6
2015Kasim,1 Kasım 2015,12,Bingöl,HDP,38065,29.45,1,3,78.6
2015Kasim,1 Kasım 2015,13,Bitlis,AK Parti,65370,43.8,1,3,81.0
2015Kasim,1 Kasım 2015,13,Bitlis,HDP,73786,49.44,2,3,81.0
2015Kasim,1 Kasım 2015,14,Bolu,AK Parti,117527,62.82,2,3,89.3
2015Kasim,1 Kasım 2015,14,Bolu,CHP,40307,21.54,1,3,89.3
2015Kasim,1 Kasım 2015,15,Burdur,AK Parti,84716,50.59,2,3,89.5
2015Kasim,1 Kasım 2015,15,Burdur,CHP,41876,25.01,1,3,89.5
2015Kasim,1 Kasım 2015,16,Bursa,AK Parti,975760,53.97,11,18,89.5
2015Kasim,1 Kasım 2015,16,Bursa,CHP,482124,26.66,5,18,89.5
2015Kasim,1 Kasım 2015,16,Bursa,MHP,223866,12.38,2,18,89.5
2015Kasim,1 Kasım 2015,17,Çanakkale,AK Parti,135609,39.75,2,4,89.1
2015Kasim,1 Kasım 2015,17,Çanakkale,CHP,134957,39.56,2,4,89.1
2015Kasim,1 Kasım 2015,18,Çankırı,AK Parti,75808,69.09,2,2,85.9
2015Kasim,1 Kasım 2015,19,Çorum,AK Parti,207137,61.3,3,4,89.0
2015Kasim,1 Kasım 2015,19,Çorum,CHP,74581,22.07,1,4,89.0
2015Kasim,1 Kasım 2015,20,Denizli,AK Parti,289081,45.47,4,7,90.1
2015Kasim,1 Kasım 2015,20,Denizli,CHP,218151,34.32,2,7,90.1
2015Kasim,1 Kasım 2015,20,Denizli,MHP,93629,14.73,1,7,90.1
2015Kasim,1 Kasım 2015,21,Diyarbakır,AK Parti,169174,21.38,2,11,85.1
2015Kasim,1 Kasım 2015,21,Diyarbakır,HDP,576318,72.82,9,11,85.1
2015Kasim,1 Kasım 2015,22,Edirne,AK Parti,70648,26.98,1,3,87.2
2015Kasim,1 Kasım 2015,22,Edirne,CHP,149278,57.0,2,3,87.2
2015Kasim,1 Kasım 2015,23,Elazığ,AK Parti,219485,66.81,4,4,84.2
2015Kasim,1 Kasım 2015,24,Erzincan,AK Parti,74940,56.75,2,2,87.8
2015Kasim,1 Kasım 2015,25,Erzurum,AK Parti,275427,68.08,5,6,85.0
2015Kasim,1 Kasım 2015,25,Erzurum,MHP,57997,14.33,1,6,85.0
2015Kasim,1 Kasım 2015,26,Eskişehir,AK Parti,232668,43.15,3,6,88.7
2015Kasim,1 Kasım 2015,26,Eskişehir,CHP,208699,38.7,3,6,88.7
2015Kasim,1 Kasım 2015,27,Gaziantep,AK Parti,581085,61.67,8,12,84.0
2015Kasim,1 Kasım 2015,27,Gaziantep,CHP,153075,16.25,2,12,84.0
2015Kasim,1 Kasım 2015,27,Gaziantep,MHP,90142,9.57,1,12,84.0
2015Kasim,1 Kasım 2015,27,Gaziantep,HDP,98516,10.46,1,12,84.0
2015Kasim,1 Kasım 2015,28,Giresun,AK Parti,165268,61.78,3,4,84.8
2015Kasim,1 Kasım 2015,28,Giresun,CHP,53532,20.01,1,4,84.8
2015Kasim,1 Kasım 2015,29,Gümüşhane,AK Parti,50445,68.33,2,2,80.7
2015Kasim,1 Kasım 2015,30,Hakkari,HDP,114221,83.71,3,3,88.4
2015Kasim,1 Kasım 2015,31,Hatay,AK Parti,367940,43.18,5,10,87.0
2015Kasim,1 Kasım 2015,31,Hatay,CHP,307803,36.12,4,10,87.0
2015Kasim,1 Kasım 2015,31,Hatay,MHP,104885,12.31,1,10,87.0
2015Kasim,1 Kasım 2015,32,Isparta,AK Parti,138723,53.19,2,4,87.5
2015Kasim,1 Kasım 2015,32,Isparta,CHP,55744,21.38,1,4,87.5
2015Kasim,1 Kasım 2015,32,Isparta,MHP,53296,20.44,1,4,87.5
2015Kasim,1 Kasım 2015,33,Mersin,AK Parti,325723,31.06,4,11,87.4
2015Kasim,1 Kasım 2015,33,Mersin,CHP,319630,30.48,4,11,87.4
2015Kasim,1 Kasım 2015,33,Mersin,MHP,224219,21.38,2,11,87.4
2015Kasim,1 Kasım 2015,33,Mersin,HDP,156873,14.96,1,11,87.4
2015Kasim,1 Kasım 2015,34,İstanbul,AK Parti,4381816,48.75,46,88,88.2
2015Kasim,1 Kasım 2015,34,İstanbul,CHP,2736490,30.44,28,88,88.2
2015Kasim,1 Kasım 2015,34,İstanbul,MHP,772549,8.59,7,88,88.2
2015Kasim,1 Kasım 2015,34,İstanbul,HDP,904793,10.07,7,88,88.2
2015Kasim,1 Kasım 2015,35,İzmir,AK Parti,839079,31.03,8,26,88.1
2015Kasim,1 Kasım 2015,35,İzmir,CHP,1264541,46.76,14,26,88.1
2015Kasim,1 Kasım 2015,35,İzmir,MHP,307057,11.35,2,26,88.1
2015Kasim,1 Kasım 2015,35,İzmir,HDP,233653,8.64,2,26,88.1
2015Kasim,1 Kasım 2015,36,Kars,AK Parti,50267,35.63,2,3,78.6
2015Kasim,1 Kasım 2015,36,Kars,HDP,48625,34.47,1,3,78.6
2015Kasim,1 Kasım 2015,37,Kastamonu,AK Parti,137752,59.99,3,3,84.6
2015Kasim,1 Kasım 2015,38,Kayseri,AK Parti,528722,65.57,7,9,89.9
2015Kasim,1 Kasım 2015,38,Kayseri,CHP,98655,12.23,1,9,89.9
2015Kasim,1 Kasım 2015,38,Kayseri,MHP,148034,18.36,1,9,89.9
2015Kasim,1 Kasım 2015,39,Kırklareli,AK Parti,64270,27.67,1,3,88.8
2015Kasim,1 Kasım 2015,39,Kırklareli,CHP,129440,55.72,2,3,88.8
2015Kasim,1 Kasım 2015,40,Kırşehir,AK Parti,67797,50.66,2,2,84.8
2015Kasim,1 Kasım 2015,41,Kocaeli,AK Parti,621198,56.48,7,11,89.9
2015Kasim,1 Kasım 2015,41,Kocaeli,CHP,257810,23.44,3,11,89.9
2015Kasim,1 Kasım 2015,41,Kocaeli,MHP,123662,11.24,1,11,89.9
2015Kasim,1 Kasım 2015,42,Konya,AK Parti,938230,74.52,12,14,88.9
2015Kasim,1 Kasım 2015,42,Konya,CHP,115505,9.17,1,14,88.9
2015Kasim,1 Kasım 2015,42,Konya,MHP,143571,11.4,1,14,88.9
2015Kasim,1 Kasım 2015,43,Kütahya,AK Parti,251067,67.61,4,4,90.1
2015Kasim,1 Kasım 2015,44,Malatya,AK Parti,309173,67.88,5,6,86.3
2015Kasim,1 Kasım 2015,44,Malatya,CHP,69808,15.33,1,6,86.3
2015Kasim,1 Kasım 2015,45,Manisa,AK Parti,393858,43.99,5,9,90.3
2015Kasim,1 Kasım 2015,45,Manisa,CHP,266039,29.71,3,9,90.3
2015Kasim,1 Kasım 2015,45,Manisa,MHP,160813,17.96,1,9,90.3
2015Kasim,1 Kasım 2015,46,Kahramanmaraş,AK Parti,431802,71.79,7,8,87.1
2015Kasim,1 Kasım 2015,46,Kahramanmaraş,MHP,77745,12.93,1,8,87.1
2015Kasim,1 Kasım 2015,47,Mardin,AK Parti,107804,28.52,2,6,86.5
2015Kasim,1 Kasım 2015,47,Mardin,HDP,258384,68.36,4,6,86.5
2015Kasim,1 Kasım 2015,48,Muğla,AK Parti,172268,29.9,2,6,86.9
2015Kasim,1 Kasım 2015,48,Muğla,CHP,278651,48.37,3,6,86.9
2015Kasim,1 Kasım 2015,48,Muğla,MHP,86106,14.95,1,6,86.9
2015Kasim,1 Kasım 2015,49,Muş,AK Parti,61768,33.86,1,3,84.4
2015Kasim,1 Kasım 2015,49,Muş,HDP,112726,61.8,2,3,84.4
2015Kasim,1 Kasım 2015,50,Nevşehir,AK Parti,110867,62.75,3,3,87.9
2015Kasim,1 Kasım 2015,51,Niğde,AK Parti,110633,57.14,2,3,85.8
2015Kasim,1 Kasım 2015,51,Niğde,CHP,39495,20.4,1,3,85.8
2015Kasim,1 Kasım 2015,52,Ordu,AK Parti,276892,63.3,4,5,83.4
2015Kasim,1 Kasım 2015,52,Ordu,CHP,107132,24.49,1,5,83.4
2015Kasim,1 Kasım 2015,53,Rize,AK Parti,152923,75.88,3,3,84.0
2015Kasim,1 Kasım 2015,54,Sakarya,AK Parti,399039,67.6,5,7,89.6
2015Kasim,1 Kasım 2015,54,Sakarya,CHP,90810,15.38,1,7,89.6
2015Kasim,1 Kasım 2015,54,Sakarya,MHP,72269,12.24,1,7,89.6
2015Kasim,1 Kasım 2015,55,Samsun,AK Parti,501843,63.69,6,9,86.6
2015Kasim,1 Kasım 2015,55,Samsun,CHP,160950,20.43,2,9,86.6
2015Kasim,1 Kasım 2015,55,Samsun,MHP,98426,12.49,1,9,86.6
2015Kasim,1 Kasım 2015,56,Siirt,AK Parti,51409,36.67,1,3,85.5
2015Kasim,1 Kasım 2015,56,Siirt,HDP,81702,58.28,2,3,85.5
2015Kasim,1 Kasım 2015,57,Sinop,AK Parti,71770,56.27,1,2,84.4
2015Kasim,1 Kasım 2015,57,Sinop,CHP,37953,29.76,1,2,84.4
2015Kasim,1 Kasım 2015,58,Sivas,AK Parti,256886,68.69,4,5,87.0
2015Kasim,1 Kasım 2015,58,Sivas,CHP,55227,14.77,1,5,87.0
2015Kasim,1 Kasım 2015,59,Tekirdağ,AK Parti,217582,37.16,3,6,88.1
2015Kasim,1 Kasım 2015,59,Tekirdağ,CHP,267409,45.67,3,6,88.1
2015Kasim,1 Kasım 2015,60,Tokat,AK Parti,212144,59.55,4,5,87.8
2015Kasim,1 Kasım 2015,60,Tokat,CHP,79087,22.2,1,5,87.8
2015Kasim,1 Kasım 2015,61,Trabzon,AK Parti,315194,66.81,5,6,85.2
2015Kasim,1 Kasım 2015,61,Trabzon,CHP,77242,16.37,1,6,85.2
2015Kasim,1 Kasım 2015,62,Tunceli,CHP,14094,28.23,1,2,80.6
2015Kasim,1 Kasım 2015,62,Tunceli,HDP,27882,55.85,1,2,80.6
2015Kasim,1 Kasım 2015,63,Şanlıurfa,AK Parti,519078,64.57,9,12,83.8
2015Kasim,1 Kasım 2015,63,Şanlıurfa,HDP,228807,28.46,3,12,83.8
2015Kasim,1 Kasım 2015,64,Uşak,AK Parti,105992,46.57,2,3,90.1
2015Kasim,1 Kasım 2015,64,Uşak,CHP,69188,30.4,1,3,90.1
2015Kasim,1 Kasım 2015,65,Van,AK Parti,142436,30.03,2,8,81.1
2015Kasim,1 Kasım 2015,65,Van,HDP,310794,65.53,6,8,81.1
2015Kasim,1 Kasım 2015,66,Yozgat,AK Parti,157622,64.83,4,4,83.6
2015Kasim,1 Kasım 2015,67,Zonguldak,AK Parti,185261,49.35,3,5,86.1
2015Kasim,1 Kasım 2015,67,Zonguldak,CHP,136695,36.42,2,5,86.1
2015Kasim,1 Kasım 2015,68,Aksaray,AK Parti,151423,71.62,3,3,84.5
2015Kasim,1 Kasım 2015,69,Bayburt,AK Parti,32730,73.35,2,2,85.9
2015Kasim,1 Kasım 2015,70,Karaman,AK Parti,94321,64.61,2,2,89.0
2015Kasim,1 Kasım 2015,71,Kırıkkale,AK Parti,102479,62.33,3,3,86.2
2015Kasim,1 Kasım 2015,72,Batman,AK Parti,73775,28.38,1,4,85.8
2015Kasim,1 Kasım 2015,72,Batman,HDP,177129,68.15,3,4,85.8
2015Kasim,1 Kasım 2015,73,Şırnak,HDP,183320,85.53,4,4,90.1
2015Kasim,1 Kasım 2015,74,Bartın,AK Parti,63965,53.31,1,2,86.2
2015Kasim,1 Kasım 2015,74,Bartın,CHP,36208,30.18,1,2,86.2
2015Kasim,1 Kasım 2015,75,Ardahan,AK Parti,19916,36.48,1,2,81.1
2015Kasim,1 Kasım 2015,75,Ardahan,CHP,15850,29.03,1,2,81.1
2015Kasim,1 Kasım 2015,76,Iğdır,AK Parti,28816,30.97,1,2,82.1
2015Kasim,1 Kasım 2015,76,Iğdır,HDP,48975,52.64,1,2,82.1
2015Kasim,1 Kasım 2015,77,Yalova,AK Parti,68818,49.1,1,2,84.5
2015Kasim,1 Kasım 2015,77,Yalova,CHP,44405,31.68,1,2,84.5
2015Kasim,1 Kasım 2015,78,Karabük,AK Parti,86994,60.53,2,2,87.2
2015Kasim,1 Kasım 2015,79,Kilis,AK Parti,43941,65.59,2,2,86.1
2015Kasim,1 Kasım 2015,80,Osmaniye,AK Parti,132713,46.75,2,4,85.1
2015Kasim,1 Kasım 2015,80,Osmaniye,MHP,98178,34.58,2,4,85.1
2015Kasim,1 Kasım 2015,81,Düzce,AK Parti,159916,70.8,3,3,89.8
2015Haziran,7 Haziran 2015,1,Adana,AK Parti,368055,29.93,5,14,84.9
2015Haziran,7 Haziran 2015,1,Adana,CHP,354389,28.82,4,14,84.9
2015Haziran,7 Haziran 2015,1,Adana,MHP,287799,23.4,3,14,84.9
2015Haziran,7 Haziran 2015,1,Adana,HDP,177730,14.45,2,14,84.9
2015Haziran,7 Haziran 2015,2,Adıyaman,AK Parti,178387,58.19,4,5,82.3
2015Haziran,7 Haziran 2015,2,Adıyaman,HDP,69543,22.68,1,5,82.3
2015Haziran,7 Haziran 2015,3,Afyonkarahisar,AK Parti,222467,52.36,3,5,88.7
2015Haziran,7 Haziran 2015,3,Afyonkarahisar,CHP,71131,16.74,1,5,88.7
2015Haziran,7 Haziran 2015,3,Afyonkarahisar,MHP,108175,25.46,1,5,88.7
2015Haziran,7 Haziran 2015,4,Ağrı,HDP,185506,78.22,4,4,82.7
2015Haziran,7 Haziran 2015,5,Amasya,AK Parti,95918,45.77,2,3,89.7
2015Haziran,7 Haziran 2015,5,Amasya,CHP,54934,26.22,1,3,89.7
2015Haziran,7 Haziran 2015,6,Ankara,AK Parti,1320517,41.21,15,32,88.2
2015Haziran,7 Haziran 2015,6,Ankara,CHP,943550,29.44,11,32,88.2
2015Haziran,7 Haziran 2015,6,Ankara,MHP,577418,18.02,5,32,88.2
2015Haziran,7 Haziran 2015,6,Ankara,HDP,167654,5.23,1,32,88.2
2015Haziran,7 Haziran 2015,7,Antalya,AK Parti,456645,34.94,5,14,85.1
2015Haziran,7 Haziran 2015,7,Antalya,CHP,429075,32.83,5,14,85.1
2015Haziran,7 Haziran 2015,7,Antalya,MHP,287161,21.97,3,14,85.1
2015Haziran,7 Haziran 2015,7,Antalya,HDP,90644,6.94,1,14,85.1
2015Haziran,7 Haziran 2015,8,Artvin,AK Parti,41982,38.8,1,2,85.2
2015Haziran,7 Haziran 2015,8,Artvin,CHP,33528,30.99,1,2,85.2
2015Haziran,7 Haziran 2015,9,Aydın,AK Parti,192688,29.25,2,7,87.1
2015Haziran,7 Haziran 2015,9,Aydın,CHP,267395,40.59,4,7,87.1
2015Haziran,7 Haziran 2015,9,Aydın,MHP,119539,18.15,1,7,87.1
2015Haziran,7 Haziran 2015,10,Balıkesir,AK Parti,305602,38.87,3,8,88.5
2015Haziran,7 Haziran 2015,10,Balıkesir,CHP,267677,34.05,3,8,88.5
2015Haziran,7 Haziran 2015,10,Balıkesir,MHP,159274,20.26,2,8,88.5
2015Haziran,7 Haziran 2015,11,Bilecik,AK Parti,49172,37.3,1,2,90.5
2015Haziran,7 Haziran 2015,11,Bilecik,CHP,38833,29.46,1,2,90.5
2015Haziran,7 Haziran 2015,12,Bingöl,AK Parti,61293,46.91,2,3,80.1
2015Haziran,7 Haziran 2015,12,Bingöl,HDP,53545,40.98,1,3,80.1
2015Haziran,7 Haziran 2015,13,Bitlis,AK Parti,47788,30.92,1,3,84.6
2015Haziran,7 Haziran 2015,13,Bitlis,HDP,93263,60.35,2,3,84.6
2015Haziran,7 Haziran 2015,14,Bolu,AK Parti,95752,52.0,2,3,88.3
2015Haziran,7 Haziran 2015,14,Bolu,CHP,45313,24.61,1,3,88.3
2015Haziran,7 Haziran 2015,15,Burdur,AK Parti,71464,42.94,1,3,89.3
2015Haziran,7 Haziran 2015,15,Burdur,CHP,45467,27.32,1,3,89.3
2015Haziran,7 Haziran 2015,15,Burdur,MHP,38655,23.23,1,3,89.3
2015Haziran,7 Haziran 2015,16,Bursa,AK Parti,767541,43.86,9,18,87.9
2015Haziran,7 Haziran 2015,16,Bursa,CHP,489254,27.95,5,18,87.9
2015Haziran,7 Haziran 2015,16,Bursa,MHP,309376,17.68,3,18,87.9
2015Haziran,7 Haziran 2015,16,Bursa,HDP,96513,5.51,1,18,87.9
2015Haziran,7 Haziran 2015,17,Çanakkale,AK Parti,116367,34.21,1,4,89.5
2015Haziran,7 Haziran 2015,17,Çanakkale,CHP,134508,39.54,2,4,89.5
2015Haziran,7 Haziran 2015,17,Çanakkale,MHP,68089,20.02,1,4,89.5
2015Haziran,7 Haziran 2015,18,Çankırı,AK Parti,64313,59.41,2,2,84.3
2015Haziran,7 Haziran 2015,19,Çorum,AK Parti,180281,54.38,3,4,87.7
2015Haziran,7 Haziran 2015,19,Çorum,CHP,74268,22.4,1,4,87.7
2015Haziran,7 Haziran 2015,20,Denizli,AK Parti,247998,39.55,3,7,89.9
2015Haziran,7 Haziran 2015,20,Denizli,CHP,220526,35.17,3,7,89.9
2015Haziran,7 Haziran 2015,20,Denizli,MHP,115016,18.34,1,7,89.9
2015Haziran,7 Haziran 2015,21,Diyarbakır,AK Parti,112752,14.0,1,11,86.9
2015Haziran,7 Haziran 2015,21,Diyarbakır,HDP,636915,79.06,10,11,86.9
2015Haziran,7 Haziran 2015,22,Edirne,AK Parti,63381,24.19,1,3,87.7
2015Haziran,7 Haziran 2015,22,Edirne,CHP,140848,53.76,2,3,87.7
2015Haziran,7 Haziran 2015,23,Elazığ,AK Parti,169043,52.92,3,4,83.0
2015Haziran,7 Haziran 2015,23,Elazığ,MHP,66600,20.85,1,4,83.0
2015Haziran,7 Haziran 2015,24,Erzincan,AK Parti,63931,49.2,1,2,86.7
2015Haziran,7 Haziran 2015,24,Erzincan,CHP,33156,25.52,1,2,86.7
2015Haziran,7 Haziran 2015,25,Erzurum,AK Parti,209875,52.02,4,6,85.0
2015Haziran,7 Haziran 2015,25,Erzurum,MHP,94732,23.48,1,6,85.0
2015Haziran,7 Haziran 2015,25,Erzurum,HDP,71742,17.78,1,6,85.0
2015Haziran,7 Haziran 2015,26,Eskişehir,AK Parti,190338,35.93,2,6,88.1
2015Haziran,7 Haziran 2015,26,Eskişehir,CHP,208233,39.3,3,6,88.1
2015Haziran,7 Haziran 2015,26,Eskişehir,MHP,89226,16.84,1,6,88.1
2015Haziran,7 Haziran 2015,27,Gaziantep,AK Parti,428451,46.96,6,12,82.4
2015Haziran,7 Haziran 2015,27,Gaziantep,CHP,149170,16.35,2,12,82.4
2015Haziran,7 Haziran 2015,27,Gaziantep,MHP,163967,17.97,2,12,82.4
2015Haziran,7 Haziran 2015,27,Gaziantep,HDP,138678,15.2,2,12,82.4
2015Haziran,7 Haziran 2015,28,Giresun,AK Parti,139893,53.6,2,4,83.2
2015Haziran,7 Haziran 2015,28,Giresun,CHP,57313,21.96,1,4,83.2
2015Haziran,7 Haziran 2015,28,Giresun,MHP,48374,18.53,1,4,83.2
2015Haziran,7 Haziran 2015,29,Gümüşhane,AK Parti,41682,56.91,1,2,76.7
2015Haziran,7 Haziran 2015,29,Gümüşhane,MHP,23025,31.44,1,2,76.7
2015Haziran,7 Haziran 2015,30,Hakkari,HDP,122940,86.37,3,3,93.3
2015Haziran,7 Haziran 2015,31,Hatay,AK Parti,312887,37.79,5,10,85.6
2015Haziran,7 Haziran 2015,31,Hatay,CHP,300769,36.33,4,10,85.6
2015Haziran,7 Haziran 2015,31,Hatay,MHP,116062,14.02,1,10,85.6
2015Haziran,7 Haziran 2015,32,Isparta,AK Parti,114348,44.11,2,4,87.1
2015Haziran,7 Haziran 2015,32,Isparta,CHP,57712,22.26,1,4,87.1
2015Haziran,7 Haziran 2015,32,Isparta,MHP,70152,27.06,1,4,87.1
2015Haziran,7 Haziran 2015,33,Mersin,AK Parti,266760,25.88,3,11,86.6
2015Haziran,7 Haziran 2015,33,Mersin,CHP,298278,28.94,3,11,86.6
2015Haziran,7 Haziran 2015,33,Mersin,MHP,255705,24.81,3,11,86.6
2015Haziran,7 Haziran 2015,33,Mersin,HDP,184018,17.85,2,11,86.6
2015Haziran,7 Haziran 2015,34,İstanbul,AK Parti,3393862,40.91,39,88,86.3
2015Haziran,7 Haziran 2015,34,İstanbul,CHP,2440167,29.42,28,88,86.3
2015Haziran,7 Haziran 2015,34,İstanbul,MHP,918540,11.07,10,88,86.3
2015Haziran,7 Haziran 2015,34,İstanbul,HDP,1030808,12.43,11,88,86.3
2015Haziran,7 Haziran 2015,35,İzmir,AK Parti,694282,26.23,8,26,87.4
2015Haziran,7 Haziran 2015,35,İzmir,CHP,1202151,45.41,12,26,87.4
2015Haziran,7 Haziran 2015,35,İzmir,MHP,363065,13.71,4,26,87.4
2015Haziran,7 Haziran 2015,35,İzmir,HDP,273209,10.32,2,26,87.4
2015Haziran,7 Haziran 2015,36,Kars,AK Parti,38950,26.64,1,3,81.3
2015Haziran,7 Haziran 2015,36,Kars,HDP,64315,44.0,2,3,81.3
2015Haziran,7 Haziran 2015,37,Kastamonu,AK Parti,111835,48.69,2,3,85.3
2015Haziran,7 Haziran 2015,37,Kastamonu,MHP,62563,27.24,1,3,85.3
2015Haziran,7 Haziran 2015,38,Kayseri,AK Parti,409658,52.41,5,9,88.6
2015Haziran,7 Haziran 2015,38,Kayseri,CHP,97165,12.43,1,9,88.6
2015Haziran,7 Haziran 2015,38,Kayseri,MHP,217384,27.81,3,9,88.6
2015Haziran,7 Haziran 2015,39,Kırklareli,AK Parti,53399,23.09,1,3,89.0
2015Haziran,7 Haziran 2015,39,Kırklareli,CHP,115951,50.14,2,3,89.0
2015Haziran,7 Haziran 2015,40,Kırşehir,AK Parti,52732,39.61,1,2,85.3
2015Haziran,7 Haziran 2015,40,Kırşehir,MHP,42801,32.15,1,2,85.3
2015Haziran,7 Haziran 2015,41,Kocaeli,AK Parti,487781,46.33,6,11,88.1
2015Haziran,7 Haziran 2015,41,Kocaeli,CHP,256678,24.38,3,11,88.1
2015Haziran,7 Haziran 2015,41,Kocaeli,MHP,161492,15.34,1,11,88.1
2015Haziran,7 Haziran 2015,41,Kocaeli,HDP,77562,7.37,1,11,88.1
2015Haziran,7 Haziran 2015,42,Konya,AK Parti,798526,65.45,11,14,87.1
2015Haziran,7 Haziran 2015,42,Konya,CHP,118822,9.74,1,14,87.1
2015Haziran,7 Haziran 2015,42,Konya,MHP,200395,16.42,2,14,87.1
2015Haziran,7 Haziran 2015,43,Kütahya,AK Parti,200179,54.61,3,4,89.4
2015Haziran,7 Haziran 2015,43,Kütahya,MHP,98882,26.98,1,4,89.4
2015Haziran,7 Haziran 2015,44,Malatya,AK Parti,257512,58.62,5,6,84.3
2015Haziran,7 Haziran 2015,44,Malatya,CHP,72917,16.6,1,6,84.3
2015Haziran,7 Haziran 2015,45,Manisa,AK Parti,327012,36.83,4,9,90.1
2015Haziran,7 Haziran 2015,45,Manisa,CHP,259396,29.22,3,9,90.1
2015Haziran,7 Haziran 2015,45,Manisa,MHP,210986,23.76,2,9,90.1
2015Haziran,7 Haziran 2015,46,Kahramanmaraş,AK Parti,352949,61.04,6,8,84.8
2015Haziran,7 Haziran 2015,46,Kahramanmaraş,MHP,115291,19.94,2,8,84.8
2015Haziran,7 Haziran 2015,47,Mardin,AK Parti,72645,19.22,1,6,87.3
2015Haziran,7 Haziran 2015,47,Mardin,HDP,276920,73.25,5,6,87.3
2015Haziran,7 Haziran 2015,48,Muğla,AK Parti,148528,26.4,2,6,86.1
2015Haziran,7 Haziran 2015,48,Muğla,CHP,257460,45.76,3,6,86.1
2015Haziran,7 Haziran 2015,48,Muğla,MHP,106258,18.89,1,6,86.1
2015Haziran,7 Haziran 2015,49,Muş,AK Parti,46940,24.28,1,3,88.6
2015Haziran,7 Haziran 2015,49,Muş,HDP,137878,71.32,2,3,88.6
2015Haziran,7 Haziran 2015,50,Nevşehir,AK Parti,90819,52.46,2,3,87.2
2015Haziran,7 Haziran 2015,50,Nevşehir,MHP,47983,27.71,1,3,87.2
2015Haziran,7 Haziran 2015,51,Niğde,AK Parti,91065,47.85,2,3,84.8
2015Haziran,7 Haziran 2015,51,Niğde,MHP,48686,25.58,1,3,84.8
2015Haziran,7 Haziran 2015,52,Ordu,AK Parti,221213,53.0,3,5,80.7
2015Haziran,7 Haziran 2015,52,Ordu,CHP,118934,28.49,2,5,80.7
2015Haziran,7 Haziran 2015,53,Rize,AK Parti,131168,66.76,3,3,82.4
2015Haziran,7 Haziran 2015,54,Sakarya,AK Parti,324001,56.65,5,7,88.0
2015Haziran,7 Haziran 2015,54,Sakarya,CHP,90733,15.86,1,7,88.0
2015Haziran,7 Haziran 2015,54,Sakarya,MHP,111127,19.43,1,7,88.0
2015Haziran,7 Haziran 2015,55,Samsun,AK Parti,399684,52.94,5,9,84.2
2015Haziran,7 Haziran 2015,55,Samsun,CHP,174614,23.13,2,9,84.2
2015Haziran,7 Haziran 2015,55,Samsun,MHP,134840,17.86,2,9,84.2
2015Haziran,7 Haziran 2015,56,Siirt,AK Parti,40137,28.22,1,3,86.7
2015Haziran,7 Haziran 2015,56,Siirt,HDP,93518,65.76,2,3,86.7
2015Haziran,7 Haziran 2015,57,Sinop,AK Parti,60087,47.48,1,2,84.5
2015Haziran,7 Haziran 2015,57,Sinop,CHP,36271,28.66,1,2,84.5
2015Haziran,7 Haziran 2015,58,Sivas,AK Parti,212853,57.69,3,5,86.3
2015Haziran,7 Haziran 2015,58,Sivas,CHP,55138,14.94,1,5,86.3
2015Haziran,7 Haziran 2015,58,Sivas,MHP,67145,18.2,1,5,86.3
2015Haziran,7 Haziran 2015,59,Tekirdağ,AK Parti,177458,31.17,2,6,87.5
2015Haziran,7 Haziran 2015,59,Tekirdağ,CHP,253295,44.49,3,6,87.5
2015Haziran,7 Haziran 2015,59,Tekirdağ,MHP,86333,15.16,1,6,87.5
2015Haziran,7 Haziran 2015,60,Tokat,AK Parti,180538,51.62,3,5,85.9
2015Haziran,7 Haziran 2015,60,Tokat,CHP,72867,20.83,1,5,85.9
2015Haziran,7 Haziran 2015,60,Tokat,MHP,76872,21.98,1,5,85.9
2015Haziran,7 Haziran 2015,61,Trabzon,AK Parti,253418,55.42,4,6,83.5
2015Haziran,7 Haziran 2015,61,Trabzon,CHP,77784,17.01,1,6,83.5
2015Haziran,7 Haziran 2015,61,Trabzon,MHP,96086,21.01,1,6,83.5
2015Haziran,7 Haziran 2015,62,Tunceli,HDP,32281,60.94,2,2,84.4
2015Haziran,7 Haziran 2015,63,Şanlıurfa,AK Parti,356537,46.71,7,12,80.2
2015Haziran,7 Haziran 2015,63,Şanlıurfa,HDP,293841,38.49,5,12,80.2
2015Haziran,7 Haziran 2015,64,Uşak,AK Parti,86399,38.02,1,3,90.5
2015Haziran,7 Haziran 2015,64,Uşak,CHP,64442,28.36,1,3,90.5
2015Haziran,7 Haziran 2015,64,Uşak,MHP,63310,27.86,1,3,90.5
2015Haziran,7 Haziran 2015,65,Van,AK Parti,95480,19.38,1,8,84.5
2015Haziran,7 Haziran 2015,65,Van,HDP,368522,74.81,7,8,84.5
2015Haziran,7 Haziran 2015,66,Yozgat,AK Parti,139934,58.31,3,4,81.6
2015Haziran,7 Haziran 2015,66,Yozgat,MHP,66958,27.9,1,4,81.6
2015Haziran,7 Haziran 2015,67,Zonguldak,AK Parti,142329,37.99,2,5,86.1
2015Haziran,7 Haziran 2015,67,Zonguldak,CHP,146162,39.01,2,5,86.1
2015Haziran,7 Haziran 2015,67,Zonguldak,MHP,61500,16.42,1,5,86.1
2015Haziran,7 Haziran 2015,68,Aksaray,AK Parti,119896,58.5,2,3,82.4
2015Haziran,7 Haziran 2015,68,Aksaray,MHP,62171,30.34,1,3,82.4
2015Haziran,7 Haziran 2015,69,Bayburt,AK Parti,27219,60.25,1,2,85.1
2015Haziran,7 Haziran 2015,69,Bayburt,MHP,14461,32.01,1,2,85.1
2015Haziran,7 Haziran 2015,70,Karaman,AK Parti,80042,55.53,2,2,88.4
2015Haziran,7 Haziran 2015,71,Kırıkkale,AK Parti,81710,50.62,2,3,85.2
2015Haziran,7 Haziran 2015,71,Kırıkkale,MHP,46610,28.87,1,3,85.2
2015Haziran,7 Haziran 2015,72,Batman,AK Parti,47921,18.18,1,4,90.3
2015Haziran,7 Haziran 2015,72,Batman,HDP,191310,72.57,3,4,90.3
2015Haziran,7 Haziran 2015,73,Şırnak,HDP,188012,85.32,4,4,92.1
2015Haziran,7 Haziran 2015,74,Bartın,AK Parti,49600,41.45,1,2,86.7
2015Haziran,7 Haziran 2015,74,Bartın,CHP,36526,30.53,1,2,86.7
2015Haziran,7 Haziran 2015,75,Ardahan,AK Parti,14759,26.22,1,2,83.9
2015Haziran,7 Haziran 2015,75,Ardahan,HDP,17096,30.37,1,2,83.9
2015Haziran,7 Haziran 2015,76,Iğdır,HDP,53844,56.73,2,2,83.2
2015Haziran,7 Haziran 2015,77,Yalova,AK Parti,54366,39.49,1,2,84.4
2015Haziran,7 Haziran 2015,77,Yalova,CHP,40065,29.11,1,2,84.4
2015Haziran,7 Haziran 2015,78,Karabük,AK Parti,67540,47.91,1,2,86.4
2015Haziran,7 Haziran 2015,78,Karabük,MHP,38902,27.59,1,2,86.4
2015Haziran,7 Haziran 2015,79,Kilis,AK Parti,32279,49.18,1,2,85.6
2015Haziran,7 Haziran 2015,79,Kilis,MHP,23375,35.61,1,2,85.6
2015Haziran,7 Haziran 2015,80,Osmaniye,AK Parti,108756,38.85,2,4,84.9
2015Haziran,7 Haziran 2015,80,Osmaniye,MHP,114990,41.08,2,4,84.9
2015Haziran,7 Haziran 2015,81,Düzce,AK Parti,130782,59.38,3,3,88.9
2011,12 Haziran 2011,1,Adana,AK Parti,438321,37.4,6,14,85.3
2011,12 Haziran 2011,1,Adana,CHP,361547,30.85,4,14,85.3
2011,12 Haziran 2011,1,Adana,MHP,238140,20.32,3,14,85.3
2011,12 Haziran 2011,1,Adana,Bağımsız,93169,7.95,1,14,85.3
2011,12 Haziran 2011,2,Adıyaman,AK Parti,205968,67.3,4,5,85.0
2011,12 Haziran 2011,2,Adıyaman,CHP,50768,16.59,1,5,85.0
2011,12 Haziran 2011,3,Afyonkarahisar,AK Parti,257463,60.42,3,5,90.0
2011,12 Haziran 2011,3,Afyonkarahisar,CHP,70203,16.48,1,5,90.0
2011,12 Haziran 2011,3,Afyonkarahisar,MHP,79425,18.64,1,5,90.0
2011,12 Haziran 2011,4,Ağrı,AK Parti,96616,47.62,3,4,74.8
2011,12 Haziran 2011,4,Ağrı,Bağımsız,88093,43.42,1,4,74.8
2011,12 Haziran 2011,5,Amasya,AK Parti,110459,52.19,2,3,91.7
2011,12 Haziran 2011,5,Amasya,CHP,59066,27.91,1,3,91.7
2011,12 Haziran 2011,6,Ankara,AK Parti,1471871,49.24,17,31,88.9
2011,12 Haziran 2011,6,Ankara,CHP,935688,31.3,10,31,88.9
2011,12 Haziran 2011,6,Ankara,MHP,436883,14.62,4,31,88.9
2011,12 Haziran 2011,7,Antalya,AK Parti,462963,39.3,6,14,86.4
2011,12 Haziran 2011,7,Antalya,CHP,391400,33.22,5,14,86.4
2011,12 Haziran 2011,7,Antalya,MHP,245901,20.87,3,14,86.4
2011,12 Haziran 2011,8,Artvin,AK Parti,48769,46.4,1,2,86.4
2011,12 Haziran 2011,8,Artvin,CHP,37180,35.37,1,2,86.4
2011,12 Haziran 2011,9,Aydın,AK Parti,224330,35.47,3,7,88.7
2011,12 Haziran 2011,9,Aydın,CHP,241062,38.12,3,7,88.7
2011,12 Haziran 2011,9,Aydın,MHP,115087,18.2,1,7,88.7
2011,12 Haziran 2011,10,Balıkesir,AK Parti,356649,46.5,4,8,90.2
2011,12 Haziran 2011,10,Balıkesir,CHP,259104,33.78,3,8,90.2
2011,12 Haziran 2011,10,Balıkesir,MHP,106663,13.91,1,8,90.2
2011,12 Haziran 2011,11,Bilecik,AK Parti,54936,42.59,1,2,92.0
2011,12 Haziran 2011,11,Bilecik,MHP,35117,27.23,1,2,92.0
2011,12 Haziran 2011,12,Bingöl,AK Parti,84888,67.07,2,3,82.4
2011,12 Haziran 2011,12,Bingöl,Bağımsız,30245,23.9,1,3,82.4
2011,12 Haziran 2011,13,Bitlis,AK Parti,74058,50.7,2,3,84.9
2011,12 Haziran 2011,13,Bitlis,Bağımsız,58748,40.22,1,3,84.9
2011,12 Haziran 2011,14,Bolu,AK Parti,103908,58.5,2,3,89.9
2011,12 Haziran 2011,14,Bolu,CHP,35611,20.05,1,3,89.9
2011,12 Haziran 2011,15,Burdur,AK Parti,81582,48.99,2,3,91.5
2011,12 Haziran 2011,15,Burdur,CHP,42314,25.41,1,3,91.5
2011,12 Haziran 2011,16,Bursa,AK Parti,875380,52.97,11,18,89.5
2011,12 Haziran 2011,16,Bursa,CHP,412887,24.98,5,18,89.5
2011,12 Haziran 2011,16,Bursa,MHP,238137,14.41,2,18,89.5
2011,12 Haziran 2011,17,Çanakkale,AK Parti,136367,41.57,2,4,91.0
2011,12 Haziran 2011,17,Çanakkale,CHP,129445,39.46,2,4,91.0
2011,12 Haziran 2011,18,Çankırı,AK Parti,72749,65.59,2,2,87.4
2011,12 Haziran 2011,19,Çorum,AK Parti,209764,61.23,3,4,90.0
2011,12 Haziran 2011,19,Çorum,CHP,82264,24.01,1,4,90.0
2011,12 Haziran 2011,20,Denizli,AK Parti,279091,46.62,4,7,91.1
2011,12 Haziran 2011,20,Denizli,CHP,187017,31.24,2,7,91.1
2011,12 Haziran 2011,20,Denizli,MHP,101408,16.94,1,7,91.1
2011,12 Haziran 2011,21,Diyarbakır,AK Parti,218552,32.17,6,11,81.3
2011,12 Haziran 2011,21,Diyarbakır,Bağımsız,419095,61.69,5,11,81.3
2011,12 Haziran 2011,22,Edirne,AK Parti,80251,30.39,1,3,89.4
2011,12 Haziran 2011,22,Edirne,CHP,136532,51.7,2,3,89.4
2011,12 Haziran 2011,23,Elazığ,AK Parti,213506,67.41,4,5,85.5
2011,12 Haziran 2011,23,Elazığ,MHP,45789,14.46,1,5,85.5
2011,12 Haziran 2011,24,Erzincan,AK Parti,73227,57.09,1,2,88.5
2011,12 Haziran 2011,24,Erzincan,CHP,38921,30.34,1,2,88.5
2011,12 Haziran 2011,25,Erzurum,AK Parti,283638,69.22,5,6,86.0
2011,12 Haziran 2011,25,Erzurum,MHP,54522,13.31,1,6,86.0
2011,12 Haziran 2011,26,Eskişehir,AK Parti,222254,44.1,3,6,89.4
2011,12 Haziran 2011,26,Eskişehir,CHP,179072,35.53,2,6,89.4
2011,12 Haziran 2011,26,Eskişehir,MHP,73609,14.6,1,6,89.4
2011,12 Haziran 2011,27,Gaziantep,AK Parti,510923,61.69,9,12,84.1
2011,12 Haziran 2011,27,Gaziantep,CHP,159961,19.31,2,12,84.1
2011,12 Haziran 2011,27,Gaziantep,MHP,77836,9.4,1,12,84.1
2011,12 Haziran 2011,28,Giresun,AK Parti,154385,59.38,3,4,85.3
2011,12 Haziran 2011,28,Giresun,CHP,61579,23.69,1,4,85.3
2011,12 Haziran 2011,29,Gümüşhane,AK Parti,45203,65.02,2,2,79.7
2011,12 Haziran 2011,30,Hakkari,Bağımsız,94660,79.82,3,3,90.0
2011,12 Haziran 2011,31,Hatay,AK Parti,353616,44.44,5,10,86.8
2011,12 Haziran 2011,31,Hatay,CHP,306498,38.52,4,10,86.8
2011,12 Haziran 2011,31,Hatay,MHP,100499,12.63,1,10,86.8
2011,12 Haziran 2011,32,Isparta,AK Parti,135435,52.9,2,4,88.4
2011,12 Haziran 2011,32,Isparta,CHP,55594,21.72,1,4,88.4
2011,12 Haziran 2011,32,Isparta,MHP,48412,18.91,1,4,88.4
2011,12 Haziran 2011,33,Mersin,AK Parti,311050,32.0,4,11,87.0
2011,12 Haziran 2011,33,Mersin,CHP,310714,31.96,4,11,87.0
2011,12 Haziran 2011,33,Mersin,MHP,224477,23.09,2,11,87.0
2011,12 Haziran 2011,33,Mersin,Bağımsız,93876,9.66,1,11,87.0
2011,12 Haziran 2011,34,İstanbul,AK Parti,3931210,49.38,46,85,86.5
2011,12 Haziran 2011,34,İstanbul,CHP,2492910,31.31,29,85,86.5
2011,12 Haziran 2011,34,İstanbul,MHP,747666,9.39,7,85,86.5
2011,12 Haziran 2011,34,İstanbul,Bağımsız,425417,5.34,3,85,86.5
2011,12 Haziran 2011,35,İzmir,AK Parti,924281,36.78,11,26,88.4
2011,12 Haziran 2011,35,İzmir,CHP,1097886,43.69,13,26,88.4
2011,12 Haziran 2011,35,İzmir,MHP,283590,11.28,2,26,88.4
2011,12 Haziran 2011,36,Kars,AK Parti,61196,42.56,2,3,79.3
2011,12 Haziran 2011,36,Kars,Bağımsız,27629,19.21,1,3,79.3
2011,12 Haziran 2011,37,Kastamonu,AK Parti,130136,55.83,2,3,88.3
2011,12 Haziran 2011,37,Kastamonu,MHP,53747,23.06,1,3,88.3
2011,12 Haziran 2011,38,Kayseri,AK Parti,478357,64.9,7,9,89.9
2011,12 Haziran 2011,38,Kayseri,CHP,89493,12.14,1,9,89.9
2011,12 Haziran 2011,38,Kayseri,MHP,132988,18.04,1,9,89.9
2011,12 Haziran 2011,39,Kırklareli,AK Parti,62445,27.43,1,3,90.8
2011,12 Haziran 2011,39,Kırklareli,CHP,119598,52.53,2,3,90.8
2011,12 Haziran 2011,40,Kırşehir,AK Parti,65680,50.24,2,2,84.7
2011,12 Haziran 2011,41,Kocaeli,AK Parti,504535,52.71,7,11,89.2
2011,12 Haziran 2011,41,Kocaeli,CHP,235770,24.63,3,11,89.2
2011,12 Haziran 2011,41,Kocaeli,MHP,114304,11.94,1,11,89.2
2011,12 Haziran 2011,42,Konya,AK Parti,810396,69.64,11,14,88.0
2011,12 Haziran 2011,42,Konya,CHP,118935,10.22,1,14,88.0
2011,12 Haziran 2011,42,Konya,MHP,152633,13.12,2,14,88.0
2011,12 Haziran 2011,43,Kütahya,AK Parti,242125,64.59,4,5,91.2
2011,12 Haziran 2011,43,Kütahya,MHP,59334,15.83,1,5,91.2
2011,12 Haziran 2011,44,Malatya,AK Parti,294645,67.99,5,6,87.1
2011,12 Haziran 2011,44,Malatya,CHP,85646,19.76,1,6,87.1
2011,12 Haziran 2011,45,Manisa,AK Parti,407234,46.96,5,10,91.6
2011,12 Haziran 2011,45,Manisa,CHP,249482,28.77,3,10,91.6
2011,12 Haziran 2011,45,Manisa,MHP,146633,16.91,2,10,91.6
2011,12 Haziran 2011,46,Kahramanmaraş,AK Parti,391986,69.57,6,8,86.7
2011,12 Haziran 2011,46,Kahramanmaraş,CHP,64584,11.46,1,8,86.7
2011,12 Haziran 2011,46,Kahramanmaraş,MHP,73151,12.98,1,8,86.7
2011,12 Haziran 2011,47,Mardin,AK Parti,103402,32.17,3,6,82.4
2011,12 Haziran 2011,47,Mardin,Bağımsız,195581,60.85,3,6,82.4
2011,12 Haziran 2011,48,Muğla,AK Parti,170223,32.67,2,6,88.2
2011,12 Haziran 2011,48,Muğla,CHP,237488,45.58,3,6,88.2
2011,12 Haziran 2011,48,Muğla,MHP,84462,16.21,1,6,88.2
2011,12 Haziran 2011,49,Muş,AK Parti,73431,42.83,2,4,81.8
2011,12 Haziran 2011,49,Muş,Bağımsız,75885,44.26,2,4,81.8
2011,12 Haziran 2011,50,Nevşehir,AK Parti,102384,60.19,3,3,88.0
2011,12 Haziran 2011,51,Niğde,AK Parti,100380,54.25,2,3,85.9
2011,12 Haziran 2011,51,Niğde,CHP,39774,21.5,1,3,85.9
2011,12 Haziran 2011,52,Ordu,AK Parti,251319,60.21,5,6,83.7
2011,12 Haziran 2011,52,Ordu,CHP,94353,22.61,1,6,83.7
2011,12 Haziran 2011,53,Rize,AK Parti,134549,68.91,3,3,85.1
2011,12 Haziran 2011,54,Sakarya,AK Parti,334823,61.62,5,7,89.2
2011,12 Haziran 2011,54,Sakarya,CHP,88043,16.2,1,7,89.2
2011,12 Haziran 2011,54,Sakarya,MHP,81515,15.0,1,7,89.2
2011,12 Haziran 2011,55,Samsun,AK Parti,462067,61.5,6,9,86.8
2011,12 Haziran 2011,55,Samsun,CHP,162718,21.66,2,9,86.8
2011,12 Haziran 2011,55,Samsun,MHP,84520,11.25,1,9,86.8
2011,12 Haziran 2011,56,Siirt,AK Parti,58623,48.03,2,3,81.8
2011,12 Haziran 2011,56,Siirt,Bağımsız,51809,42.45,1,3,81.8
2011,12 Haziran 2011,57,Sinop,AK Parti,69587,54.92,1,2,86.2
2011,12 Haziran 2011,57,Sinop,CHP,39264,30.99,1,2,86.2
2011,12 Haziran 2011,58,Sivas,AK Parti,234505,63.34,4,5,86.8
2011,12 Haziran 2011,58,Sivas,CHP,56534,15.27,1,5,86.8
2011,12 Haziran 2011,59,Tekirdağ,AK Parti,183548,35.94,2,6,89.3
2011,12 Haziran 2011,59,Tekirdağ,CHP,226824,44.41,3,6,89.3
2011,12 Haziran 2011,59,Tekirdağ,MHP,68483,13.41,1,6,89.3
2011,12 Haziran 2011,60,Tokat,AK Parti,202481,55.9,3,5,88.0
2011,12 Haziran 2011,60,Tokat,CHP,85149,23.51,1,5,88.0
2011,12 Haziran 2011,60,Tokat,MHP,57257,15.81,1,5,88.0
2011,12 Haziran 2011,61,Trabzon,AK Parti,266605,58.65,4,6,84.9
2011,12 Haziran 2011,61,Trabzon,CHP,83198,18.3,1,6,84.9
2011,12 Haziran 2011,61,Trabzon,MHP,69500,15.29,1,6,84.9
2011,12 Haziran 2011,62,Tunceli,CHP,26804,57.53,2,2,82.0
2011,12 Haziran 2011,63,Şanlıurfa,AK Parti,430453,63.46,10,12,82.1
2011,12 Haziran 2011,63,Şanlıurfa,Bağımsız,182915,26.97,2,12,82.1
2011,12 Haziran 2011,64,Uşak,AK Parti,110931,49.75,2,3,91.6
2011,12 Haziran 2011,64,Uşak,CHP,66387,29.77,1,3,91.6
2011,12 Haziran 2011,65,Van,AK Parti,171753,40.25,4,8,80.5
2011,12 Haziran 2011,65,Van,Bağımsız,211131,49.47,4,8,80.5
2011,12 Haziran 2011,66,Yozgat,AK Parti,170919,66.42,3,4,82.2
2011,12 Haziran 2011,66,Yozgat,MHP,47062,18.29,1,4,82.2
2011,12 Haziran 2011,67,Zonguldak,AK Parti,184346,47.23,3,5,88.4
2011,12 Haziran 2011,67,Zonguldak,CHP,146342,37.49,2,5,88.4
2011,12 Haziran 2011,68,Aksaray,AK Parti,132455,66.09,3,3,82.5
2011,12 Haziran 2011,69,Bayburt,AK Parti,27318,63.39,1,1,87.1
2011,12 Haziran 2011,70,Karaman,AK Parti,80455,57.29,2,2,90.0
2011,12 Haziran 2011,71,Kırıkkale,AK Parti,105036,62.11,3,3,87.5
2011,12 Haziran 2011,72,Batman,AK Parti,81778,37.13,2,4,83.8
2011,12 Haziran 2011,72,Batman,Bağımsız,113378,51.48,2,4,83.8
2011,12 Haziran 2011,73,Şırnak,AK Parti,35714,20.61,1,4,86.9
2011,12 Haziran 2011,73,Şırnak,Bağımsız,125282,72.31,3,4,86.9
2011,12 Haziran 2011,74,Bartın,AK Parti,57783,48.17,1,2,88.3
2011,12 Haziran 2011,74,Bartın,CHP,34499,28.76,1,2,88.3
2011,12 Haziran 2011,75,Ardahan,AK Parti,22831,40.22,1,2,84.2
2011,12 Haziran 2011,75,Ardahan,CHP,17476,30.78,1,2,84.2
2011,12 Haziran 2011,76,Iğdır,MHP,27554,34.09,1,2,75.8
2011,12 Haziran 2011,76,Iğdır,Bağımsız,25437,31.48,1,2,75.8
2011,12 Haziran 2011,77,Yalova,AK Parti,59175,47.23,1,2,85.4
2011,12 Haziran 2011,77,Yalova,CHP,40975,32.7,1,2,85.4
2011,12 Haziran 2011,78,Karabük,AK Parti,82141,57.93,2,2,88.3
2011,12 Haziran 2011,79,Kilis,AK Parti,38967,59.54,2,2,87.6
2011,12 Haziran 2011,80,Osmaniye,AK Parti,115785,43.11,2,4,87.2
2011,12 Haziran 2011,80,Osmaniye,MHP,110708,41.22,2,4,87.2
2011,12 Haziran 2011,81,Düzce,AK Parti,141181,65.95,3,3,90.7
2007,22 Temmuz 2007,1,Adana,AK Parti,338122,37.12,6,14,76.59
2007,22 Temmuz 2007,1,Adana,CHP,209276,22.98,4,14,76.59
2007,22 Temmuz 2007,1,Adana,MHP,210006,23.06,4,14,76.59
2007,22 Temmuz 2007,2,Adıyaman,AK Parti,159735,65.75,4,5,81.42
2007,22 Temmuz 2007,2,Adıyaman,CHP,34108,14.04,1,5,81.42
2007,22 Temmuz 2007,3,Afyonkarahisar,AK Parti,206825,54.1,5,7,87.71
2007,22 Temmuz 2007,3,Afyonkarahisar,CHP,47494,12.42,1,7,87.71
2007,22 Temmuz 2007,3,Afyonkarahisar,MHP,80860,21.15,1,7,87.71
2007,22 Temmuz 2007,4,Ağrı,AK Parti,103138,63.37,5,5,74.44
2007,22 Temmuz 2007,5,Amasya,AK Parti,92331,47.43,2,3,83.32
2007,22 Temmuz 2007,5,Amasya,CHP,50213,25.79,1,3,83.32
2007,22 Temmuz 2007,6,Ankara,AK Parti,1168742,47.84,16,29,83.64
2007,22 Temmuz 2007,6,Ankara,CHP,687869,28.16,9,29,83.64
2007,22 Temmuz 2007,6,Ankara,MHP,372868,15.26,4,29,83.64
2007,22 Temmuz 2007,7,Antalya,AK Parti,306269,34.24,5,13,82.15
2007,22 Temmuz 2007,7,Antalya,CHP,261766,29.26,5,13,82.15
2007,22 Temmuz 2007,7,Antalya,MHP,179734,20.09,3,13,82.15
2007,22 Temmuz 2007,8,Artvin,AK Parti,37613,38.02,1,2,82.87
2007,22 Temmuz 2007,8,Artvin,CHP,28313,28.62,1,2,82.87
2007,22 Temmuz 2007,9,Aydın,AK Parti,163071,29.38,3,8,86.77
2007,22 Temmuz 2007,9,Aydın,CHP,136280,24.55,2,8,86.77
2007,22 Temmuz 2007,9,Aydın,MHP,144616,26.05,3,8,86.77
2007,22 Temmuz 2007,10,Balıkesir,AK Parti,287441,41.74,5,8,86.33
2007,22 Temmuz 2007,10,Balıkesir,CHP,168593,24.48,2,8,86.33
2007,22 Temmuz 2007,10,Balıkesir,MHP,109769,15.94,1,8,86.33
2007,22 Temmuz 2007,11,Bilecik,AK Parti,46829,40.24,1,2,91.22
2007,22 Temmuz 2007,11,Bilecik,CHP,27235,23.4,1,2,91.22
2007,22 Temmuz 2007,12,Bingöl,AK Parti,78467,71.58,3,3,81.88
2007,22 Temmuz 2007,13,Bitlis,AK Parti,68381,59.16,3,4,83.39
2007,22 Temmuz 2007,13,Bitlis,Diğer,,,1,4,83.39
2007,22 Temmuz 2007,14,Bolu,AK Parti,90409,55.28,3,3,88.38
2007,22 Temmuz 2007,15,Burdur,AK Parti,65479,41.72,2,3,90.05
2007,22 Temmuz 2007,15,Burdur,CHP,33673,21.46,1,3,90.05
2007,22 Temmuz 2007,16,Bursa,AK Parti,666531,51.1,10,16,86.09
2007,22 Temmuz 2007,16,Bursa,CHP,241856,18.54,3,16,86.09
2007,22 Temmuz 2007,16,Bursa,MHP,188252,14.43,3,16,86.09
2007,22 Temmuz 2007,17,Çanakkale,AK Parti,106252,35.58,2,4,89.37
2007,22 Temmuz 2007,17,Çanakkale,CHP,77179,25.85,1,4,89.37
2007,22 Temmuz 2007,17,Çanakkale,MHP,62121,20.8,1,4,89.37
2007,22 Temmuz 2007,18,Çankırı,AK Parti,67554,61.18,2,3,82.71
2007,22 Temmuz 2007,18,Çankırı,MHP,23996,21.73,1,3,82.71
2007,22 Temmuz 2007,19,Çorum,AK Parti,190765,57.81,4,5,86.11
2007,22 Temmuz 2007,19,Çorum,CHP,73947,22.41,1,5,86.11
2007,22 Temmuz 2007,20,Denizli,AK Parti,219157,43.31,4,7,87.82
2007,22 Temmuz 2007,20,Denizli,CHP,111951,22.12,2,7,87.82
2007,22 Temmuz 2007,20,Denizli,MHP,90290,17.84,1,7,87.82
2007,22 Temmuz 2007,21,Diyarbakır,AK Parti,191214,41.06,6,10,68.97
2007,22 Temmuz 2007,21,Diyarbakır,Diğer,,,4,10,68.97
2007,22 Temmuz 2007,22,Edirne,AK Parti,50368,20.85,1,4,86.65
2007,22 Temmuz 2007,22,Edirne,CHP,87081,36.05,2,4,86.65
2007,22 Temmuz 2007,22,Edirne,MHP,40903,16.93,1,4,86.65
2007,22 Temmuz 2007,23,Elazığ,AK Parti,154727,57.57,5,5,75.36
2007,22 Temmuz 2007,24,Erzincan,AK Parti,66499,54.7,2,3,84.19
2007,22 Temmuz 2007,24,Erzincan,CHP,29282,24.09,1,3,84.19
2007,22 Temmuz 2007,25,Erzurum,AK Parti,244137,68.78,6,7,78.47
2007,22 Temmuz 2007,25,Erzurum,MHP,46971,13.23,1,7,78.47
2007,22 Temmuz 2007,26,Eskişehir,AK Parti,194494,44.78,3,6,86.11
2007,22 Temmuz 2007,26,Eskişehir,CHP,110968,25.55,2,6,86.11
2007,22 Temmuz 2007,26,Eskişehir,MHP,68272,15.72,1,6,86.11
2007,22 Temmuz 2007,27,Gaziantep,AK Parti,328120,59.66,7,10,78.97
2007,22 Temmuz 2007,27,Gaziantep,CHP,97271,17.69,2,10,78.97
2007,22 Temmuz 2007,27,Gaziantep,MHP,63030,11.46,1,10,78.97
2007,22 Temmuz 2007,28,Giresun,AK Parti,123138,51.63,3,5,81.5
2007,22 Temmuz 2007,28,Giresun,CHP,38842,16.29,1,5,81.5
2007,22 Temmuz 2007,28,Giresun,MHP,38377,16.09,1,5,81.5
2007,22 Temmuz 2007,29,Gümüşhane,AK Parti,41940,61.08,2,2,80.54
2007,22 Temmuz 2007,30,Hakkari,AK Parti,29513,33.6,2,3,85.07
2007,22 Temmuz 2007,30,Hakkari,Diğer,,,1,3,85.07
2007,22 Temmuz 2007,31,Hatay,AK Parti,261971,41.11,5,10,81.06
2007,22 Temmuz 2007,31,Hatay,CHP,199838,31.36,3,10,81.06
2007,22 Temmuz 2007,31,Hatay,MHP,107721,16.9,2,10,81.06
2007,22 Temmuz 2007,32,Isparta,AK Parti,103459,44.16,3,5,86.22
2007,22 Temmuz 2007,32,Isparta,CHP,31456,13.43,1,5,86.22
2007,22 Temmuz 2007,32,Isparta,MHP,55814,23.83,1,5,86.22
2007,22 Temmuz 2007,33,Mersin,AK Parti,215703,27.33,4,12,78.24
2007,22 Temmuz 2007,33,Mersin,CHP,195930,24.82,4,12,78.24
2007,22 Temmuz 2007,33,Mersin,MHP,242686,30.74,4,12,78.24
2007,22 Temmuz 2007,34,İstanbul,AK Parti,2604343,45.45,39,70,77.36
2007,22 Temmuz 2007,34,İstanbul,CHP,1556518,27.17,22,70,77.36
2007,22 Temmuz 2007,34,İstanbul,MHP,602093,10.51,7,70,77.36
2007,22 Temmuz 2007,34,İstanbul,Diğer,,,2,70,77.36
2007,22 Temmuz 2007,35,İzmir,AK Parti,636826,30.69,9,24,82.09
2007,22 Temmuz 2007,35,İzmir,CHP,740269,35.67,11,24,82.09
2007,22 Temmuz 2007,35,İzmir,MHP,289800,13.97,4,24,82.09
2007,22 Temmuz 2007,36,Kars,AK Parti,50819,41.42,2,3,71.93
2007,22 Temmuz 2007,36,Kars,MHP,24716,20.15,1,3,71.93
2007,22 Temmuz 2007,37,Kastamonu,AK Parti,110311,49.78,3,4,84.64
2007,22 Temmuz 2007,37,Kastamonu,MHP,38889,17.55,1,4,84.64
2007,22 Temmuz 2007,38,Kayseri,AK Parti,395589,66.22,6,8,87.06
2007,22 Temmuz 2007,38,Kayseri,CHP,59125,9.9,1,8,87.06
2007,22 Temmuz 2007,38,Kayseri,MHP,92923,15.55,1,8,87.06
2007,22 Temmuz 2007,39,Kırklareli,AK Parti,41848,20.29,1,3,89.15
2007,22 Temmuz 2007,39,Kırklareli,CHP,83264,40.37,2,3,89.15
2007,22 Temmuz 2007,40,Kırşehir,AK Parti,54549,44.55,2,3,81.7
2007,22 Temmuz 2007,40,Kırşehir,MHP,31470,25.7,1,3,81.7
2007,22 Temmuz 2007,41,Kocaeli,AK Parti,370242,49.59,6,9,84.37
2007,22 Temmuz 2007,41,Kocaeli,CHP,145671,19.51,2,9,84.37
2007,22 Temmuz 2007,41,Kocaeli,MHP,78585,10.53,1,9,84.37
2007,22 Temmuz 2007,42,Konya,AK Parti,660583,65.78,13,16,84.76
2007,22 Temmuz 2007,42,Konya,CHP,82482,8.21,1,16,84.76
2007,22 Temmuz 2007,42,Konya,MHP,131571,13.1,2,16,84.76
2007,22 Temmuz 2007,43,Kütahya,AK Parti,226224,62.8,5,6,90.45
2007,22 Temmuz 2007,43,Kütahya,MHP,57438,15.94,1,6,90.45
2007,22 Temmuz 2007,44,Malatya,AK Parti,243525,67.2,6,7,77.64
2007,22 Temmuz 2007,44,Malatya,CHP,68866,19.0,1,7,77.64
2007,22 Temmuz 2007,45,Manisa,AK Parti,314140,41.2,5,10,88.72
2007,22 Temmuz 2007,45,Manisa,CHP,148212,19.44,2,10,88.72
2007,22 Temmuz 2007,45,Manisa,MHP,158305,20.76,3,10,88.72
2007,22 Temmuz 2007,46,Kahramanmaraş,AK Parti,319534,68.49,6,8,81.28
2007,22 Temmuz 2007,46,Kahramanmaraş,CHP,46209,9.91,1,8,81.28
2007,22 Temmuz 2007,46,Kahramanmaraş,MHP,58226,12.48,1,8,81.28
2007,22 Temmuz 2007,47,Mardin,AK Parti,105905,44.25,4,6,76.7
2007,22 Temmuz 2007,47,Mardin,Diğer,,,2,6,76.7
2007,22 Temmuz 2007,48,Muğla,AK Parti,117624,26.5,2,6,85.07
2007,22 Temmuz 2007,48,Muğla,CHP,154033,34.7,3,6,85.07
2007,22 Temmuz 2007,48,Muğla,MHP,90771,20.45,1,6,85.07
2007,22 Temmuz 2007,49,Muş,AK Parti,54295,38.75,2,4,77.36
2007,22 Temmuz 2007,49,Muş,Diğer,,,2,4,77.36
2007,22 Temmuz 2007,50,Nevşehir,AK Parti,89500,56.12,3,3,85.36
2007,22 Temmuz 2007,51,Niğde,AK Parti,82537,48.94,2,3,80.36
2007,22 Temmuz 2007,51,Niğde,MHP,32012,18.98,1,3,80.36
2007,22 Temmuz 2007,52,Ordu,AK Parti,209687,56.19,5,7,81.14
2007,22 Temmuz 2007,52,Ordu,CHP,59779,16.02,1,7,81.14
2007,22 Temmuz 2007,52,Ordu,MHP,55441,14.86,1,7,81.14
2007,22 Temmuz 2007,53,Rize,AK Parti,97059,54.01,2,3,79.37
2007,22 Temmuz 2007,53,Rize,Diğer,,,1,3,79.37
2007,22 Temmuz 2007,54,Sakarya,AK Parti,253033,53.51,5,6,84.26
2007,22 Temmuz 2007,54,Sakarya,MHP,54198,11.46,1,6,84.26
2007,22 Temmuz 2007,55,Samsun,AK Parti,370204,58.31,6,9,81.41
2007,22 Temmuz 2007,55,Samsun,CHP,109092,17.18,2,9,81.41
2007,22 Temmuz 2007,55,Samsun,MHP,77871,12.27,1,9,81.41
2007,22 Temmuz 2007,56,Siirt,AK Parti,44836,49.0,2,3,78.0
2007,22 Temmuz 2007,56,Siirt,Diğer,,,1,3,78.0
2007,22 Temmuz 2007,57,Sinop,AK Parti,52052,44.34,2,3,83.06
2007,22 Temmuz 2007,57,Sinop,CHP,28800,24.53,1,3,83.06
2007,22 Temmuz 2007,58,Sivas,AK Parti,186843,55.83,4,6,85.75
2007,22 Temmuz 2007,58,Sivas,CHP,53641,16.03,1,6,85.75
2007,22 Temmuz 2007,58,Sivas,Diğer,,,1,6,85.75
2007,22 Temmuz 2007,59,Tekirdağ,AK Parti,116056,29.52,2,5,86.46
2007,22 Temmuz 2007,59,Tekirdağ,CHP,136099,34.62,2,5,86.46
2007,22 Temmuz 2007,59,Tekirdağ,MHP,52136,13.26,1,5,86.46
2007,22 Temmuz 2007,60,Tokat,AK Parti,171118,52.31,5,7,83.67
2007,22 Temmuz 2007,60,Tokat,CHP,62406,19.08,1,7,83.67
2007,22 Temmuz 2007,60,Tokat,MHP,56158,17.17,1,7,83.67
2007,22 Temmuz 2007,61,Trabzon,AK Parti,231292,57.17,6,8,81.9
2007,22 Temmuz 2007,61,Trabzon,CHP,55616,13.75,1,8,81.9
2007,22 Temmuz 2007,61,Trabzon,MHP,57294,14.16,1,8,81.9
2007,22 Temmuz 2007,62,Tunceli,Diğer,,,2,2,76.39
2007,22 Temmuz 2007,63,Şanlıurfa,AK Parti,267525,60.13,9,11,80.4
2007,22 Temmuz 2007,63,Şanlıurfa,Diğer,,,2,11,80.4
2007,22 Temmuz 2007,64,Uşak,AK Parti,86214,43.58,2,3,88.97
2007,22 Temmuz 2007,64,Uşak,CHP,44729,22.61,1,3,88.97
2007,22 Temmuz 2007,65,Van,AK Parti,163193,53.48,5,7,73.54
2007,22 Temmuz 2007,65,Van,Diğer,,,2,7,73.54
2007,22 Temmuz 2007,66,Yozgat,AK Parti,156495,62.88,5,6,83.9
2007,22 Temmuz 2007,66,Yozgat,MHP,44678,17.95,1,6,83.9
2007,22 Temmuz 2007,67,Zonguldak,AK Parti,144041,41.28,3,5,81.5
2007,22 Temmuz 2007,67,Zonguldak,CHP,85687,24.56,2,5,81.5
2007,22 Temmuz 2007,68,Aksaray,AK Parti,113555,63.89,3,4,80.51
2007,22 Temmuz 2007,68,Aksaray,MHP,28736,16.17,1,4,80.51
2007,22 Temmuz 2007,69,Bayburt,AK Parti,25632,61.2,2,2,78.33
2007,22 Temmuz 2007,70,Karaman,AK Parti,64779,51.68,2,3,88.02
2007,22 Temmuz 2007,70,Karaman,MHP,23542,18.78,1,3,88.02
2007,22 Temmuz 2007,71,Kırıkkale,AK Parti,91132,58.41,3,4,81.1
2007,22 Temmuz 2007,71,Kırıkkale,MHP,35361,22.66,1,4,81.1
2007,22 Temmuz 2007,72,Batman,AK Parti,73713,46.62,2,4,74.18
2007,22 Temmuz 2007,72,Batman,Diğer,,,2,4,74.18
2007,22 Temmuz 2007,73,Şırnak,AK Parti,33179,27.01,1,3,80.83
2007,22 Temmuz 2007,73,Şırnak,Diğer,,,2,3,80.83
2007,22 Temmuz 2007,74,Bartın,AK Parti,43220,38.84,1,2,84.14
2007,22 Temmuz 2007,74,Bartın,CHP,25431,22.85,1,2,84.14
2007,22 Temmuz 2007,75,Ardahan,AK Parti,22713,40.85,1,2,80.79
2007,22 Temmuz 2007,75,Ardahan,CHP,18066,32.49,1,2,80.79
2007,22 Temmuz 2007,76,Iğdır,AK Parti,18672,29.03,1,2,71.7
2007,22 Temmuz 2007,76,Iğdır,Diğer,,,1,2,71.7
2007,22 Temmuz 2007,77,Yalova,AK Parti,42346,41.03,1,2,82.34
2007,22 Temmuz 2007,77,Yalova,CHP,25322,24.53,1,2,82.34
2007,22 Temmuz 2007,78,Karabük,AK Parti,70478,55.08,3,3,84.53
2007,22 Temmuz 2007,79,Kilis,AK Parti,29510,56.6,2,2,82.47
2007,22 Temmuz 2007,80,Osmaniye,AK Parti,85836,38.98,2,4,84.51
2007,22 Temmuz 2007,80,Osmaniye,MHP,99565,45.22,2,4,84.51
2007,22 Temmuz 2007,81,Düzce,AK Parti,111100,61.04,3,3,88.71
2002,3 Kasım 2002,1,Adana,AK Parti,229729,26.92,8,14,71.46
2002,3 Kasım 2002,1,Adana,CHP,182436,21.38,6,14,71.46
2002,3 Kasım 2002,2,Adıyaman,AK Parti,88831,41.57,4,5,71.19
2002,3 Kasım 2002,2,Adıyaman,CHP,28710,13.43,1,5,71.19
2002,3 Kasım 2002,3,Afyonkarahisar,AK Parti,149518,42.79,6,7,82.94
2002,3 Kasım 2002,3,Afyonkarahisar,CHP,43488,12.45,1,7,82.94
2002,3 Kasım 2002,4,Ağrı,AK Parti,26219,17.76,3,5,70.29
2002,3 Kasım 2002,4,Ağrı,CHP,14230,9.64,2,5,70.29
2002,3 Kasım 2002,5,Amasya,AK Parti,75080,39.76,2,3,76.67
2002,3 Kasım 2002,5,Amasya,CHP,43864,23.23,1,3,76.67
2002,3 Kasım 2002,6,Ankara,AK Parti,820260,38.26,17,29,79.57
2002,3 Kasım 2002,6,Ankara,CHP,603385,28.14,12,29,79.57
2002,3 Kasım 2002,7,Antalya,AK Parti,159733,21.24,5,13,73.76
2002,3 Kasım 2002,7,Antalya,CHP,233463,31.05,8,13,73.76
2002,3 Kasım 2002,8,Artvin,AK Parti,23979,23.3,1,2,76.55
2002,3 Kasım 2002,8,Artvin,CHP,26243,25.5,1,2,76.55
2002,3 Kasım 2002,9,Aydın,AK Parti,89713,18.33,4,8,79.61
2002,3 Kasım 2002,9,Aydın,CHP,101830,20.8,4,8,79.61
2002,3 Kasım 2002,10,Balıkesir,AK Parti,213569,33.7,5,8,80.58
2002,3 Kasım 2002,10,Balıkesir,CHP,125095,19.74,3,8,80.58
2002,3 Kasım 2002,11,Bilecik,AK Parti,27453,24.97,1,2,87.12
2002,3 Kasım 2002,11,Bilecik,CHP,20279,18.45,1,2,87.12
2002,3 Kasım 2002,12,Bingöl,AK Parti,28198,31.83,3,3,74.41
2002,3 Kasım 2002,13,Bitlis,AK Parti,18151,17.72,3,4,75.62
2002,3 Kasım 2002,13,Bitlis,Diğer,,,1,4,75.62
2002,3 Kasım 2002,14,Bolu,AK Parti,66842,43.24,3,3,84.33
2002,3 Kasım 2002,15,Burdur,AK Parti,40773,27.35,2,3,85.74
2002,3 Kasım 2002,15,Burdur,CHP,29359,19.7,1,3,85.74
2002,3 Kasım 2002,16,Bursa,AK Parti,469280,41.45,12,16,79.34
2002,3 Kasım 2002,16,Bursa,CHP,173299,15.31,4,16,79.34
2002,3 Kasım 2002,17,Çanakkale,AK Parti,71358,25.94,2,4,82.55
2002,3 Kasım 2002,17,Çanakkale,CHP,63191,22.97,2,4,82.55
2002,3 Kasım 2002,18,Çankırı,AK Parti,52858,50.1,3,3,74.66
2002,3 Kasım 2002,19,Çorum,AK Parti,153533,48.6,4,5,81.81
2002,3 Kasım 2002,19,Çorum,CHP,70243,22.24,1,5,81.81
2002,3 Kasım 2002,20,Denizli,AK Parti,107842,24.25,4,7,81.26
2002,3 Kasım 2002,20,Denizli,CHP,92614,20.83,3,7,81.26
2002,3 Kasım 2002,21,Diyarbakır,AK Parti,67298,16.0,8,10,68.92
2002,3 Kasım 2002,21,Diyarbakır,CHP,24963,5.94,2,10,68.92
2002,3 Kasım 2002,22,Edirne,AK Parti,20257,8.76,1,4,80.7
2002,3 Kasım 2002,22,Edirne,CHP,66877,28.92,3,4,80.7
2002,3 Kasım 2002,23,Elazığ,AK Parti,102474,42.12,4,5,70.26
2002,3 Kasım 2002,23,Elazığ,Diğer,,,1,5,70.26
2002,3 Kasım 2002,24,Erzincan,AK Parti,44377,40.77,2,3,72.38
2002,3 Kasım 2002,24,Erzincan,CHP,30358,27.89,1,3,72.38
2002,3 Kasım 2002,25,Erzurum,AK Parti,184870,54.84,7,7,73.46
2002,3 Kasım 2002,26,Eskişehir,AK Parti,119410,29.68,3,6,81.69
2002,3 Kasım 2002,26,Eskişehir,CHP,91163,22.66,3,6,81.69
2002,3 Kasım 2002,27,Gaziantep,AK Parti,193995,40.19,7,10,70.39
2002,3 Kasım 2002,27,Gaziantep,CHP,93033,19.27,3,10,70.39
2002,3 Kasım 2002,28,Giresun,AK Parti,99078,45.62,4,5,74.63
2002,3 Kasım 2002,28,Giresun,CHP,30724,14.15,1,5,74.63
2002,3 Kasım 2002,29,Gümüşhane,AK Parti,27538,42.63,2,2,69.68
2002,3 Kasım 2002,30,Hakkari,AK Parti,5115,6.83,1,3,78.11
2002,3 Kasım 2002,30,Hakkari,CHP,6121,8.17,1,3,78.11
2002,3 Kasım 2002,30,Hakkari,Diğer,,,1,3,78.11
2002,3 Kasım 2002,31,Hatay,AK Parti,166403,29.99,5,10,74.28
2002,3 Kasım 2002,31,Hatay,CHP,143792,25.92,5,10,74.28
2002,3 Kasım 2002,32,Isparta,AK Parti,90272,41.8,4,5,82.45
2002,3 Kasım 2002,32,Isparta,CHP,28570,13.23,1,5,82.45
2002,3 Kasım 2002,33,Mersin,AK Parti,122995,18.14,5,12,73.01
2002,3 Kasım 2002,33,Mersin,CHP,168372,24.83,7,12,73.01
2002,3 Kasım 2002,34,İstanbul,AK Parti,1943776,37.35,43,70,72.66
2002,3 Kasım 2002,34,İstanbul,CHP,1257330,24.16,27,70,72.66
2002,3 Kasım 2002,35,İzmir,AK Parti,321865,17.23,8,24,77.09
2002,3 Kasım 2002,35,İzmir,CHP,544862,29.17,16,24,77.09
2002,3 Kasım 2002,36,Kars,AK Parti,20831,17.29,2,3,68.18
2002,3 Kasım 2002,36,Kars,CHP,20227,16.79,1,3,68.18
2002,3 Kasım 2002,37,Kastamonu,AK Parti,65228,31.01,3,4,78.81
2002,3 Kasım 2002,37,Kastamonu,CHP,24076,11.45,1,4,78.81
2002,3 Kasım 2002,38,Kayseri,AK Parti,272762,54.53,7,8,76.6
2002,3 Kasım 2002,38,Kayseri,CHP,56965,11.39,1,8,76.6
2002,3 Kasım 2002,39,Kırklareli,AK Parti,23555,12.59,1,3,81.49
2002,3 Kasım 2002,39,Kırklareli,CHP,61619,32.93,2,3,81.49
2002,3 Kasım 2002,40,Kırşehir,AK Parti,36082,31.28,2,3,73.52
2002,3 Kasım 2002,40,Kırşehir,CHP,25200,21.85,1,3,73.52
2002,3 Kasım 2002,41,Kocaeli,AK Parti,277461,43.01,6,9,75.66
2002,3 Kasım 2002,41,Kocaeli,CHP,120719,18.72,3,9,75.66
2002,3 Kasım 2002,42,Konya,AK Parti,487700,55.14,14,16,80.17
2002,3 Kasım 2002,42,Konya,CHP,76314,8.63,2,16,80.17
2002,3 Kasım 2002,43,Kütahya,AK Parti,167299,49.15,6,6,85.43
2002,3 Kasım 2002,44,Malatya,AK Parti,161658,50.83,5,7,70.67
2002,3 Kasım 2002,44,Malatya,CHP,57681,18.14,2,7,70.67
2002,3 Kasım 2002,45,Manisa,AK Parti,216455,30.24,6,10,84.12
2002,3 Kasım 2002,45,Manisa,CHP,126511,17.68,4,10,84.12
2002,3 Kasım 2002,46,Kahramanmaraş,AK Parti,216388,54.08,7,8,73.88
2002,3 Kasım 2002,46,Kahramanmaraş,CHP,45123,11.28,1,8,73.88
2002,3 Kasım 2002,47,Mardin,AK Parti,34746,15.48,3,6,71.91
2002,3 Kasım 2002,47,Mardin,CHP,26151,11.65,2,6,71.91
2002,3 Kasım 2002,47,Mardin,Diğer,,,1,6,71.91
2002,3 Kasım 2002,48,Muğla,AK Parti,50816,13.21,2,6,80.39
2002,3 Kasım 2002,48,Muğla,CHP,106937,27.81,4,6,80.39
2002,3 Kasım 2002,49,Muş,AK Parti,21876,16.95,3,4,76.79
2002,3 Kasım 2002,49,Muş,CHP,8067,6.25,1,4,76.79
2002,3 Kasım 2002,50,Nevşehir,AK Parti,64415,43.79,3,3,80.24
2002,3 Kasım 2002,51,Niğde,AK Parti,64415,42.33,2,3,72.54
2002,3 Kasım 2002,51,Niğde,CHP,28815,18.93,1,3,72.54
2002,3 Kasım 2002,52,Ordu,AK Parti,142198,41.65,5,7,71.38
2002,3 Kasım 2002,52,Ordu,CHP,53970,15.81,2,7,71.38
2002,3 Kasım 2002,53,Rize,AK Parti,72005,44.37,3,3,72.38
2002,3 Kasım 2002,54,Sakarya,AK Parti,189246,43.99,6,6,82.2
2002,3 Kasım 2002,55,Samsun,AK Parti,269209,45.0,7,9,75.07
2002,3 Kasım 2002,55,Samsun,CHP,88761,14.84,2,9,75.07
2002,3 Kasım 2002,56,Siirt,AK Parti,14728,22.63,1,3,54.6
2002,3 Kasım 2002,56,Siirt,CHP,7481,11.5,1,3,54.6
2002,3 Kasım 2002,56,Siirt,Diğer,,,1,3,54.6
2002,3 Kasım 2002,57,Sinop,AK Parti,35888,32.58,2,3,74.42
2002,3 Kasım 2002,57,Sinop,CHP,20389,18.51,1,3,74.42
2002,3 Kasım 2002,58,Sivas,AK Parti,138851,45.25,5,6,73.21
2002,3 Kasım 2002,58,Sivas,CHP,49267,16.06,1,6,73.21
2002,3 Kasım 2002,59,Tekirdağ,AK Parti,55935,17.07,2,5,78.59
2002,3 Kasım 2002,59,Tekirdağ,CHP,89159,27.21,3,5,78.59
2002,3 Kasım 2002,60,Tokat,AK Parti,136288,43.78,5,7,72.83
2002,3 Kasım 2002,60,Tokat,CHP,61081,19.62,2,7,72.83
2002,3 Kasım 2002,61,Trabzon,AK Parti,164094,44.1,6,8,71.6
2002,3 Kasım 2002,61,Trabzon,CHP,54668,14.69,2,8,71.6
2002,3 Kasım 2002,62,Tunceli,CHP,10188,24.7,2,2,72.22
2002,3 Kasım 2002,63,Şanlıurfa,AK Parti,99331,22.98,7,11,75.81
2002,3 Kasım 2002,63,Şanlıurfa,CHP,42946,9.94,3,11,75.81
2002,3 Kasım 2002,63,Şanlıurfa,Diğer,,,1,11,75.81
2002,3 Kasım 2002,64,Uşak,AK Parti,48197,27.05,2,3,84.37
2002,3 Kasım 2002,64,Uşak,CHP,43712,24.53,1,3,84.37
2002,3 Kasım 2002,65,Van,AK Parti,66797,25.94,6,7,71.48
2002,3 Kasım 2002,65,Van,CHP,13307,5.17,1,7,71.48
2002,3 Kasım 2002,66,Yozgat,AK Parti,123540,51.33,5,6,75.66
2002,3 Kasım 2002,66,Yozgat,CHP,29130,12.1,1,6,75.66
2002,3 Kasım 2002,67,Zonguldak,AK Parti,101652,30.64,3,5,75.51
2002,3 Kasım 2002,67,Zonguldak,CHP,69580,20.97,2,5,75.51
2002,3 Kasım 2002,68,Aksaray,AK Parti,74784,48.27,4,4,72.18
2002,3 Kasım 2002,69,Bayburt,AK Parti,10162,26.81,1,2,69.22
2002,3 Kasım 2002,69,Bayburt,Diğer,,,1,2,69.22
2002,3 Kasım 2002,70,Karaman,AK Parti,42994,38.34,2,3,85.06
2002,3 Kasım 2002,70,Karaman,CHP,20433,18.22,1,3,85.06
2002,3 Kasım 2002,71,Kırıkkale,AK Parti,74813,49.29,3,4,76.27
2002,3 Kasım 2002,71,Kırıkkale,CHP,19574,12.9,1,4,76.27
2002,3 Kasım 2002,72,Batman,AK Parti,30654,20.69,3,4,73.53
2002,3 Kasım 2002,72,Batman,CHP,10229,6.9,1,4,73.53
2002,3 Kasım 2002,73,Şırnak,AK Parti,14512,14.06,2,3,72.61
2002,3 Kasım 2002,73,Şırnak,Diğer,,,1,3,72.61
2002,3 Kasım 2002,74,Bartın,AK Parti,29670,28.7,2,2,77.73
2002,3 Kasım 2002,75,Ardahan,AK Parti,6746,11.8,1,2,72.79
2002,3 Kasım 2002,75,Ardahan,CHP,12561,21.97,1,2,72.79
2002,3 Kasım 2002,76,Iğdır,CHP,9175,14.89,1,2,70.57
2002,3 Kasım 2002,76,Iğdır,Diğer,,,1,2,70.57
2002,3 Kasım 2002,77,Yalova,AK Parti,31681,34.7,1,2,73.3
2002,3 Kasım 2002,77,Yalova,CHP,16506,18.08,1,2,73.3
2002,3 Kasım 2002,78,Karabük,AK Parti,57026,45.35,3,3,80.18
2002,3 Kasım 2002,79,Kilis,AK Parti,18308,36.5,2,2,76.03
2002,3 Kasım 2002,80,Osmaniye,AK Parti,62623,31.3,3,4,75.74
2002,3 Kasım 2002,80,Osmaniye,CHP,27640,13.81,1,4,75.74
2002,3 Kasım 2002,81,Düzce,AK Parti,85194,52.64,3,3,83.66
1999,18 Nisan 1999,1,Adana,DSP,219535,25.96,5,14,80.12
1999,18 Nisan 1999,1,Adana,MHP,199723,23.62,4,14,80.12
1999,18 Nisan 1999,1,Adana,FP,87018,10.29,2,14,80.12
1999,18 Nisan 1999,1,Adana,ANAP,100141,11.84,2,14,80.12
1999,18 Nisan 1999,1,Adana,DYP,79269,9.37,1,14,80.12
1999,18 Nisan 1999,2,Adıyaman,MHP,24072,10.62,1,6,81.93
1999,18 Nisan 1999,2,Adıyaman,FP,62496,27.58,3,6,81.93
1999,18 Nisan 1999,2,Adıyaman,ANAP,23786,10.5,1,6,81.93
1999,18 Nisan 1999,2,Adıyaman,DYP,38489,16.99,1,6,81.93
1999,18 Nisan 1999,3,Afyonkarahisar,DSP,44296,12.63,1,7,86.69
1999,18 Nisan 1999,3,Afyonkarahisar,MHP,98403,28.05,3,7,86.69
1999,18 Nisan 1999,3,Afyonkarahisar,FP,40031,11.41,1,7,86.69
1999,18 Nisan 1999,3,Afyonkarahisar,ANAP,42758,12.19,1,7,86.69
1999,18 Nisan 1999,3,Afyonkarahisar,DYP,54451,15.52,1,7,86.69
1999,18 Nisan 1999,4,Ağrı,MHP,11041,7.68,1,4,76.84
1999,18 Nisan 1999,4,Ağrı,FP,18416,12.81,1,4,76.84
1999,18 Nisan 1999,4,Ağrı,ANAP,13265,9.23,1,4,76.84
1999,18 Nisan 1999,4,Ağrı,DYP,18244,12.69,1,4,76.84
1999,18 Nisan 1999,5,Amasya,DSP,33597,17.32,1,4,85.69
1999,18 Nisan 1999,5,Amasya,MHP,47197,24.32,1,4,85.69
1999,18 Nisan 1999,5,Amasya,FP,30425,15.68,1,4,85.69
1999,18 Nisan 1999,5,Amasya,DYP,24804,12.78,1,4,85.69
1999,18 Nisan 1999,6,Ankara,DSP,462379,23.19,9,28,84.89
1999,18 Nisan 1999,6,Ankara,MHP,431050,21.62,8,28,84.89
1999,18 Nisan 1999,6,Ankara,FP,341174,17.11,5,28,84.89
1999,18 Nisan 1999,6,Ankara,ANAP,216118,10.84,4,28,84.89
1999,18 Nisan 1999,6,Ankara,DYP,146364,7.34,2,28,84.89
1999,18 Nisan 1999,7,Antalya,DSP,151058,20.18,3,12,81.56
1999,18 Nisan 1999,7,Antalya,MHP,166914,22.3,3,12,81.56
1999,18 Nisan 1999,7,Antalya,FP,46902,6.27,1,12,81.56
1999,18 Nisan 1999,7,Antalya,ANAP,98676,13.18,2,12,81.56
1999,18 Nisan 1999,7,Antalya,DYP,144575,19.31,3,12,81.56
1999,18 Nisan 1999,8,Artvin,DSP,20075,19.34,1,2,83.2
1999,18 Nisan 1999,8,Artvin,DYP,20516,19.76,1,2,83.2
1999,18 Nisan 1999,9,Aydın,DSP,146983,29.12,3,8,87.53
1999,18 Nisan 1999,9,Aydın,MHP,100470,19.91,2,8,87.53
1999,18 Nisan 1999,9,Aydın,ANAP,83196,16.48,2,8,87.53
1999,18 Nisan 1999,9,Aydın,DYP,74163,14.69,1,8,87.53
1999,18 Nisan 1999,10,Balıkesir,DSP,200955,31.2,3,9,88.06
1999,18 Nisan 1999,10,Balıkesir,MHP,102922,15.98,2,9,88.06
1999,18 Nisan 1999,10,Balıkesir,FP,61316,9.52,1,9,88.06
1999,18 Nisan 1999,10,Balıkesir,ANAP,89446,13.89,1,9,88.06
1999,18 Nisan 1999,10,Balıkesir,DYP,118603,18.41,2,9,88.06
1999,18 Nisan 1999,11,Bilecik,DSP,25358,23.94,1,2,89.59
1999,18 Nisan 1999,11,Bilecik,MHP,19135,18.06,1,2,89.59
1999,18 Nisan 1999,12,Bingöl,FP,20218,24.4,2,3,77.23
1999,18 Nisan 1999,12,Bingöl,DYP,12052,14.55,1,3,77.23
1999,18 Nisan 1999,13,Bitlis,MHP,10867,11.38,1,4,81.45
1999,18 Nisan 1999,13,Bitlis,FP,19922,20.86,1,4,81.45
1999,18 Nisan 1999,13,Bitlis,ANAP,19595,20.52,1,4,81.45
1999,18 Nisan 1999,13,Bitlis,DYP,13421,14.05,1,4,81.45
1999,18 Nisan 1999,14,Bolu,DSP,67733,21.88,1,5,87.33
1999,18 Nisan 1999,14,Bolu,MHP,65214,21.07,1,5,87.33
1999,18 Nisan 1999,14,Bolu,FP,60636,19.59,1,5,87.33
1999,18 Nisan 1999,14,Bolu,ANAP,43903,14.18,1,5,87.33
1999,18 Nisan 1999,14,Bolu,DYP,37658,12.16,1,5,87.33
1999,18 Nisan 1999,15,Burdur,DSP,35161,23.29,1,3,90.13
1999,18 Nisan 1999,15,Burdur,MHP,36297,24.05,1,3,90.13
1999,18 Nisan 1999,15,Burdur,DYP,28491,18.87,1,3,90.13
1999,18 Nisan 1999,16,Bursa,DSP,357441,32.11,6,16,86.32
1999,18 Nisan 1999,16,Bursa,MHP,161872,14.54,2,16,86.32
1999,18 Nisan 1999,16,Bursa,FP,171450,15.4,3,16,86.32
1999,18 Nisan 1999,16,Bursa,ANAP,178397,16.03,3,16,86.32
1999,18 Nisan 1999,16,Bursa,DYP,142708,12.82,2,16,86.32
1999,18 Nisan 1999,17,Çanakkale,DSP,87724,31.26,1,4,89.19
1999,18 Nisan 1999,17,Çanakkale,MHP,47644,16.98,1,4,89.19
1999,18 Nisan 1999,17,Çanakkale,ANAP,45865,16.34,1,4,89.19
1999,18 Nisan 1999,17,Çanakkale,DYP,45729,16.3,1,4,89.19
1999,18 Nisan 1999,18,Çankırı,MHP,47825,38.12,2,3,85.7
1999,18 Nisan 1999,18,Çankırı,FP,24940,19.88,1,3,85.7
1999,18 Nisan 1999,19,Çorum,MHP,96845,29.82,3,5,87.83
1999,18 Nisan 1999,19,Çorum,FP,58233,17.93,1,5,87.83
1999,18 Nisan 1999,19,Çorum,DYP,45292,13.95,1,5,87.83
1999,18 Nisan 1999,20,Denizli,DSP,122484,26.89,2,7,87.42
1999,18 Nisan 1999,20,Denizli,MHP,83902,18.42,2,7,87.42
1999,18 Nisan 1999,20,Denizli,ANAP,68717,15.08,1,7,87.42
1999,18 Nisan 1999,20,Denizli,DYP,81996,18.0,2,7,87.42
1999,18 Nisan 1999,21,Diyarbakır,DSP,20265,4.99,1,11,74.32
1999,18 Nisan 1999,21,Diyarbakır,FP,59310,14.59,4,11,74.32
1999,18 Nisan 1999,21,Diyarbakır,ANAP,45307,11.15,3,11,74.32
1999,18 Nisan 1999,21,Diyarbakır,DYP,45527,11.2,3,11,74.32
1999,18 Nisan 1999,22,Edirne,DSP,107327,45.67,3,4,87.38
1999,18 Nisan 1999,22,Edirne,ANAP,35067,14.92,1,4,87.38
1999,18 Nisan 1999,23,Elazığ,MHP,33222,13.66,1,5,77.9
1999,18 Nisan 1999,23,Elazığ,FP,59622,24.51,2,5,77.9
1999,18 Nisan 1999,23,Elazığ,DYP,21962,9.03,1,5,77.9
1999,18 Nisan 1999,23,Elazığ,Diğer,,,1,5,77.9
1999,18 Nisan 1999,24,Erzincan,MHP,27745,25.11,1,3,80.24
1999,18 Nisan 1999,24,Erzincan,FP,20683,18.72,1,3,80.24
1999,18 Nisan 1999,24,Erzincan,DYP,15191,13.75,1,3,80.24
1999,18 Nisan 1999,25,Erzurum,MHP,88506,26.23,3,8,80.38
1999,18 Nisan 1999,25,Erzurum,FP,95610,28.34,3,8,80.38
1999,18 Nisan 1999,25,Erzurum,DYP,56223,16.67,2,8,80.38
1999,18 Nisan 1999,26,Eskişehir,DSP,142210,36.31,3,6,87.94
1999,18 Nisan 1999,26,Eskişehir,MHP,68272,17.43,1,6,87.94
1999,18 Nisan 1999,26,Eskişehir,ANAP,44630,11.4,1,6,87.94
1999,18 Nisan 1999,26,Eskişehir,DYP,53075,13.55,1,6,87.94
1999,18 Nisan 1999,27,Gaziantep,DSP,97025,19.56,2,9,80.3
1999,18 Nisan 1999,27,Gaziantep,MHP,99444,20.04,3,9,80.3
1999,18 Nisan 1999,27,Gaziantep,FP,78822,15.89,2,9,80.3
1999,18 Nisan 1999,27,Gaziantep,ANAP,49369,9.95,1,9,80.3
1999,18 Nisan 1999,27,Gaziantep,DYP,51323,10.34,1,9,80.3
1999,18 Nisan 1999,28,Giresun,DSP,48484,21.53,1,5,82.65
1999,18 Nisan 1999,28,Giresun,MHP,46552,20.67,1,5,82.65
1999,18 Nisan 1999,28,Giresun,FP,36965,16.41,1,5,82.65
1999,18 Nisan 1999,28,Giresun,ANAP,33428,14.84,1,5,82.65
1999,18 Nisan 1999,28,Giresun,DYP,30056,13.35,1,5,82.65
1999,18 Nisan 1999,29,Gümüşhane,MHP,22979,32.6,1,2,81.72
1999,18 Nisan 1999,29,Gümüşhane,FP,16418,23.29,1,2,81.72
1999,18 Nisan 1999,30,Hakkari,FP,6049,9.93,1,3,79.59
1999,18 Nisan 1999,30,Hakkari,ANAP,5754,9.45,1,3,79.59
1999,18 Nisan 1999,30,Hakkari,DYP,11047,18.14,1,3,79.59
1999,18 Nisan 1999,31,Hatay,DSP,80955,14.0,2,10,83.37
1999,18 Nisan 1999,31,Hatay,MHP,128387,22.2,3,10,83.37
1999,18 Nisan 1999,31,Hatay,FP,70641,12.21,2,10,83.37
1999,18 Nisan 1999,31,Hatay,ANAP,70627,12.21,2,10,83.37
1999,18 Nisan 1999,31,Hatay,DYP,66958,11.58,1,10,83.37
1999,18 Nisan 1999,32,Isparta,MHP,63083,29.37,2,4,88.14
1999,18 Nisan 1999,32,Isparta,ANAP,36853,17.16,1,4,88.14
1999,18 Nisan 1999,32,Isparta,DYP,49769,23.17,1,4,88.14
1999,18 Nisan 1999,33,Mersin,DSP,134977,19.39,3,12,81.05
1999,18 Nisan 1999,33,Mersin,MHP,197983,28.44,5,12,81.05
1999,18 Nisan 1999,33,Mersin,ANAP,75863,10.9,2,12,81.05
1999,18 Nisan 1999,33,Mersin,DYP,76485,10.99,2,12,81.05
1999,18 Nisan 1999,34,İstanbul,DSP,1466438,29.93,26,69,79.42
1999,18 Nisan 1999,34,İstanbul,MHP,498745,10.18,8,69,79.42
1999,18 Nisan 1999,34,İstanbul,FP,1052738,21.49,18,69,79.42
1999,18 Nisan 1999,34,İstanbul,ANAP,780518,15.93,14,69,79.42
1999,18 Nisan 1999,34,İstanbul,DYP,268932,5.49,3,69,79.42
1999,18 Nisan 1999,35,İzmir,DSP,725607,40.27,14,24,83.77
1999,18 Nisan 1999,35,İzmir,MHP,199597,11.08,3,24,83.77
1999,18 Nisan 1999,35,İzmir,ANAP,285115,15.82,5,24,83.77
1999,18 Nisan 1999,35,İzmir,DYP,172525,9.57,2,24,83.77
1999,18 Nisan 1999,36,Kars,DSP,20955,17.0,1,3,76.3
1999,18 Nisan 1999,36,Kars,MHP,15866,12.87,1,3,76.3
1999,18 Nisan 1999,36,Kars,ANAP,20184,16.37,1,3,76.3
1999,18 Nisan 1999,37,Kastamonu,DSP,52149,23.6,1,4,85.83
1999,18 Nisan 1999,37,Kastamonu,MHP,50722,22.96,1,4,85.83
1999,18 Nisan 1999,37,Kastamonu,ANAP,33872,15.33,1,4,85.83
1999,18 Nisan 1999,37,Kastamonu,DYP,43054,19.49,1,4,85.83
1999,18 Nisan 1999,38,Kayseri,DSP,81782,16.23,1,8,84.62
1999,18 Nisan 1999,38,Kayseri,MHP,165498,32.85,4,8,84.62
1999,18 Nisan 1999,38,Kayseri,FP,117326,23.29,2,8,84.62
1999,18 Nisan 1999,38,Kayseri,DYP,48174,9.56,1,8,84.62
1999,18 Nisan 1999,39,Kırklareli,DSP,73198,38.47,2,3,88.6
1999,18 Nisan 1999,39,Kırklareli,ANAP,33635,17.68,1,3,88.6
1999,18 Nisan 1999,40,Kırşehir,DSP,23949,18.37,1,3,85.62
1999,18 Nisan 1999,40,Kırşehir,MHP,43359,33.27,2,3,85.62
1999,18 Nisan 1999,41,Kocaeli,DSP,143352,22.95,3,10,83.31
1999,18 Nisan 1999,41,Kocaeli,MHP,92409,14.79,2,10,83.31
1999,18 Nisan 1999,41,Kocaeli,FP,142391,22.79,3,10,83.31
1999,18 Nisan 1999,41,Kocaeli,ANAP,67512,10.81,1,10,83.31
1999,18 Nisan 1999,41,Kocaeli,DYP,72547,11.61,1,10,83.31
1999,18 Nisan 1999,42,Konya,DSP,95477,10.7,2,16,87.57
1999,18 Nisan 1999,42,Konya,MHP,232513,26.06,5,16,87.57
1999,18 Nisan 1999,42,Konya,FP,269793,30.24,6,16,87.57
1999,18 Nisan 1999,42,Konya,ANAP,64282,7.2,1,16,87.57
1999,18 Nisan 1999,42,Konya,DYP,123928,13.89,2,16,87.57
1999,18 Nisan 1999,43,Kütahya,DSP,54860,16.37,1,6,89.13
1999,18 Nisan 1999,43,Kütahya,MHP,75997,22.68,2,6,89.13
1999,18 Nisan 1999,43,Kütahya,FP,57080,17.03,1,6,89.13
1999,18 Nisan 1999,43,Kütahya,DYP,81079,24.2,2,6,89.13
1999,18 Nisan 1999,44,Malatya,MHP,63880,19.82,2,7,79.3
1999,18 Nisan 1999,44,Malatya,FP,81632,25.33,3,7,79.3
1999,18 Nisan 1999,44,Malatya,ANAP,23239,7.21,1,7,79.3
1999,18 Nisan 1999,44,Malatya,Diğer,,,1,7,79.3
1999,18 Nisan 1999,45,Manisa,DSP,177993,25.34,3,10,87.92
1999,18 Nisan 1999,45,Manisa,MHP,147743,21.03,3,10,87.92
1999,18 Nisan 1999,45,Manisa,FP,58755,8.37,1,10,87.92
1999,18 Nisan 1999,45,Manisa,ANAP,74828,10.65,1,10,87.92
1999,18 Nisan 1999,45,Manisa,DYP,134172,19.1,2,10,87.92
1999,18 Nisan 1999,46,Kahramanmaraş,MHP,117042,28.24,3,9,82.89
1999,18 Nisan 1999,46,Kahramanmaraş,FP,95807,23.12,3,9,82.89
1999,18 Nisan 1999,46,Kahramanmaraş,ANAP,38579,9.31,1,9,82.89
1999,18 Nisan 1999,46,Kahramanmaraş,DYP,73134,17.65,2,9,82.89
1999,18 Nisan 1999,47,Mardin,DSP,19847,9.04,1,6,79.87
1999,18 Nisan 1999,47,Mardin,FP,25966,11.83,1,6,79.87
1999,18 Nisan 1999,47,Mardin,ANAP,36140,16.46,2,6,79.87
1999,18 Nisan 1999,47,Mardin,DYP,42254,19.25,2,6,79.87
1999,18 Nisan 1999,48,Muğla,DSP,113479,29.83,3,6,86.11
1999,18 Nisan 1999,48,Muğla,MHP,61174,16.08,1,6,86.11
1999,18 Nisan 1999,48,Muğla,ANAP,63319,16.64,1,6,86.11
1999,18 Nisan 1999,48,Muğla,DYP,63770,16.76,1,6,86.11
1999,18 Nisan 1999,49,Muş,DSP,10610,9.13,1,4,76.25
1999,18 Nisan 1999,49,Muş,FP,12701,10.93,1,4,76.25
1999,18 Nisan 1999,49,Muş,ANAP,12922,11.12,1,4,76.25
1999,18 Nisan 1999,49,Muş,DYP,13618,11.72,1,4,76.25
1999,18 Nisan 1999,50,Nevşehir,MHP,48402,31.81,2,3,87.44
1999,18 Nisan 1999,50,Nevşehir,FP,28011,18.41,1,3,87.44
1999,18 Nisan 1999,51,Niğde,DSP,24925,14.77,1,3,84.7
1999,18 Nisan 1999,51,Niğde,MHP,45007,26.67,1,3,84.7
1999,18 Nisan 1999,51,Niğde,DYP,31103,18.43,1,3,84.7
1999,18 Nisan 1999,52,Ordu,DSP,87441,23.53,2,7,80.38
1999,18 Nisan 1999,52,Ordu,MHP,61835,16.64,1,7,80.38
1999,18 Nisan 1999,52,Ordu,FP,45774,12.32,1,7,80.38
1999,18 Nisan 1999,52,Ordu,ANAP,79827,21.48,2,7,80.38
1999,18 Nisan 1999,52,Ordu,DYP,44725,12.04,1,7,80.38
1999,18 Nisan 1999,53,Rize,FP,33879,20.81,1,3,79.15
1999,18 Nisan 1999,53,Rize,ANAP,70835,43.51,2,3,79.15
1999,18 Nisan 1999,54,Sakarya,DSP,80960,19.37,1,6,85.99
1999,18 Nisan 1999,54,Sakarya,MHP,73813,17.66,1,6,85.99
1999,18 Nisan 1999,54,Sakarya,FP,102052,24.42,2,6,85.99
1999,18 Nisan 1999,54,Sakarya,ANAP,57894,13.85,1,6,85.99
1999,18 Nisan 1999,54,Sakarya,DYP,64035,15.32,1,6,85.99
1999,18 Nisan 1999,55,Samsun,DSP,133355,21.58,3,10,83.01
1999,18 Nisan 1999,55,Samsun,MHP,129427,20.95,2,10,83.01
1999,18 Nisan 1999,55,Samsun,FP,92724,15.01,2,10,83.01
1999,18 Nisan 1999,55,Samsun,ANAP,87827,14.21,1,10,83.01
1999,18 Nisan 1999,55,Samsun,DYP,94840,15.35,2,10,83.01
1999,18 Nisan 1999,56,Siirt,FP,11066,13.38,1,3,77.6
1999,18 Nisan 1999,56,Siirt,ANAP,10405,12.58,1,3,77.6
1999,18 Nisan 1999,56,Siirt,DYP,18291,22.12,1,3,77.6
1999,18 Nisan 1999,57,Sinop,DSP,30413,25.78,1,3,83.64
1999,18 Nisan 1999,57,Sinop,ANAP,22074,18.71,1,3,83.64
1999,18 Nisan 1999,57,Sinop,DYP,18003,15.26,1,3,83.64
1999,18 Nisan 1999,58,Sivas,DSP,26036,8.16,1,6,82.28
1999,18 Nisan 1999,58,Sivas,MHP,60758,19.03,2,6,82.28
1999,18 Nisan 1999,58,Sivas,FP,88827,27.82,3,6,82.28
1999,18 Nisan 1999,59,Tekirdağ,DSP,131527,41.25,3,5,85.22
1999,18 Nisan 1999,59,Tekirdağ,ANAP,56770,17.8,1,5,85.22
1999,18 Nisan 1999,59,Tekirdağ,DYP,37044,11.62,1,5,85.22
1999,18 Nisan 1999,60,Tokat,MHP,99434,29.24,3,6,83.89
1999,18 Nisan 1999,60,Tokat,FP,69365,20.4,2,6,83.89
1999,18 Nisan 1999,60,Tokat,DYP,40444,11.9,1,6,83.89
1999,18 Nisan 1999,61,Trabzon,DSP,68085,17.8,1,7,79.94
1999,18 Nisan 1999,61,Trabzon,MHP,83967,21.95,2,7,79.94
1999,18 Nisan 1999,61,Trabzon,FP,76429,19.98,1,7,79.94
1999,18 Nisan 1999,61,Trabzon,ANAP,77328,20.22,2,7,79.94
1999,18 Nisan 1999,61,Trabzon,DYP,41270,10.79,1,7,79.94
1999,18 Nisan 1999,62,Tunceli,DYP,6155,15.58,1,2,78.84
1999,18 Nisan 1999,62,Tunceli,Diğer,,,1,2,78.84
1999,18 Nisan 1999,63,Şanlıurfa,MHP,35864,8.51,1,11,81.13
1999,18 Nisan 1999,63,Şanlıurfa,FP,90387,21.45,4,11,81.13
1999,18 Nisan 1999,63,Şanlıurfa,ANAP,59001,14.0,2,11,81.13
1999,18 Nisan 1999,63,Şanlıurfa,DYP,100394,23.82,4,11,81.13
1999,18 Nisan 1999,64,Uşak,DSP,52345,29.7,2,3,88.68
1999,18 Nisan 1999,64,Uşak,MHP,41249,23.41,1,3,88.68
1999,18 Nisan 1999,65,Van,MHP,19659,8.04,1,7,76.31
1999,18 Nisan 1999,65,Van,FP,46126,18.87,3,7,76.31
1999,18 Nisan 1999,65,Van,ANAP,23868,9.77,1,7,76.31
1999,18 Nisan 1999,65,Van,DYP,27055,11.07,2,7,76.31
1999,18 Nisan 1999,66,Yozgat,MHP,104977,38.99,3,6,86.64
1999,18 Nisan 1999,66,Yozgat,FP,56903,21.14,2,6,86.64
1999,18 Nisan 1999,66,Yozgat,ANAP,29175,10.84,1,6,86.64
1999,18 Nisan 1999,67,Zonguldak,DSP,135559,39.39,3,6,83.87
1999,18 Nisan 1999,67,Zonguldak,MHP,40541,11.78,1,6,83.87
1999,18 Nisan 1999,67,Zonguldak,ANAP,50716,14.74,1,6,83.87
1999,18 Nisan 1999,67,Zonguldak,DYP,35181,10.22,1,6,83.87
1999,18 Nisan 1999,68,Aksaray,MHP,55357,33.03,2,4,82.81
1999,18 Nisan 1999,68,Aksaray,FP,28267,16.86,1,4,82.81
1999,18 Nisan 1999,68,Aksaray,DYP,24487,14.61,1,4,82.81
1999,18 Nisan 1999,69,Bayburt,MHP,9712,25.0,1,2,79.59
1999,18 Nisan 1999,69,Bayburt,FP,10344,26.62,1,2,79.59
1999,18 Nisan 1999,70,Karaman,DSP,18478,16.53,1,3,88.81
1999,18 Nisan 1999,70,Karaman,MHP,35372,31.64,1,3,88.81
1999,18 Nisan 1999,70,Karaman,FP,22239,19.89,1,3,88.81
1999,18 Nisan 1999,71,Kırıkkale,MHP,43533,27.93,1,4,82.73
1999,18 Nisan 1999,71,Kırıkkale,FP,23880,15.32,1,4,82.73
1999,18 Nisan 1999,71,Kırıkkale,ANAP,26516,17.01,1,4,82.73
1999,18 Nisan 1999,71,Kırıkkale,DYP,22039,14.14,1,4,82.73
1999,18 Nisan 1999,72,Batman,FP,19435,13.89,1,4,80.3
1999,18 Nisan 1999,72,Batman,ANAP,14729,10.53,1,4,80.3
1999,18 Nisan 1999,72,Batman,DYP,19769,14.13,2,4,80.3
1999,18 Nisan 1999,73,Şırnak,FP,9598,11.15,1,3,75.7
1999,18 Nisan 1999,73,Şırnak,ANAP,14595,16.96,1,3,75.7
1999,18 Nisan 1999,73,Şırnak,DYP,8818,10.25,1,3,75.7
1999,18 Nisan 1999,74,Bartın,DSP,40346,36.59,1,2,85.93
1999,18 Nisan 1999,74,Bartın,ANAP,21827,19.79,1,2,85.93
1999,18 Nisan 1999,75,Ardahan,DSP,12095,20.12,1,2,79.68
1999,18 Nisan 1999,75,Ardahan,DYP,12913,21.48,1,2,79.68
1999,18 Nisan 1999,76,Iğdır,MHP,10416,17.03,1,2,77.25
1999,18 Nisan 1999,76,Iğdır,FP,7921,12.95,1,2,77.25
1999,18 Nisan 1999,77,Yalova,DSP,22526,24.28,1,2,81.24
1999,18 Nisan 1999,77,Yalova,ANAP,22025,23.74,1,2,81.24
1999,18 Nisan 1999,78,Karabük,DSP,24762,19.5,1,3,86.24
1999,18 Nisan 1999,78,Karabük,MHP,28142,22.16,1,3,86.24
1999,18 Nisan 1999,78,Karabük,DYP,21808,17.17,1,3,86.24
1999,18 Nisan 1999,79,Kilis,MHP,10983,21.1,1,2,84.87
1999,18 Nisan 1999,79,Kilis,DYP,12017,23.08,1,2,84.87
1999,18 Nisan 1999,80,Osmaniye,MHP,80738,40.95,3,4,83.88
1999,18 Nisan 1999,80,Osmaniye,FP,26363,13.37,1,4,83.88
1995,24 Aralık 1995,1,Adana,RP,158680,16.74,4,17,80.23
1995,24 Aralık 1995,1,Adana,ANAP,157542,16.62,4,17,80.23
1995,24 Aralık 1995,1,Adana,DYP,165837,17.5,4,17,80.23
1995,24 Aralık 1995,1,Adana,DSP,178461,18.83,4,17,80.23
1995,24 Aralık 1995,1,Adana,CHP,74898,7.9,1,17,80.23
1995,24 Aralık 1995,2,Adıyaman,RP,64205,32.65,2,5,80.17
1995,24 Aralık 1995,2,Adıyaman,ANAP,29104,14.8,1,5,80.17
1995,24 Aralık 1995,2,Adıyaman,DYP,36641,18.63,1,5,80.17
1995,24 Aralık 1995,2,Adıyaman,CHP,21454,10.91,1,5,80.17
1995,24 Aralık 1995,3,Afyonkarahisar,RP,74918,22.29,2,7,86.53
1995,24 Aralık 1995,3,Afyonkarahisar,ANAP,61084,18.18,1,7,86.53
1995,24 Aralık 1995,3,Afyonkarahisar,DYP,94325,28.07,3,7,86.53
1995,24 Aralık 1995,3,Afyonkarahisar,DSP,30883,9.19,1,7,86.53
1995,24 Aralık 1995,4,Ağrı,RP,39489,30.78,3,5,74.91
1995,24 Aralık 1995,4,Ağrı,ANAP,23669,18.45,1,5,74.91
1995,24 Aralık 1995,4,Ağrı,DYP,17503,13.64,1,5,74.91
1995,24 Aralık 1995,5,Amasya,RP,43203,23.37,1,4,84.3
1995,24 Aralık 1995,5,Amasya,ANAP,31468,17.02,1,4,84.3
1995,24 Aralık 1995,5,Amasya,DYP,31459,17.02,1,4,84.3
1995,24 Aralık 1995,5,Amasya,CHP,32323,17.49,1,4,84.3
1995,24 Aralık 1995,6,Ankara,RP,385966,20.95,7,28,83.18
1995,24 Aralık 1995,6,Ankara,ANAP,399513,21.68,8,28,83.18
1995,24 Aralık 1995,6,Ankara,DYP,242135,13.14,4,28,83.18
1995,24 Aralık 1995,6,Ankara,DSP,261707,14.2,4,28,83.18
1995,24 Aralık 1995,6,Ankara,CHP,311701,16.92,5,28,83.18
1995,24 Aralık 1995,7,Antalya,RP,83363,13.34,1,10,83.79
1995,24 Aralık 1995,7,Antalya,ANAP,91881,14.7,2,10,83.79
1995,24 Aralık 1995,7,Antalya,DYP,166368,26.62,3,10,83.79
1995,24 Aralık 1995,7,Antalya,DSP,42702,6.83,1,10,83.79
1995,24 Aralık 1995,7,Antalya,CHP,145189,23.23,3,10,83.79
1995,24 Aralık 1995,8,Artvin,ANAP,29499,28.27,1,3,79.32
1995,24 Aralık 1995,8,Artvin,DYP,23687,22.7,1,3,79.32
1995,24 Aralık 1995,8,Artvin,CHP,16167,15.5,1,3,79.32
1995,24 Aralık 1995,9,Aydın,RP,40694,8.69,1,8,87.13
1995,24 Aralık 1995,9,Aydın,ANAP,105224,22.46,2,8,87.13
1995,24 Aralık 1995,9,Aydın,DYP,135591,28.94,3,8,87.13
1995,24 Aralık 1995,9,Aydın,DSP,75510,16.12,1,8,87.13
1995,24 Aralık 1995,9,Aydın,CHP,48533,10.36,1,8,87.13
1995,24 Aralık 1995,10,Balıkesir,RP,92662,15.01,1,9,88.09
1995,24 Aralık 1995,10,Balıkesir,ANAP,120509,19.52,2,9,88.09
1995,24 Aralık 1995,10,Balıkesir,DYP,178961,28.99,3,9,88.09
1995,24 Aralık 1995,10,Balıkesir,DSP,120864,19.58,2,9,88.09
1995,24 Aralık 1995,10,Balıkesir,CHP,57075,9.25,1,9,88.09
1995,24 Aralık 1995,11,Bilecik,DYP,33169,32.27,1,2,89.81
1995,24 Aralık 1995,11,Bilecik,DSP,17206,16.74,1,2,89.81
1995,24 Aralık 1995,12,Bingöl,RP,40062,51.72,3,3,75.07
1995,24 Aralık 1995,13,Bitlis,RP,23361,29.09,2,4,74.8
1995,24 Aralık 1995,13,Bitlis,ANAP,18638,23.21,1,4,74.8
1995,24 Aralık 1995,13,Bitlis,DYP,12190,15.18,1,4,74.8
1995,24 Aralık 1995,14,Bolu,RP,80319,26.59,2,6,87.62
1995,24 Aralık 1995,14,Bolu,ANAP,71398,23.64,2,6,87.62
1995,24 Aralık 1995,14,Bolu,DYP,54668,18.1,1,6,87.62
1995,24 Aralık 1995,14,Bolu,DSP,54234,17.96,1,6,87.62
1995,24 Aralık 1995,15,Burdur,ANAP,31259,21.68,1,3,88.8
1995,24 Aralık 1995,15,Burdur,DYP,38042,26.39,1,3,88.8
1995,24 Aralık 1995,15,Burdur,DSP,23634,16.39,1,3,88.8
1995,24 Aralık 1995,16,Bursa,RP,187077,18.82,3,14,85.72
1995,24 Aralık 1995,16,Bursa,ANAP,215920,21.72,3,14,85.72
1995,24 Aralık 1995,16,Bursa,DYP,244831,24.63,4,14,85.72
1995,24 Aralık 1995,16,Bursa,DSP,210010,21.13,3,14,85.72
1995,24 Aralık 1995,16,Bursa,CHP,58353,5.87,1,14,85.72
1995,24 Aralık 1995,17,Çanakkale,ANAP,57365,21.16,1,5,88.77
1995,24 Aralık 1995,17,Çanakkale,DYP,84641,31.22,2,5,88.77
1995,24 Aralık 1995,17,Çanakkale,DSP,49705,18.33,1,5,88.77
1995,24 Aralık 1995,17,Çanakkale,CHP,30383,11.21,1,5,88.77
1995,24 Aralık 1995,18,Çankırı,RP,27861,27.26,1,3,82.6
1995,24 Aralık 1995,18,Çankırı,ANAP,21983,21.51,1,3,82.6
1995,24 Aralık 1995,18,Çankırı,DYP,20134,19.7,1,3,82.6
1995,24 Aralık 1995,19,Çorum,RP,92056,30.52,3,6,85.75
1995,24 Aralık 1995,19,Çorum,ANAP,41041,13.6,1,6,85.75
1995,24 Aralık 1995,19,Çorum,DYP,47453,15.73,1,6,85.75
1995,24 Aralık 1995,19,Çorum,CHP,57987,19.22,1,6,85.75
1995,24 Aralık 1995,20,Denizli,RP,43257,10.37,1,7,87.93
1995,24 Aralık 1995,20,Denizli,ANAP,85053,20.39,1,7,87.93
1995,24 Aralık 1995,20,Denizli,DYP,127874,30.66,3,7,87.93
1995,24 Aralık 1995,20,Denizli,DSP,61070,14.64,1,7,87.93
1995,24 Aralık 1995,20,Denizli,CHP,55779,13.37,1,7,87.93
1995,24 Aralık 1995,21,Diyarbakır,RP,62049,18.86,5,10,73.08
1995,24 Aralık 1995,21,Diyarbakır,ANAP,45612,13.86,3,10,73.08
1995,24 Aralık 1995,21,Diyarbakır,DYP,35754,10.87,2,10,73.08
1995,24 Aralık 1995,22,Edirne,DYP,68602,28.96,2,4,87.97
1995,24 Aralık 1995,22,Edirne,DSP,80037,33.79,2,4,87.97
1995,24 Aralık 1995,23,Elazığ,RP,95948,41.95,3,5,79.1
1995,24 Aralık 1995,23,Elazığ,DYP,55121,24.1,2,5,79.1
1995,24 Aralık 1995,24,Erzincan,RP,33532,32.52,2,4,77.03
1995,24 Aralık 1995,24,Erzincan,CHP,27729,26.89,2,4,77.03
1995,24 Aralık 1995,25,Erzurum,RP,125882,38.81,5,8,77.87
1995,24 Aralık 1995,25,Erzurum,ANAP,49571,15.28,1,8,77.87
1995,24 Aralık 1995,25,Erzurum,DYP,50606,15.6,2,8,77.87
1995,24 Aralık 1995,26,Eskişehir,RP,56079,14.51,1,6,87.58
1995,24 Aralık 1995,26,Eskişehir,ANAP,61180,15.83,1,6,87.58
1995,24 Aralık 1995,26,Eskişehir,DYP,89508,23.17,2,6,87.58
1995,24 Aralık 1995,26,Eskişehir,DSP,96175,24.89,2,6,87.58
1995,24 Aralık 1995,27,Gaziantep,RP,100286,23.83,3,9,78.0
1995,24 Aralık 1995,27,Gaziantep,ANAP,71857,17.07,2,9,78.0
1995,24 Aralık 1995,27,Gaziantep,DYP,57678,13.7,1,9,78.0
1995,24 Aralık 1995,27,Gaziantep,DSP,68413,16.25,2,9,78.0
1995,24 Aralık 1995,27,Gaziantep,CHP,44108,10.48,1,9,78.0
1995,24 Aralık 1995,28,Giresun,RP,45338,21.29,1,5,80.98
1995,24 Aralık 1995,28,Giresun,ANAP,80307,37.71,3,5,80.98
1995,24 Aralık 1995,28,Giresun,DYP,30030,14.1,1,5,80.98
1995,24 Aralık 1995,29,Gümüşhane,RP,19808,32.17,1,2,75.16
1995,24 Aralık 1995,29,Gümüşhane,ANAP,15914,25.84,1,2,75.16
1995,24 Aralık 1995,30,Hakkari,ANAP,6311,12.28,1,2,81.01
1995,24 Aralık 1995,30,Hakkari,DYP,9805,19.08,1,2,81.01
1995,24 Aralık 1995,31,Hatay,RP,96355,18.53,2,10,83.3
1995,24 Aralık 1995,31,Hatay,ANAP,75863,14.59,2,10,83.3
1995,24 Aralık 1995,31,Hatay,DYP,99922,19.22,2,10,83.3
1995,24 Aralık 1995,31,Hatay,DSP,40312,7.75,1,10,83.3
1995,24 Aralık 1995,31,Hatay,CHP,114417,22.01,3,10,83.3
1995,24 Aralık 1995,32,Isparta,RP,32638,16.17,1,5,85.86
1995,24 Aralık 1995,32,Isparta,ANAP,27963,13.85,1,5,85.86
1995,24 Aralık 1995,32,Isparta,DYP,81707,40.47,3,5,85.86
1995,24 Aralık 1995,33,Mersin,RP,65563,10.71,2,12,80.48
1995,24 Aralık 1995,33,Mersin,ANAP,114442,18.69,3,12,80.48
1995,24 Aralık 1995,33,Mersin,DYP,108612,17.74,3,12,80.48
1995,24 Aralık 1995,33,Mersin,DSP,81504,13.31,2,12,80.48
1995,24 Aralık 1995,33,Mersin,CHP,88604,14.47,2,12,80.48
1995,24 Aralık 1995,34,İstanbul,RP,997935,23.97,16,61,78.47
1995,24 Aralık 1995,34,İstanbul,ANAP,916512,22.02,15,61,78.47
1995,24 Aralık 1995,34,İstanbul,DYP,641825,15.42,11,61,78.47
1995,24 Aralık 1995,34,İstanbul,DSP,764258,18.36,12,61,78.47
1995,24 Aralık 1995,34,İstanbul,CHP,485551,11.66,7,61,78.47
1995,24 Aralık 1995,35,İzmir,RP,134964,8.36,2,24,82.93
1995,24 Aralık 1995,35,İzmir,ANAP,302148,18.72,5,24,82.93
1995,24 Aralık 1995,35,İzmir,DYP,382411,23.69,7,24,82.93
1995,24 Aralık 1995,35,İzmir,DSP,391066,24.23,6,24,82.93
1995,24 Aralık 1995,35,İzmir,CHP,222264,13.77,4,24,82.93
1995,24 Aralık 1995,36,Kars,RP,23413,20.51,1,4,72.18
1995,24 Aralık 1995,36,Kars,ANAP,14129,12.38,1,4,72.18
1995,24 Aralık 1995,36,Kars,DYP,21104,18.49,1,4,72.18
1995,24 Aralık 1995,36,Kars,DSP,18721,16.4,1,4,72.18
1995,24 Aralık 1995,37,Kastamonu,RP,23548,10.98,1,5,82.54
1995,24 Aralık 1995,37,Kastamonu,ANAP,40903,19.07,1,5,82.54
1995,24 Aralık 1995,37,Kastamonu,DYP,59311,27.66,2,5,82.54
1995,24 Aralık 1995,37,Kastamonu,DSP,42322,19.73,1,5,82.54
1995,24 Aralık 1995,38,Kayseri,RP,149600,33.13,4,9,82.64
1995,24 Aralık 1995,38,Kayseri,ANAP,64757,14.34,2,9,82.64
1995,24 Aralık 1995,38,Kayseri,DYP,65927,14.6,2,9,82.64
1995,24 Aralık 1995,38,Kayseri,DSP,47776,10.58,1,9,82.64
1995,24 Aralık 1995,39,Kırklareli,ANAP,34584,19.05,1,4,87.57
1995,24 Aralık 1995,39,Kırklareli,DYP,46963,25.86,1,4,87.57
1995,24 Aralık 1995,39,Kırklareli,DSP,50709,27.93,1,4,87.57
1995,24 Aralık 1995,39,Kırklareli,CHP,25912,14.27,1,4,87.57
1995,24 Aralık 1995,40,Kırşehir,RP,21632,18.63,1,3,82.16
1995,24 Aralık 1995,40,Kırşehir,ANAP,24351,20.97,1,3,82.16
1995,24 Aralık 1995,40,Kırşehir,DYP,16901,14.55,1,3,82.16
1995,24 Aralık 1995,41,Kocaeli,RP,174390,31.78,3,9,82.5
1995,24 Aralık 1995,41,Kocaeli,ANAP,88161,16.06,2,9,82.5
1995,24 Aralık 1995,41,Kocaeli,DYP,74095,13.5,1,9,82.5
1995,24 Aralık 1995,41,Kocaeli,DSP,103131,18.79,2,9,82.5
1995,24 Aralık 1995,41,Kocaeli,CHP,57661,10.51,1,9,82.5
1995,24 Aralık 1995,42,Konya,RP,339278,41.86,9,16,85.41
1995,24 Aralık 1995,42,Konya,ANAP,108234,13.36,2,16,85.41
1995,24 Aralık 1995,42,Konya,DYP,116767,14.41,3,16,85.41
1995,24 Aralık 1995,42,Konya,DSP,68525,8.46,1,16,85.41
1995,24 Aralık 1995,42,Konya,CHP,47808,5.9,1,16,85.41
1995,24 Aralık 1995,43,Kütahya,RP,79713,24.61,2,6,89.45
1995,24 Aralık 1995,43,Kütahya,ANAP,71190,21.98,1,6,89.45
1995,24 Aralık 1995,43,Kütahya,DYP,79154,24.44,2,6,89.45
1995,24 Aralık 1995,43,Kütahya,DSP,37922,11.71,1,6,89.45
1995,24 Aralık 1995,44,Malatya,RP,107218,37.28,4,7,77.13
1995,24 Aralık 1995,44,Malatya,ANAP,66262,23.04,2,7,77.13
1995,24 Aralık 1995,44,Malatya,CHP,40252,14.0,1,7,77.13
1995,24 Aralık 1995,45,Manisa,RP,88159,13.19,1,11,89.09
1995,24 Aralık 1995,45,Manisa,ANAP,132489,19.82,3,11,89.09
1995,24 Aralık 1995,45,Manisa,DYP,179108,26.79,4,11,89.09
1995,24 Aralık 1995,45,Manisa,DSP,120571,18.04,2,11,89.09
1995,24 Aralık 1995,45,Manisa,CHP,66052,9.88,1,11,89.09
1995,24 Aralık 1995,46,Kahramanmaraş,RP,134331,36.93,4,8,80.56
1995,24 Aralık 1995,46,Kahramanmaraş,ANAP,72368,19.9,2,8,80.56
1995,24 Aralık 1995,46,Kahramanmaraş,DYP,60434,16.61,1,8,80.56
1995,24 Aralık 1995,46,Kahramanmaraş,CHP,33813,9.3,1,8,80.56
1995,24 Aralık 1995,47,Mardin,RP,33970,20.09,2,6,76.94
1995,24 Aralık 1995,47,Mardin,ANAP,37784,22.34,2,6,76.94
1995,24 Aralık 1995,47,Mardin,DYP,33475,19.79,2,6,76.94
1995,24 Aralık 1995,48,Muğla,ANAP,71778,21.04,1,6,88.51
1995,24 Aralık 1995,48,Muğla,DYP,120951,35.45,3,6,88.51
1995,24 Aralık 1995,48,Muğla,DSP,45810,13.43,1,6,88.51
1995,24 Aralık 1995,48,Muğla,CHP,48505,14.22,1,6,88.51
1995,24 Aralık 1995,49,Muş,RP,32754,29.78,2,4,77.94
1995,24 Aralık 1995,49,Muş,ANAP,18167,16.52,1,4,77.94
1995,24 Aralık 1995,49,Muş,DYP,12317,11.2,1,4,77.94
1995,24 Aralık 1995,50,Nevşehir,RP,39132,28.44,1,3,83.81
1995,24 Aralık 1995,50,Nevşehir,ANAP,25798,18.75,1,3,83.81
1995,24 Aralık 1995,50,Nevşehir,DYP,22873,16.62,1,3,83.81
1995,24 Aralık 1995,51,Niğde,RP,31679,22.64,1,4,78.34
1995,24 Aralık 1995,51,Niğde,ANAP,18328,13.1,1,4,78.34
1995,24 Aralık 1995,51,Niğde,DYP,33387,23.86,2,4,78.34
1995,24 Aralık 1995,52,Ordu,RP,60253,17.93,2,8,78.16
1995,24 Aralık 1995,52,Ordu,ANAP,100929,30.03,3,8,78.16
1995,24 Aralık 1995,52,Ordu,DYP,43346,12.9,1,8,78.16
1995,24 Aralık 1995,52,Ordu,DSP,71575,21.3,2,8,78.16
1995,24 Aralık 1995,53,Rize,RP,38929,23.94,1,4,76.22
1995,24 Aralık 1995,53,Rize,ANAP,88839,54.64,3,4,76.22
1995,24 Aralık 1995,54,Sakarya,RP,110867,28.34,2,7,85.64
1995,24 Aralık 1995,54,Sakarya,ANAP,97195,24.84,2,7,85.64
1995,24 Aralık 1995,54,Sakarya,DYP,76604,19.58,2,7,85.64
1995,24 Aralık 1995,54,Sakarya,DSP,54301,13.88,1,7,85.64
1995,24 Aralık 1995,55,Samsun,RP,130717,22.23,3,11,82.43
1995,24 Aralık 1995,55,Samsun,ANAP,132284,22.49,3,11,82.43
1995,24 Aralık 1995,55,Samsun,DYP,113589,19.31,2,11,82.43
1995,24 Aralık 1995,55,Samsun,DSP,104797,17.82,2,11,82.43
1995,24 Aralık 1995,55,Samsun,CHP,46399,7.89,1,11,82.43
1995,24 Aralık 1995,56,Siirt,RP,19706,28.05,2,3,74.2
1995,24 Aralık 1995,56,Siirt,ANAP,10034,14.28,1,3,74.2
1995,24 Aralık 1995,57,Sinop,ANAP,25723,21.38,1,3,81.21
1995,24 Aralık 1995,57,Sinop,DYP,23313,19.37,1,3,81.21
1995,24 Aralık 1995,57,Sinop,DSP,23025,19.13,1,3,81.21
1995,24 Aralık 1995,58,Sivas,RP,118437,39.39,3,7,79.16
1995,24 Aralık 1995,58,Sivas,ANAP,70648,23.49,2,7,79.16
1995,24 Aralık 1995,58,Sivas,DYP,31972,10.63,1,7,79.16
1995,24 Aralık 1995,58,Sivas,CHP,42866,14.26,1,7,79.16
1995,24 Aralık 1995,59,Tekirdağ,ANAP,54951,19.36,1,5,87.26
1995,24 Aralık 1995,59,Tekirdağ,DYP,70802,24.94,2,5,87.26
1995,24 Aralık 1995,59,Tekirdağ,DSP,94797,33.39,2,5,87.26
1995,24 Aralık 1995,60,Tokat,RP,96278,30.81,3,7,81.86
1995,24 Aralık 1995,60,Tokat,ANAP,49821,15.94,2,7,81.86
1995,24 Aralık 1995,60,Tokat,DYP,48605,15.55,1,7,81.86
1995,24 Aralık 1995,60,Tokat,CHP,49796,15.93,1,7,81.86
1995,24 Aralık 1995,61,Trabzon,RP,93894,26.35,3,8,80.03
1995,24 Aralık 1995,61,Trabzon,ANAP,119306,33.48,3,8,80.03
1995,24 Aralık 1995,61,Trabzon,DYP,45603,12.8,1,8,80.03
1995,24 Aralık 1995,61,Trabzon,DSP,39659,11.13,1,8,80.03
1995,24 Aralık 1995,62,Tunceli,DYP,6048,16.82,1,2,66.97
1995,24 Aralık 1995,62,Tunceli,CHP,8434,23.46,1,2,66.97
1995,24 Aralık 1995,63,Şanlıurfa,RP,92095,26.26,4,9,78.83
1995,24 Aralık 1995,63,Şanlıurfa,ANAP,60090,17.14,2,9,78.83
1995,24 Aralık 1995,63,Şanlıurfa,DYP,88071,25.12,3,9,78.83
1995,24 Aralık 1995,64,Uşak,ANAP,27886,16.8,1,3,88.39
1995,24 Aralık 1995,64,Uşak,DYP,33967,20.46,1,3,88.39
1995,24 Aralık 1995,64,Uşak,DSP,39801,23.97,1,3,88.39
1995,24 Aralık 1995,65,Van,RP,51755,23.36,3,6,78.27
1995,24 Aralık 1995,65,Van,ANAP,36173,16.32,2,6,78.27
1995,24 Aralık 1995,65,Van,DYP,21662,9.78,1,6,78.27
1995,24 Aralık 1995,66,Yozgat,RP,86528,36.12,3,6,83.18
1995,24 Aralık 1995,66,Yozgat,ANAP,52839,22.06,2,6,83.18
1995,24 Aralık 1995,66,Yozgat,DYP,26437,11.04,1,6,83.18
1995,24 Aralık 1995,67,Zonguldak,RP,49885,14.33,1,6,84.43
1995,24 Aralık 1995,67,Zonguldak,ANAP,60612,17.41,1,6,84.43
1995,24 Aralık 1995,67,Zonguldak,DYP,58135,16.7,1,6,84.43
1995,24 Aralık 1995,67,Zonguldak,DSP,134811,38.72,3,6,84.43
1995,24 Aralık 1995,68,Aksaray,RP,42686,29.72,2,4,81.75
1995,24 Aralık 1995,68,Aksaray,ANAP,26010,18.11,1,4,81.75
1995,24 Aralık 1995,68,Aksaray,DYP,26679,18.57,1,4,81.75
1995,24 Aralık 1995,69,Bayburt,RP,14341,38.62,1,2,75.61
1995,24 Aralık 1995,69,Bayburt,ANAP,10494,28.26,1,2,75.61
1995,24 Aralık 1995,70,Karaman,RP,35369,33.53,2,3,89.43
1995,24 Aralık 1995,70,Karaman,DSP,17665,16.74,1,3,89.43
1995,24 Aralık 1995,71,Kırıkkale,RP,45485,30.25,2,4,83.61
1995,24 Aralık 1995,71,Kırıkkale,ANAP,33677,22.4,1,4,83.61
1995,24 Aralık 1995,71,Kırıkkale,DYP,19416,12.91,1,4,83.61
1995,24 Aralık 1995,72,Batman,RP,30432,25.84,2,4,80.52
1995,24 Aralık 1995,72,Batman,ANAP,18266,15.51,1,4,80.52
1995,24 Aralık 1995,72,Batman,DYP,16939,14.39,1,4,80.52
1995,24 Aralık 1995,73,Şırnak,ANAP,9175,13.9,1,3,72.12
1995,24 Aralık 1995,73,Şırnak,DYP,19399,29.4,2,3,72.12
1995,24 Aralık 1995,74,Bartın,ANAP,21757,19.65,1,3,86.1
1995,24 Aralık 1995,74,Bartın,DYP,24059,21.72,1,3,86.1
1995,24 Aralık 1995,74,Bartın,DSP,36875,33.3,1,3,86.1
1995,24 Aralık 1995,75,Ardahan,DYP,15549,26.93,1,2,71.54
1995,24 Aralık 1995,75,Ardahan,CHP,10032,17.38,1,2,71.54
1995,24 Aralık 1995,76,Iğdır,DYP,9922,19.84,1,2,76.28
1995,24 Aralık 1995,76,Iğdır,DSP,7134,14.26,1,2,76.28
1995,24 Aralık 1995,77,Yalova,ANAP,19634,24.53,1,2,80.2
1995,24 Aralık 1995,77,Yalova,DYP,18488,23.1,1,2,80.2
1995,24 Aralık 1995,78,Karabük,RP,27834,21.96,1,3,83.62
1995,24 Aralık 1995,78,Karabük,DYP,31686,24.99,1,3,83.62
1995,24 Aralık 1995,78,Karabük,DSP,22802,17.99,1,3,83.62
1995,24 Aralık 1995,79,Kilis,RP,12248,25.8,1,2,85.04
1995,24 Aralık 1995,79,Kilis,DYP,17716,37.33,1,2,85.04
1991,20 Ekim 1991,1,Adana,DYP,239377,30.02,10,14,78.48
1991,20 Ekim 1991,1,Adana,ANAP,169175,21.22,1,14,78.48
1991,20 Ekim 1991,1,Adana,SHP,176264,22.11,3,14,78.48
1991,20 Ekim 1991,2,Adıyaman,SHP,46632,27.24,4,4,77.82
1991,20 Ekim 1991,3,Afyonkarahisar,DYP,110757,36.19,4,6,85.38
1991,20 Ekim 1991,3,Afyonkarahisar,ANAP,67635,22.1,2,6,85.38
1991,20 Ekim 1991,4,Ağrı,DYP,34618,28.24,2,4,73.2
1991,20 Ekim 1991,4,Ağrı,ANAP,32650,26.63,2,4,73.2
1991,20 Ekim 1991,5,Amasya,SHP,45247,26.16,3,3,82.94
1991,20 Ekim 1991,6,Ankara,DYP,369249,23.29,7,23,85.21
1991,20 Ekim 1991,6,Ankara,ANAP,375117,23.66,7,23,85.21
1991,20 Ekim 1991,6,Ankara,SHP,391322,24.68,7,23,85.21
1991,20 Ekim 1991,6,Ankara,RP,280027,17.66,2,23,85.21
1991,20 Ekim 1991,7,Antalya,DYP,216096,43.34,6,9,84.83
1991,20 Ekim 1991,7,Antalya,ANAP,100431,20.14,1,9,84.83
1991,20 Ekim 1991,7,Antalya,SHP,115693,23.2,2,9,84.83
1991,20 Ekim 1991,8,Artvin,DYP,33124,31.42,1,2,77.42
1991,20 Ekim 1991,8,Artvin,ANAP,29188,27.68,1,2,77.42
1991,20 Ekim 1991,9,Aydın,DYP,141268,33.85,4,6,86.21
1991,20 Ekim 1991,9,Aydın,ANAP,124065,29.73,2,6,86.21
1991,20 Ekim 1991,10,Balıkesir,DYP,193627,34.74,7,7,87.17
1991,20 Ekim 1991,11,Bilecik,DYP,31027,33.05,1,2,89.07
1991,20 Ekim 1991,11,Bilecik,ANAP,24317,25.9,1,2,89.07
1991,20 Ekim 1991,12,Bingöl,DYP,22148,27.68,1,3,79.82
1991,20 Ekim 1991,12,Bingöl,RP,28041,35.04,2,3,79.82
1991,20 Ekim 1991,13,Bitlis,ANAP,25699,31.28,2,3,80.47
1991,20 Ekim 1991,13,Bitlis,RP,23988,29.2,1,3,80.47
1991,20 Ekim 1991,14,Bolu,DYP,90314,32.56,3,5,93.05
1991,20 Ekim 1991,14,Bolu,ANAP,78550,28.32,2,5,93.05
1991,20 Ekim 1991,15,Burdur,DYP,52001,38.89,3,3,87.49
1991,20 Ekim 1991,16,Bursa,DYP,254366,31.28,8,12,86.65
1991,20 Ekim 1991,16,Bursa,ANAP,226286,27.83,4,12,86.65
1991,20 Ekim 1991,17,Çanakkale,DYP,86951,34.27,4,4,88.58
1991,20 Ekim 1991,18,Çankırı,DYP,35390,32.53,1,3,90.16
1991,20 Ekim 1991,18,Çankırı,ANAP,27493,25.27,1,3,90.16
1991,20 Ekim 1991,18,Çankırı,RP,31886,29.31,1,3,90.16
1991,20 Ekim 1991,19,Çorum,DYP,61525,21.89,1,5,91.27
1991,20 Ekim 1991,19,Çorum,ANAP,56415,20.08,1,5,91.27
1991,20 Ekim 1991,19,Çorum,SHP,65186,23.2,1,5,91.27
1991,20 Ekim 1991,19,Çorum,RP,78628,27.98,2,5,91.27
1991,20 Ekim 1991,20,Denizli,DYP,127283,35.43,3,6,85.77
1991,20 Ekim 1991,20,Denizli,ANAP,87712,24.42,2,6,85.77
1991,20 Ekim 1991,20,Denizli,SHP,76474,21.29,1,6,85.77
1991,20 Ekim 1991,21,Diyarbakır,DYP,60053,20.01,1,8,73.83
1991,20 Ekim 1991,21,Diyarbakır,SHP,149955,49.97,7,8,73.83
1991,20 Ekim 1991,22,Edirne,DYP,68544,31.14,2,4,87.31
1991,20 Ekim 1991,22,Edirne,DSP,55904,25.4,2,4,87.31
1991,20 Ekim 1991,23,Elazığ,DYP,68275,33.76,2,4,78.21
1991,20 Ekim 1991,23,Elazığ,RP,59271,29.31,2,4,78.21
1991,20 Ekim 1991,24,Erzincan,ANAP,31804,28.88,1,3,75.18
1991,20 Ekim 1991,24,Erzincan,SHP,36744,33.36,2,3,75.18
1991,20 Ekim 1991,25,Erzurum,DYP,94295,30.22,2,7,75.55
1991,20 Ekim 1991,25,Erzurum,RP,115794,37.11,5,7,75.55
1991,20 Ekim 1991,26,Eskişehir,DYP,117415,34.14,3,5,86.08
1991,20 Ekim 1991,26,Eskişehir,ANAP,77894,22.65,2,5,86.08
1991,20 Ekim 1991,27,Gaziantep,DYP,110579,27.53,4,9,78.35
1991,20 Ekim 1991,27,Gaziantep,SHP,112777,28.08,5,9,78.35
1991,20 Ekim 1991,28,Giresun,ANAP,77024,36.4,4,4,78.78
1991,20 Ekim 1991,29,Gümüşhane,ANAP,18091,28.69,1,2,73.24
1991,20 Ekim 1991,29,Gümüşhane,RP,19210,30.46,1,2,73.24
1991,20 Ekim 1991,30,Hakkari,DYP,14329,29.66,1,2,83.37
1991,20 Ekim 1991,30,Hakkari,ANAP,20813,43.09,1,2,83.37
1991,20 Ekim 1991,31,Hatay,DYP,126148,28.46,3,8,81.74
1991,20 Ekim 1991,31,Hatay,SHP,142246,32.09,5,8,81.74
1991,20 Ekim 1991,32,Isparta,DYP,116115,62.72,4,4,85.02
1991,20 Ekim 1991,33,Mersin,DYP,163062,31.86,4,9,81.43
1991,20 Ekim 1991,33,Mersin,ANAP,122824,24.0,2,9,81.43
1991,20 Ekim 1991,33,Mersin,SHP,144160,28.17,3,9,81.43
1991,20 Ekim 1991,34,İstanbul,DYP,607188,18.86,5,50,75.52
1991,20 Ekim 1991,34,İstanbul,ANAP,887986,27.58,33,50,75.52
1991,20 Ekim 1991,34,İstanbul,SHP,607955,18.88,5,50,75.52
1991,20 Ekim 1991,34,İstanbul,RP,539573,16.76,4,50,75.52
1991,20 Ekim 1991,34,İstanbul,DSP,568738,17.66,3,50,75.52
1991,20 Ekim 1991,35,İzmir,DYP,370965,27.63,7,19,82.28
1991,20 Ekim 1991,35,İzmir,ANAP,344047,25.63,8,19,82.28
1991,20 Ekim 1991,35,İzmir,SHP,329476,24.54,4,19,82.28
1991,20 Ekim 1991,36,Kars,DYP,62553,27.01,2,5,69.34
1991,20 Ekim 1991,36,Kars,SHP,72215,31.18,3,5,69.34
1991,20 Ekim 1991,37,Kastamonu,DYP,78100,36.26,2,4,80.74
1991,20 Ekim 1991,37,Kastamonu,ANAP,55893,25.95,2,4,80.74
1991,20 Ekim 1991,38,Kayseri,RP,123616,31.64,7,7,80.52
1991,20 Ekim 1991,39,Kırklareli,DYP,45791,27.16,1,3,86.63
1991,20 Ekim 1991,39,Kırklareli,ANAP,43149,25.59,1,3,86.63
1991,20 Ekim 1991,39,Kırklareli,SHP,44835,26.59,1,3,86.63
1991,20 Ekim 1991,40,Kırşehir,SHP,33188,30.98,3,3,86.09
1991,20 Ekim 1991,41,Kocaeli,DYP,111980,25.6,5,7,80.46
1991,20 Ekim 1991,41,Kocaeli,ANAP,86046,19.67,1,7,80.46
1991,20 Ekim 1991,41,Kocaeli,RP,96910,22.15,1,7,80.46
1991,20 Ekim 1991,42,Konya,DYP,188139,26.63,6,13,87.94
1991,20 Ekim 1991,42,Konya,ANAP,137521,19.46,1,13,87.94
1991,20 Ekim 1991,42,Konya,RP,233812,33.09,6,13,87.94
1991,20 Ekim 1991,43,Kütahya,DYP,103728,35.3,2,5,87.42
1991,20 Ekim 1991,43,Kütahya,ANAP,73783,25.11,2,5,87.42
1991,20 Ekim 1991,43,Kütahya,RP,59507,20.25,1,5,87.42
1991,20 Ekim 1991,44,Malatya,ANAP,109169,41.19,4,6,76.82
1991,20 Ekim 1991,44,Malatya,SHP,69520,26.23,1,6,76.82
1991,20 Ekim 1991,44,Malatya,RP,60431,22.8,1,6,76.82
1991,20 Ekim 1991,45,Manisa,DYP,222953,37.38,7,9,89.39
1991,20 Ekim 1991,45,Manisa,ANAP,138178,23.17,2,9,89.39
1991,20 Ekim 1991,46,Kahramanmaraş,DYP,82684,25.82,1,7,78.79
1991,20 Ekim 1991,46,Kahramanmaraş,RP,110637,34.54,6,7,78.79
1991,20 Ekim 1991,47,Mardin,SHP,92904,53.98,5,5,79.2
1991,20 Ekim 1991,48,Muğla,DYP,116797,39.58,3,5,86.17
1991,20 Ekim 1991,48,Muğla,ANAP,75960,25.74,1,5,86.17
1991,20 Ekim 1991,48,Muğla,SHP,70935,24.04,1,5,86.17
1991,20 Ekim 1991,49,Muş,SHP,46333,41.92,3,3,79.63
1991,20 Ekim 1991,50,Nevşehir,DYP,36142,28.55,2,3,88.61
1991,20 Ekim 1991,50,Nevşehir,RP,33541,26.5,1,3,88.61
1991,20 Ekim 1991,51,Niğde,DYP,34653,28.23,3,3,87.37
1991,20 Ekim 1991,52,Ordu,DYP,65643,21.12,2,6,77.91
1991,20 Ekim 1991,52,Ordu,ANAP,97673,31.42,4,6,77.91
1991,20 Ekim 1991,53,Rize,ANAP,81063,47.64,3,3,73.87
1991,20 Ekim 1991,54,Sakarya,DYP,95728,28.09,3,6,83.43
1991,20 Ekim 1991,54,Sakarya,ANAP,88244,25.9,2,6,83.43
1991,20 Ekim 1991,54,Sakarya,RP,79380,23.3,1,6,83.43
1991,20 Ekim 1991,55,Samsun,DYP,176786,33.32,7,9,81.02
1991,20 Ekim 1991,55,Samsun,ANAP,116655,21.98,2,9,81.02
1991,20 Ekim 1991,56,Siirt,SHP,28894,39.66,3,3,77.66
1991,20 Ekim 1991,57,Sinop,DYP,31900,26.83,3,3,76.97
1991,20 Ekim 1991,58,Sivas,SHP,67709,23.03,2,6,75.29
1991,20 Ekim 1991,58,Sivas,RP,112865,38.39,4,6,75.29
1991,20 Ekim 1991,59,Tekirdağ,DYP,72785,30.65,4,4,86.73
1991,20 Ekim 1991,60,Tokat,DYP,64522,21.73,1,6,80.3
1991,20 Ekim 1991,60,Tokat,SHP,69513,23.41,2,6,80.3
1991,20 Ekim 1991,60,Tokat,RP,85929,28.94,3,6,80.3
1991,20 Ekim 1991,61,Trabzon,DYP,70448,21.04,1,6,77.59
1991,20 Ekim 1991,61,Trabzon,ANAP,105682,31.56,3,6,77.59
1991,20 Ekim 1991,61,Trabzon,RP,74623,22.29,2,6,77.59
1991,20 Ekim 1991,62,Tunceli,SHP,28222,58.01,2,2,71.6
1991,20 Ekim 1991,63,Şanlıurfa,DYP,89984,31.4,5,8,78.16
1991,20 Ekim 1991,63,Şanlıurfa,ANAP,76270,26.62,2,8,78.16
1991,20 Ekim 1991,63,Şanlıurfa,RP,52953,18.48,1,8,78.16
1991,20 Ekim 1991,64,Uşak,SHP,40846,28.03,3,3,86.49
1991,20 Ekim 1991,65,Van,DYP,50793,26.57,2,5,82.18
1991,20 Ekim 1991,65,Van,ANAP,50305,26.31,1,5,82.18
1991,20 Ekim 1991,65,Van,SHP,42694,22.33,1,5,82.18
1991,20 Ekim 1991,65,Van,RP,43098,22.54,1,5,82.18
1991,20 Ekim 1991,66,Yozgat,ANAP,49700,22.99,2,5,90.31
1991,20 Ekim 1991,66,Yozgat,RP,85527,39.56,3,5,90.31
1991,20 Ekim 1991,67,Zonguldak,DYP,127205,30.12,6,7,83.02
1991,20 Ekim 1991,67,Zonguldak,DSP,101746,24.09,1,7,83.02
1991,20 Ekim 1991,68,Aksaray,DYP,33990,27.82,2,3,86.24
1991,20 Ekim 1991,68,Aksaray,RP,32954,26.97,1,3,86.24
1991,20 Ekim 1991,69,Bayburt,ANAP,11601,31.79,1,2,68.79
1991,20 Ekim 1991,69,Bayburt,RP,14823,40.62,1,2,68.79
1991,20 Ekim 1991,70,Karaman,RP,27935,29.76,2,2,90.32
1991,20 Ekim 1991,71,Kırıkkale,DYP,37004,26.79,3,3,86.47
1991,20 Ekim 1991,72,Batman,SHP,53523,52.84,3,3,81.26
1991,20 Ekim 1991,73,Şırnak,SHP,41297,61.34,3,3,77.79
1991,20 Ekim 1991,74,Bartın,DYP,37391,37.0,1,2,85.79
1991,20 Ekim 1991,74,Bartın,DSP,25364,25.1,1,2,85.79
1987,29 Kasım 1987,1,Adana,ANAP,264776,33.89,7,14,
1987,29 Kasım 1987,1,Adana,SHP,210436,26.94,4,14,
1987,29 Kasım 1987,1,Adana,DYP,149868,19.18,3,14,
1987,29 Kasım 1987,2,Adıyaman,ANAP,51771,32.89,4,4,
1987,29 Kasım 1987,3,Afyonkarahisar,ANAP,114818,37.44,4,6,
1987,29 Kasım 1987,3,Afyonkarahisar,DYP,77516,25.28,2,6,
1987,29 Kasım 1987,4,Ağrı,ANAP,46803,36.66,4,4,
1987,29 Kasım 1987,5,Amasya,ANAP,58507,33.2,2,4,
1987,29 Kasım 1987,5,Amasya,SHP,50045,28.4,2,4,
1987,29 Kasım 1987,6,Ankara,ANAP,651916,39.64,16,26,
1987,29 Kasım 1987,6,Ankara,SHP,486432,29.58,10,26,
1987,29 Kasım 1987,7,Antalya,ANAP,151273,32.5,3,8,
1987,29 Kasım 1987,7,Antalya,SHP,115928,24.9,1,8,
1987,29 Kasım 1987,7,Antalya,DYP,151180,32.48,4,8,
1987,29 Kasım 1987,8,Artvin,ANAP,32249,28.92,1,3,
1987,29 Kasım 1987,8,Artvin,SHP,34396,30.85,1,3,
1987,29 Kasım 1987,8,Artvin,DYP,31517,28.26,1,3,
1987,29 Kasım 1987,9,Aydın,ANAP,167246,41.15,6,7,
1987,29 Kasım 1987,9,Aydın,SHP,102602,25.24,1,7,
1987,29 Kasım 1987,10,Balıkesir,ANAP,206937,37.72,6,8,
1987,29 Kasım 1987,10,Balıkesir,SHP,130903,23.86,1,8,
1987,29 Kasım 1987,10,Balıkesir,DYP,125953,22.96,1,8,
1987,29 Kasım 1987,11,Bilecik,ANAP,37294,40.59,1,2,
1987,29 Kasım 1987,11,Bilecik,SHP,24733,26.92,1,2,
1987,29 Kasım 1987,12,Bingöl,ANAP,21835,28.44,1,3,
1987,29 Kasım 1987,12,Bingöl,SHP,11625,15.14,1,3,
1987,29 Kasım 1987,12,Bingöl,DYP,22753,29.63,1,3,
1987,29 Kasım 1987,13,Bitlis,ANAP,35822,43.78,3,3,
1987,29 Kasım 1987,14,Bolu,ANAP,127895,47.2,4,5,
1987,29 Kasım 1987,14,Bolu,DYP,54450,20.09,1,5,
1987,29 Kasım 1987,15,Burdur,ANAP,56083,41.32,3,3,
1987,29 Kasım 1987,16,Bursa,ANAP,282998,36.83,7,11,
1987,29 Kasım 1987,16,Bursa,SHP,148504,19.32,1,11,
1987,29 Kasım 1987,16,Bursa,DYP,200149,26.04,3,11,
1987,29 Kasım 1987,17,Çanakkale,ANAP,101454,40.52,4,4,
1987,29 Kasım 1987,18,Çankırı,ANAP,51052,44.0,3,3,
1987,29 Kasım 1987,19,Çorum,ANAP,110838,39.0,4,6,
1987,29 Kasım 1987,19,Çorum,SHP,68538,24.12,2,6,
1987,29 Kasım 1987,20,Denizli,ANAP,125017,35.15,3,6,
1987,29 Kasım 1987,20,Denizli,SHP,95114,26.74,2,6,
1987,29 Kasım 1987,20,Denizli,DYP,85715,24.1,1,6,
1987,29 Kasım 1987,21,Diyarbakır,ANAP,68333,22.93,3,8,
1987,29 Kasım 1987,21,Diyarbakır,SHP,76074,25.53,4,8,
1987,29 Kasım 1987,21,Diyarbakır,DYP,39597,13.29,1,8,
1987,29 Kasım 1987,22,Edirne,ANAP,57053,26.09,2,4,
1987,29 Kasım 1987,22,Edirne,SHP,63429,29.01,2,4,
1987,29 Kasım 1987,23,Elazığ,ANAP,47434,23.58,2,5,
1987,29 Kasım 1987,23,Elazığ,DYP,62670,31.15,3,5,
1987,29 Kasım 1987,24,Erzincan,ANAP,45817,39.59,2,3,
1987,29 Kasım 1987,24,Erzincan,SHP,38882,33.6,1,3,
1987,29 Kasım 1987,25,Erzurum,ANAP,135219,40.93,6,7,
1987,29 Kasım 1987,25,Erzurum,DYP,86132,26.07,1,7,
1987,29 Kasım 1987,26,Eskişehir,ANAP,141597,41.44,3,5,
1987,29 Kasım 1987,26,Eskişehir,SHP,94419,27.63,2,5,
1987,29 Kasım 1987,27,Gaziantep,ANAP,147244,36.42,6,8,
1987,29 Kasım 1987,27,Gaziantep,SHP,125853,31.13,2,8,
1987,29 Kasım 1987,28,Giresun,ANAP,89843,42.17,3,5,
1987,29 Kasım 1987,28,Giresun,SHP,47169,22.14,2,5,
1987,29 Kasım 1987,29,Gümüşhane,ANAP,50830,48.66,3,3,
1987,29 Kasım 1987,30,Hakkari,ANAP,20755,35.95,1,2,
1987,29 Kasım 1987,30,Hakkari,SHP,18161,31.46,1,2,
1987,29 Kasım 1987,31,Hatay,ANAP,131832,30.76,3,9,
1987,29 Kasım 1987,31,Hatay,SHP,140073,32.68,5,9,
1987,29 Kasım 1987,31,Hatay,DYP,86113,20.09,1,9,
1987,29 Kasım 1987,32,Isparta,DYP,110946,60.24,4,4,
1987,29 Kasım 1987,33,Mersin,ANAP,179786,35.96,5,9,
1987,29 Kasım 1987,33,Mersin,SHP,169473,33.89,4,9,
1987,29 Kasım 1987,34,İstanbul,ANAP,1235123,39.7,31,45,
1987,29 Kasım 1987,34,İstanbul,SHP,928459,29.84,14,45,
1987,29 Kasım 1987,35,İzmir,ANAP,472308,35.8,8,19,
1987,29 Kasım 1987,35,İzmir,SHP,469367,35.57,10,19,
1987,29 Kasım 1987,35,İzmir,DYP,206556,15.66,1,19,
1987,29 Kasım 1987,46,Kahramanmaraş,ANAP,91362,29.46,4,7,
1987,29 Kasım 1987,46,Kahramanmaraş,SHP,62491,20.15,1,7,
1987,29 Kasım 1987,46,Kahramanmaraş,DYP,70072,22.6,2,7,
1987,29 Kasım 1987,36,Kars,ANAP,92294,36.87,4,6,
1987,29 Kasım 1987,36,Kars,SHP,85706,34.23,2,6,
1987,29 Kasım 1987,37,Kastamonu,ANAP,85060,36.96,4,4,
1987,29 Kasım 1987,38,Kayseri,ANAP,177110,44.67,8,8,
1987,29 Kasım 1987,39,Kırklareli,ANAP,56175,33.41,1,3,
1987,29 Kasım 1987,39,Kırklareli,SHP,59999,35.68,2,3,
1987,29 Kasım 1987,40,Kırşehir,ANAP,46589,41.4,3,3,
1987,29 Kasım 1987,41,Kocaeli,ANAP,109007,27.11,2,7,
1987,29 Kasım 1987,41,Kocaeli,SHP,110892,27.58,4,7,
1987,29 Kasım 1987,41,Kocaeli,DYP,80582,20.04,1,7,
1987,29 Kasım 1987,42,Konya,ANAP,307075,38.4,12,14,
1987,29 Kasım 1987,42,Konya,DYP,136721,17.1,2,14,
1987,29 Kasım 1987,43,Kütahya,ANAP,104541,36.15,3,5,
1987,29 Kasım 1987,43,Kütahya,DYP,78033,26.99,2,5,
1987,29 Kasım 1987,44,Malatya,ANAP,159540,58.63,5,6,
1987,29 Kasım 1987,44,Malatya,SHP,67700,24.88,1,6,
1987,29 Kasım 1987,45,Manisa,ANAP,193557,33.4,4,9,
1987,29 Kasım 1987,45,Manisa,SHP,136590,23.57,2,9,
1987,29 Kasım 1987,45,Manisa,DYP,162365,28.01,3,9,
1987,29 Kasım 1987,47,Mardin,ANAP,59043,27.84,3,6,
1987,29 Kasım 1987,47,Mardin,SHP,58750,27.7,2,6,
1987,29 Kasım 1987,47,Mardin,DYP,45120,21.28,1,6,
1987,29 Kasım 1987,48,Muğla,ANAP,93948,33.66,2,5,
1987,29 Kasım 1987,48,Muğla,SHP,82273,29.48,2,5,
1987,29 Kasım 1987,48,Muğla,DYP,71937,25.78,1,5,
1987,29 Kasım 1987,49,Muş,ANAP,35905,34.14,4,4,
1987,29 Kasım 1987,50,Nevşehir,ANAP,43118,33.16,1,3,
1987,29 Kasım 1987,50,Nevşehir,SHP,27001,20.76,1,3,
1987,29 Kasım 1987,50,Nevşehir,DYP,29655,22.8,1,3,
1987,29 Kasım 1987,51,Niğde,ANAP,86124,36.78,3,5,
1987,29 Kasım 1987,51,Niğde,DYP,51039,21.8,2,5,
1987,29 Kasım 1987,52,Ordu,ANAP,127175,39.79,7,7,
1987,29 Kasım 1987,53,Rize,ANAP,51616,30.97,4,4,
1987,29 Kasım 1987,54,Sakarya,ANAP,111400,34.58,4,6,
1987,29 Kasım 1987,54,Sakarya,DYP,86136,26.73,2,6,
1987,29 Kasım 1987,55,Samsun,ANAP,162823,30.72,4,9,
1987,29 Kasım 1987,55,Samsun,DYP,163137,30.78,5,9,
1987,29 Kasım 1987,56,Siirt,ANAP,45132,27.9,3,5,
1987,29 Kasım 1987,56,Siirt,DYP,37017,22.88,2,5,
1987,29 Kasım 1987,57,Sinop,ANAP,39187,30.06,1,3,
1987,29 Kasım 1987,57,Sinop,SHP,28924,22.19,1,3,
1987,29 Kasım 1987,57,Sinop,DYP,29479,22.61,1,3,
1987,29 Kasım 1987,58,Sivas,ANAP,124236,39.48,6,7,
1987,29 Kasım 1987,58,Sivas,SHP,82174,26.11,1,7,
1987,29 Kasım 1987,63,Şanlıurfa,ANAP,97597,36.03,7,7,
1987,29 Kasım 1987,59,Tekirdağ,ANAP,76716,33.6,2,4,
1987,29 Kasım 1987,59,Tekirdağ,SHP,71001,31.1,2,4,
1987,29 Kasım 1987,60,Tokat,ANAP,104652,34.09,4,6,
1987,29 Kasım 1987,60,Tokat,SHP,74933,24.41,2,6,
1987,29 Kasım 1987,61,Trabzon,ANAP,123985,36.83,6,7,
1987,29 Kasım 1987,61,Trabzon,DYP,63271,18.79,1,7,
1987,29 Kasım 1987,62,Tunceli,SHP,31531,54.83,2,2,
1987,29 Kasım 1987,64,Uşak,ANAP,58027,39.78,3,3,
1987,29 Kasım 1987,65,Van,ANAP,43927,25.36,5,5,
1987,29 Kasım 1987,66,Yozgat,ANAP,103001,45.14,5,5,
1987,29 Kasım 1987,67,Zonguldak,ANAP,128109,24.55,4,9,
1987,29 Kasım 1987,67,Zonguldak,DYP,129703,24.86,5,9,
1983,6 Kasım 1983,1,Adana,ANAP,213739,40.55,5,12,
1983,6 Kasım 1983,1,Adana,HP,194641,36.92,5,12,
1983,6 Kasım 1983,1,Adana,MDP,114518,21.72,2,12,
1983,6 Kasım 1983,2,Adıyaman,ANAP,39370,37.63,2,4,
1983,6 Kasım 1983,2,Adıyaman,HP,32575,31.14,1,4,
1983,6 Kasım 1983,2,Adıyaman,MDP,32680,31.24,1,4,
1983,6 Kasım 1983,3,Afyonkarahisar,ANAP,145301,61.14,4,5,
1983,6 Kasım 1983,3,Afyonkarahisar,HP,48563,20.44,1,5,
1983,6 Kasım 1983,4,Ağrı,ANAP,30836,33.34,1,4,
1983,6 Kasım 1983,4,Ağrı,HP,31158,33.69,2,4,
1983,6 Kasım 1983,4,Ağrı,MDP,30489,32.97,1,4,
1983,6 Kasım 1983,5,Amasya,ANAP,70290,49.8,2,4,
1983,6 Kasım 1983,5,Amasya,HP,52441,37.15,2,4,
1983,6 Kasım 1983,6,Ankara,ANAP,575153,51.41,14,22,
1983,6 Kasım 1983,6,Ankara,HP,332546,29.73,6,22,
1983,6 Kasım 1983,6,Ankara,MDP,201469,18.01,2,22,
1983,6 Kasım 1983,7,Antalya,ANAP,163982,50.78,4,7,
1983,6 Kasım 1983,7,Antalya,HP,74073,22.94,1,7,
1983,6 Kasım 1983,7,Antalya,MDP,80149,24.82,2,7,
1983,6 Kasım 1983,8,Artvin,ANAP,36654,40.35,3,3,
1983,6 Kasım 1983,9,Aydın,ANAP,124660,40.19,2,6,
1983,6 Kasım 1983,9,Aydın,HP,91841,29.61,2,6,
1983,6 Kasım 1983,9,Aydın,MDP,91258,29.42,2,6,
1983,6 Kasım 1983,10,Balıkesir,ANAP,191242,45.16,3,7,
1983,6 Kasım 1983,10,Balıkesir,HP,116957,27.62,2,7,
1983,6 Kasım 1983,10,Balıkesir,MDP,110731,26.15,2,7,
1983,6 Kasım 1983,11,Bilecik,ANAP,36093,48.46,1,2,
1983,6 Kasım 1983,11,Bilecik,HP,21214,28.48,1,2,
1983,6 Kasım 1983,12,Bingöl,ANAP,24616,44.17,2,2,
1983,6 Kasım 1983,13,Bitlis,MDP,41062,65.6,3,3,
1983,6 Kasım 1983,14,Bolu,ANAP,119542,56.02,4,5,
1983,6 Kasım 1983,14,Bolu,MDP,46451,21.77,1,5,
1983,6 Kasım 1983,15,Burdur,ANAP,56031,53.08,3,3,
1983,6 Kasım 1983,16,Bursa,ANAP,268736,47.44,6,10,
1983,6 Kasım 1983,16,Bursa,HP,150912,26.64,2,10,
1983,6 Kasım 1983,16,Bursa,MDP,146833,25.92,2,10,
1983,6 Kasım 1983,17,Çanakkale,ANAP,91024,45.36,2,4,
1983,6 Kasım 1983,17,Çanakkale,HP,53484,26.65,1,4,
1983,6 Kasım 1983,17,Çanakkale,MDP,50325,25.08,1,4,
1983,6 Kasım 1983,18,Çankırı,ANAP,53695,56.83,3,3,
1983,6 Kasım 1983,19,Çorum,ANAP,98386,44.8,2,5,
1983,6 Kasım 1983,19,Çorum,HP,70572,32.13,2,5,
1983,6 Kasım 1983,19,Çorum,MDP,50656,23.07,1,5,
1983,6 Kasım 1983,20,Denizli,ANAP,109727,42.65,2,5,
1983,6 Kasım 1983,20,Denizli,HP,80751,31.39,2,5,
1983,6 Kasım 1983,20,Denizli,MDP,59797,23.24,1,5,
1983,6 Kasım 1983,21,Diyarbakır,ANAP,58557,32.71,2,7,
1983,6 Kasım 1983,21,Diyarbakır,HP,75217,42.02,3,7,
1983,6 Kasım 1983,21,Diyarbakır,MDP,45245,25.27,2,7,
1983,6 Kasım 1983,22,Edirne,ANAP,64217,37.4,2,4,
1983,6 Kasım 1983,22,Edirne,HP,70955,41.32,2,4,
1983,6 Kasım 1983,23,Elazığ,ANAP,81919,58.63,4,4,
1983,6 Kasım 1983,24,Erzincan,ANAP,44591,49.07,2,3,
1983,6 Kasım 1983,24,Erzincan,HP,33266,36.6,1,3,
1983,6 Kasım 1983,25,Erzurum,ANAP,141642,58.82,4,7,
1983,6 Kasım 1983,25,Erzurum,HP,39912,16.57,1,7,
1983,6 Kasım 1983,25,Erzurum,MDP,59244,24.6,2,7,
1983,6 Kasım 1983,26,Eskişehir,ANAP,131565,51.06,3,5,
1983,6 Kasım 1983,26,Eskişehir,HP,75454,29.28,2,5,
1983,6 Kasım 1983,27,Gaziantep,ANAP,115097,41.69,3,7,
1983,6 Kasım 1983,27,Gaziantep,HP,95011,34.41,2,7,
1983,6 Kasım 1983,27,Gaziantep,MDP,65971,23.9,2,7,
1983,6 Kasım 1983,28,Giresun,ANAP,81778,47.23,3,5,
1983,6 Kasım 1983,28,Giresun,HP,38771,22.39,1,5,
1983,6 Kasım 1983,28,Giresun,MDP,49649,28.68,1,5,
1983,6 Kasım 1983,29,Gümüşhane,ANAP,44334,55.67,3,3,
1983,6 Kasım 1983,30,Hakkari,HP,19487,51.09,2,2,
1983,6 Kasım 1983,31,Hatay,ANAP,99050,34.13,2,7,
1983,6 Kasım 1983,31,Hatay,HP,105570,36.37,3,7,
1983,6 Kasım 1983,31,Hatay,MDP,85608,29.5,2,7,
1983,6 Kasım 1983,32,Isparta,ANAP,89377,66.22,4,4,
1983,6 Kasım 1983,33,Mersin,ANAP,146930,43.38,3,7,
1983,6 Kasım 1983,33,Mersin,HP,122483,36.16,3,7,
1983,6 Kasım 1983,33,Mersin,MDP,69274,20.45,1,7,
1983,6 Kasım 1983,34,İstanbul,ANAP,991042,45.5,17,36,
1983,6 Kasım 1983,34,İstanbul,HP,740439,33.99,13,36,
1983,6 Kasım 1983,34,İstanbul,MDP,432233,19.84,6,36,
1983,6 Kasım 1983,35,İzmir,ANAP,331690,34.51,5,16,
1983,6 Kasım 1983,35,İzmir,HP,357937,37.25,8,16,
1983,6 Kasım 1983,35,İzmir,MDP,261709,27.23,3,16,
1983,6 Kasım 1983,46,Kahramanmaraş,ANAP,102698,48.76,3,6,
1983,6 Kasım 1983,46,Kahramanmaraş,HP,51626,24.51,1,6,
1983,6 Kasım 1983,46,Kahramanmaraş,MDP,53204,25.26,2,6,
1983,6 Kasım 1983,36,Kars,ANAP,50841,24.68,2,6,
1983,6 Kasım 1983,36,Kars,HP,70955,34.44,2,6,
1983,6 Kasım 1983,36,Kars,MDP,68970,33.48,2,6,
1983,6 Kasım 1983,37,Kastamonu,ANAP,83086,42.34,2,4,
1983,6 Kasım 1983,37,Kastamonu,MDP,65550,33.41,2,4,
1983,6 Kasım 1983,38,Kayseri,ANAP,158684,56.85,4,7,
1983,6 Kasım 1983,38,Kayseri,HP,64697,23.18,2,7,
1983,6 Kasım 1983,38,Kayseri,MDP,47624,17.06,1,7,
1983,6 Kasım 1983,39,Kırklareli,ANAP,47909,35.97,1,3,
1983,6 Kasım 1983,39,Kırklareli,HP,49223,36.96,2,3,
1983,6 Kasım 1983,40,Kırşehir,ANAP,31081,40.31,2,3,
1983,6 Kasım 1983,40,Kırşehir,HP,26767,34.72,1,3,
1983,6 Kasım 1983,41,Kocaeli,ANAP,115379,43.92,3,5,
1983,6 Kasım 1983,41,Kocaeli,HP,101261,38.54,2,5,
1983,6 Kasım 1983,42,Konya,ANAP,324705,56.57,8,13,
1983,6 Kasım 1983,42,Konya,HP,124735,21.73,3,13,
1983,6 Kasım 1983,42,Konya,MDP,111285,19.39,2,13,
1983,6 Kasım 1983,43,Kütahya,ANAP,129445,57.4,4,5,
1983,6 Kasım 1983,43,Kütahya,MDP,51746,22.95,1,5,
1983,6 Kasım 1983,44,Malatya,ANAP,102936,53.68,4,6,
1983,6 Kasım 1983,44,Malatya,HP,62724,32.71,2,6,
1983,6 Kasım 1983,45,Manisa,ANAP,191276,42.95,5,8,
1983,6 Kasım 1983,45,Manisa,HP,135386,30.4,2,8,
1983,6 Kasım 1983,45,Manisa,MDP,118700,26.65,1,8,
1983,6 Kasım 1983,47,Mardin,ANAP,51547,39.82,2,5,
1983,6 Kasım 1983,47,Mardin,HP,30650,23.68,1,5,
1983,6 Kasım 1983,47,Mardin,MDP,43465,33.58,2,5,
1983,6 Kasım 1983,48,Muğla,ANAP,78839,37.44,2,4,
1983,6 Kasım 1983,48,Muğla,HP,66819,31.73,1,4,
1983,6 Kasım 1983,48,Muğla,MDP,61723,29.31,1,4,
1983,6 Kasım 1983,49,Muş,ANAP,31627,45.83,2,3,
1983,6 Kasım 1983,49,Muş,MDP,24390,35.34,1,3,
1983,6 Kasım 1983,50,Nevşehir,ANAP,46329,49.94,3,3,
1983,6 Kasım 1983,51,Niğde,ANAP,72477,44.25,3,5,
1983,6 Kasım 1983,51,Niğde,HP,46880,28.62,1,5,
1983,6 Kasım 1983,51,Niğde,MDP,44444,27.13,1,5,
1983,6 Kasım 1983,52,Ordu,ANAP,113981,45.15,3,6,
1983,6 Kasım 1983,52,Ordu,HP,87186,34.53,2,6,
1983,6 Kasım 1983,52,Ordu,MDP,51297,20.32,1,6,
1983,6 Kasım 1983,53,Rize,ANAP,47642,40.04,2,4,
1983,6 Kasım 1983,53,Rize,MDP,37359,31.4,2,4,
1983,6 Kasım 1983,54,Sakarya,ANAP,118301,49.46,3,5,
1983,6 Kasım 1983,54,Sakarya,HP,66256,27.7,1,5,
1983,6 Kasım 1983,54,Sakarya,MDP,54614,22.83,1,5,
1983,6 Kasım 1983,55,Samsun,ANAP,180446,46.28,6,8,
1983,6 Kasım 1983,55,Samsun,HP,110605,28.37,2,8,
1983,6 Kasım 1983,56,Siirt,ANAP,37151,34.23,1,4,
1983,6 Kasım 1983,56,Siirt,HP,31988,29.47,1,4,
1983,6 Kasım 1983,56,Siirt,MDP,39387,36.29,2,4,
1983,6 Kasım 1983,57,Sinop,HP,47586,44.77,2,3,
1983,6 Kasım 1983,57,Sinop,MDP,36664,34.49,1,3,
1983,6 Kasım 1983,58,Sivas,ANAP,113846,46.4,3,7,
1983,6 Kasım 1983,58,Sivas,HP,86562,35.28,3,7,
1983,6 Kasım 1983,58,Sivas,MDP,44948,18.32,1,7,
1983,6 Kasım 1983,59,Tekirdağ,ANAP,67186,39.52,2,4,
1983,6 Kasım 1983,59,Tekirdağ,HP,63328,37.25,2,4,
1983,6 Kasım 1983,60,Tokat,ANAP,114527,48.28,4,6,
1983,6 Kasım 1983,60,Tokat,HP,77763,32.78,2,6,
1983,6 Kasım 1983,61,Trabzon,ANAP,122258,50.0,3,6,
1983,6 Kasım 1983,61,Trabzon,HP,64838,26.52,2,6,
1983,6 Kasım 1983,61,Trabzon,MDP,49988,20.44,1,6,
1983,6 Kasım 1983,62,Tunceli,HP,30216,63.56,2,2,
1983,6 Kasım 1983,63,Şanlıurfa,ANAP,54678,34.45,2,5,
1983,6 Kasım 1983,63,Şanlıurfa,HP,43747,27.56,1,5,
1983,6 Kasım 1983,63,Şanlıurfa,MDP,60282,37.98,2,5,
1983,6 Kasım 1983,64,Uşak,ANAP,45451,41.26,2,3,
1983,6 Kasım 1983,64,Uşak,HP,38774,35.2,1,3,
1983,6 Kasım 1983,65,Van,ANAP,38758,31.75,2,4,
1983,6 Kasım 1983,65,Van,MDP,54161,44.37,2,4,
1983,6 Kasım 1983,66,Yozgat,ANAP,89279,53.42,3,5,
1983,6 Kasım 1983,66,Yozgat,HP,39839,23.84,1,5,
1983,6 Kasım 1983,66,Yozgat,MDP,38024,22.75,1,5,
1983,6 Kasım 1983,67,Zonguldak,ANAP,146567,36.91,3,8,
1983,6 Kasım 1983,67,Zonguldak,HP,154296,38.85,4,8,
1983,6 Kasım 1983,67,Zonguldak,MDP,96270,24.24,1,8,
1977,5 Haziran 1977,1,Adana,CHP,210026,46.46,7,14,
1977,5 Haziran 1977,1,Adana,AP,144709,32.01,5,14,
1977,5 Haziran 1977,1,Adana,MSP,28490,6.3,1,14,
1977,5 Haziran 1977,1,Adana,MHP,51146,11.31,1,14,
1977,5 Haziran 1977,2,Adıyaman,CHP,49243,41.86,2,4,
1977,5 Haziran 1977,2,Adıyaman,AP,33807,28.74,1,4,
1977,5 Haziran 1977,2,Adıyaman,MSP,22625,19.23,1,4,
1977,5 Haziran 1977,3,Afyonkarahisar,CHP,53674,27.29,2,6,
1977,5 Haziran 1977,3,Afyonkarahisar,AP,102785,52.27,4,6,
1977,5 Haziran 1977,4,Ağrı,CHP,11769,12.34,1,4,
1977,5 Haziran 1977,4,Ağrı,AP,20051,21.03,2,4,
1977,5 Haziran 1977,4,Ağrı,Diğer,51346,53.84,1,4,
1977,5 Haziran 1977,5,Amasya,CHP,57594,45.15,2,4,
1977,5 Haziran 1977,5,Amasya,AP,48026,37.65,2,4,
1977,5 Haziran 1977,6,Ankara,CHP,460509,50.7,16,29,
1977,5 Haziran 1977,6,Ankara,AP,277130,30.51,10,29,
1977,5 Haziran 1977,6,Ankara,MSP,55223,6.08,1,29,
1977,5 Haziran 1977,6,Ankara,MHP,77178,8.5,2,29,
1977,5 Haziran 1977,7,Antalya,CHP,87944,34.15,3,7,
1977,5 Haziran 1977,7,Antalya,AP,139354,54.11,4,7,
1977,5 Haziran 1977,8,Artvin,CHP,37841,44.44,1,3,
1977,5 Haziran 1977,8,Artvin,AP,39021,45.83,2,3,
1977,5 Haziran 1977,9,Aydın,CHP,97818,38.53,3,7,
1977,5 Haziran 1977,9,Aydın,AP,131198,51.67,4,7,
1977,5 Haziran 1977,10,Balıkesir,CHP,136448,37.47,4,9,
1977,5 Haziran 1977,10,Balıkesir,AP,188145,51.67,5,9,
1977,5 Haziran 1977,11,Bilecik,CHP,23258,39.22,1,2,
1977,5 Haziran 1977,11,Bilecik,AP,29042,48.97,1,2,
1977,5 Haziran 1977,12,Bingöl,CHP,15966,25.44,1,2,
1977,5 Haziran 1977,12,Bingöl,AP,18593,29.63,1,2,
1977,5 Haziran 1977,13,Bitlis,AP,21378,34.25,1,2,
1977,5 Haziran 1977,13,Bitlis,MSP,17013,27.26,1,2,
1977,5 Haziran 1977,14,Bolu,CHP,48712,28.28,2,5,
1977,5 Haziran 1977,14,Bolu,AP,95491,55.43,3,5,
1977,5 Haziran 1977,15,Burdur,CHP,34383,39.83,1,2,
1977,5 Haziran 1977,15,Burdur,AP,37316,43.23,1,2,
1977,5 Haziran 1977,16,Bursa,CHP,158364,36.71,4,11,
1977,5 Haziran 1977,16,Bursa,AP,223157,51.73,7,11,
1977,5 Haziran 1977,17,Çanakkale,CHP,68048,38.74,2,4,
1977,5 Haziran 1977,17,Çanakkale,AP,88138,50.18,2,4,
1977,5 Haziran 1977,18,Çankırı,CHP,19664,22.54,1,3,
1977,5 Haziran 1977,18,Çankırı,AP,40816,46.78,2,3,
1977,5 Haziran 1977,19,Çorum,CHP,74884,36.14,2,6,
1977,5 Haziran 1977,19,Çorum,AP,77754,37.52,3,6,
1977,5 Haziran 1977,19,Çorum,MHP,26414,12.75,1,6,
1977,5 Haziran 1977,20,Denizli,CHP,98491,43.48,3,6,
1977,5 Haziran 1977,20,Denizli,AP,99428,43.9,3,6,
1977,5 Haziran 1977,21,Diyarbakır,CHP,64991,34.82,3,7,
1977,5 Haziran 1977,21,Diyarbakır,AP,48694,26.09,2,7,
1977,5 Haziran 1977,21,Diyarbakır,MSP,33324,17.85,1,7,
1977,5 Haziran 1977,21,Diyarbakır,Diğer,37607,20.15,1,7,
1977,5 Haziran 1977,22,Edirne,CHP,74727,53.83,2,4,
1977,5 Haziran 1977,22,Edirne,AP,54795,39.48,2,4,
1977,5 Haziran 1977,23,Elazığ,CHP,39847,28.81,2,5,
1977,5 Haziran 1977,23,Elazığ,AP,27751,20.06,1,5,
1977,5 Haziran 1977,23,Elazığ,MHP,25881,18.71,1,5,
1977,5 Haziran 1977,23,Elazığ,Diğer,25430,18.38,1,5,
1977,5 Haziran 1977,24,Erzincan,CHP,43812,45.39,2,3,
1977,5 Haziran 1977,24,Erzincan,AP,26918,27.89,1,3,
1977,5 Haziran 1977,25,Erzurum,CHP,54078,21.67,2,8,
1977,5 Haziran 1977,25,Erzurum,AP,107589,43.11,4,8,
1977,5 Haziran 1977,25,Erzurum,MSP,38670,15.49,1,8,
1977,5 Haziran 1977,25,Erzurum,MHP,32074,12.85,1,8,
1977,5 Haziran 1977,26,Eskişehir,CHP,83497,41.59,2,5,
1977,5 Haziran 1977,26,Eskişehir,AP,92525,46.08,3,5,
1977,5 Haziran 1977,27,Gaziantep,CHP,109255,44.69,4,8,
1977,5 Haziran 1977,27,Gaziantep,AP,79306,32.44,3,8,
1977,5 Haziran 1977,27,Gaziantep,MHP,27172,11.12,1,8,
1977,5 Haziran 1977,28,Giresun,CHP,56732,36.96,2,5,
1977,5 Haziran 1977,28,Giresun,AP,61819,40.27,3,5,
1977,5 Haziran 1977,29,Gümüşhane,CHP,26535,28.52,1,3,
1977,5 Haziran 1977,29,Gümüşhane,AP,37591,40.4,2,3,
1977,5 Haziran 1977,30,Hakkari,AP,17336,43.4,1,1,
1977,5 Haziran 1977,31,Hatay,CHP,148967,55.05,5,8,
1977,5 Haziran 1977,31,Hatay,AP,77395,28.6,3,8,
1977,5 Haziran 1977,32,Isparta,CHP,25711,21.27,1,4,
1977,5 Haziran 1977,32,Isparta,AP,84133,69.61,3,4,
1977,5 Haziran 1977,33,Mersin,CHP,117080,44.77,4,8,
1977,5 Haziran 1977,33,Mersin,AP,101462,38.79,4,8,
1977,5 Haziran 1977,34,İstanbul,CHP,891772,58.22,27,44,
1977,5 Haziran 1977,34,İstanbul,AP,434879,28.39,13,44,
1977,5 Haziran 1977,34,İstanbul,MSP,101078,6.6,3,44,
1977,5 Haziran 1977,34,İstanbul,MHP,41261,2.69,1,44,
1977,5 Haziran 1977,35,İzmir,CHP,383333,52.67,11,19,
1977,5 Haziran 1977,35,İzmir,AP,288645,39.66,8,19,
1977,5 Haziran 1977,46,Kahramanmaraş,CHP,74283,34.39,3,7,
1977,5 Haziran 1977,46,Kahramanmaraş,AP,57250,26.5,2,7,
1977,5 Haziran 1977,46,Kahramanmaraş,MSP,33772,15.64,1,7,
1977,5 Haziran 1977,46,Kahramanmaraş,MHP,33470,15.5,1,7,
1977,5 Haziran 1977,36,Kars,CHP,110826,52.92,5,8,
1977,5 Haziran 1977,36,Kars,AP,38848,18.55,2,8,
1977,5 Haziran 1977,36,Kars,MSP,20831,9.95,1,8,
1977,5 Haziran 1977,37,Kastamonu,CHP,52614,31.52,2,5,
1977,5 Haziran 1977,37,Kastamonu,AP,80748,48.37,3,5,
1977,5 Haziran 1977,38,Kayseri,CHP,75204,31.3,3,8,
1977,5 Haziran 1977,38,Kayseri,AP,76448,31.82,3,8,
1977,5 Haziran 1977,38,Kayseri,MHP,31744,13.21,1,8,
1977,5 Haziran 1977,38,Kayseri,Diğer,35213,14.65,1,8,
1977,5 Haziran 1977,39,Kırklareli,CHP,55127,48.52,2,3,
1977,5 Haziran 1977,39,Kırklareli,AP,52747,46.43,1,3,
1977,5 Haziran 1977,40,Kırşehir,CHP,32320,45.5,2,3,
1977,5 Haziran 1977,40,Kırşehir,AP,14527,20.45,1,3,
1977,5 Haziran 1977,41,Kocaeli,CHP,82278,43.79,3,5,
1977,5 Haziran 1977,41,Kocaeli,AP,75193,40.02,2,5,
1977,5 Haziran 1977,42,Konya,CHP,147126,31.35,5,16,
1977,5 Haziran 1977,42,Konya,AP,132232,28.17,5,16,
1977,5 Haziran 1977,42,Konya,MSP,92694,19.75,3,16,
1977,5 Haziran 1977,42,Konya,MHP,50056,10.66,2,16,
1977,5 Haziran 1977,42,Konya,Diğer,47260,10.07,1,16,
1977,5 Haziran 1977,43,Kütahya,CHP,44827,23.29,1,5,
1977,5 Haziran 1977,43,Kütahya,AP,117478,61.03,4,5,
1977,5 Haziran 1977,44,Malatya,CHP,99107,52.32,4,6,
1977,5 Haziran 1977,44,Malatya,AP,32247,17.02,1,6,
1977,5 Haziran 1977,44,Malatya,MSP,38516,20.33,1,6,
1977,5 Haziran 1977,45,Manisa,CHP,140668,38.66,4,10,
1977,5 Haziran 1977,45,Manisa,AP,176967,48.64,6,10,
1977,5 Haziran 1977,47,Mardin,CHP,39008,21.2,2,6,
1977,5 Haziran 1977,47,Mardin,AP,30385,16.52,1,6,
1977,5 Haziran 1977,47,Mardin,MSP,42751,23.24,2,6,
1977,5 Haziran 1977,47,Mardin,Diğer,71562,38.9,1,6,
1977,5 Haziran 1977,48,Muğla,CHP,73105,42.4,2,4,
1977,5 Haziran 1977,48,Muğla,AP,86667,50.26,2,4,
1977,5 Haziran 1977,49,Muş,CHP,13776,16.39,1,3,
1977,5 Haziran 1977,49,Muş,AP,15115,17.98,1,3,
1977,5 Haziran 1977,49,Muş,MSP,15079,17.94,1,3,
1977,5 Haziran 1977,50,Nevşehir,CHP,29074,34.53,1,3,
1977,5 Haziran 1977,50,Nevşehir,AP,34841,41.38,2,3,
1977,5 Haziran 1977,51,Niğde,CHP,50932,35.09,2,5,
1977,5 Haziran 1977,51,Niğde,AP,54801,37.76,2,5,
1977,5 Haziran 1977,51,Niğde,MHP,18928,13.04,1,5,
1977,5 Haziran 1977,52,Ordu,CHP,102929,47.41,4,7,
1977,5 Haziran 1977,52,Ordu,AP,64352,29.64,3,7,
1977,5 Haziran 1977,53,Rize,CHP,39111,32.03,2,4,
1977,5 Haziran 1977,53,Rize,AP,55865,45.75,2,4,
1977,5 Haziran 1977,54,Sakarya,CHP,70233,36.13,2,5,
1977,5 Haziran 1977,54,Sakarya,AP,86124,44.3,3,5,
1977,5 Haziran 1977,55,Samsun,CHP,132905,41.21,5,10,
1977,5 Haziran 1977,55,Samsun,AP,142106,44.06,5,10,
1977,5 Haziran 1977,56,Siirt,CHP,18907,15.94,1,4,
1977,5 Haziran 1977,56,Siirt,AP,20422,17.22,1,4,
1977,5 Haziran 1977,56,Siirt,MSP,26074,21.98,1,4,
1977,5 Haziran 1977,56,Siirt,Diğer,52500,44.26,1,4,
1977,5 Haziran 1977,57,Sinop,CHP,41989,44.18,2,3,
1977,5 Haziran 1977,57,Sinop,AP,36187,38.08,1,3,
1977,5 Haziran 1977,58,Sivas,CHP,106082,42.93,4,8,
1977,5 Haziran 1977,58,Sivas,AP,58044,23.49,2,8,
1977,5 Haziran 1977,58,Sivas,MSP,34701,14.04,1,8,
1977,5 Haziran 1977,58,Sivas,MHP,32539,13.17,1,8,
1977,5 Haziran 1977,59,Tekirdağ,CHP,61468,47.01,2,4,
1977,5 Haziran 1977,59,Tekirdağ,AP,57551,44.02,2,4,
1977,5 Haziran 1977,60,Tokat,CHP,93940,42.18,4,7,
1977,5 Haziran 1977,60,Tokat,AP,69429,31.18,2,7,
1977,5 Haziran 1977,60,Tokat,MHP,23678,10.63,1,7,
1977,5 Haziran 1977,61,Trabzon,CHP,95188,39.94,4,8,
1977,5 Haziran 1977,61,Trabzon,AP,92979,39.02,3,8,
1977,5 Haziran 1977,61,Trabzon,MSP,23942,10.05,1,8,
1977,5 Haziran 1977,62,Tunceli,CHP,31958,66.38,2,2,
1977,5 Haziran 1977,63,Şanlıurfa,CHP,65910,33.46,3,7,
1977,5 Haziran 1977,63,Şanlıurfa,AP,64785,32.89,3,7,
1977,5 Haziran 1977,63,Şanlıurfa,MSP,38432,19.51,1,7,
1977,5 Haziran 1977,64,Uşak,CHP,43849,47.41,2,3,
1977,5 Haziran 1977,64,Uşak,AP,37538,40.59,1,3,
1977,5 Haziran 1977,65,Van,CHP,22569,19.38,1,4,
1977,5 Haziran 1977,65,Van,AP,17943,15.41,1,4,
1977,5 Haziran 1977,65,Van,MSP,23798,20.44,1,4,
1977,5 Haziran 1977,65,Van,Diğer,48856,41.96,1,4,
1977,5 Haziran 1977,66,Yozgat,CHP,49532,30.08,2,6,
1977,5 Haziran 1977,66,Yozgat,AP,48285,29.32,2,6,
1977,5 Haziran 1977,66,Yozgat,MSP,21347,12.96,1,6,
1977,5 Haziran 1977,66,Yozgat,MHP,37750,22.92,1,6,
1977,5 Haziran 1977,67,Zonguldak,CHP,149111,45.72,5,9,
1977,5 Haziran 1977,67,Zonguldak,AP,139983,42.92,4,9,
1973,14 Ekim 1973,1,Adana,CHP,128076,39.85,6,13,
1973,14 Ekim 1973,1,Adana,AP,74264,23.1,3,13,
1973,14 Ekim 1973,1,Adana,DP,40627,12.64,2,13,
1973,14 Ekim 1973,1,Adana,MSP,26270,8.17,1,13,
1973,14 Ekim 1973,1,Adana,Diğer,52185,16.24,1,13,
1973,14 Ekim 1973,2,Adıyaman,CHP,28856,33.2,2,4,
1973,14 Ekim 1973,2,Adıyaman,AP,24009,27.62,1,4,
1973,14 Ekim 1973,2,Adıyaman,MSP,19504,22.44,1,4,
1973,14 Ekim 1973,3,Afyonkarahisar,CHP,26939,19.12,2,7,
1973,14 Ekim 1973,3,Afyonkarahisar,AP,50948,36.16,3,7,
1973,14 Ekim 1973,3,Afyonkarahisar,DP,19757,14.02,1,7,
1973,14 Ekim 1973,3,Afyonkarahisar,MSP,23061,16.37,1,7,
1973,14 Ekim 1973,4,Ağrı,CHP,12638,15.48,1,4,
1973,14 Ekim 1973,4,Ağrı,AP,12620,15.46,1,4,
1973,14 Ekim 1973,4,Ağrı,MSP,12063,14.77,1,4,
1973,14 Ekim 1973,4,Ağrı,Diğer,37228,45.59,1,4,
1973,14 Ekim 1973,5,Amasya,CHP,26079,28.14,2,4,
1973,14 Ekim 1973,5,Amasya,AP,23892,25.78,1,4,
1973,14 Ekim 1973,5,Amasya,MSP,16523,17.83,1,4,
1973,14 Ekim 1973,6,Ankara,CHP,269007,41.91,13,26,
1973,14 Ekim 1973,6,Ankara,AP,178515,27.81,8,26,
1973,14 Ekim 1973,6,Ankara,DP,60563,9.44,2,26,
1973,14 Ekim 1973,6,Ankara,MSP,59837,9.32,2,26,
1973,14 Ekim 1973,6,Ankara,Diğer,73959,11.52,1,26,
1973,14 Ekim 1973,7,Antalya,CHP,48019,29.51,3,7,
1973,14 Ekim 1973,7,Antalya,AP,63736,39.16,3,7,
1973,14 Ekim 1973,7,Antalya,DP,27653,16.99,1,7,
1973,14 Ekim 1973,8,Artvin,CHP,27587,43.69,2,3,
1973,14 Ekim 1973,8,Artvin,AP,21635,34.26,1,3,
1973,14 Ekim 1973,9,Aydın,CHP,54185,30.06,2,7,
1973,14 Ekim 1973,9,Aydın,AP,62547,34.7,3,7,
1973,14 Ekim 1973,9,Aydın,DP,51911,28.8,2,7,
1973,14 Ekim 1973,10,Balıkesir,CHP,77341,32.13,3,9,
1973,14 Ekim 1973,10,Balıkesir,AP,113402,47.12,5,9,
1973,14 Ekim 1973,10,Balıkesir,MSP,20669,8.59,1,9,
1973,14 Ekim 1973,11,Bilecik,CHP,13626,31.75,1,2,
1973,14 Ekim 1973,11,Bilecik,AP,18886,44.0,1,2,
1973,14 Ekim 1973,12,Bingöl,CHP,12285,23.32,1,2,
1973,14 Ekim 1973,12,Bingöl,MSP,13424,25.48,1,2,
1973,14 Ekim 1973,13,Bitlis,AP,21185,40.57,1,2,
1973,14 Ekim 1973,13,Bitlis,Diğer,16430,31.47,1,2,
1973,14 Ekim 1973,14,Bolu,CHP,20487,15.04,1,5,
1973,14 Ekim 1973,14,Bolu,AP,56480,41.45,2,5,
1973,14 Ekim 1973,14,Bolu,MSP,23597,17.32,1,5,
1973,14 Ekim 1973,14,Bolu,Diğer,29089,21.35,1,5,
1973,14 Ekim 1973,15,Burdur,CHP,17944,30.78,2,3,
1973,14 Ekim 1973,15,Burdur,AP,14949,25.64,1,3,
1973,14 Ekim 1973,16,Bursa,CHP,84257,28.02,3,11,
1973,14 Ekim 1973,16,Bursa,AP,152367,50.67,6,11,
1973,14 Ekim 1973,16,Bursa,DP,23078,7.67,1,11,
1973,14 Ekim 1973,16,Bursa,MSP,28395,9.44,1,11,
1973,14 Ekim 1973,17,Çanakkale,CHP,44003,35.65,2,5,
1973,14 Ekim 1973,17,Çanakkale,AP,54563,44.2,3,5,
1973,14 Ekim 1973,18,Çankırı,AP,28663,38.67,2,3,
1973,14 Ekim 1973,18,Çankırı,DP,12715,17.15,1,3,
1973,14 Ekim 1973,19,Çorum,CHP,47276,30.71,3,7,
1973,14 Ekim 1973,19,Çorum,AP,29282,19.02,1,7,
1973,14 Ekim 1973,19,Çorum,DP,27575,17.91,1,7,
1973,14 Ekim 1973,19,Çorum,MSP,33450,21.73,2,7,
1973,14 Ekim 1973,20,Denizli,CHP,49698,33.5,2,6,
1973,14 Ekim 1973,20,Denizli,AP,50279,33.9,2,6,
1973,14 Ekim 1973,20,Denizli,DP,33827,22.81,2,6,
1973,14 Ekim 1973,21,Diyarbakır,CHP,45264,30.44,3,7,
1973,14 Ekim 1973,21,Diyarbakır,AP,30822,20.73,2,7,
1973,14 Ekim 1973,21,Diyarbakır,DP,18176,12.23,1,7,
1973,14 Ekim 1973,21,Diyarbakır,MSP,27566,18.54,1,7,
1973,14 Ekim 1973,22,Edirne,CHP,44247,44.21,2,4,
1973,14 Ekim 1973,22,Edirne,AP,41668,41.64,2,4,
1973,14 Ekim 1973,23,Elazığ,CHP,29790,29.46,2,5,
1973,14 Ekim 1973,23,Elazığ,AP,25811,25.53,1,5,
1973,14 Ekim 1973,23,Elazığ,MSP,28153,27.85,2,5,
1973,14 Ekim 1973,24,Erzincan,CHP,33924,45.31,2,3,
1973,14 Ekim 1973,24,Erzincan,AP,19131,25.55,1,3,
1973,14 Ekim 1973,25,Erzurum,CHP,37848,19.73,2,9,
1973,14 Ekim 1973,25,Erzurum,AP,43919,22.89,2,9,
1973,14 Ekim 1973,25,Erzurum,DP,20611,10.74,1,9,
1973,14 Ekim 1973,25,Erzurum,MSP,56513,29.46,3,9,
1973,14 Ekim 1973,25,Erzurum,Diğer,32961,17.18,1,9,
1973,14 Ekim 1973,26,Eskişehir,CHP,47488,31.89,3,6,
1973,14 Ekim 1973,26,Eskişehir,AP,60452,40.59,3,6,
1973,14 Ekim 1973,27,Gaziantep,CHP,61213,36.97,4,8,
1973,14 Ekim 1973,27,Gaziantep,AP,29332,17.71,1,8,
1973,14 Ekim 1973,27,Gaziantep,DP,25742,15.55,1,8,
1973,14 Ekim 1973,27,Gaziantep,MSP,19162,11.57,1,8,
1973,14 Ekim 1973,27,Gaziantep,Diğer,30130,18.2,1,8,
1973,14 Ekim 1973,28,Giresun,CHP,39899,31.66,3,6,
1973,14 Ekim 1973,28,Giresun,AP,34422,27.31,2,6,
1973,14 Ekim 1973,28,Giresun,DP,25429,20.18,1,6,
1973,14 Ekim 1973,29,Gümüşhane,CHP,15230,19.51,1,4,
1973,14 Ekim 1973,29,Gümüşhane,AP,28481,36.48,2,4,
1973,14 Ekim 1973,29,Gümüşhane,MSP,19427,24.88,1,4,
1973,14 Ekim 1973,30,Hakkari,CHP,11373,35.36,1,1,
1973,14 Ekim 1973,31,Hatay,CHP,56382,37.46,4,7,
1973,14 Ekim 1973,31,Hatay,AP,35117,23.33,2,7,
1973,14 Ekim 1973,31,Hatay,DP,22621,15.03,1,7,
1973,14 Ekim 1973,32,Isparta,AP,52297,62.06,4,4,
1973,14 Ekim 1973,33,Mersin,CHP,75229,39.22,4,7,
1973,14 Ekim 1973,33,Mersin,AP,56327,29.36,2,7,
1973,14 Ekim 1973,33,Mersin,DP,30028,15.65,1,7,
1973,14 Ekim 1973,34,İstanbul,CHP,499225,48.93,20,38,
1973,14 Ekim 1973,34,İstanbul,AP,290763,28.5,11,38,
1973,14 Ekim 1973,34,İstanbul,DP,72775,7.13,3,38,
1973,14 Ekim 1973,34,İstanbul,MSP,85454,8.38,3,38,
1973,14 Ekim 1973,34,İstanbul,Diğer,72099,7.07,1,38,
1973,14 Ekim 1973,35,İzmir,CHP,224332,44.05,9,18,
1973,14 Ekim 1973,35,İzmir,AP,199971,39.27,8,18,
1973,14 Ekim 1973,35,İzmir,DP,40271,7.91,1,18,
1973,14 Ekim 1973,46,Kahramanmaraş,CHP,51043,32.91,3,7,
1973,14 Ekim 1973,46,Kahramanmaraş,AP,27774,17.91,1,7,
1973,14 Ekim 1973,46,Kahramanmaraş,DP,16776,10.82,1,7,
1973,14 Ekim 1973,46,Kahramanmaraş,MSP,41454,26.73,2,7,
1973,14 Ekim 1973,36,Kars,CHP,79510,45.5,5,8,
1973,14 Ekim 1973,36,Kars,AP,26262,15.03,1,8,
1973,14 Ekim 1973,36,Kars,DP,23406,13.39,1,8,
1973,14 Ekim 1973,36,Kars,MSP,13536,7.75,1,8,
1973,14 Ekim 1973,37,Kastamonu,CHP,28922,21.45,2,6,
1973,14 Ekim 1973,37,Kastamonu,AP,52540,38.97,3,6,
1973,14 Ekim 1973,37,Kastamonu,Diğer,31171,23.12,1,6,
1973,14 Ekim 1973,38,Kayseri,CHP,38731,23.29,2,8,
1973,14 Ekim 1973,38,Kayseri,AP,45373,27.28,3,8,
1973,14 Ekim 1973,38,Kayseri,MSP,27383,16.47,1,8,
1973,14 Ekim 1973,38,Kayseri,Diğer,46238,27.8,2,8,
1973,14 Ekim 1973,39,Kırklareli,CHP,36594,43.73,2,3,
1973,14 Ekim 1973,39,Kırklareli,AP,35141,42.0,1,3,
1973,14 Ekim 1973,40,Kırşehir,CHP,17757,31.06,2,3,
1973,14 Ekim 1973,40,Kırşehir,AP,8055,14.09,1,3,
1973,14 Ekim 1973,41,Kocaeli,CHP,43128,33.63,2,5,
1973,14 Ekim 1973,41,Kocaeli,AP,41474,32.34,2,5,
1973,14 Ekim 1973,41,Kocaeli,MSP,23247,18.13,1,5,
1973,14 Ekim 1973,42,Konya,CHP,74869,20.91,4,16,
1973,14 Ekim 1973,42,Konya,AP,48249,13.48,2,16,
1973,14 Ekim 1973,42,Konya,DP,121470,33.92,6,16,
1973,14 Ekim 1973,42,Konya,MSP,59242,16.55,3,16,
1973,14 Ekim 1973,42,Konya,Diğer,54229,15.15,1,16,
1973,14 Ekim 1973,43,Kütahya,CHP,21734,17.37,1,5,
1973,14 Ekim 1973,43,Kütahya,AP,53824,43.02,3,5,
1973,14 Ekim 1973,43,Kütahya,DP,18234,14.58,1,5,
1973,14 Ekim 1973,44,Malatya,CHP,64422,44.05,4,6,
1973,14 Ekim 1973,44,Malatya,AP,20224,13.83,1,6,
1973,14 Ekim 1973,44,Malatya,MSP,29138,19.93,1,6,
1973,14 Ekim 1973,45,Manisa,CHP,81966,31.43,3,10,
1973,14 Ekim 1973,45,Manisa,AP,110351,42.32,5,10,
1973,14 Ekim 1973,45,Manisa,DP,28332,10.87,1,10,
1973,14 Ekim 1973,45,Manisa,MSP,24140,9.26,1,10,
1973,14 Ekim 1973,47,Mardin,CHP,24417,17.71,1,6,
1973,14 Ekim 1973,47,Mardin,AP,25853,18.75,1,6,
1973,14 Ekim 1973,47,Mardin,DP,24213,17.56,1,6,
1973,14 Ekim 1973,47,Mardin,MSP,16694,12.11,1,6,
1973,14 Ekim 1973,47,Mardin,Diğer,46676,33.86,2,6,
1973,14 Ekim 1973,48,Muğla,CHP,44489,35.24,2,5,
1973,14 Ekim 1973,48,Muğla,AP,45725,36.22,2,5,
1973,14 Ekim 1973,48,Muğla,DP,23212,18.38,1,5,
1973,14 Ekim 1973,49,Muş,CHP,12208,17.34,1,3,
1973,14 Ekim 1973,49,Muş,MSP,10383,14.75,1,3,
1973,14 Ekim 1973,49,Muş,Diğer,36955,52.48,1,3,
1973,14 Ekim 1973,50,Nevşehir,CHP,15723,25.96,1,3,
1973,14 Ekim 1973,50,Nevşehir,AP,21424,35.37,1,3,
1973,14 Ekim 1973,50,Nevşehir,MSP,11161,18.43,1,3,
1973,14 Ekim 1973,51,Niğde,CHP,24259,22.38,1,5,
1973,14 Ekim 1973,51,Niğde,AP,27411,25.29,2,5,
1973,14 Ekim 1973,51,Niğde,DP,26164,24.14,2,5,
1973,14 Ekim 1973,52,Ordu,CHP,50188,29.89,3,8,
1973,14 Ekim 1973,52,Ordu,AP,26474,15.76,2,8,
1973,14 Ekim 1973,52,Ordu,DP,35981,21.43,2,8,
1973,14 Ekim 1973,52,Ordu,Diğer,43109,25.67,1,8,
1973,14 Ekim 1973,53,Rize,CHP,30613,31.06,2,4,
1973,14 Ekim 1973,53,Rize,AP,29303,29.74,1,4,
1973,14 Ekim 1973,53,Rize,MSP,21614,21.93,1,4,
1973,14 Ekim 1973,54,Sakarya,CHP,33705,24.7,2,6,
1973,14 Ekim 1973,54,Sakarya,AP,39928,29.26,2,6,
1973,14 Ekim 1973,54,Sakarya,DP,28441,20.84,1,6,
1973,14 Ekim 1973,54,Sakarya,MSP,24792,18.17,1,6,
1973,14 Ekim 1973,55,Samsun,CHP,75296,30.73,4,10,
1973,14 Ekim 1973,55,Samsun,AP,93822,38.29,4,10,
1973,14 Ekim 1973,55,Samsun,DP,25161,10.27,1,10,
1973,14 Ekim 1973,55,Samsun,MSP,32872,13.42,1,10,
1973,14 Ekim 1973,56,Siirt,CHP,12576,14.24,1,4,
1973,14 Ekim 1973,56,Siirt,AP,14515,16.43,1,4,
1973,14 Ekim 1973,56,Siirt,Diğer,43179,48.88,2,4,
1973,14 Ekim 1973,57,Sinop,CHP,22129,30.79,2,3,
1973,14 Ekim 1973,57,Sinop,AP,17739,24.68,1,3,
1973,14 Ekim 1973,58,Sivas,CHP,63259,32.88,3,9,
1973,14 Ekim 1973,58,Sivas,AP,32437,16.86,2,9,
1973,14 Ekim 1973,58,Sivas,MSP,49532,25.75,3,9,
1973,14 Ekim 1973,58,Sivas,Diğer,34304,17.83,1,9,
1973,14 Ekim 1973,59,Tekirdağ,CHP,31558,34.37,2,4,
1973,14 Ekim 1973,59,Tekirdağ,AP,36861,40.15,2,4,
1973,14 Ekim 1973,60,Tokat,CHP,49308,29.76,3,7,
1973,14 Ekim 1973,60,Tokat,AP,32058,19.35,2,7,
1973,14 Ekim 1973,60,Tokat,DP,21762,13.13,1,7,
1973,14 Ekim 1973,60,Tokat,MSP,30082,18.16,1,7,
1973,14 Ekim 1973,61,Trabzon,CHP,61679,35.02,4,8,
1973,14 Ekim 1973,61,Trabzon,AP,44193,25.09,2,8,
1973,14 Ekim 1973,61,Trabzon,DP,27853,15.81,1,8,
1973,14 Ekim 1973,61,Trabzon,MSP,26565,15.08,1,8,
1973,14 Ekim 1973,62,Tunceli,CHP,33003,69.96,2,2,
1973,14 Ekim 1973,63,Şanlıurfa,CHP,36615,28.95,2,7,
1973,14 Ekim 1973,63,Şanlıurfa,AP,42365,33.5,3,7,
1973,14 Ekim 1973,63,Şanlıurfa,DP,21609,17.09,1,7,
1973,14 Ekim 1973,63,Şanlıurfa,MSP,22198,17.55,1,7,
1973,14 Ekim 1973,64,Uşak,CHP,23724,39.04,2,3,
1973,14 Ekim 1973,64,Uşak,AP,20058,33.01,1,3,
1973,14 Ekim 1973,65,Van,AP,21750,22.35,1,4,
1973,14 Ekim 1973,65,Van,Diğer,57403,58.99,3,4,
1973,14 Ekim 1973,66,Yozgat,CHP,34801,26.98,2,6,
1973,14 Ekim 1973,66,Yozgat,AP,22596,17.52,1,6,
1973,14 Ekim 1973,66,Yozgat,DP,20204,15.66,1,6,
1973,14 Ekim 1973,66,Yozgat,MSP,27767,21.53,1,6,
1973,14 Ekim 1973,66,Yozgat,Diğer,23616,18.31,1,6,
1973,14 Ekim 1973,67,Zonguldak,CHP,101319,39.77,4,9,
1973,14 Ekim 1973,67,Zonguldak,AP,97241,38.17,4,9,
1973,14 Ekim 1973,67,Zonguldak,MSP,20889,8.2,1,9,
1969,12 Ekim 1969,1,Adana,AP,106443,42.52,6,13,
1969,12 Ekim 1969,1,Adana,CHP,84335,33.69,5,13,
1969,12 Ekim 1969,1,Adana,CGP,16570,6.62,1,13,
1969,12 Ekim 1969,1,Adana,Diğer,38705,15.46,1,13,
1969,12 Ekim 1969,2,Adıyaman,AP,24009,28.08,1,4,
1969,12 Ekim 1969,2,Adıyaman,CHP,26668,31.19,2,4,
1969,12 Ekim 1969,2,Adıyaman,Bağımsız,18473,21.61,1,4,
1969,12 Ekim 1969,3,Afyonkarahisar,AP,75677,58.77,5,7,
1969,12 Ekim 1969,3,Afyonkarahisar,CHP,23417,18.18,1,7,
1969,12 Ekim 1969,3,Afyonkarahisar,CGP,13290,10.32,1,7,
1969,12 Ekim 1969,4,Ağrı,AP,28252,36.16,1,3,
1969,12 Ekim 1969,4,Ağrı,CHP,20339,26.03,1,3,
1969,12 Ekim 1969,4,Ağrı,CGP,24316,31.12,1,3,
1969,12 Ekim 1969,5,Amasya,AP,38628,43.65,2,4,
1969,12 Ekim 1969,5,Amasya,CHP,17808,20.12,1,4,
1969,12 Ekim 1969,5,Amasya,Diğer,27364,30.92,1,4,
1969,12 Ekim 1969,6,Ankara,AP,205831,42.31,11,24,
1969,12 Ekim 1969,6,Ankara,CHP,165506,34.02,9,24,
1969,12 Ekim 1969,6,Ankara,CGP,18525,3.81,1,24,
1969,12 Ekim 1969,6,Ankara,Diğer,91110,18.73,3,24,
1969,12 Ekim 1969,7,Antalya,AP,87351,60.78,5,7,
1969,12 Ekim 1969,7,Antalya,CHP,35734,24.86,2,7,
1969,12 Ekim 1969,8,Artvin,AP,30104,49.92,2,3,
1969,12 Ekim 1969,8,Artvin,CHP,15714,26.06,1,3,
1969,12 Ekim 1969,9,Aydın,AP,100751,62.36,5,7,
1969,12 Ekim 1969,9,Aydın,CHP,42036,26.02,2,7,
1969,12 Ekim 1969,10,Balıkesir,AP,124138,56.3,7,10,
1969,12 Ekim 1969,10,Balıkesir,CHP,62144,28.18,3,10,
1969,12 Ekim 1969,11,Bilecik,AP,24264,55.35,1,2,
1969,12 Ekim 1969,11,Bilecik,CHP,14066,32.08,1,2,
1969,12 Ekim 1969,12,Bingöl,Bağımsız,20741,42.13,1,2,
1969,12 Ekim 1969,12,Bingöl,Diğer,11987,24.35,1,2,
1969,12 Ekim 1969,13,Bitlis,AP,18607,41.95,1,2,
1969,12 Ekim 1969,13,Bitlis,CHP,14295,32.23,1,2,
1969,12 Ekim 1969,14,Bolu,AP,71796,58.1,4,5,
1969,12 Ekim 1969,14,Bolu,CHP,30060,24.32,1,5,
1969,12 Ekim 1969,15,Burdur,AP,26586,50.03,2,3,
1969,12 Ekim 1969,15,Burdur,CHP,15161,28.53,1,3,
1969,12 Ekim 1969,16,Bursa,AP,163706,64.32,8,11,
1969,12 Ekim 1969,16,Bursa,CHP,63515,24.95,3,11,
1969,12 Ekim 1969,17,Çanakkale,AP,70625,58.16,4,5,
1969,12 Ekim 1969,17,Çanakkale,CHP,32745,26.96,1,5,
1969,12 Ekim 1969,18,Çankırı,AP,37903,52.73,3,4,
1969,12 Ekim 1969,18,Çankırı,CHP,10974,15.27,1,4,
1969,12 Ekim 1969,19,Çorum,AP,64550,46.59,5,7,
1969,12 Ekim 1969,19,Çorum,CHP,24540,17.71,1,7,
1969,12 Ekim 1969,19,Çorum,Diğer,40009,28.88,1,7,
1969,12 Ekim 1969,20,Denizli,AP,72377,55.05,5,7,
1969,12 Ekim 1969,20,Denizli,CHP,38607,29.36,2,7,
1969,12 Ekim 1969,21,Diyarbakır,AP,42934,35.48,4,7,
1969,12 Ekim 1969,21,Diyarbakır,Bağımsız,19801,16.36,1,7,
1969,12 Ekim 1969,21,Diyarbakır,Diğer,45789,37.84,2,7,
1969,12 Ekim 1969,22,Edirne,AP,43544,50.76,3,4,
1969,12 Ekim 1969,22,Edirne,CHP,28140,32.8,1,4,
1969,12 Ekim 1969,23,Elazığ,AP,28346,35.12,2,5,
1969,12 Ekim 1969,23,Elazığ,CHP,21661,26.84,2,5,
1969,12 Ekim 1969,23,Elazığ,Bağımsız,12812,15.87,1,5,
1969,12 Ekim 1969,24,Erzincan,AP,29084,42.2,2,4,
1969,12 Ekim 1969,24,Erzincan,CHP,20907,30.33,2,4,
1969,12 Ekim 1969,25,Erzurum,AP,97622,55.7,7,9,
1969,12 Ekim 1969,25,Erzurum,CHP,38529,21.98,2,9,
1969,12 Ekim 1969,26,Eskişehir,AP,73798,57.78,4,6,
1969,12 Ekim 1969,26,Eskişehir,CHP,33558,26.28,2,6,
1969,12 Ekim 1969,27,Gaziantep,AP,51216,35.03,3,7,
1969,12 Ekim 1969,27,Gaziantep,CHP,49123,33.59,3,7,
1969,12 Ekim 1969,27,Gaziantep,CGP,16823,11.5,1,7,
1969,12 Ekim 1969,28,Giresun,AP,47480,40.15,4,6,
1969,12 Ekim 1969,28,Giresun,CHP,27581,23.32,2,6,
1969,12 Ekim 1969,29,Gümüşhane,AP,29095,37.26,2,4,
1969,12 Ekim 1969,29,Gümüşhane,CHP,23897,30.6,2,4,
1969,12 Ekim 1969,30,Hakkari,CGP,10339,37.13,1,1,
1969,12 Ekim 1969,31,Hatay,AP,54411,39.46,3,7,
1969,12 Ekim 1969,31,Hatay,CHP,41450,30.06,3,7,
1969,12 Ekim 1969,31,Hatay,Bağımsız,23116,16.77,1,7,
1969,12 Ekim 1969,32,Isparta,AP,64465,81.37,4,4,
1969,12 Ekim 1969,33,Mersin,AP,69183,48.11,4,7,
1969,12 Ekim 1969,33,Mersin,CHP,44155,30.71,3,7,
1969,12 Ekim 1969,34,İstanbul,AP,286841,47.78,17,33,
1969,12 Ekim 1969,34,İstanbul,CHP,203309,33.87,12,33,
1969,12 Ekim 1969,34,İstanbul,Diğer,88546,14.75,4,33,
1969,12 Ekim 1969,35,İzmir,AP,206198,53.24,11,18,
1969,12 Ekim 1969,35,İzmir,CHP,136071,35.14,7,18,
1969,12 Ekim 1969,36,Kars,AP,67614,42.94,5,9,
1969,12 Ekim 1969,36,Kars,CHP,52368,33.26,4,9,
1969,12 Ekim 1969,37,Kastamonu,AP,65805,50.54,4,6,
1969,12 Ekim 1969,37,Kastamonu,CHP,29520,22.67,1,6,
1969,12 Ekim 1969,37,Kastamonu,CGP,16685,12.81,1,6,
1969,12 Ekim 1969,38,Kayseri,AP,74107,48.25,4,8,
1969,12 Ekim 1969,38,Kayseri,CHP,30020,19.55,2,8,
1969,12 Ekim 1969,38,Kayseri,CGP,37825,24.63,2,8,
1969,12 Ekim 1969,39,Kırklareli,AP,33554,47.34,3,4,
1969,12 Ekim 1969,39,Kırklareli,CHP,21704,30.62,1,4,
1969,12 Ekim 1969,40,Kırşehir,AP,14493,28.05,1,3,
1969,12 Ekim 1969,40,Kırşehir,CHP,11934,23.1,1,3,
1969,12 Ekim 1969,40,Kırşehir,Diğer,23140,44.78,1,3,
1969,12 Ekim 1969,41,Kocaeli,AP,52671,52.35,3,4,
1969,12 Ekim 1969,41,Kocaeli,CHP,33194,32.99,1,4,
1969,12 Ekim 1969,42,Konya,AP,144151,49.58,9,16,
1969,12 Ekim 1969,42,Konya,CHP,63170,21.73,4,16,
1969,12 Ekim 1969,42,Konya,CGP,31139,10.71,2,16,
1969,12 Ekim 1969,42,Konya,Bağımsız,22926,7.88,1,16,
1969,12 Ekim 1969,43,Kütahya,AP,72406,61.05,5,6,
1969,12 Ekim 1969,43,Kütahya,CHP,25440,21.45,1,6,
1969,12 Ekim 1969,44,Malatya,AP,19171,14.46,1,6,
1969,12 Ekim 1969,44,Malatya,CHP,54874,41.38,3,6,
1969,12 Ekim 1969,44,Malatya,Bağımsız,26647,20.09,1,6,
1969,12 Ekim 1969,44,Malatya,Diğer,28858,21.76,1,6,
1969,12 Ekim 1969,45,Manisa,AP,130828,57.79,8,11,
1969,12 Ekim 1969,45,Manisa,CHP,63356,27.99,3,11,
1969,12 Ekim 1969,46,Kahramanmaraş,AP,38419,32.01,3,6,
1969,12 Ekim 1969,46,Kahramanmaraş,CHP,21126,17.6,2,6,
1969,12 Ekim 1969,46,Kahramanmaraş,Bağımsız,38319,31.93,1,6,
1969,12 Ekim 1969,47,Mardin,AP,38296,27.82,2,6,
1969,12 Ekim 1969,47,Mardin,CHP,16558,12.03,1,6,
1969,12 Ekim 1969,47,Mardin,Bağımsız,53642,38.97,2,6,
1969,12 Ekim 1969,47,Mardin,Diğer,18107,13.15,1,6,
1969,12 Ekim 1969,48,Muğla,AP,61482,56.44,3,5,
1969,12 Ekim 1969,48,Muğla,CHP,32340,29.69,2,5,
1969,12 Ekim 1969,49,Muş,CHP,10419,16.85,1,3,
1969,12 Ekim 1969,49,Muş,Bağımsız,30440,49.23,1,3,
1969,12 Ekim 1969,49,Muş,Diğer,11372,18.39,1,3,
1969,12 Ekim 1969,50,Nevşehir,AP,30639,53.45,2,3,
1969,12 Ekim 1969,50,Nevşehir,CHP,11422,19.93,1,3,
1969,12 Ekim 1969,51,Niğde,AP,45520,46.02,3,5,
1969,12 Ekim 1969,51,Niğde,CHP,24853,25.13,2,5,
1969,12 Ekim 1969,52,Ordu,AP,43262,30.05,4,8,
1969,12 Ekim 1969,52,Ordu,CHP,47521,33.01,4,8,
1969,12 Ekim 1969,53,Rize,AP,45396,52.87,3,4,
1969,12 Ekim 1969,53,Rize,CHP,24979,29.09,1,4,
1969,12 Ekim 1969,54,Sakarya,AP,64263,53.5,4,6,
1969,12 Ekim 1969,54,Sakarya,CHP,34240,28.5,2,6,
1969,12 Ekim 1969,55,Samsun,AP,114073,49.71,6,11,
1969,12 Ekim 1969,55,Samsun,CHP,84191,36.69,5,11,
1969,12 Ekim 1969,56,Siirt,AP,19225,25.33,1,4,
1969,12 Ekim 1969,56,Siirt,CHP,14069,18.54,1,4,
1969,12 Ekim 1969,56,Siirt,CGP,11839,15.6,1,4,
1969,12 Ekim 1969,56,Siirt,Diğer,19681,25.93,1,4,
1969,12 Ekim 1969,57,Sinop,AP,24817,37.19,2,4,
1969,12 Ekim 1969,57,Sinop,CHP,17972,26.93,1,4,
1969,12 Ekim 1969,57,Sinop,Diğer,20030,30.02,1,4,
1969,12 Ekim 1969,58,Sivas,AP,53326,29.29,4,10,
1969,12 Ekim 1969,58,Sivas,CHP,56091,30.81,4,10,
1969,12 Ekim 1969,58,Sivas,Diğer,57990,31.86,2,10,
1969,12 Ekim 1969,59,Tekirdağ,AP,40970,48.54,2,4,
1969,12 Ekim 1969,59,Tekirdağ,CHP,20897,24.76,1,4,
1969,12 Ekim 1969,59,Tekirdağ,CGP,17030,20.18,1,4,
1969,12 Ekim 1969,60,Tokat,AP,55206,34.85,3,7,
1969,12 Ekim 1969,60,Tokat,CHP,27909,17.62,1,7,
1969,12 Ekim 1969,60,Tokat,CGP,14406,9.09,1,7,
1969,12 Ekim 1969,60,Tokat,Bağımsız,22181,14.0,1,7,
1969,12 Ekim 1969,60,Tokat,Diğer,38710,24.44,1,7,
1969,12 Ekim 1969,61,Trabzon,AP,78390,48.6,5,9,
1969,12 Ekim 1969,61,Trabzon,CHP,55668,34.51,4,9,
1969,12 Ekim 1969,62,Tunceli,AP,9972,23.31,1,2,
1969,12 Ekim 1969,62,Tunceli,CHP,8080,18.88,1,2,
1969,12 Ekim 1969,63,Şanlıurfa,AP,55992,43.51,4,6,
1969,12 Ekim 1969,63,Şanlıurfa,CHP,28904,22.46,2,6,
1969,12 Ekim 1969,64,Uşak,AP,22537,43.49,2,3,
1969,12 Ekim 1969,64,Uşak,CHP,19005,36.68,1,3,
1969,12 Ekim 1969,65,Van,AP,22232,27.24,2,4,
1969,12 Ekim 1969,65,Van,CGP,19276,23.62,1,4,
1969,12 Ekim 1969,65,Van,Bağımsız,13086,16.04,1,4,
1969,12 Ekim 1969,66,Yozgat,AP,51890,41.33,3,6,
1969,12 Ekim 1969,66,Yozgat,CHP,27691,22.06,2,6,
1969,12 Ekim 1969,66,Yozgat,Diğer,28604,22.78,1,6,
1969,12 Ekim 1969,67,Zonguldak,AP,122058,55.57,6,9,
1969,12 Ekim 1969,67,Zonguldak,CHP,67420,30.69,3,9,
1965,10 Ekim 1965,1,Adana,AP,133799,53.95,7,12,
1965,10 Ekim 1965,1,Adana,CHP,88229,35.58,4,12,
1965,10 Ekim 1965,1,Adana,Diğer,14063,5.67,1,12,
1965,10 Ekim 1965,2,Adıyaman,AP,29309,41.79,2,4,
1965,10 Ekim 1965,2,Adıyaman,CHP,18711,26.68,1,4,
1965,10 Ekim 1965,2,Adıyaman,YTP61,8437,12.03,1,4,
1965,10 Ekim 1965,3,Afyonkarahisar,AP,91565,62.31,4,7,
1965,10 Ekim 1965,3,Afyonkarahisar,CHP,27206,18.51,1,7,
1965,10 Ekim 1965,3,Afyonkarahisar,MP62,16828,11.45,1,7,
1965,10 Ekim 1965,3,Afyonkarahisar,Diğer,8632,5.87,1,7,
1965,10 Ekim 1965,4,Ağrı,AP,14746,20.86,1,3,
1965,10 Ekim 1965,4,Ağrı,YTP61,30270,42.83,1,3,
1965,10 Ekim 1965,4,Ağrı,Diğer,11819,16.72,1,3,
1965,10 Ekim 1965,5,Amasya,AP,38687,42.45,2,4,
1965,10 Ekim 1965,5,Amasya,CHP,18743,20.56,1,4,
1965,10 Ekim 1965,5,Amasya,MP62,19715,21.63,1,4,
1965,10 Ekim 1965,6,Ankara,AP,218821,46.53,10,21,
1965,10 Ekim 1965,6,Ankara,CHP,141919,30.18,6,21,
1965,10 Ekim 1965,6,Ankara,MP62,66813,14.21,3,21,
1965,10 Ekim 1965,6,Ankara,Diğer,35418,7.53,2,21,
1965,10 Ekim 1965,7,Antalya,AP,92690,66.58,5,7,
1965,10 Ekim 1965,7,Antalya,CHP,35808,25.72,2,7,
1965,10 Ekim 1965,8,Artvin,AP,36983,60.84,2,3,
1965,10 Ekim 1965,8,Artvin,CHP,23375,38.45,1,3,
1965,10 Ekim 1965,9,Aydın,AP,130247,72.3,6,8,
1965,10 Ekim 1965,9,Aydın,CHP,37771,20.97,2,8,
1965,10 Ekim 1965,10,Balıkesir,AP,152847,62.87,7,11,
1965,10 Ekim 1965,10,Balıkesir,CHP,69040,28.4,3,11,
1965,10 Ekim 1965,10,Balıkesir,MP62,8406,3.46,1,11,
1965,10 Ekim 1965,11,Bilecik,AP,29793,56.91,1,2,
1965,10 Ekim 1965,11,Bilecik,CHP,16315,31.17,1,2,
1965,10 Ekim 1965,12,Bingöl,CHP,13942,35.68,1,2,
1965,10 Ekim 1965,12,Bingöl,YTP61,12079,30.91,1,2,
1965,10 Ekim 1965,13,Bitlis,AP,18644,49.22,1,2,
1965,10 Ekim 1965,13,Bitlis,CHP,6608,17.45,1,2,
1965,10 Ekim 1965,14,Bolu,AP,79537,59.25,4,6,
1965,10 Ekim 1965,14,Bolu,CHP,29921,22.29,1,6,
1965,10 Ekim 1965,14,Bolu,MP62,11265,8.39,1,6,
1965,10 Ekim 1965,15,Burdur,AP,26944,52.05,2,3,
1965,10 Ekim 1965,15,Burdur,CHP,18975,36.66,1,3,
1965,10 Ekim 1965,16,Bursa,AP,189515,68.57,8,11,
1965,10 Ekim 1965,16,Bursa,CHP,63891,23.12,3,11,
1965,10 Ekim 1965,17,Çanakkale,AP,75863,63.38,3,5,
1965,10 Ekim 1965,17,Çanakkale,CHP,32099,26.82,2,5,
1965,10 Ekim 1965,18,Çankırı,AP,44151,56.41,2,4,
1965,10 Ekim 1965,18,Çankırı,CHP,12546,16.03,1,4,
1965,10 Ekim 1965,18,Çankırı,MP62,15603,19.94,1,4,
1965,10 Ekim 1965,19,Çorum,AP,73486,50.71,4,7,
1965,10 Ekim 1965,19,Çorum,CHP,35066,24.2,2,7,
1965,10 Ekim 1965,19,Çorum,MP62,18456,12.74,1,7,
1965,10 Ekim 1965,20,Denizli,AP,86887,61.2,4,7,
1965,10 Ekim 1965,20,Denizli,CHP,44929,31.65,2,7,
1965,10 Ekim 1965,20,Denizli,Diğer,3523,2.48,1,7,
1965,10 Ekim 1965,21,Diyarbakır,AP,31936,28.83,2,7,
1965,10 Ekim 1965,21,Diyarbakır,CHP,25695,23.2,2,7,
1965,10 Ekim 1965,21,Diyarbakır,YTP61,25599,23.11,2,7,
1965,10 Ekim 1965,21,Diyarbakır,Diğer,25659,23.17,1,7,
1965,10 Ekim 1965,22,Edirne,AP,53736,56.37,2,4,
1965,10 Ekim 1965,22,Edirne,CHP,29180,30.61,1,4,
1965,10 Ekim 1965,22,Edirne,MP62,6309,6.62,1,4,
1965,10 Ekim 1965,23,Elazığ,AP,38111,48.65,3,5,
1965,10 Ekim 1965,23,Elazığ,CHP,31014,39.59,2,5,
1965,10 Ekim 1965,24,Erzincan,AP,31013,43.76,2,4,
1965,10 Ekim 1965,24,Erzincan,CHP,20389,28.77,1,4,
1965,10 Ekim 1965,24,Erzincan,YTP61,2774,3.91,1,4,
1965,10 Ekim 1965,25,Erzurum,AP,95875,55.81,5,9,
1965,10 Ekim 1965,25,Erzurum,CHP,43854,25.53,2,9,
1965,10 Ekim 1965,25,Erzurum,MP62,13265,7.72,1,9,
1965,10 Ekim 1965,25,Erzurum,YTP61,10197,5.94,1,9,
1965,10 Ekim 1965,26,Eskişehir,AP,81711,59.56,4,6,
1965,10 Ekim 1965,26,Eskişehir,CHP,36873,26.88,2,6,
1965,10 Ekim 1965,27,Gaziantep,AP,76799,51.72,4,7,
1965,10 Ekim 1965,27,Gaziantep,CHP,56133,37.8,3,7,
1965,10 Ekim 1965,28,Giresun,AP,71686,54.95,3,6,
1965,10 Ekim 1965,28,Giresun,CHP,39780,30.49,2,6,
1965,10 Ekim 1965,28,Giresun,MP62,6869,5.27,1,6,
1965,10 Ekim 1965,29,Gümüşhane,AP,32983,41.07,2,4,
1965,10 Ekim 1965,29,Gümüşhane,CHP,23011,28.65,1,4,
1965,10 Ekim 1965,29,Gümüşhane,YTP61,5706,7.1,1,4,
1965,10 Ekim 1965,30,Hakkari,YTP61,13710,55.11,1,1,
1965,10 Ekim 1965,31,Hatay,AP,66956,57.48,4,7,
1965,10 Ekim 1965,31,Hatay,CHP,36342,31.2,2,7,
1965,10 Ekim 1965,31,Hatay,Diğer,7083,6.08,1,7,
1965,10 Ekim 1965,32,Isparta,AP,48868,63.8,2,4,
1965,10 Ekim 1965,32,Isparta,CHP,17640,23.03,1,4,
1965,10 Ekim 1965,32,Isparta,YTP61,10086,13.17,1,4,
1965,10 Ekim 1965,33,Mersin,AP,89569,59.55,4,7,
1965,10 Ekim 1965,33,Mersin,CHP,48358,32.15,2,7,
1965,10 Ekim 1965,33,Mersin,MP62,6265,4.17,1,7,
1965,10 Ekim 1965,34,İstanbul,AP,331447,53.16,16,31,
1965,10 Ekim 1965,34,İstanbul,CHP,185479,29.75,9,31,
1965,10 Ekim 1965,34,İstanbul,MP62,30471,4.89,2,31,
1965,10 Ekim 1965,34,İstanbul,Diğer,70358,11.28,4,31,
1965,10 Ekim 1965,35,İzmir,AP,251189,62.18,11,17,
1965,10 Ekim 1965,35,İzmir,CHP,120337,29.79,5,17,
1965,10 Ekim 1965,35,İzmir,Diğer,20961,5.19,1,17,
1965,10 Ekim 1965,36,Kars,AP,58361,37.32,3,9,
1965,10 Ekim 1965,36,Kars,CHP,53706,34.34,3,9,
1965,10 Ekim 1965,36,Kars,YTP61,15169,9.7,2,9,
1965,10 Ekim 1965,36,Kars,Diğer,24626,15.75,1,9,
1965,10 Ekim 1965,37,Kastamonu,AP,90738,61.49,4,7,
1965,10 Ekim 1965,37,Kastamonu,CHP,29315,19.86,1,7,
1965,10 Ekim 1965,37,Kastamonu,MP62,14385,9.75,1,7,
1965,10 Ekim 1965,37,Kastamonu,Diğer,8246,5.59,1,7,
1965,10 Ekim 1965,38,Kayseri,AP,91769,54.26,4,8,
1965,10 Ekim 1965,38,Kayseri,CHP,58025,34.31,3,8,
1965,10 Ekim 1965,38,Kayseri,MP62,10530,6.23,1,8,
1965,10 Ekim 1965,39,Kırklareli,AP,53104,60.62,3,4,
1965,10 Ekim 1965,39,Kırklareli,CHP,27123,30.96,1,4,
1965,10 Ekim 1965,40,Kırşehir,AP,14074,24.87,1,3,
1965,10 Ekim 1965,40,Kırşehir,CHP,10912,19.29,1,3,
1965,10 Ekim 1965,40,Kırşehir,MP62,28766,50.84,1,3,
1965,10 Ekim 1965,41,Kocaeli,AP,58931,55.49,3,5,
1965,10 Ekim 1965,41,Kocaeli,CHP,31622,29.78,2,5,
1965,10 Ekim 1965,42,Konya,AP,169612,54.17,9,16,
1965,10 Ekim 1965,42,Konya,CHP,78308,25.01,4,16,
1965,10 Ekim 1965,42,Konya,MP62,29389,9.39,2,16,
1965,10 Ekim 1965,42,Konya,Diğer,30851,9.85,1,16,
1965,10 Ekim 1965,43,Kütahya,AP,81850,63.68,4,6,
1965,10 Ekim 1965,43,Kütahya,CHP,25059,19.5,1,6,
1965,10 Ekim 1965,43,Kütahya,MP62,14187,11.04,1,6,
1965,10 Ekim 1965,44,Malatya,AP,38350,31.03,2,6,
1965,10 Ekim 1965,44,Malatya,CHP,63310,51.23,3,6,
1965,10 Ekim 1965,44,Malatya,Diğer,14049,11.37,1,6,
1965,10 Ekim 1965,45,Manisa,AP,160713,65.2,7,11,
1965,10 Ekim 1965,45,Manisa,CHP,61760,25.06,3,11,
1965,10 Ekim 1965,45,Manisa,MP62,15553,6.31,1,11,
1965,10 Ekim 1965,46,Kahramanmaraş,AP,55640,48.16,3,6,
1965,10 Ekim 1965,46,Kahramanmaraş,CHP,27609,23.9,2,6,
1965,10 Ekim 1965,46,Kahramanmaraş,MP62,11329,9.81,1,6,
1965,10 Ekim 1965,47,Mardin,AP,26828,22.65,1,6,
1965,10 Ekim 1965,47,Mardin,CHP,26611,22.47,2,6,
1965,10 Ekim 1965,47,Mardin,YTP61,14567,12.3,1,6,
1965,10 Ekim 1965,47,Mardin,Diğer,50439,42.58,2,6,
1965,10 Ekim 1965,48,Muğla,AP,67805,61.94,3,5,
1965,10 Ekim 1965,48,Muğla,CHP,35586,32.51,2,5,
1965,10 Ekim 1965,49,Muş,AP,10149,18.29,1,3,
1965,10 Ekim 1965,49,Muş,CHP,10615,19.13,1,3,
1965,10 Ekim 1965,49,Muş,Diğer,22728,40.97,1,3,
1965,10 Ekim 1965,50,Nevşehir,AP,28660,47.32,1,3,
1965,10 Ekim 1965,50,Nevşehir,CHP,15497,25.59,1,3,
1965,10 Ekim 1965,50,Nevşehir,MP62,16408,27.09,1,3,
1965,10 Ekim 1965,51,Niğde,AP,47080,45.61,2,5,
1965,10 Ekim 1965,51,Niğde,CHP,26228,25.41,1,5,
1965,10 Ekim 1965,51,Niğde,MP62,11135,10.79,1,5,
1965,10 Ekim 1965,51,Niğde,Diğer,14423,13.97,1,5,
1965,10 Ekim 1965,52,Ordu,AP,79845,53.2,4,8,
1965,10 Ekim 1965,52,Ordu,CHP,54275,36.16,3,8,
1965,10 Ekim 1965,52,Ordu,YTP61,5783,3.85,1,8,
1965,10 Ekim 1965,53,Rize,AP,51530,62.28,3,4,
1965,10 Ekim 1965,53,Rize,CHP,18692,22.59,1,4,
1965,10 Ekim 1965,54,Sakarya,AP,71625,57.28,4,6,
1965,10 Ekim 1965,54,Sakarya,CHP,26334,21.06,1,6,
1965,10 Ekim 1965,54,Sakarya,YTP61,13159,10.52,1,6,
1965,10 Ekim 1965,55,Samsun,AP,130874,55.96,6,11,
1965,10 Ekim 1965,55,Samsun,CHP,73031,31.23,4,11,
1965,10 Ekim 1965,55,Samsun,MP62,18019,7.7,1,11,
1965,10 Ekim 1965,56,Siirt,AP,22310,36.66,2,4,
1965,10 Ekim 1965,56,Siirt,CHP,21798,35.82,1,4,
1965,10 Ekim 1965,56,Siirt,YTP61,8995,14.78,1,4,
1965,10 Ekim 1965,57,Sinop,AP,26742,34.7,1,4,
1965,10 Ekim 1965,57,Sinop,CHP,20763,26.94,1,4,
1965,10 Ekim 1965,57,Sinop,MP62,11660,15.13,1,4,
1965,10 Ekim 1965,57,Sinop,Diğer,17905,23.23,1,4,
1965,10 Ekim 1965,58,Sivas,AP,82060,39.44,4,11,
1965,10 Ekim 1965,58,Sivas,CHP,69172,33.25,4,11,
1965,10 Ekim 1965,58,Sivas,MP62,14683,7.06,1,11,
1965,10 Ekim 1965,58,Sivas,YTP61,10318,4.96,1,11,
1965,10 Ekim 1965,58,Sivas,Diğer,31805,15.29,1,11,
1965,10 Ekim 1965,59,Tekirdağ,AP,54100,58.77,2,4,
1965,10 Ekim 1965,59,Tekirdağ,CHP,30206,32.81,1,4,
1965,10 Ekim 1965,59,Tekirdağ,Diğer,4003,4.35,1,4,
1965,10 Ekim 1965,60,Tokat,AP,75494,49.96,4,7,
1965,10 Ekim 1965,60,Tokat,CHP,55329,36.62,3,7,
1965,10 Ekim 1965,61,Trabzon,AP,90380,53.84,5,9,
1965,10 Ekim 1965,61,Trabzon,CHP,62789,37.4,3,9,
1965,10 Ekim 1965,61,Trabzon,MP62,10747,6.4,1,9,
1965,10 Ekim 1965,62,Tunceli,AP,10985,26.85,1,2,
1965,10 Ekim 1965,62,Tunceli,CHP,13705,33.5,1,2,
1965,10 Ekim 1965,63,Şanlıurfa,AP,41486,34.91,3,7,
1965,10 Ekim 1965,63,Şanlıurfa,CHP,36307,30.55,2,7,
1965,10 Ekim 1965,63,Şanlıurfa,YTP61,10833,9.12,1,7,
1965,10 Ekim 1965,63,Şanlıurfa,Diğer,30215,25.42,1,7,
1965,10 Ekim 1965,64,Uşak,AP,31187,55.13,2,3,
1965,10 Ekim 1965,64,Uşak,CHP,18737,33.12,1,3,
1965,10 Ekim 1965,65,Van,AP,21585,30.22,1,4,
1965,10 Ekim 1965,65,Van,CHP,32276,45.18,2,4,
1965,10 Ekim 1965,65,Van,YTP61,14067,19.69,1,4,
1965,10 Ekim 1965,66,Yozgat,AP,53761,40.07,2,6,
1965,10 Ekim 1965,66,Yozgat,CHP,34689,25.85,2,6,
1965,10 Ekim 1965,66,Yozgat,MP62,29514,22.0,1,6,
1965,10 Ekim 1965,66,Yozgat,Diğer,13233,9.86,1,6,
1965,10 Ekim 1965,67,Zonguldak,AP,145975,65.59,6,9,
1965,10 Ekim 1965,67,Zonguldak,CHP,54706,24.58,2,9,
1965,10 Ekim 1965,67,Zonguldak,MP62,8935,4.01,1,9,
