secim,tarih,il_plaka,il_adi,aday,parti,oy,oran,kazandi_mi
2024yerel,31 Mart 2024,2,Adıyaman,ABDURRAHMAN TUTDERE,CHP,51299,54.71,EVET
2024yerel,31 Mart 2024,2,Adıyaman,ZİYA POLAT,AK Parti,28285,30.17,
2024yerel,31 Mart 2024,2,Adıyaman,NAZİF ATALAY,YENİDEN REFAH,14173,15.12,
2024yerel,31 Mart 2024,8,Artvin,BİLGEHAN ERDEM,CHP,6475,47.61,EVET
2024yerel,31 Mart 2024,8,Artvin,MEHMET KOCATEPE,AK Parti,6262,46.05,
2024yerel,31 Mart 2024,8,Artvin,DEMİRHAN ELÇİN,İYİ Parti,862,6.34,
2024yerel,31 Mart 2024,4,Ağrı,HAZAL ARAS,DEM Parti,25374,57.07,EVET
2024yerel,31 Mart 2024,4,Ağrı,MEHMET SALİH AYDIN,AK Parti,16747,37.67,
2024yerel,31 Mart 2024,4,Ağrı,MEHMETŞAFİ ERİM,YENİDEN REFAH,2341,5.27,
2024yerel,31 Mart 2024,5,Amasya,TURGAY SEVİNDİ,CHP,27352,45.3,EVET
2024yerel,31 Mart 2024,5,Amasya,MEHMET UYANIK,AK Parti,18405,30.48,
2024yerel,31 Mart 2024,5,Amasya,BAYRAM ÇELİK,MHP,14618,24.21,
2024yerel,31 Mart 2024,6,Ankara,MANSUR YAVAŞ,CHP,1999281,63.45,EVET
2024yerel,31 Mart 2024,6,Ankara,TURGUT ALTINOK,AK Parti,1048076,33.26,
2024yerel,31 Mart 2024,6,Ankara,SUAT KILIÇ,YENİDEN REFAH,103682,3.29,
2024yerel,31 Mart 2024,9,Aydın,ÖZLEM ÇERÇİOĞLU,CHP,344003,55.21,EVET
2024yerel,31 Mart 2024,9,Aydın,MUSTAFA SAVAŞ,AK Parti,250019,40.12,
2024yerel,31 Mart 2024,9,Aydın,ÖZER KAYALI,İYİ Parti,29089,4.67,
2024yerel,31 Mart 2024,69,Bayburt,METE MEMİŞ,AK Parti,7344,46.0,EVET
2024yerel,31 Mart 2024,69,Bayburt,HÜKMÜ PEKMEZCİ,MHP,7118,44.58,
2024yerel,31 Mart 2024,69,Bayburt,MUSTAFA GÜNCAN,YENİDEN REFAH,1504,9.42,
2024yerel,31 Mart 2024,1,Adana,ZEYDAN KARALAR,CHP,550531,51.97,EVET
2024yerel,31 Mart 2024,1,Adana,FATİH MEHMET KOCAİSPİR,AK Parti,442486,41.77,
2024yerel,31 Mart 2024,1,Adana,MAHFUZ GÜLERYÜZ,DEM Parti,66221,6.25,
2024yerel,31 Mart 2024,75,Ardahan,FARUK DEMİR,CHP,5049,47.29,EVET
2024yerel,31 Mart 2024,75,Ardahan,YUNUS BAYDAR,AK Parti,4875,45.66,
2024yerel,31 Mart 2024,75,Ardahan,HALİL KAÇAR,DEVA,752,7.04,
2024yerel,31 Mart 2024,68,Aksaray,EVREN DİNÇER,AK Parti,42769,42.92,EVET
2024yerel,31 Mart 2024,68,Aksaray,İRFAN ÇITAK,MHP,33331,33.45,
2024yerel,31 Mart 2024,68,Aksaray,MUSTAFA TUĞRUL KARACAER,İYİ Parti,23541,23.63,
2024yerel,31 Mart 2024,3,Afyonkarahisar,BURCU KÖKSAL,CHP,68072,54.3,EVET
2024yerel,31 Mart 2024,3,Afyonkarahisar,HÜSEYİN CEYLAN ULUÇAY,AK Parti,42703,34.06,
2024yerel,31 Mart 2024,3,Afyonkarahisar,SEZER KÜÇÜKKURT,MHP,14590,11.64,
2024yerel,31 Mart 2024,15,Burdur,ALİ ORKUN ERCENGİZ,CHP,23007,50.01,EVET
2024yerel,31 Mart 2024,15,Burdur,MEHMET ŞİMŞEK,AK Parti,21324,46.35,
2024yerel,31 Mart 2024,15,Burdur,NAMIK KEMAL ÖZKAN,İYİ Parti,1671,3.63,
2024yerel,31 Mart 2024,7,Antalya,MUHİTTİN BÖCEK,CHP,706877,53.04,EVET
2024yerel,31 Mart 2024,7,Antalya,HAKAN TÜTÜNCÜ,AK Parti,580891,43.58,
2024yerel,31 Mart 2024,7,Antalya,KEMAL BÜLBÜL,DEM Parti,45070,3.38,
2024yerel,31 Mart 2024,11,Bilecik,MELEK MIZRAK SUBAŞI,CHP,17447,53.93,EVET
2024yerel,31 Mart 2024,11,Bilecik,MUSTAFA YAMAN,AK Parti,12328,38.11,
2024yerel,31 Mart 2024,11,Bilecik,CAFER ARSLANBOĞA,YENİDEN REFAH,2575,7.96,
2024yerel,31 Mart 2024,12,Bingöl,ERDAL ARIKAN,AK Parti,15593,41.71,EVET
2024yerel,31 Mart 2024,12,Bingöl,AYDIN BÜRÇÜN,DEM Parti,11965,32.01,
2024yerel,31 Mart 2024,12,Bingöl,MEHMET ZİYA BUYANKARA,YENİDEN REFAH,9823,26.28,
2024yerel,31 Mart 2024,72,Batman,GÜLÜSTAN SÖNÜK,DEM Parti,122143,69.66,EVET
2024yerel,31 Mart 2024,72,Batman,SERKAN RAMANLI,HÜDAPAR,29698,16.94,
2024yerel,31 Mart 2024,72,Batman,ADİL SEBATİ CEYLAN,AK Parti,23511,13.41,
2024yerel,31 Mart 2024,10,Balıkesir,AHMET AKIN,CHP,407306,53.97,EVET
2024yerel,31 Mart 2024,10,Balıkesir,YÜCEL YILMAZ,AK Parti,323123,42.81,
2024yerel,31 Mart 2024,10,Balıkesir,TURHAN ÇÖMEZ,İYİ Parti,24302,3.22,
2024yerel,31 Mart 2024,74,Bartın,MUHAMMET RIZA YALÇINKAYA,CHP,22383,55.43,EVET
2024yerel,31 Mart 2024,74,Bartın,HÜSEYİN FAHRİ FIRINCIOĞLU,MHP,15978,39.57,
2024yerel,31 Mart 2024,74,Bartın,FARUK TUTKUN,YENİDEN REFAH,2017,5.0,
2024yerel,31 Mart 2024,81,Düzce,FARUK ÖZLÜ,AK Parti,41233,48.24,EVET
2024yerel,31 Mart 2024,81,Düzce,DAVUT GÜLOĞLU,YENİDEN REFAH,30524,35.71,
2024yerel,31 Mart 2024,81,Düzce,SEDAT ÇELİKEL,CHP,13711,16.04,
2024yerel,31 Mart 2024,13,Bitlis,NESRULLAH TANĞLAY,AK Parti,8900,45.9,EVET
2024yerel,31 Mart 2024,13,Bitlis,MEHMET NEZİR KARABAŞ,DEM Parti,8702,44.88,
2024yerel,31 Mart 2024,13,Bitlis,CELALETTİN MERMER,YENİDEN REFAH,1786,9.21,
2024yerel,31 Mart 2024,14,Bolu,TANJU ÖZCAN,CHP,53881,56.35,EVET
2024yerel,31 Mart 2024,14,Bolu,MUHAMMED EMİN DEMİRKOL,AK Parti,29371,30.72,
2024yerel,31 Mart 2024,14,Bolu,İLHAN DURAK,MHP,12359,12.93,
2024yerel,31 Mart 2024,16,Bursa,MUSTAFA BOZBEY,CHP,860490,52.38,EVET
2024yerel,31 Mart 2024,16,Bursa,ALİNUR AKTAŞ,AK Parti,693031,42.19,
2024yerel,31 Mart 2024,16,Bursa,SEDAT YALÇIN,YENİDEN REFAH,89194,5.43,
2024yerel,31 Mart 2024,17,Çanakkale,MUHARREM ERKEK,CHP,31058,41.85,EVET
2024yerel,31 Mart 2024,17,Çanakkale,ALAADDİN BURAK KUNT,İYİ Parti,28861,38.89,
2024yerel,31 Mart 2024,17,Çanakkale,JÜLİDE İSKENDEROĞLU,AK Parti,14291,19.26,
2024yerel,31 Mart 2024,18,Çankırı,İSMAİL HAKKI ESEN,MHP,25748,63.81,EVET
2024yerel,31 Mart 2024,18,Çankırı,HÜSEYİN FİLİZ,AK Parti,13445,33.32,
2024yerel,31 Mart 2024,18,Çankırı,İLHAN TEKİN,CHP,1160,2.87,
2024yerel,31 Mart 2024,27,Gaziantep,FATMA ŞAHİN,AK Parti,358590,46.13,EVET
2024yerel,31 Mart 2024,27,Gaziantep,MUZAFFER ERTÜRK,CHP,259679,33.4,
2024yerel,31 Mart 2024,27,Gaziantep,ŞÜKRÜ YILMAZ,YENİDEN REFAH,159158,20.47,
2024yerel,31 Mart 2024,23,Elazığ,ŞAHİN ŞERİFOĞULLARI,AK Parti,65682,50.36,EVET
2024yerel,31 Mart 2024,23,Elazığ,FARUK SEPTİOĞLU,YENİDEN REFAH,36364,27.88,
2024yerel,31 Mart 2024,23,Elazığ,COŞKUN ÇAĞLAR DURAN,CHP,28368,21.75,
2024yerel,31 Mart 2024,22,Edirne,FİLİZ GENCAN AKIN,CHP,46260,49.33,EVET
2024yerel,31 Mart 2024,22,Edirne,BELGİN İBA,AK Parti,42119,44.92,
2024yerel,31 Mart 2024,22,Edirne,HAMDİ SEDEFÇİ,İYİ Parti,5391,5.75,
2024yerel,31 Mart 2024,20,Denizli,BÜLENT NURİ ÇAVUŞOĞLU,CHP,306174,52.52,EVET
2024yerel,31 Mart 2024,20,Denizli,OSMAN ZOLAN,AK Parti,247347,42.43,
2024yerel,31 Mart 2024,20,Denizli,YASİN ÖZTÜRK,İYİ Parti,29435,5.05,
2024yerel,31 Mart 2024,30,Hakkari,MEHMET SIDDIK AKIŞ,DEM Parti,14528,50.47,EVET
2024yerel,31 Mart 2024,30,Hakkari,İSMET ÖLMEZ,AK Parti,13833,48.06,
2024yerel,31 Mart 2024,30,Hakkari,CÜNEYT ÖZBEK,CHP,424,1.47,
2024yerel,31 Mart 2024,19,Çorum,HALİL İBRAHİM AŞGIN,AK Parti,54805,44.08,EVET
2024yerel,31 Mart 2024,19,Çorum,HASAN LEVENT ÇÖPHÜSEYİNOĞLU,CHP,49974,40.2,
2024yerel,31 Mart 2024,19,Çorum,YAŞAR ANAÇ,YENİDEN REFAH,19548,15.72,
2024yerel,31 Mart 2024,21,Diyarbakır,AYŞE SERRA BUCAK KÜÇÜK,DEM Parti,463022,72.61,EVET
2024yerel,31 Mart 2024,21,Diyarbakır,MEHMET HALİS BİLDEN,AK Parti,121571,19.07,
2024yerel,31 Mart 2024,21,Diyarbakır,FARUK DİNÇ,HÜDAPAR,53063,8.32,
2024yerel,31 Mart 2024,24,Erzincan,BEKİR AKSUN,MHP,30217,44.57,EVET
2024yerel,31 Mart 2024,24,Erzincan,YÜKSEL ÇAKIR,Bağımsız,21841,32.21,
2024yerel,31 Mart 2024,24,Erzincan,ÖZGE VATANER ÖZEGE,CHP,15745,23.22,
2024yerel,31 Mart 2024,26,Eskişehir,AYŞE ÜNLÜCE,CHP,275739,55.19,EVET
2024yerel,31 Mart 2024,26,Eskişehir,İDRİS NEBİ HATİPOĞLU,AK Parti,204504,40.93,
2024yerel,31 Mart 2024,26,Eskişehir,MELİH AYDIN,İYİ Parti,19417,3.89,
2024yerel,31 Mart 2024,25,Erzurum,MEHMET SEKMEN,AK Parti,174759,62.71,EVET
2024yerel,31 Mart 2024,25,Erzurum,FATMA CANAN UÇAR,İYİ Parti,76893,27.59,
2024yerel,31 Mart 2024,25,Erzurum,GÜLDEREN VARLİ,DEM Parti,27044,9.7,
2024yerel,31 Mart 2024,28,Giresun,FUAT KÖSE,CHP,35696,57.53,EVET
2024yerel,31 Mart 2024,28,Giresun,AYTEKİN ŞENLİKOĞLU,AK Parti,24615,39.67,
2024yerel,31 Mart 2024,28,Giresun,MESUT AYDIN,YENİDEN REFAH,1741,2.81,
2024yerel,31 Mart 2024,31,Hatay,MEHMET ÖNTÜRK,AK Parti,346060,48.8,EVET
2024yerel,31 Mart 2024,31,Hatay,LÜTFÜ SAVAŞ,CHP,342699,48.33,
2024yerel,31 Mart 2024,31,Hatay,NURİ PARLAK,YENİDEN REFAH,20375,2.87,
2024yerel,31 Mart 2024,78,Karabük,ÖZKAN ÇETİNKAYA,AK Parti,20572,40.71,EVET
2024yerel,31 Mart 2024,78,Karabük,RAFET VERGİLİ,MHP,16039,31.74,
2024yerel,31 Mart 2024,78,Karabük,İSMAİL ÖZER,YENİDEN REFAH,13919,27.55,
2024yerel,31 Mart 2024,46,Kahramanmaraş,FIRAT GÖRGEL,AK Parti,247880,46.58,EVET
2024yerel,31 Mart 2024,46,Kahramanmaraş,MUHAMMED AYDOĞAR,YENİDEN REFAH,195340,36.71,
2024yerel,31 Mart 2024,46,Kahramanmaraş,MUKADDES ZEYNEP ARIKAN,CHP,88947,16.71,
2024yerel,31 Mart 2024,29,Gümüşhane,VEDAT SONER BAŞER,MHP,6690,44.66,EVET
2024yerel,31 Mart 2024,29,Gümüşhane,ERCAN ÇİMEN,AK Parti,6141,41.0,
2024yerel,31 Mart 2024,29,Gümüşhane,BEDRİ AĞAÇ,CHP,2148,14.34,
2024yerel,31 Mart 2024,76,Iğdır,MEHMET NURİ GÜNEŞ,DEM Parti,23196,50.0,EVET
2024yerel,31 Mart 2024,76,Iğdır,ÜLKÜ ÖCAL,AK Parti,20975,45.21,
2024yerel,31 Mart 2024,76,Iğdır,GÜNDÜZ GÜNEŞ,İYİ Parti,2225,4.8,
2024yerel,31 Mart 2024,32,Isparta,ŞÜKRÜ BAŞDEĞİRMEN,AK Parti,54433,51.96,EVET
2024yerel,31 Mart 2024,32,Isparta,ATAKAN YAZGAN,CHP,27386,26.14,
2024yerel,31 Mart 2024,32,Isparta,AHMET TURAL,İYİ Parti,22944,21.9,
2024yerel,31 Mart 2024,35,İzmir,CEMİL TUGAY,CHP,1292118,54.28,EVET
2024yerel,31 Mart 2024,35,İzmir,HAMZA DAĞ,AK Parti,977895,41.08,
2024yerel,31 Mart 2024,35,İzmir,AKIN BİRDAL,DEM Parti,110600,4.65,
2024yerel,31 Mart 2024,34,İstanbul,EKREM İMAMOĞLU,CHP,4432862,54.79,EVET
2024yerel,31 Mart 2024,34,İstanbul,MURAT KURUM,AK Parti,3431588,42.41,
2024yerel,31 Mart 2024,34,İstanbul,MEHMET ALTINÖZ,YENİDEN REFAH,226450,2.8,
2024yerel,31 Mart 2024,70,Karaman,SAVAŞ KALAYCI,MHP,45095,53.93,EVET
2024yerel,31 Mart 2024,70,Karaman,MEVLÜT AKGÜN,AK Parti,22023,26.34,
2024yerel,31 Mart 2024,70,Karaman,RECEP SERTÇELİK,CHP,16502,19.73,
2024yerel,31 Mart 2024,36,Kars,ÖTÜKEN SENGER,MHP,16384,43.91,EVET
2024yerel,31 Mart 2024,36,Kars,KENAN KARAHANCI,DEM Parti,13120,35.17,
2024yerel,31 Mart 2024,36,Kars,DİNDAR GÜLTEKİN,CHP,7805,20.92,
2024yerel,31 Mart 2024,38,Kayseri,MEMDUH BÜYÜKKILIÇ,AK Parti,296495,53.08,EVET
2024yerel,31 Mart 2024,38,Kayseri,ABDULLAH ÖZKIRIŞ,YENİDEN REFAH,151584,27.14,
2024yerel,31 Mart 2024,38,Kayseri,KAZIM YÜCEL,İYİ Parti,110481,19.78,
2024yerel,31 Mart 2024,41,Kocaeli,TAHİR BÜYÜKAKIN,AK Parti,514672,55.62,EVET
2024yerel,31 Mart 2024,41,Kocaeli,ATASOY BİLGİN,CHP,325280,35.15,
2024yerel,31 Mart 2024,41,Kocaeli,DOĞAN AYDAL,YENİDEN REFAH,85337,9.22,
2024yerel,31 Mart 2024,40,Kırşehir,SELAHATTİN EKİCİOĞLU,CHP,37377,56.78,EVET
2024yerel,31 Mart 2024,40,Kırşehir,OSMAN ARSLAN,AK Parti,26462,40.2,
2024yerel,31 Mart 2024,40,Kırşehir,UFUK CENGİZ,İYİ Parti,1994,3.03,
2024yerel,31 Mart 2024,42,Konya,UĞUR İBRAHİM ALTAY,AK Parti,586529,57.69,EVET
2024yerel,31 Mart 2024,42,Konya,MEHMET KÖSEOĞLU,YENİDEN REFAH,278564,27.4,
2024yerel,31 Mart 2024,42,Konya,İSMAİL SONKAYA,CHP,151532,14.91,
2024yerel,31 Mart 2024,43,Kütahya,EYÜP KAHVECİ,CHP,40712,34.27,EVET
2024yerel,31 Mart 2024,43,Kütahya,ALİM IŞIK,MHP,40110,33.76,
2024yerel,31 Mart 2024,43,Kütahya,KAMİL SARAÇOĞLU,AK Parti,37992,31.98,
2024yerel,31 Mart 2024,79,Kilis,HAKAN BİLECEN,CHP,23467,45.14,EVET
2024yerel,31 Mart 2024,79,Kilis,REŞİT POLAT,AK Parti,15250,29.33,
2024yerel,31 Mart 2024,79,Kilis,HASAN KARA,MHP,13274,25.53,
2024yerel,31 Mart 2024,37,Kastamonu,HASAN BALTACI,CHP,31810,53.32,EVET
2024yerel,31 Mart 2024,37,Kastamonu,TAHSİN BABAŞ,AK Parti,23390,39.2,
2024yerel,31 Mart 2024,37,Kastamonu,YÜKSEL AYDIN,MHP,4464,7.48,
2024yerel,31 Mart 2024,39,Kırklareli,DERYA BULUT,MHP,21173,47.08,EVET
2024yerel,31 Mart 2024,39,Kırklareli,MEHMET SİYAM KESİMOĞLU,CHP,20770,46.18,
2024yerel,31 Mart 2024,39,Kırklareli,BUŞRA TAŞKIN,Bağımsız,3029,6.74,
2024yerel,31 Mart 2024,71,Kırıkkale,AHMET ÖNAL,CHP,49681,54.11,EVET
2024yerel,31 Mart 2024,71,Kırıkkale,MEHMET SAYGILI,AK Parti,23062,25.12,
2024yerel,31 Mart 2024,71,Kırıkkale,HARUN ULUSOY,MHP,19064,20.77,
2024yerel,31 Mart 2024,44,Malatya,SAMİ ER,AK Parti,190165,51.21,EVET
2024yerel,31 Mart 2024,44,Malatya,VELİ AĞBABA,CHP,144775,38.98,
2024yerel,31 Mart 2024,44,Malatya,BİLAL YILDIRIM,YENİDEN REFAH,36432,9.81,
2024yerel,31 Mart 2024,47,Mardin,AHMET TÜRK,DEM Parti,218042,64.02,EVET
2024yerel,31 Mart 2024,47,Mardin,ABDULLAH ERİN,AK Parti,105528,30.98,
2024yerel,31 Mart 2024,47,Mardin,İBRAHİM ATMACA,YENİDEN REFAH,17016,5.0,
2024yerel,31 Mart 2024,45,Manisa,FERDİ ZEYREK,CHP,507563,62.27,EVET
2024yerel,31 Mart 2024,45,Manisa,CENGİZ ERGÜN,MHP,264026,32.39,
2024yerel,31 Mart 2024,45,Manisa,GÜRHAN ÖZCAN,İYİ Parti,43557,5.34,
2024yerel,31 Mart 2024,33,Mersin,VAHAP SEÇER,CHP,625102,63.31,EVET
2024yerel,31 Mart 2024,33,Mersin,SERDAR SOYDAN,MHP,326041,33.02,
2024yerel,31 Mart 2024,33,Mersin,MAHMUT BÜLENT ÖZKAN,İYİ Parti,36210,3.67,
2024yerel,31 Mart 2024,55,Samsun,HALİT DOĞAN,AK Parti,330636,50.63,EVET
2024yerel,31 Mart 2024,55,Samsun,CEVAT ÖNCÜ,CHP,211756,32.42,
2024yerel,31 Mart 2024,55,Samsun,İMREN NİLAY TÜFEKCİ,İYİ Parti,110692,16.95,
2024yerel,31 Mart 2024,48,Muğla,AHMET ARAS,CHP,349575,58.9,EVET
2024yerel,31 Mart 2024,48,Muğla,AYDIN AĞAN AYAYDIN,AK Parti,207744,35.0,
2024yerel,31 Mart 2024,48,Muğla,METİN ERGUN,İYİ Parti,36180,6.1,
2024yerel,31 Mart 2024,49,Muş,SIRRI SÖYLEMEZ,DEM Parti,19347,52.94,EVET
2024yerel,31 Mart 2024,49,Muş,FEYAT ASYA,AK Parti,11399,31.19,
2024yerel,31 Mart 2024,49,Muş,AZİZ SÜNE,YENİDEN REFAH,5798,15.87,
2024yerel,31 Mart 2024,50,Nevşehir,RASİM ARI,İYİ Parti,33268,56.08,EVET
2024yerel,31 Mart 2024,50,Nevşehir,MEHMET SAVRAN,AK Parti,22061,37.19,
2024yerel,31 Mart 2024,50,Nevşehir,ADNAN DOĞU,MHP,3996,6.74,
2024yerel,31 Mart 2024,52,Ordu,MEHMET HİLMİ GÜLER,AK Parti,182733,43.0,EVET
2024yerel,31 Mart 2024,52,Ordu,ENVER YILMAZ,İYİ Parti,166595,39.2,
2024yerel,31 Mart 2024,52,Ordu,ZEKAİ SANA,CHP,75615,17.79,
2024yerel,31 Mart 2024,51,Niğde,EMRAH ÖZDEMİR,AK Parti,28793,44.79,EVET
2024yerel,31 Mart 2024,51,Niğde,HULUS ÖZEN,CHP,20341,31.64,
2024yerel,31 Mart 2024,51,Niğde,HAMDİ DOĞAN,MHP,15150,23.57,
2024yerel,31 Mart 2024,80,Osmaniye,İBRAHİM ÇENET,MHP,44125,46.64,EVET
2024yerel,31 Mart 2024,80,Osmaniye,ALPASLAN KOCA,İYİ Parti,26314,27.81,
2024yerel,31 Mart 2024,80,Osmaniye,SERKAN KARAYİĞİT,CHP,24168,25.55,
2024yerel,31 Mart 2024,54,Sakarya,YUSUF ALEMDAR,AK Parti,285255,61.77,EVET
2024yerel,31 Mart 2024,54,Sakarya,AZİZE ÇEROĞLU,CHP,99525,21.55,
2024yerel,31 Mart 2024,54,Sakarya,SELÇUK GEYVELİ,YENİDEN REFAH,77040,16.68,
2024yerel,31 Mart 2024,63,Şanlıurfa,MEHMET KASIM GÜLPINAR,YENİDEN REFAH,347600,41.5,EVET
2024yerel,31 Mart 2024,63,Şanlıurfa,ZEYNEL ABİDİN BEYAZGÜL,AK Parti,300830,35.91,
2024yerel,31 Mart 2024,63,Şanlıurfa,CELALEDİN ERKMEN,DEM Parti,189221,22.59,
2024yerel,31 Mart 2024,53,Rize,RAHMİ METİN,AK Parti,29839,64.66,EVET
2024yerel,31 Mart 2024,53,Rize,CEMİL ÇOLAK,YENİDEN REFAH,9684,20.99,
2024yerel,31 Mart 2024,53,Rize,NECATİ TOPALOĞLU,CHP,6623,14.35,
2024yerel,31 Mart 2024,62,Tunceli,CEVDET KONAK,DEM Parti,6761,46.29,EVET
2024yerel,31 Mart 2024,62,Tunceli,ALİ MUSTAFA ÇELİK,CHP,5604,38.37,
2024yerel,31 Mart 2024,62,Tunceli,ERKAN EROĞLU,AK Parti,2242,15.35,
2024yerel,31 Mart 2024,77,Yalova,MEHMET GÜREL,CHP,27122,51.65,EVET
2024yerel,31 Mart 2024,77,Yalova,MUSTAFA TUTUK,AK Parti,23589,44.92,
2024yerel,31 Mart 2024,77,Yalova,CENGİZ TOPBAŞLI,DEM Parti,1802,3.43,
2024yerel,31 Mart 2024,57,Sinop,METİN GÜRBÜZ,CHP,14875,52.7,EVET
2024yerel,31 Mart 2024,57,Sinop,YAKUP ÜÇÜNCÜOĞLU,AK Parti,11877,42.08,
2024yerel,31 Mart 2024,57,Sinop,SERPİL ÜNLÜTÜRK,İYİ Parti,1474,5.22,
2024yerel,31 Mart 2024,73,Şırnak,MEHMET YARKA,AK Parti,18033,51.36,EVET
2024yerel,31 Mart 2024,73,Şırnak,TURAN SALTAN,DEM Parti,15553,44.29,
2024yerel,31 Mart 2024,73,Şırnak,ÖZLEM BARAN,CHP,1528,4.35,
2024yerel,31 Mart 2024,56,Siirt,SOFYA ALAĞAŞ,DEM Parti,37216,55.51,EVET
2024yerel,31 Mart 2024,56,Siirt,EKREM OLĞAÇ,AK Parti,27844,41.53,
2024yerel,31 Mart 2024,56,Siirt,ABDURRAHMAN ÖZCAN,HÜDAPAR,1986,2.96,
2024yerel,31 Mart 2024,59,Tekirdağ,CANDAN YÜCEER,CHP,328571,56.24,EVET
2024yerel,31 Mart 2024,59,Tekirdağ,CÜNEYT YÜKSEL,AK Parti,232671,39.82,
2024yerel,31 Mart 2024,59,Tekirdağ,SADİ ÖZDEMİR,DEM Parti,22992,3.94,
2024yerel,31 Mart 2024,58,Sivas,ADEM UZUN,BBP,78154,51.74,EVET
2024yerel,31 Mart 2024,58,Sivas,HİLMİ BİLGİN,AK Parti,52669,34.87,
2024yerel,31 Mart 2024,58,Sivas,REHA KARS,MHP,20235,13.4,
2024yerel,31 Mart 2024,61,Trabzon,AHMET METİN GENÇ,AK Parti,234839,57.79,EVET
2024yerel,31 Mart 2024,61,Trabzon,HASAN SÜHA SARAL,CHP,129820,31.95,
2024yerel,31 Mart 2024,61,Trabzon,LOKMAN ÖZTÜRK,YENİDEN REFAH,41674,10.26,
2024yerel,31 Mart 2024,60,Tokat,MEHMET KEMAL YAZICIOĞLU,MHP,46778,58.12,EVET
2024yerel,31 Mart 2024,60,Tokat,EYÜP EROĞLU,AK Parti,25732,31.97,
2024yerel,31 Mart 2024,60,Tokat,MURAT YAZICI,CHP,7980,9.91,
2024yerel,31 Mart 2024,65,Van,ABDULLAH ZEYDAN,DEM Parti,245573,63.05,EVET
2024yerel,31 Mart 2024,65,Van,ABDULAHAT ARVAS,AK Parti,120147,30.85,
2024yerel,31 Mart 2024,65,Van,ABDULLAH SADIKSOY,YENİDEN REFAH,23779,6.11,
2024yerel,31 Mart 2024,64,Uşak,ÖZKAN YALIM,CHP,54767,49.89,EVET
2024yerel,31 Mart 2024,64,Uşak,MEHMET ÇAKIN,AK Parti,32555,29.66,
2024yerel,31 Mart 2024,64,Uşak,MUHAMMET GÜR,İYİ Parti,22446,20.45,
2024yerel,31 Mart 2024,67,Zonguldak,TAHSİN ERDEM,CHP,30256,57.45,EVET
2024yerel,31 Mart 2024,67,Zonguldak,ÖMER SELİM ALAN,AK Parti,20869,39.62,
2024yerel,31 Mart 2024,67,Zonguldak,KENAN ZEREN,YENİDEN REFAH,1542,2.93,
2024yerel,31 Mart 2024,66,Yozgat,KAZIM ARSLAN,YENİDEN REFAH,17141,39.1,EVET
2024yerel,31 Mart 2024,66,Yozgat,ÖMER AÇIKEL,MHP,14049,32.05,
2024yerel,31 Mart 2024,66,Yozgat,CELAL KÖSE,AK Parti,12651,28.86,
2019yerel,31 Mart 2019,75,Ardahan,Faruk Demir,CHP,0,0.0,EVET
2019yerel,31 Mart 2019,75,Ardahan,Yunus Baydar,AK Parti,0,0.0,
2019yerel,31 Mart 2019,75,Ardahan,Mete Özdemir,İYİ Parti,0,0.0,
2019yerel,31 Mart 2019,75,Ardahan,Mustafa Çapan,SP,0,0.0,
2019yerel,31 Mart 2019,1,Adana,Zeydan Karalar,CHP,0,0.0,EVET
2019yerel,31 Mart 2019,1,Adana,Hüseyin Sözlü,MHP,0,0.0,
2019yerel,31 Mart 2019,1,Adana,Muhammet Çelebi Keyhıdır,SP,0,0.0,
2019yerel,31 Mart 2019,1,Adana,Mehmet Çağrı Bağatur,DSP,0,0.0,
2019yerel,31 Mart 2019,8,Artvin,Demirhan Elçin,CHP,0,0.0,EVET
2019yerel,31 Mart 2019,8,Artvin,Mehmet Kocatepe,AK Parti,0,0.0,
2019yerel,31 Mart 2019,8,Artvin,Mustafa Polat,Bağımsız,0,0.0,
2019yerel,31 Mart 2019,8,Artvin,Recep Ali Durmuş,BTP,0,0.0,
2019yerel,31 Mart 2019,5,Amasya,Mehmet Sarı,MHP,0,0.0,EVET
2019yerel,31 Mart 2019,5,Amasya,Cafer Özdemir,AK Parti,0,0.0,
2019yerel,31 Mart 2019,5,Amasya,Arife Serpil Saraçoğlu,CHP,0,0.0,
2019yerel,31 Mart 2019,5,Amasya,Noğman Yüksel,SP,0,0.0,
2019yerel,31 Mart 2019,4,Ağrı,Savcı Sayan,AK Parti,0,0.0,EVET
2019yerel,31 Mart 2019,4,Ağrı,Abdurrahman Doğar,HDP,0,0.0,
2019yerel,31 Mart 2019,4,Ağrı,Taner Söylemez,İYİ Parti,0,0.0,
2019yerel,31 Mart 2019,4,Ağrı,Mehmet Erat,SP,0,0.0,
2019yerel,31 Mart 2019,2,Adıyaman,Süleyman Kılınç,AK Parti,0,0.0,EVET
2019yerel,31 Mart 2019,2,Adıyaman,Ahmet Faruk Ünsal,SP,0,0.0,
2019yerel,31 Mart 2019,2,Adıyaman,Abdulkadir Kırmızı,İYİ Parti,0,0.0,
2019yerel,31 Mart 2019,2,Adıyaman,Rıfat Erdem,MHP,0,0.0,
2019yerel,31 Mart 2019,3,Afyonkarahisar,Mehmet Zeybek,AK Parti,0,0.0,EVET
2019yerel,31 Mart 2019,3,Afyonkarahisar,Mahmut Koçak,İYİ Parti,0,0.0,
2019yerel,31 Mart 2019,3,Afyonkarahisar,Fatih Çetinkaya,MHP,0,0.0,
2019yerel,31 Mart 2019,3,Afyonkarahisar,Hasan Hüseyin Uğurlu,SP,0,0.0,
2019yerel,31 Mart 2019,6,Ankara,Mansur Yavaş,CHP,0,0.0,EVET
2019yerel,31 Mart 2019,6,Ankara,Mehmet Özhaseki,AK Parti,0,0.0,
2019yerel,31 Mart 2019,6,Ankara,Mesut Doğan,SP,0,0.0,
2019yerel,31 Mart 2019,6,Ankara,Haydar Yılmaz,DSP,0,0.0,
2019yerel,31 Mart 2019,68,Aksaray,Evren Dinçer,AK Parti,0,0.0,EVET
2019yerel,31 Mart 2019,68,Aksaray,Sefer Alkan,MHP,0,0.0,
2019yerel,31 Mart 2019,68,Aksaray,Özhan Türemiş,İYİ Parti,0,0.0,
2019yerel,31 Mart 2019,68,Aksaray,Levent Serdar Şahin,SP,0,0.0,
2019yerel,31 Mart 2019,7,Antalya,Muhittin Böcek,CHP,0,0.0,EVET
2019yerel,31 Mart 2019,7,Antalya,M. Mehmet Tevfik Türel,AK Parti,0,0.0,
2019yerel,31 Mart 2019,7,Antalya,Ali Aktaş,SP,0,0.0,
2019yerel,31 Mart 2019,7,Antalya,Mustafa Reşat Oktay,DSP,0,0.0,
2019yerel,31 Mart 2019,10,Balıkesir,Yücel Yılmaz,AK Parti,0,0.0,EVET
2019yerel,31 Mart 2019,10,Balıkesir,İsmail Ok,İYİ Parti,0,0.0,
2019yerel,31 Mart 2019,10,Balıkesir,Tuğba Güner,DP,0,0.0,
2019yerel,31 Mart 2019,10,Balıkesir,Ali Kenanoğlu,HDP,0,0.0,
2019yerel,31 Mart 2019,9,Aydın,Özlem Çerçioğlu,CHP,0,0.0,EVET
2019yerel,31 Mart 2019,9,Aydın,Mustafa Savaş,AK Parti,0,0.0,
2019yerel,31 Mart 2019,9,Aydın,Fatih Karahan,SP,0,0.0,
2019yerel,31 Mart 2019,9,Aydın,Süleyman Hışıroğlu,DSP,0,0.0,
2019yerel,31 Mart 2019,15,Burdur,Ali Orkun Ercengiz,CHP,0,0.0,EVET
2019yerel,31 Mart 2019,15,Burdur,Deniz Kurt,AK Parti,0,0.0,
2019yerel,31 Mart 2019,15,Burdur,Musa Sayar,SP,0,0.0,
2019yerel,31 Mart 2019,15,Burdur,Tahir Mahir Öztürk,VATAN,0,0.0,
2019yerel,31 Mart 2019,14,Bolu,Tanju Özcan,CHP,0,0.0,EVET
2019yerel,31 Mart 2019,14,Bolu,Fatih Metin,AK Parti,0,0.0,
2019yerel,31 Mart 2019,14,Bolu,Turan Kılınç,SP,0,0.0,
2019yerel,31 Mart 2019,14,Bolu,Selahattin Özbölük,VATAN,0,0.0,
2019yerel,31 Mart 2019,69,Bayburt,Hükmü Pekmezci,MHP,0,0.0,EVET
2019yerel,31 Mart 2019,69,Bayburt,Fatih Yumak,AK Parti,0,0.0,
2019yerel,31 Mart 2019,69,Bayburt,Osman Nuri Temür,SP,0,0.0,
2019yerel,31 Mart 2019,69,Bayburt,Yunus Özyıldırım,İYİ Parti,0,0.0,
2019yerel,31 Mart 2019,13,Bitlis,Nesrullah Tanğlay,AK Parti,0,0.0,EVET
2019yerel,31 Mart 2019,13,Bitlis,Faruk İşlek,HDP,0,0.0,
2019yerel,31 Mart 2019,13,Bitlis,Yaşar Buhan,SP,0,0.0,
2019yerel,31 Mart 2019,13,Bitlis,Mehmet Piran Aslın,İYİ Parti,0,0.0,
2019yerel,31 Mart 2019,74,Bartın,Cemal Akın,MHP,0,0.0,EVET
2019yerel,31 Mart 2019,74,Bartın,Yusuf Ziya Aldatmaz,AK Parti,0,0.0,
2019yerel,31 Mart 2019,74,Bartın,Mehmet Arslan,CHP,0,0.0,
2019yerel,31 Mart 2019,74,Bartın,Muhammed Emin Titiz,SP,0,0.0,
2019yerel,31 Mart 2019,11,Bilecik,Semih Şahin,CHP,0,0.0,EVET
2019yerel,31 Mart 2019,11,Bilecik,Nihat Can,AK Parti,0,0.0,
2019yerel,31 Mart 2019,11,Bilecik,Engin Muslu,BBP,0,0.0,
2019yerel,31 Mart 2019,11,Bilecik,Hüseyin Hüsnü Avcı,SP,0,0.0,
2019yerel,31 Mart 2019,12,Bingöl,Erdal Arıkan,AK Parti,0,0.0,EVET
2019yerel,31 Mart 2019,12,Bingöl,Hişyar Özsoy,HDP,0,0.0,
2019yerel,31 Mart 2019,12,Bingöl,Mehmet Ziya Buyankara,MHP,0,0.0,
2019yerel,31 Mart 2019,12,Bingöl,Musa Ahmet Kaya,SP,0,0.0,
2019yerel,31 Mart 2019,72,Batman,Mehmet Demir,HDP,0,0.0,EVET
2019yerel,31 Mart 2019,72,Batman,Murat Güneştekin,AK Parti,0,0.0,
2019yerel,31 Mart 2019,72,Batman,İlhami Işık,SP,0,0.0,
2019yerel,31 Mart 2019,72,Batman,Enver Erdem,CHP,0,0.0,
2019yerel,31 Mart 2019,17,Çanakkale,Ülgür Gökhan,CHP,0,0.0,EVET
2019yerel,31 Mart 2019,17,Çanakkale,Ayhan Gider,AK Parti,0,0.0,
2019yerel,31 Mart 2019,17,Çanakkale,İlyas Terzi,Bağımsız,0,0.0,
2019yerel,31 Mart 2019,17,Çanakkale,Cemil Pehlivan,SP,0,0.0,
2019yerel,31 Mart 2019,18,Çankırı,İsmail Hakkı Esen,MHP,0,0.0,EVET
2019yerel,31 Mart 2019,18,Çankırı,Hüseyin Boz,AK Parti,0,0.0,
2019yerel,31 Mart 2019,18,Çankırı,Raif Oktay,İYİ Parti,0,0.0,
2019yerel,31 Mart 2019,18,Çankırı,Mustafa İbişoğlu,CHP,0,0.0,
2019yerel,31 Mart 2019,20,Denizli,Osman Zolan,AK Parti,0,0.0,EVET
2019yerel,31 Mart 2019,20,Denizli,Ümit Bahtiyar,İYİ Parti,0,0.0,
2019yerel,31 Mart 2019,20,Denizli,Şerife Yıldırım,HDP,0,0.0,
2019yerel,31 Mart 2019,20,Denizli,Aykut Yıldırım,DP,0,0.0,
2019yerel,31 Mart 2019,21,Diyarbakır,Adnan Selçuk Mızraklı,HDP,0,0.0,EVET
2019yerel,31 Mart 2019,21,Diyarbakır,Cumali Atilla,AK Parti,0,0.0,
2019yerel,31 Mart 2019,21,Diyarbakır,Fesih Bozan,SP,0,0.0,
2019yerel,31 Mart 2019,21,Diyarbakır,Veysi Aghan,CHP,0,0.0,
2019yerel,31 Mart 2019,19,Çorum,Halil İbrahim Aşgın,AK Parti,0,0.0,EVET
2019yerel,31 Mart 2019,19,Çorum,Özgür Kılıç,CHP,0,0.0,
2019yerel,31 Mart 2019,19,Çorum,Kenan Şahin,MHP,0,0.0,
2019yerel,31 Mart 2019,19,Çorum,Bilgi Terlemezoğlu,İYİ Parti,0,0.0,
2019yerel,31 Mart 2019,81,Düzce,Faruk Özlü,AK Parti,0,0.0,EVET
2019yerel,31 Mart 2019,81,Düzce,Ömer Küçük,İYİ Parti,0,0.0,
2019yerel,31 Mart 2019,81,Düzce,Erdoğan Bıyık,MHP,0,0.0,
2019yerel,31 Mart 2019,81,Düzce,Aptullah Yalman,SP,0,0.0,
2019yerel,31 Mart 2019,22,Edirne,Recep Gürkan,CHP,0,0.0,EVET
2019yerel,31 Mart 2019,22,Edirne,Koray Uymaz,AK Parti,0,0.0,
2019yerel,31 Mart 2019,22,Edirne,Hamdi Sedefçi,BTP,0,0.0,
2019yerel,31 Mart 2019,22,Edirne,Mansur İriş,SP,0,0.0,
2019yerel,31 Mart 2019,24,Erzincan,Bekir Aksun,MHP,0,0.0,EVET
2019yerel,31 Mart 2019,24,Erzincan,Cemalettin Başsoy,AK Parti,0,0.0,
2019yerel,31 Mart 2019,24,Erzincan,İsmail Taş,CHP,0,0.0,
2019yerel,31 Mart 2019,24,Erzincan,Muharrem Altay,SP,0,0.0,
2019yerel,31 Mart 2019,23,Elazığ,Şahin Şerifoğulları,AK Parti,0,0.0,EVET
2019yerel,31 Mart 2019,23,Elazığ,Bilal Çoban,MHP,0,0.0,
2019yerel,31 Mart 2019,23,Elazığ,Ali Şekerdağ,İYİ Parti,0,0.0,
2019yerel,31 Mart 2019,23,Elazığ,Haluk Arslan,SP,0,0.0,
2019yerel,31 Mart 2019,16,Bursa,Alinur Aktaş,AK Parti,0,0.0,EVET
2019yerel,31 Mart 2019,16,Bursa,Mustafa Bozbey,CHP,0,0.0,
2019yerel,31 Mart 2019,16,Bursa,Mehmet Atmaca,SP,0,0.0,
2019yerel,31 Mart 2019,16,Bursa,Metin Engin,DP,0,0.0,
2019yerel,31 Mart 2019,25,Erzurum,Mehmet Sekmen,AK Parti,0,0.0,EVET
2019yerel,31 Mart 2019,25,Erzurum,Mahmut Uykusuz,İYİ Parti,0,0.0,
2019yerel,31 Mart 2019,25,Erzurum,Barış Kemaloğlu,HDP,0,0.0,
2019yerel,31 Mart 2019,25,Erzurum,Mehmet Sait Şimşek,CHP,0,0.0,
2019yerel,31 Mart 2019,26,Eskişehir,Yılmaz Büyükerşen,CHP,0,0.0,EVET
2019yerel,31 Mart 2019,26,Eskişehir,Burhan Sakallı,AK Parti,0,0.0,
2019yerel,31 Mart 2019,26,Eskişehir,Levent Baştürk,SP,0,0.0,
2019yerel,31 Mart 2019,26,Eskişehir,Dilara Tambova,DSP,0,0.0,
2019yerel,31 Mart 2019,29,Gümüşhane,Ercan Çimen,AK Parti,0,0.0,EVET
2019yerel,31 Mart 2019,29,Gümüşhane,Sabri Varan,MHP,0,0.0,
2019yerel,31 Mart 2019,29,Gümüşhane,Mustafa Canlı,İYİ Parti,0,0.0,
2019yerel,31 Mart 2019,29,Gümüşhane,Bedri Ağaç,CHP,0,0.0,
2019yerel,31 Mart 2019,27,Gaziantep,Fatma Şahin,AK Parti,0,0.0,EVET
2019yerel,31 Mart 2019,27,Gaziantep,Celal Doğan,DSP,0,0.0,
2019yerel,31 Mart 2019,27,Gaziantep,Mehmet Ejder Demir,İYİ Parti,0,0.0,
2019yerel,31 Mart 2019,27,Gaziantep,Mehmet İslam,SP,0,0.0,
2019yerel,31 Mart 2019,30,Hakkari,Cihan Karaman,HDP,0,0.0,EVET
2019yerel,31 Mart 2019,30,Hakkari,Cüneyt Epcim,AK Parti,0,0.0,
2019yerel,31 Mart 2019,30,Hakkari,Metin Koparan,CHP,0,0.0,
2019yerel,31 Mart 2019,30,Hakkari,Metin Tekin,Bağımsız,0,0.0,
2019yerel,31 Mart 2019,28,Giresun,Aytekin Şenlikoğlu,AK Parti,0,0.0,EVET
2019yerel,31 Mart 2019,28,Giresun,Kerim Aksu,CHP,0,0.0,
2019yerel,31 Mart 2019,28,Giresun,Saim Öksüz,SP,0,0.0,
2019yerel,31 Mart 2019,28,Giresun,Osman Nuri Kale,TKP,0,0.0,
2019yerel,31 Mart 2019,76,Iğdır,Yaşar Akkuş,HDP,0,0.0,EVET
2019yerel,31 Mart 2019,76,Iğdır,İsa Yaşar Tezel,MHP,0,0.0,
2019yerel,31 Mart 2019,76,Iğdır,Sözer Sayan,CHP,0,0.0,
2019yerel,31 Mart 2019,76,Iğdır,Abdullah Mert,SP,0,0.0,
2019yerel,31 Mart 2019,31,Hatay,Lütfü Savaş,CHP,0,0.0,EVET
2019yerel,31 Mart 2019,31,Hatay,İbrahim Güler,AK Parti,0,0.0,
2019yerel,31 Mart 2019,31,Hatay,Ahmet Yıldız,SP,0,0.0,
2019yerel,31 Mart 2019,31,Hatay,Ercan Akarpınar,DSP,0,0.0,
2019yerel,31 Mart 2019,32,Isparta,Şükrü Başdeğirmen,AK Parti,0,0.0,EVET
2019yerel,31 Mart 2019,32,Isparta,Yusuf Ziya Günaydın,MHP,0,0.0,
2019yerel,31 Mart 2019,32,Isparta,Gökmen Hakkı Gökmenoğlu,İYİ Parti,0,0.0,
2019yerel,31 Mart 2019,32,Isparta,Faruk Algınkılınç,SP,0,0.0,
2019yerel,31 Mart 2019,34,İstanbul,Ekrem İmamoğlu,CHP,0,0.0,EVET
2019yerel,31 Mart 2019,34,İstanbul,Binali Yıldırım,AK Parti,0,0.0,
2019yerel,31 Mart 2019,34,İstanbul,Necdet Gökçınar,SP,0,0.0,
2019yerel,31 Mart 2019,34,İstanbul,Muammer Aydın,DSP,0,0.0,
2019yerel,31 Mart 2019,46,Kahramanmaraş,Hayrettin Güngör,AK Parti,0,0.0,EVET
2019yerel,31 Mart 2019,46,Kahramanmaraş,Ali Öztunç,CHP,0,0.0,
2019yerel,31 Mart 2019,46,Kahramanmaraş,Mustafa Vahdet Sürücü,SP,0,0.0,
2019yerel,31 Mart 2019,46,Kahramanmaraş,Mehmet Kenger,DSP,0,0.0,
2019yerel,31 Mart 2019,35,İzmir,Mustafa Tunç Soyer,CHP,0,0.0,EVET
2019yerel,31 Mart 2019,35,İzmir,Nihat Zeybekci,AK Parti,0,0.0,
2019yerel,31 Mart 2019,35,İzmir,Şerafettin Kılıç,SP,0,0.0,
2019yerel,31 Mart 2019,35,İzmir,Selçuk Karakülçe,DSP,0,0.0,
2019yerel,31 Mart 2019,71,Kırıkkale,Mehmet Saygılı,AK Parti,0,0.0,EVET
2019yerel,31 Mart 2019,71,Kırıkkale,Mahir Yılmaz,İYİ Parti,0,0.0,
2019yerel,31 Mart 2019,71,Kırıkkale,Serdar Yarar,MHP,0,0.0,
2019yerel,31 Mart 2019,71,Kırıkkale,Mustafa Babacan,BBP,0,0.0,
2019yerel,31 Mart 2019,79,Kilis,Mehmet Abdi Bulut,AK Parti,0,0.0,EVET
2019yerel,31 Mart 2019,79,Kilis,Ömer Yabancı,MHP,0,0.0,
2019yerel,31 Mart 2019,79,Kilis,Ahmet Nalçacıoğlu,İYİ Parti,0,0.0,
2019yerel,31 Mart 2019,79,Kilis,Şerif Karakurt,SP,0,0.0,
2019yerel,31 Mart 2019,38,Kayseri,Memduh Büyükkılıç,AK Parti,0,0.0,EVET
2019yerel,31 Mart 2019,38,Kayseri,Dursun Ataş,İYİ Parti,0,0.0,
2019yerel,31 Mart 2019,38,Kayseri,Mahmut Arıkan,SP,0,0.0,
2019yerel,31 Mart 2019,38,Kayseri,Cevzet Işık,HDP,0,0.0,
2019yerel,31 Mart 2019,78,Karabük,Rafet Vergili,MHP,0,0.0,EVET
2019yerel,31 Mart 2019,78,Karabük,Burhanettin Uysal,AK Parti,0,0.0,
2019yerel,31 Mart 2019,78,Karabük,Dursun Altıparmak,İYİ Parti,0,0.0,
2019yerel,31 Mart 2019,78,Karabük,Mehmet Yüce,SP,0,0.0,
2019yerel,31 Mart 2019,70,Karaman,Savaş Kalaycı,MHP,0,0.0,EVET
2019yerel,31 Mart 2019,70,Karaman,Mahmut Sami Şahin,AK Parti,0,0.0,
2019yerel,31 Mart 2019,70,Karaman,Emin Ege,CHP,0,0.0,
2019yerel,31 Mart 2019,70,Karaman,Zühtü Bahadır Bayraç,İYİ Parti,0,0.0,
2019yerel,31 Mart 2019,36,Kars,Ayhan Bilgen,HDP,0,0.0,EVET
2019yerel,31 Mart 2019,36,Kars,Çetin Nazik,MHP,0,0.0,
2019yerel,31 Mart 2019,36,Kars,Taner Toraman,CHP,0,0.0,
2019yerel,31 Mart 2019,36,Kars,Naif Alibeyoğlu,DSP,0,0.0,
2019yerel,31 Mart 2019,37,Kastamonu,Rahmi Galip Vidinlioğlu,MHP,0,0.0,EVET
2019yerel,31 Mart 2019,37,Kastamonu,Tahsin Babaş,AK Parti,0,0.0,
2019yerel,31 Mart 2019,37,Kastamonu,Mustafa Öztürk,CHP,0,0.0,
2019yerel,31 Mart 2019,37,Kastamonu,Kadir Yalçın,SP,0,0.0,
2019yerel,31 Mart 2019,44,Malatya,Selahattin Gürkan,AK Parti,0,0.0,EVET
2019yerel,31 Mart 2019,44,Malatya,Soner Gökçe,CHP,0,0.0,
2019yerel,31 Mart 2019,44,Malatya,Osman Cemali Marasalı,SP,0,0.0,
2019yerel,31 Mart 2019,44,Malatya,Yusuf Bozkuş,HDP,0,0.0,
2019yerel,31 Mart 2019,43,Kütahya,Alim Işık,MHP,0,0.0,EVET
2019yerel,31 Mart 2019,43,Kütahya,Ahmet Sami Kutlu,AK Parti,0,0.0,
2019yerel,31 Mart 2019,43,Kütahya,Eyüp Kahveci,CHP,0,0.0,
2019yerel,31 Mart 2019,43,Kütahya,Aynur Sezer,İYİ Parti,0,0.0,
2019yerel,31 Mart 2019,39,Kırklareli,Mehmet Siyam Kesimoğlu,Bağımsız,0,0.0,EVET
2019yerel,31 Mart 2019,39,Kırklareli,Derya Bulut,MHP,0,0.0,
2019yerel,31 Mart 2019,39,Kırklareli,Mehmet Tuna Soykan,CHP,0,0.0,
2019yerel,31 Mart 2019,39,Kırklareli,Ahmet Can Kayacı,BTP,0,0.0,
2019yerel,31 Mart 2019,41,Kocaeli,Tahir Büyükakın,AK Parti,0,0.0,EVET
2019yerel,31 Mart 2019,41,Kocaeli,Serdar Kaman,İYİ Parti,0,0.0,
2019yerel,31 Mart 2019,41,Kocaeli,Birol Aydın,SP,0,0.0,
2019yerel,31 Mart 2019,41,Kocaeli,Züleyha Gülüm,HDP,0,0.0,
2019yerel,31 Mart 2019,40,Kırşehir,Selahattin Ekicioğlu,CHP,0,0.0,EVET
2019yerel,31 Mart 2019,40,Kırşehir,Yaşar Bahçeci,AK Parti,0,0.0,
2019yerel,31 Mart 2019,40,Kırşehir,Onur Köksal,MHP,0,0.0,
2019yerel,31 Mart 2019,40,Kırşehir,Yusuf Turan,SP,0,0.0,
2019yerel,31 Mart 2019,42,Konya,Uğur İbrahim Altay,AK Parti,0,0.0,EVET
2019yerel,31 Mart 2019,42,Konya,Oğuz Şimşek,İYİ Parti,0,0.0,
2019yerel,31 Mart 2019,42,Konya,Hasan Hüseyin Uyar,SP,0,0.0,
2019yerel,31 Mart 2019,42,Konya,Gıyasettin Almaz,HDP,0,0.0,
2019yerel,31 Mart 2019,49,Muş,Feyat Asya,AK Parti,0,0.0,EVET
2019yerel,31 Mart 2019,49,Muş,Sırrı Sakik,HDP,0,0.0,
2019yerel,31 Mart 2019,49,Muş,Fatih Aslan,BTP,0,0.0,
2019yerel,31 Mart 2019,49,Muş,Sadık Aydın,SP,0,0.0,
2019yerel,31 Mart 2019,50,Nevşehir,Rasim Arı,AK Parti,0,0.0,EVET
2019yerel,31 Mart 2019,50,Nevşehir,Filiz Kılıç,MHP,0,0.0,
2019yerel,31 Mart 2019,50,Nevşehir,Mehmet Özkan,İYİ Parti,0,0.0,
2019yerel,31 Mart 2019,50,Nevşehir,İsmet Fatih Terzioğlu,SP,0,0.0,
2019yerel,31 Mart 2019,45,Manisa,Cengiz Ergün,MHP,0,0.0,EVET
2019yerel,31 Mart 2019,45,Manisa,Orkun Şıktaşlı,İYİ Parti,0,0.0,
2019yerel,31 Mart 2019,45,Manisa,Naci Sönmez,HDP,0,0.0,
2019yerel,31 Mart 2019,45,Manisa,Şule Tunalı,DP,0,0.0,
2019yerel,31 Mart 2019,47,Mardin,Ahmet Türk,HDP,0,0.0,EVET
2019yerel,31 Mart 2019,47,Mardin,Mehmet Vejdi Kahraman,AK Parti,0,0.0,
2019yerel,31 Mart 2019,47,Mardin,Süleyman Sarı,CHP,0,0.0,
2019yerel,31 Mart 2019,47,Mardin,Mehmet Ali Kılıç,SP,0,0.0,
2019yerel,31 Mart 2019,33,Mersin,Vahap Seçer,CHP,0,0.0,EVET
2019yerel,31 Mart 2019,33,Mersin,Hamit Tuna,MHP,0,0.0,
2019yerel,31 Mart 2019,33,Mersin,Ayfer Yılmaz,DP,0,0.0,
2019yerel,31 Mart 2019,33,Mersin,Erdal Alkan,SP,0,0.0,
2019yerel,31 Mart 2019,48,Muğla,Osman Gürün,CHP,0,0.0,EVET
2019yerel,31 Mart 2019,48,Muğla,Mehmet Nil Hıdır,AK Parti,0,0.0,
2019yerel,31 Mart 2019,48,Muğla,Mehmet Kocadon,DP,0,0.0,
2019yerel,31 Mart 2019,48,Muğla,Halil Birinci,BTP,0,0.0,
2019yerel,31 Mart 2019,53,Rize,Rahmi Metin,AK Parti,0,0.0,EVET
2019yerel,31 Mart 2019,53,Rize,Ayhan Akyüz,CHP,0,0.0,
2019yerel,31 Mart 2019,53,Rize,Yakup Özkan,İYİ Parti,0,0.0,
2019yerel,31 Mart 2019,53,Rize,Muhammet Kaçar,SP,0,0.0,
2019yerel,31 Mart 2019,51,Niğde,Emrah Özdemir,AK Parti,0,0.0,EVET
2019yerel,31 Mart 2019,51,Niğde,Mümin İnan,İYİ Parti,0,0.0,
2019yerel,31 Mart 2019,51,Niğde,Hakan Er,MHP,0,0.0,
2019yerel,31 Mart 2019,51,Niğde,Rasim Yılmaz,CHP,0,0.0,
2019yerel,31 Mart 2019,63,Şanlıurfa,Zeynel Abidin Beyazgül,AK Parti,0,0.0,EVET
2019yerel,31 Mart 2019,63,Şanlıurfa,Sabahattin Cevheri,SP,0,0.0,
2019yerel,31 Mart 2019,63,Şanlıurfa,Hasan Erçelebi,DSP,0,0.0,
2019yerel,31 Mart 2019,63,Şanlıurfa,Rahime Karakeçili,BTP,0,0.0,
2019yerel,31 Mart 2019,54,Sakarya,Ekrem Yüce,AK Parti,0,0.0,EVET
2019yerel,31 Mart 2019,54,Sakarya,Cihan Kolip,İYİ Parti,0,0.0,
2019yerel,31 Mart 2019,54,Sakarya,Fahrettin Abay,SP,0,0.0,
2019yerel,31 Mart 2019,54,Sakarya,Yaşar Karataş,HDP,0,0.0,
2019yerel,31 Mart 2019,52,Ordu,Mehmet Hilmi Güler,AK Parti,0,0.0,EVET
2019yerel,31 Mart 2019,52,Ordu,İdris Naim Şahin,SP,0,0.0,
2019yerel,31 Mart 2019,52,Ordu,Mustafa Adıgüzel,CHP,0,0.0,
2019yerel,31 Mart 2019,52,Ordu,Aydın Ergün,DSP,0,0.0,
2019yerel,31 Mart 2019,80,Osmaniye,Kadir Kara,MHP,0,0.0,EVET
2019yerel,31 Mart 2019,80,Osmaniye,Davut Çuhadar,İYİ Parti,0,0.0,
2019yerel,31 Mart 2019,80,Osmaniye,Mehmet Ali Özkal,HDP,0,0.0,
2019yerel,31 Mart 2019,80,Osmaniye,Erdinç Say,BTP,0,0.0,
2019yerel,31 Mart 2019,55,Samsun,Mustafa Demir,AK Parti,0,0.0,EVET
2019yerel,31 Mart 2019,55,Samsun,Hayati Tekin,İYİ Parti,0,0.0,
2019yerel,31 Mart 2019,55,Samsun,Erhan Usta,Bağımsız,0,0.0,
2019yerel,31 Mart 2019,55,Samsun,Bekir Uslucan,BTP,0,0.0,
2019yerel,31 Mart 2019,56,Siirt,Berivan Helen Işık,HDP,0,0.0,EVET
2019yerel,31 Mart 2019,56,Siirt,Ali İlbaş,AK Parti,0,0.0,
2019yerel,31 Mart 2019,56,Siirt,Şakir Sula,CHP,0,0.0,
2019yerel,31 Mart 2019,56,Siirt,Ahmet Özgür,İYİ Parti,0,0.0,
2019yerel,31 Mart 2019,73,Şırnak,Mehmet Yarka,AK Parti,0,0.0,EVET
2019yerel,31 Mart 2019,73,Şırnak,Hişar Osal,HDP,0,0.0,
2019yerel,31 Mart 2019,73,Şırnak,Osman Can,CHP,0,0.0,
2019yerel,31 Mart 2019,73,Şırnak,Orhan Ürün,SP,0,0.0,
2019yerel,31 Mart 2019,60,Tokat,Eyüp Eroğlu,AK Parti,0,0.0,EVET
2019yerel,31 Mart 2019,60,Tokat,Adnan Özmen,MHP,0,0.0,
2019yerel,31 Mart 2019,60,Tokat,Hüseyin Yarıcı,İYİ Parti,0,0.0,
2019yerel,31 Mart 2019,60,Tokat,Alparslan Akyüz,SP,0,0.0,
2019yerel,31 Mart 2019,57,Sinop,Barış Ayhan,CHP,0,0.0,EVET
2019yerel,31 Mart 2019,57,Sinop,Ali Çöpcü,AK Parti,0,0.0,
2019yerel,31 Mart 2019,57,Sinop,Sefa Yalın,SP,0,0.0,
2019yerel,31 Mart 2019,57,Sinop,Mete Çağdaş,Bağımsız,0,0.0,
2019yerel,31 Mart 2019,59,Tekirdağ,Kadir Albayrak,CHP,0,0.0,EVET
2019yerel,31 Mart 2019,59,Tekirdağ,Mestan Özcan,AK Parti,0,0.0,
2019yerel,31 Mart 2019,59,Tekirdağ,Şadi Özdemir,HDP,0,0.0,
2019yerel,31 Mart 2019,59,Tekirdağ,Mehmet Yaman,DSP,0,0.0,
2019yerel,31 Mart 2019,61,Trabzon,Murat Zorluoğlu,AK Parti,0,0.0,EVET
2019yerel,31 Mart 2019,61,Trabzon,Atakan Aksoy,İYİ Parti,0,0.0,
2019yerel,31 Mart 2019,61,Trabzon,Hasan Saka,SP,0,0.0,
2019yerel,31 Mart 2019,61,Trabzon,Ercan Şılbır,DP,0,0.0,
2019yerel,31 Mart 2019,77,Yalova,Vefa Salman,CHP,0,0.0,EVET
2019yerel,31 Mart 2019,77,Yalova,Yusuf Ziya Öztabak,AK Parti,0,0.0,
2019yerel,31 Mart 2019,77,Yalova,Rıdvan Acar,DP,0,0.0,
2019yerel,31 Mart 2019,77,Yalova,Resul Genç,SP,0,0.0,
2019yerel,31 Mart 2019,62,Tunceli,Fatih Mehmet Maçoğlu,TKP,0,0.0,EVET
2019yerel,31 Mart 2019,62,Tunceli,Nurşat Yeşil,HDP,0,0.0,
2019yerel,31 Mart 2019,62,Tunceli,Yusuf Kenan Aydın,CHP,0,0.0,
2019yerel,31 Mart 2019,62,Tunceli,Gökhan Arasan,AK Parti,0,0.0,
2019yerel,31 Mart 2019,58,Sivas,Hilmi Bilgin,AK Parti,0,0.0,EVET
2019yerel,31 Mart 2019,58,Sivas,Doğan Ürgüp,BBP,0,0.0,
2019yerel,31 Mart 2019,58,Sivas,Ali Akyıldız,CHP,0,0.0,
2019yerel,31 Mart 2019,58,Sivas,Memet Er,MHP,0,0.0,
2019yerel,31 Mart 2019,64,Uşak,Mehmet Çakın,AK Parti,0,0.0,EVET
2019yerel,31 Mart 2019,64,Uşak,Muhammet Gür,İYİ Parti,0,0.0,
2019yerel,31 Mart 2019,64,Uşak,Muhammet Fatih Erdoğan,MHP,0,0.0,
2019yerel,31 Mart 2019,64,Uşak,Asım Kalelioğlu,CHP,0,0.0,
2019yerel,31 Mart 2019,67,Zonguldak,Ömer Selim Alan,AK Parti,0,0.0,EVET
2019yerel,31 Mart 2019,67,Zonguldak,Şenol Şanal,CHP,0,0.0,
2019yerel,31 Mart 2019,67,Zonguldak,Hamdi Ayan,MHP,0,0.0,
2019yerel,31 Mart 2019,67,Zonguldak,Mehmet Yaman,SP,0,0.0,
2019yerel,31 Mart 2019,66,Yozgat,Celal Köse,AK Parti,0,0.0,EVET
2019yerel,31 Mart 2019,66,Yozgat,Mehmet Erdemir,MHP,0,0.0,
2019yerel,31 Mart 2019,66,Yozgat,Metin Özışık,İYİ Parti,0,0.0,
2019yerel,31 Mart 2019,66,Yozgat,Abdullah Güngör,BTP,0,0.0,
2019yerel,31 Mart 2019,65,Van,Bedia Özgökçe Ertan,HDP,0,0.0,EVET
2019yerel,31 Mart 2019,65,Van,Necdet Takva,AK Parti,0,0.0,
2019yerel,31 Mart 2019,65,Van,Nurettin Beyaz,CHP,0,0.0,
2019yerel,31 Mart 2019,65,Van,Fethullah Erbaş,SP,0,0.0,
2014yerel,30 Mart 2014,3,Afyonkarahisar,Burhanettin Çoban,AK Parti,0,0.0,EVET
2014yerel,30 Mart 2014,3,Afyonkarahisar,Fatih Çetinkaya,MHP,0,0.0,
2014yerel,30 Mart 2014,3,Afyonkarahisar,Mehmet Ali Ecer,CHP,0,0.0,
2014yerel,30 Mart 2014,3,Afyonkarahisar,Adnan Şenel,SP,0,0.0,
2014yerel,30 Mart 2014,3,Afyonkarahisar,Abdullah Karadağ,BBP,0,0.0,
2014yerel,30 Mart 2014,2,Adıyaman,Fehmi Hüsrev Kutlu,AK Parti,0,0.0,EVET
2014yerel,30 Mart 2014,2,Adıyaman,Zeynal Bakır,CHP,0,0.0,
2014yerel,30 Mart 2014,2,Adıyaman,Mehmet Erdem,MHP,0,0.0,
2014yerel,30 Mart 2014,2,Adıyaman,Erdal Yavaş,BDP,0,0.0,
2014yerel,30 Mart 2014,2,Adıyaman,Arif Güler,SP,0,0.0,
2014yerel,30 Mart 2014,5,Amasya,Cafer Özdemir,AK Parti,0,0.0,EVET
2014yerel,30 Mart 2014,5,Amasya,Ahmet Fatih Coşar,MHP,0,0.0,
2014yerel,30 Mart 2014,5,Amasya,İlyas Ayık,CHP,0,0.0,
2014yerel,30 Mart 2014,5,Amasya,Ali Erişgen,SP,0,0.0,
2014yerel,30 Mart 2014,5,Amasya,Mehmet Küçüköner,MP92,0,0.0,
2014yerel,30 Mart 2014,68,Aksaray,Haluk Şahin Yazgı,AK Parti,0,0.0,EVET
2014yerel,30 Mart 2014,68,Aksaray,Rıfkı Karabatak,MHP,0,0.0,
2014yerel,30 Mart 2014,68,Aksaray,Doğan Koşar,CHP,0,0.0,
2014yerel,30 Mart 2014,68,Aksaray,Levent Serdar Şahin,SP,0,0.0,
2014yerel,30 Mart 2014,68,Aksaray,Ahmet Karaman,BBP,0,0.0,
2014yerel,30 Mart 2014,4,Ağrı,Sırrı Sakık,BDP,0,0.0,EVET
2014yerel,30 Mart 2014,4,Ağrı,Hasan Arslan,AK Parti,0,0.0,
2014yerel,30 Mart 2014,4,Ağrı,Süleyman Erim,SP,0,0.0,
2014yerel,30 Mart 2014,4,Ağrı,Necati Çelik,BTP,0,0.0,
2014yerel,30 Mart 2014,4,Ağrı,Şener Bekis,MHP,0,0.0,
2014yerel,30 Mart 2014,8,Artvin,Mehmet Kocatepe,AK Parti,0,0.0,EVET
2014yerel,30 Mart 2014,8,Artvin,Emin Özgün,CHP,0,0.0,
2014yerel,30 Mart 2014,8,Artvin,Kadir Seçgin,MHP,0,0.0,
2014yerel,30 Mart 2014,8,Artvin,Ferit Koç,DP,0,0.0,
2014yerel,30 Mart 2014,8,Artvin,Gültekin Soydan,SP,0,0.0,
2014yerel,30 Mart 2014,75,Ardahan,Faruk Köksoy,AK Parti,0,0.0,EVET
2014yerel,30 Mart 2014,75,Ardahan,Mete Özdemir,CHP,0,0.0,
2014yerel,30 Mart 2014,75,Ardahan,Yavuz Usanmaz,BDP,0,0.0,
2014yerel,30 Mart 2014,75,Ardahan,Mikail Kayatürk,DP,0,0.0,
2014yerel,30 Mart 2014,75,Ardahan,Levent Pehlivan,MHP,0,0.0,
2014yerel,30 Mart 2014,1,Adana,Hüseyin Sözlü,MHP,0,0.0,EVET
2014yerel,30 Mart 2014,1,Adana,Abdullah Torun,AK Parti,0,0.0,
2014yerel,30 Mart 2014,1,Adana,Yıldıray Arıkan,CHP,0,0.0,
2014yerel,30 Mart 2014,1,Adana,Hüseyin Yıldız,HDP,0,0.0,
2014yerel,30 Mart 2014,1,Adana,Yakup Budak,SP,0,0.0,
2014yerel,30 Mart 2014,6,Ankara,Melih Gökçek,AK Parti,0,0.0,EVET
2014yerel,30 Mart 2014,6,Ankara,Mansur Yavaş,CHP,0,0.0,
2014yerel,30 Mart 2014,6,Ankara,Mevlüt Karakaya,MHP,0,0.0,
2014yerel,30 Mart 2014,6,Ankara,Remzi Çayır,BBP,0,0.0,
2014yerel,30 Mart 2014,6,Ankara,Salman Kaya,HDP,0,0.0,
2014yerel,30 Mart 2014,7,Antalya,Menderes Mehmet Tevfik Türel,AK Parti,0,0.0,EVET
2014yerel,30 Mart 2014,7,Antalya,Mustafa Akaydın,CHP,0,0.0,
2014yerel,30 Mart 2014,7,Antalya,Kemal Çelik,MHP,0,0.0,
2014yerel,30 Mart 2014,7,Antalya,Hakan Ozan Erzincanlı,HDP,0,0.0,
2014yerel,30 Mart 2014,7,Antalya,Hulusi Kızılkaya,BBP,0,0.0,
2014yerel,30 Mart 2014,74,Bartın,Cemal Akın,MHP,0,0.0,EVET
2014yerel,30 Mart 2014,74,Bartın,Seyfettin Kalay,AK Parti,0,0.0,
2014yerel,30 Mart 2014,74,Bartın,Muhammet Rıza Yalçınkaya,CHP,0,0.0,
2014yerel,30 Mart 2014,74,Bartın,Mücahit Kekeç,SP,0,0.0,
2014yerel,30 Mart 2014,74,Bartın,Songül Baştürk,BBP,0,0.0,
2014yerel,30 Mart 2014,69,Bayburt,Mete Memiş,AK Parti,0,0.0,EVET
2014yerel,30 Mart 2014,69,Bayburt,İdris Aydın,MHP,0,0.0,
2014yerel,30 Mart 2014,69,Bayburt,Fatih Burak,SP,0,0.0,
2014yerel,30 Mart 2014,69,Bayburt,Hacı Mustafa Akkuş,CHP,0,0.0,
2014yerel,30 Mart 2014,69,Bayburt,Hamit Kadakal,BBP,0,0.0,
2014yerel,30 Mart 2014,72,Batman,Sabri Özdemir,BDP,0,0.0,EVET
2014yerel,30 Mart 2014,72,Batman,Mehmet Emin Ekmen,AK Parti,0,0.0,
2014yerel,30 Mart 2014,72,Batman,Aydın Gök,HÜDAPAR,0,0.0,
2014yerel,30 Mart 2014,72,Batman,Ahmet Çiftçi,SP,0,0.0,
2014yerel,30 Mart 2014,72,Batman,Yadin Nasıroğlu,BTP,0,0.0,
2014yerel,30 Mart 2014,10,Balıkesir,Ahmet Edip Uğur,AK Parti,0,0.0,EVET
2014yerel,30 Mart 2014,10,Balıkesir,İsmail Ok,MHP,0,0.0,
2014yerel,30 Mart 2014,10,Balıkesir,Sami Sözat,CHP,0,0.0,
2014yerel,30 Mart 2014,10,Balıkesir,Mehmet Filiz,SP,0,0.0,
2014yerel,30 Mart 2014,10,Balıkesir,Mustafa Hasırcı,HDP,0,0.0,
2014yerel,30 Mart 2014,9,Aydın,Özlem Çerçioğlu,CHP,0,0.0,EVET
2014yerel,30 Mart 2014,9,Aydın,Mustafa Savaş,AK Parti,0,0.0,
2014yerel,30 Mart 2014,9,Aydın,Ali Uzunırmak,MHP,0,0.0,
2014yerel,30 Mart 2014,9,Aydın,Raif Kanat,HDP,0,0.0,
2014yerel,30 Mart 2014,9,Aydın,Yeter Toz,DSP,0,0.0,
2014yerel,30 Mart 2014,14,Bolu,Alaaddin Yılmaz,AK Parti,0,0.0,EVET
2014yerel,30 Mart 2014,14,Bolu,Mehtap Özcan Mısırlıoğlu,CHP,0,0.0,
2014yerel,30 Mart 2014,14,Bolu,Şükrü Gülez,MHP,0,0.0,
2014yerel,30 Mart 2014,14,Bolu,Veysel Çetinkaya,SP,0,0.0,
2014yerel,30 Mart 2014,14,Bolu,Sedat Bayram,HDP,0,0.0,
2014yerel,30 Mart 2014,11,Bilecik,Selim Yağcı,AK Parti,0,0.0,EVET
2014yerel,30 Mart 2014,11,Bilecik,Hüseyin Şensoy,MHP,0,0.0,
2014yerel,30 Mart 2014,11,Bilecik,Sungur Turan,CHP,0,0.0,
2014yerel,30 Mart 2014,11,Bilecik,Mehmet Turğut,SP,0,0.0,
2014yerel,30 Mart 2014,11,Bilecik,Mehmed Emin Özdemir,MP92,0,0.0,
2014yerel,30 Mart 2014,12,Bingöl,Yücel Barakazi,AK Parti,0,0.0,EVET
2014yerel,30 Mart 2014,12,Bingöl,İlhan Çakabay,BDP,0,0.0,
2014yerel,30 Mart 2014,12,Bingöl,Serdar Atalay,SP,0,0.0,
2014yerel,30 Mart 2014,12,Bingöl,Mehmet Şenlik,HÜDAPAR,0,0.0,
2014yerel,30 Mart 2014,12,Bingöl,Hasan Karahan,MHP,0,0.0,
2014yerel,30 Mart 2014,13,Bitlis,Hüseyin Olan,BDP,0,0.0,EVET
2014yerel,30 Mart 2014,13,Bitlis,Fehmi Alaydın,AK Parti,0,0.0,
2014yerel,30 Mart 2014,13,Bitlis,Cengiz Karakaya,HÜDAPAR,0,0.0,
2014yerel,30 Mart 2014,13,Bitlis,Nihat Ceylan,DP,0,0.0,
2014yerel,30 Mart 2014,13,Bitlis,Cengiz Ekin,MHP,0,0.0,
2014yerel,30 Mart 2014,15,Burdur,Ali Orkun Ercengiz,CHP,0,0.0,EVET
2014yerel,30 Mart 2014,15,Burdur,Sebahattin Akkaya,AK Parti,0,0.0,
2014yerel,30 Mart 2014,15,Burdur,Nadir Özcan,MHP,0,0.0,
2014yerel,30 Mart 2014,15,Burdur,Mustafa Düzgün,SP,0,0.0,
2014yerel,30 Mart 2014,15,Burdur,Akın Özçelik,BBP,0,0.0,
2014yerel,30 Mart 2014,16,Bursa,Recep Altepe,AK Parti,0,0.0,EVET
2014yerel,30 Mart 2014,16,Bursa,Necati Şahin,CHP,0,0.0,
2014yerel,30 Mart 2014,16,Bursa,Kadir Koçdemir,MHP,0,0.0,
2014yerel,30 Mart 2014,16,Bursa,Selim Sait Terzioğlu,SP,0,0.0,
2014yerel,30 Mart 2014,16,Bursa,Hasan Özaydın,HDP,0,0.0,
2014yerel,30 Mart 2014,17,Çanakkale,Ülgür Gökhan,CHP,0,0.0,EVET
2014yerel,30 Mart 2014,17,Çanakkale,Mehmet Daniş,AK Parti,0,0.0,
2014yerel,30 Mart 2014,17,Çanakkale,Halil Rüştü Akgün,MHP,0,0.0,
2014yerel,30 Mart 2014,17,Çanakkale,Şeyhmus Aslan,HDP,0,0.0,
2014yerel,30 Mart 2014,17,Çanakkale,Şaban Sarı,SP,0,0.0,
2014yerel,30 Mart 2014,18,Çankırı,İrfan Dinç,AK Parti,0,0.0,EVET
2014yerel,30 Mart 2014,18,Çankırı,Hakkı Yalçın,MHP,0,0.0,
2014yerel,30 Mart 2014,18,Çankırı,Şenol Şahin,BBP,0,0.0,
2014yerel,30 Mart 2014,18,Çankırı,Taner Karagöz,CHP,0,0.0,
2014yerel,30 Mart 2014,18,Çankırı,Ömer Uzun,SP,0,0.0,
2014yerel,30 Mart 2014,21,Diyarbakır,Gültan Kışanak,BDP,0,0.0,EVET
2014yerel,30 Mart 2014,21,Diyarbakır,Mehmet Galip Ensarioğlu,AK Parti,0,0.0,
2014yerel,30 Mart 2014,21,Diyarbakır,Mehmet Hüseyin Yılmaz,HÜDAPAR,0,0.0,
2014yerel,30 Mart 2014,21,Diyarbakır,Ahmet Ay,CHP,0,0.0,
2014yerel,30 Mart 2014,21,Diyarbakır,Mehmet Dadak,BBP,0,0.0,
2014yerel,30 Mart 2014,20,Denizli,Osman Zolan,AK Parti,0,0.0,EVET
2014yerel,30 Mart 2014,20,Denizli,Arif Balkanay,CHP,0,0.0,
2014yerel,30 Mart 2014,20,Denizli,Ali İpek,MHP,0,0.0,
2014yerel,30 Mart 2014,20,Denizli,Musa Aydın,HDP,0,0.0,
2014yerel,30 Mart 2014,20,Denizli,Namık Selçuk,BBP,0,0.0,
2014yerel,30 Mart 2014,81,Düzce,Mehmet Keleş,AK Parti,0,0.0,EVET
2014yerel,30 Mart 2014,81,Düzce,Ömer Küçük,MHP,0,0.0,
2014yerel,30 Mart 2014,81,Düzce,Basri Karslıoğlu,CHP,0,0.0,
2014yerel,30 Mart 2014,81,Düzce,Birkan Mertol,SP,0,0.0,
2014yerel,30 Mart 2014,81,Düzce,Fuat Azad,HDP,0,0.0,
2014yerel,30 Mart 2014,22,Edirne,Recep Gürkan,CHP,0,0.0,EVET
2014yerel,30 Mart 2014,22,Edirne,Ahmet Günşen,AK Parti,0,0.0,
2014yerel,30 Mart 2014,22,Edirne,Orhan Çakırlar,MHP,0,0.0,
2014yerel,30 Mart 2014,22,Edirne,Hamdi Sedefçi,DSP,0,0.0,
2014yerel,30 Mart 2014,22,Edirne,Sinan Tekin,SP,0,0.0,
2014yerel,30 Mart 2014,19,Çorum,Muzaffer Külcü,AK Parti,0,0.0,EVET
2014yerel,30 Mart 2014,19,Çorum,Kenan Nuhut,CHP,0,0.0,
2014yerel,30 Mart 2014,19,Çorum,Ercan Daşdan,MHP,0,0.0,
2014yerel,30 Mart 2014,19,Çorum,Adnan Cıdık,SP,0,0.0,
2014yerel,30 Mart 2014,19,Çorum,Mustafa Kaleli,BBP,0,0.0,
2014yerel,30 Mart 2014,23,Elazığ,Mücahit Yanılmaz,AK Parti,0,0.0,EVET
2014yerel,30 Mart 2014,23,Elazığ,Bilal Çoban,MHP,0,0.0,
2014yerel,30 Mart 2014,23,Elazığ,Hamza Sorgucu,CHP,0,0.0,
2014yerel,30 Mart 2014,23,Elazığ,Haluk Arslan,SP,0,0.0,
2014yerel,30 Mart 2014,23,Elazığ,Mehmet Özcan,BDP,0,0.0,
2014yerel,30 Mart 2014,27,Gaziantep,Fatma Şahin,AK Parti,0,0.0,EVET
2014yerel,30 Mart 2014,27,Gaziantep,Akif Ekici,CHP,0,0.0,
2014yerel,30 Mart 2014,27,Gaziantep,Mustafa Erzin,MHP,0,0.0,
2014yerel,30 Mart 2014,27,Gaziantep,Abdullah Demirbaş,BDP,0,0.0,
2014yerel,30 Mart 2014,27,Gaziantep,Mehmet Bozgeyik,SP,0,0.0,
2014yerel,30 Mart 2014,25,Erzurum,Mehmet Sekmen,AK Parti,0,0.0,EVET
2014yerel,30 Mart 2014,25,Erzurum,Kamil Aydın,MHP,0,0.0,
2014yerel,30 Mart 2014,25,Erzurum,Cüneyt Laloğlu,BDP,0,0.0,
2014yerel,30 Mart 2014,25,Erzurum,Faik Çalık,SP,0,0.0,
2014yerel,30 Mart 2014,25,Erzurum,Abdulkadir Demirci,CHP,0,0.0,
2014yerel,30 Mart 2014,24,Erzincan,Cemalettin Başsoy,AK Parti,0,0.0,EVET
2014yerel,30 Mart 2014,24,Erzincan,Hamdi Karakaya,MHP,0,0.0,
2014yerel,30 Mart 2014,24,Erzincan,Metin Çanakcı,CHP,0,0.0,
2014yerel,30 Mart 2014,24,Erzincan,Hikmet Meydan,SP,0,0.0,
2014yerel,30 Mart 2014,24,Erzincan,Binali Akpolat,HDP,0,0.0,
2014yerel,30 Mart 2014,26,Eskişehir,Necdet Çekin,CHP,0,0.0,EVET
2014yerel,30 Mart 2014,26,Eskişehir,Harun Karacan,AK Parti,0,0.0,
2014yerel,30 Mart 2014,26,Eskişehir,Kadir Çalışıcı,MHP,0,0.0,
2014yerel,30 Mart 2014,26,Eskişehir,Hüseyin İşgören,BBP,0,0.0,
2014yerel,30 Mart 2014,26,Eskişehir,Fesih Bingöl,SP,0,0.0,
2014yerel,30 Mart 2014,35,İzmir,Aziz Kocaoğlu,CHP,0,0.0,EVET
2014yerel,30 Mart 2014,35,İzmir,Binali Yıldırım,AK Parti,0,0.0,
2014yerel,30 Mart 2014,35,İzmir,Murat Taşer,MHP,0,0.0,
2014yerel,30 Mart 2014,35,İzmir,Osman Özçelik,HDP,0,0.0,
2014yerel,30 Mart 2014,35,İzmir,Selçuk Karakülçe,DSP,0,0.0,
2014yerel,30 Mart 2014,31,Hatay,Lütfü Savaş,CHP,0,0.0,EVET
2014yerel,30 Mart 2014,31,Hatay,Sadullah Ergin,AK Parti,0,0.0,
2014yerel,30 Mart 2014,31,Hatay,Mete Aslan,MHP,0,0.0,
2014yerel,30 Mart 2014,31,Hatay,Yusuf Öfgeli,HDP,0,0.0,
2014yerel,30 Mart 2014,31,Hatay,Necmettin Çalışkan,SP,0,0.0,
2014yerel,30 Mart 2014,76,Iğdır,Murat Yikit,BDP,0,0.0,EVET
2014yerel,30 Mart 2014,76,Iğdır,Gündüz Güneş,MHP,0,0.0,
2014yerel,30 Mart 2014,76,Iğdır,Mustafa Buluş,AK Parti,0,0.0,
2014yerel,30 Mart 2014,76,Iğdır,Murat Işık,BTP,0,0.0,
2014yerel,30 Mart 2014,76,Iğdır,Aran Kalafat,CHP,0,0.0,
2014yerel,30 Mart 2014,29,Gümüşhane,Ercan Çimen,AK Parti,0,0.0,EVET
2014yerel,30 Mart 2014,29,Gümüşhane,Mustafa Canlı,MHP,0,0.0,
2014yerel,30 Mart 2014,29,Gümüşhane,Cem Köksal,CHP,0,0.0,
2014yerel,30 Mart 2014,29,Gümüşhane,Hüseyin Duman,SP,0,0.0,
2014yerel,30 Mart 2014,29,Gümüşhane,Turgut Şahinöz,BBP,0,0.0,
2014yerel,30 Mart 2014,30,Hakkari,Dilek Hatipoğlu,BDP,0,0.0,EVET
2014yerel,30 Mart 2014,30,Hakkari,Osman Kızılban,AK Parti,0,0.0,
2014yerel,30 Mart 2014,30,Hakkari,Nail Dişbudak,BTP,0,0.0,
2014yerel,30 Mart 2014,30,Hakkari,Belkıs Öztünç,MHP,0,0.0,
2014yerel,30 Mart 2014,30,Hakkari,Nazım Ertuş,CHP,0,0.0,
2014yerel,30 Mart 2014,28,Giresun,Kerim Aksu,CHP,0,0.0,EVET
2014yerel,30 Mart 2014,28,Giresun,Yılmaz Can,AK Parti,0,0.0,
2014yerel,30 Mart 2014,28,Giresun,Orhan Erzurum,MHP,0,0.0,
2014yerel,30 Mart 2014,28,Giresun,Süleyman Tekbaş,SP,0,0.0,
2014yerel,30 Mart 2014,28,Giresun,Muhsin Yıldırım,BBP,0,0.0,
2014yerel,30 Mart 2014,32,Isparta,Yusuf Ziya Günaydın,MHP,0,0.0,EVET
2014yerel,30 Mart 2014,32,Isparta,Nuri Uzaktaş,AK Parti,0,0.0,
2014yerel,30 Mart 2014,32,Isparta,Mehmet Lütfü Çakmakçı,CHP,0,0.0,
2014yerel,30 Mart 2014,32,Isparta,Muzaffer Süleyman Çakan,SP,0,0.0,
2014yerel,30 Mart 2014,32,Isparta,Cemil Yuluğtekin,HDP,0,0.0,
2014yerel,30 Mart 2014,34,İstanbul,Kadir Topbaş,AK Parti,0,0.0,EVET
2014yerel,30 Mart 2014,34,İstanbul,Mustafa Sarıgül,CHP,0,0.0,
2014yerel,30 Mart 2014,34,İstanbul,Sırrı Süreyya Önder,HDP,0,0.0,
2014yerel,30 Mart 2014,34,İstanbul,Rasim Acar,MHP,0,0.0,
2014yerel,30 Mart 2014,34,İstanbul,Selman Esmerer,SP,0,0.0,
2014yerel,30 Mart 2014,46,Kahramanmaraş,Fatih Mehmet Erkoç,AK Parti,0,0.0,EVET
2014yerel,30 Mart 2014,46,Kahramanmaraş,Tahir Akgemci,MHP,0,0.0,
2014yerel,30 Mart 2014,46,Kahramanmaraş,Ünal Ateş,CHP,0,0.0,
2014yerel,30 Mart 2014,46,Kahramanmaraş,Salih Baykal,HDP,0,0.0,
2014yerel,30 Mart 2014,46,Kahramanmaraş,Kadir Gündeş,SP,0,0.0,
2014yerel,30 Mart 2014,78,Karabük,Rafet Vergili,MHP,0,0.0,EVET
2014yerel,30 Mart 2014,78,Karabük,Mehmet Ceylan,AK Parti,0,0.0,
2014yerel,30 Mart 2014,78,Karabük,Erdal Demir,CHP,0,0.0,
2014yerel,30 Mart 2014,78,Karabük,Soner Malkoç,SP,0,0.0,
2014yerel,30 Mart 2014,78,Karabük,Ekrem Bayramoğlu,BBP,0,0.0,
2014yerel,30 Mart 2014,70,Karaman,Ertuğrul Çalışkan,AK Parti,0,0.0,EVET
2014yerel,30 Mart 2014,70,Karaman,Ali Pınarbaşı,MHP,0,0.0,
2014yerel,30 Mart 2014,70,Karaman,Merih Ünver,CHP,0,0.0,
2014yerel,30 Mart 2014,70,Karaman,Şaban Şahin,SP,0,0.0,
2014yerel,30 Mart 2014,70,Karaman,Abdi Emin Aydoğdu,BBP,0,0.0,
2014yerel,30 Mart 2014,41,Kocaeli,İbrahim Karaosmanoğlu,AK Parti,0,0.0,EVET
2014yerel,30 Mart 2014,41,Kocaeli,Tahsin Tarhan,CHP,0,0.0,
2014yerel,30 Mart 2014,41,Kocaeli,Saffet Sancaklı,MHP,0,0.0,
2014yerel,30 Mart 2014,41,Kocaeli,Birol Aydın,SP,0,0.0,
2014yerel,30 Mart 2014,41,Kocaeli,Nilay Etiler Lordoğdu,HDP,0,0.0,
2014yerel,30 Mart 2014,40,Kırşehir,Yaşar Bahçeci,AK Parti,0,0.0,EVET
2014yerel,30 Mart 2014,40,Kırşehir,Arif Ekici,MHP,0,0.0,
2014yerel,30 Mart 2014,40,Kırşehir,Deniz Akpınar,CHP,0,0.0,
2014yerel,30 Mart 2014,40,Kırşehir,Eşref Odabaşı,HDP,0,0.0,
2014yerel,30 Mart 2014,40,Kırşehir,Osman Kaygusuz,SP,0,0.0,
2014yerel,30 Mart 2014,36,Kars,Murtaza Karaçanta,MHP,0,0.0,EVET
2014yerel,30 Mart 2014,36,Kars,Naif Alibeyoğlu,CHP,0,0.0,
2014yerel,30 Mart 2014,36,Kars,Nevzat Bozkuş,AK Parti,0,0.0,
2014yerel,30 Mart 2014,36,Kars,Yusuf Yıldırım,BDP,0,0.0,
2014yerel,30 Mart 2014,36,Kars,Mükremin Karaman,SP,0,0.0,
2014yerel,30 Mart 2014,79,Kilis,Hasan Kara,AK Parti,0,0.0,EVET
2014yerel,30 Mart 2014,79,Kilis,Hasan Mısırlıgil,MHP,0,0.0,
2014yerel,30 Mart 2014,79,Kilis,Öcal Berk,CHP,0,0.0,
2014yerel,30 Mart 2014,79,Kilis,Mustafa Tekçe,BBP,0,0.0,
2014yerel,30 Mart 2014,79,Kilis,Mehmet Galip Akdağ,BTP,0,0.0,
2014yerel,30 Mart 2014,71,Kırıkkale,Mehmet Saygılı,AK Parti,0,0.0,EVET
2014yerel,30 Mart 2014,71,Kırıkkale,Mustafa Pekdoğan,MHP,0,0.0,
2014yerel,30 Mart 2014,71,Kırıkkale,Mahir Yılmaz,SP,0,0.0,
2014yerel,30 Mart 2014,71,Kırıkkale,Ahmet Eroğlu,CHP,0,0.0,
2014yerel,30 Mart 2014,71,Kırıkkale,Ceyhan Doğan,BBP,0,0.0,
2014yerel,30 Mart 2014,37,Kastamonu,Tahsin Babaş,AK Parti,0,0.0,EVET
2014yerel,30 Mart 2014,37,Kastamonu,Hayati Hamzaoğlu,MHP,0,0.0,
2014yerel,30 Mart 2014,37,Kastamonu,Mehmet Yıldırım,CHP,0,0.0,
2014yerel,30 Mart 2014,37,Kastamonu,Satılmış Külçe,BBP,0,0.0,
2014yerel,30 Mart 2014,37,Kastamonu,Yüksel Canpulat,SP,0,0.0,
2014yerel,30 Mart 2014,39,Kırklareli,Mehmet Siyam Kesimoğlu,CHP,0,0.0,EVET
2014yerel,30 Mart 2014,39,Kırklareli,Selahattin Minsolmaz,AK Parti,0,0.0,
2014yerel,30 Mart 2014,39,Kırklareli,Derya Bulut,MHP,0,0.0,
2014yerel,30 Mart 2014,39,Kırklareli,Esen Arslandoğan,HDP,0,0.0,
2014yerel,30 Mart 2014,39,Kırklareli,Tansu Paşhan Sezer,BBP,0,0.0,
2014yerel,30 Mart 2014,43,Kütahya,Kamil Saraçoğlu,AK Parti,0,0.0,EVET
2014yerel,30 Mart 2014,43,Kütahya,Alim Işık,MHP,0,0.0,
2014yerel,30 Mart 2014,43,Kütahya,İsmail Tunca,SP,0,0.0,
2014yerel,30 Mart 2014,43,Kütahya,Nuran Altunseven,CHP,0,0.0,
2014yerel,30 Mart 2014,43,Kütahya,Mustafa Münir Hürata,BBP,0,0.0,
2014yerel,30 Mart 2014,44,Malatya,Ahmet Çakır,AK Parti,0,0.0,EVET
2014yerel,30 Mart 2014,44,Malatya,Hakan İnci,CHP,0,0.0,
2014yerel,30 Mart 2014,44,Malatya,Ahmet Münir Erkal,SP,0,0.0,
2014yerel,30 Mart 2014,44,Malatya,Fikret Şinasi Kazancıoğlu,MHP,0,0.0,
2014yerel,30 Mart 2014,44,Malatya,Hasan Şahin,HDP,0,0.0,
2014yerel,30 Mart 2014,45,Manisa,Cengiz Ergün,MHP,0,0.0,EVET
2014yerel,30 Mart 2014,45,Manisa,Hüseyin Tanrıverdi,AK Parti,0,0.0,
2014yerel,30 Mart 2014,45,Manisa,Mustafa Uğur Okay,CHP,0,0.0,
2014yerel,30 Mart 2014,45,Manisa,Hamdullah Müftüoğlu,HDP,0,0.0,
2014yerel,30 Mart 2014,45,Manisa,Cemil Bağcı,SP,0,0.0,
2014yerel,30 Mart 2014,42,Konya,Tahir Akyürek,AK Parti,0,0.0,EVET
2014yerel,30 Mart 2014,42,Konya,Mehmet Emin Altunel,MHP,0,0.0,
2014yerel,30 Mart 2014,42,Konya,Mustafa Özkafa,SP,0,0.0,
2014yerel,30 Mart 2014,42,Konya,İbrahim Işık,CHP,0,0.0,
2014yerel,30 Mart 2014,42,Konya,Yemlihan Kahraman,BDP,0,0.0,
2014yerel,30 Mart 2014,51,Niğde,Faruk Akdoğan,AK Parti,0,0.0,EVET
2014yerel,30 Mart 2014,51,Niğde,Fikret Çıtırgı,MHP,0,0.0,
2014yerel,30 Mart 2014,51,Niğde,Fahri Eker,CHP,0,0.0,
2014yerel,30 Mart 2014,51,Niğde,Nihat Altıparmak,SP,0,0.0,
2014yerel,30 Mart 2014,51,Niğde,Ali Ayhan,BBP,0,0.0,
2014yerel,30 Mart 2014,47,Mardin,Ahmet Türk,Bağımsız,0,0.0,EVET
2014yerel,30 Mart 2014,47,Mardin,Mehmet Vejdi Kahraman,AK Parti,0,0.0,
2014yerel,30 Mart 2014,47,Mardin,Mehmet İmamoğlu,SP,0,0.0,
2014yerel,30 Mart 2014,47,Mardin,Ahmet Zeki Türköz,BTP,0,0.0,
2014yerel,30 Mart 2014,47,Mardin,Abdurrahman Kızılboğa,BBP,0,0.0,
2014yerel,30 Mart 2014,48,Muğla,Osman Gürün,CHP,0,0.0,EVET
2014yerel,30 Mart 2014,48,Muğla,Mansur Harmandar,AK Parti,0,0.0,
2014yerel,30 Mart 2014,48,Muğla,Mehmet Erdoğan,MHP,0,0.0,
2014yerel,30 Mart 2014,48,Muğla,Ayşe Erdem,HDP,0,0.0,
2014yerel,30 Mart 2014,48,Muğla,Salih Önel,DYP,0,0.0,
2014yerel,30 Mart 2014,33,Mersin,Burhanettin Kocamaz,MHP,0,0.0,EVET
2014yerel,30 Mart 2014,33,Mersin,Macit Özcan,CHP,0,0.0,
2014yerel,30 Mart 2014,33,Mersin,Mustafa Sever,AK Parti,0,0.0,
2014yerel,30 Mart 2014,33,Mersin,Sibel Yiğittekin,BDP,0,0.0,
2014yerel,30 Mart 2014,33,Mersin,Ali Kök,SP,0,0.0,
2014yerel,30 Mart 2014,38,Kayseri,Mehmet Özhaseki,AK Parti,0,0.0,EVET
2014yerel,30 Mart 2014,38,Kayseri,Mustafa Özsoy,MHP,0,0.0,
2014yerel,30 Mart 2014,38,Kayseri,Osman Çilsal,CHP,0,0.0,
2014yerel,30 Mart 2014,38,Kayseri,Ali Saraçoğlu,BBP,0,0.0,
2014yerel,30 Mart 2014,38,Kayseri,Haşim Özçelik,SP,0,0.0,
2014yerel,30 Mart 2014,49,Muş,Feyat Asya,AK Parti,0,0.0,EVET
2014yerel,30 Mart 2014,49,Muş,Nimet Sezgin,BDP,0,0.0,
2014yerel,30 Mart 2014,49,Muş,Muhittin Aytunç,SP,0,0.0,
2014yerel,30 Mart 2014,49,Muş,Tarkan Dede,MHP,0,0.0,
2014yerel,30 Mart 2014,49,Muş,İnan Sur,HÜDAPAR,0,0.0,
2014yerel,30 Mart 2014,52,Ordu,Enver Yılmaz,AK Parti,0,0.0,EVET
2014yerel,30 Mart 2014,52,Ordu,Seyit Torun,CHP,0,0.0,
2014yerel,30 Mart 2014,52,Ordu,Cemal Enginyurt,MHP,0,0.0,
2014yerel,30 Mart 2014,52,Ordu,Veysel İlhan,SP,0,0.0,
2014yerel,30 Mart 2014,52,Ordu,Muhittin Açıcı,BBP,0,0.0,
2014yerel,30 Mart 2014,50,Nevşehir,Hasan Ünver,AK Parti,0,0.0,EVET
2014yerel,30 Mart 2014,50,Nevşehir,Mehmet Varol,MHP,0,0.0,
2014yerel,30 Mart 2014,50,Nevşehir,Serkan Sağlamer,CHP,0,0.0,
2014yerel,30 Mart 2014,50,Nevşehir,İbrahim Çakır,SP,0,0.0,
2014yerel,30 Mart 2014,50,Nevşehir,Fatih Sağlamkardeş,BBP,0,0.0,
2014yerel,30 Mart 2014,80,Osmaniye,Kadir Kara,MHP,0,0.0,EVET
2014yerel,30 Mart 2014,80,Osmaniye,Mehmet Gürbüz,AK Parti,0,0.0,
2014yerel,30 Mart 2014,80,Osmaniye,Haydar Aktürk,CHP,0,0.0,
2014yerel,30 Mart 2014,80,Osmaniye,Ahmet Aycan,HDP,0,0.0,
2014yerel,30 Mart 2014,80,Osmaniye,Osman Eroğlu,SP,0,0.0,
2014yerel,30 Mart 2014,54,Sakarya,Süleyman Dişli,AK Parti,0,0.0,EVET
2014yerel,30 Mart 2014,54,Sakarya,Ahmet Tufan Demircioğlu,MHP,0,0.0,
2014yerel,30 Mart 2014,54,Sakarya,Ecevit Keleş,CHP,0,0.0,
2014yerel,30 Mart 2014,54,Sakarya,Abidin Birinci,SP,0,0.0,
2014yerel,30 Mart 2014,54,Sakarya,Ayşegül Altıntaş,HDP,0,0.0,
2014yerel,30 Mart 2014,53,Rize,Reşat Kasap,AK Parti,0,0.0,EVET
2014yerel,30 Mart 2014,53,Rize,Mehmet Bekaroğlu,SP,0,0.0,
2014yerel,30 Mart 2014,53,Rize,Mine Orhon,CHP,0,0.0,
2014yerel,30 Mart 2014,53,Rize,Zelkif Akgül,MHP,0,0.0,
2014yerel,30 Mart 2014,53,Rize,Deniz Yakut,BBP,0,0.0,
2014yerel,30 Mart 2014,63,Şanlıurfa,Celalettin Güvenç,AK Parti,0,0.0,EVET
2014yerel,30 Mart 2014,63,Şanlıurfa,Osman Baydemir,BDP,0,0.0,
2014yerel,30 Mart 2014,63,Şanlıurfa,Mustafa Kemal Saraçoğlu,MHP,0,0.0,
2014yerel,30 Mart 2014,63,Şanlıurfa,Ahmet Bahçivan,SP,0,0.0,
2014yerel,30 Mart 2014,63,Şanlıurfa,Hale Soran,CHP,0,0.0,
2014yerel,30 Mart 2014,59,Tekirdağ,Kadir Albayrak,CHP,0,0.0,EVET
2014yerel,30 Mart 2014,59,Tekirdağ,Mustafa Yel,AK Parti,0,0.0,
2014yerel,30 Mart 2014,59,Tekirdağ,Nail Yılmaz,MHP,0,0.0,
2014yerel,30 Mart 2014,59,Tekirdağ,Mukaddes Akdeniz,HDP,0,0.0,
2014yerel,30 Mart 2014,59,Tekirdağ,Mücahit Çalgın,BBP,0,0.0,
2014yerel,30 Mart 2014,57,Sinop,Baki Ergül,CHP,0,0.0,EVET
2014yerel,30 Mart 2014,57,Sinop,Hamza İnce,AK Parti,0,0.0,
2014yerel,30 Mart 2014,57,Sinop,İlhan Aydemir,MHP,0,0.0,
2014yerel,30 Mart 2014,57,Sinop,Selamettin Özgen,SP,0,0.0,
2014yerel,30 Mart 2014,57,Sinop,Bilal Şahin,BBP,0,0.0,
2014yerel,30 Mart 2014,56,Siirt,Tuncer Bakırhan,BDP,0,0.0,EVET
2014yerel,30 Mart 2014,56,Siirt,Ali İlbaş,AK Parti,0,0.0,
2014yerel,30 Mart 2014,56,Siirt,Hayrettin Çakıcı,BBP,0,0.0,
2014yerel,30 Mart 2014,56,Siirt,Mehmet Tetik,HÜDAPAR,0,0.0,
2014yerel,30 Mart 2014,56,Siirt,Nafih Nalbant,SP,0,0.0,
2014yerel,30 Mart 2014,73,Şırnak,Serhat Kadırhan,BDP,0,0.0,EVET
2014yerel,30 Mart 2014,73,Şırnak,Ahmet Hamdi Yıldırım,AK Parti,0,0.0,
2014yerel,30 Mart 2014,73,Şırnak,Nizar Zeyrek,MHP,0,0.0,
2014yerel,30 Mart 2014,73,Şırnak,Halit Tatar,HÜDAPAR,0,0.0,
2014yerel,30 Mart 2014,73,Şırnak,Hüsamettin Duman,SP,0,0.0,
2014yerel,30 Mart 2014,55,Samsun,Yusuf Ziya Yılmaz,AK Parti,0,0.0,EVET
2014yerel,30 Mart 2014,55,Samsun,Ferhat Günaydın,MHP,0,0.0,
2014yerel,30 Mart 2014,55,Samsun,Tarık Cengiz,CHP,0,0.0,
2014yerel,30 Mart 2014,55,Samsun,Ali Vural,SP,0,0.0,
2014yerel,30 Mart 2014,55,Samsun,Murat Aydın,BBP,0,0.0,
2014yerel,30 Mart 2014,58,Sivas,Sami Aydın,AK Parti,0,0.0,EVET
2014yerel,30 Mart 2014,58,Sivas,Doğan Ürgüp,BBP,0,0.0,
2014yerel,30 Mart 2014,58,Sivas,Gülümser Heper,CHP,0,0.0,
2014yerel,30 Mart 2014,58,Sivas,Kürşad Ergün,MHP,0,0.0,
2014yerel,30 Mart 2014,58,Sivas,Sabahattin Tokgöz,SP,0,0.0,
2014yerel,30 Mart 2014,61,Trabzon,Orhan Fevzi Gümrükçüoğlu,AK Parti,0,0.0,EVET
2014yerel,30 Mart 2014,61,Trabzon,Mehmet Volkan Canalioğlu,CHP,0,0.0,
2014yerel,30 Mart 2014,61,Trabzon,Hüseyin Örs,MHP,0,0.0,
2014yerel,30 Mart 2014,61,Trabzon,Dursun Ali Düzenli,SP,0,0.0,
2014yerel,30 Mart 2014,61,Trabzon,İdris Kalyoncu,BBP,0,0.0,
2014yerel,30 Mart 2014,60,Tokat,Eyüp Eroğlu,AK Parti,0,0.0,EVET
2014yerel,30 Mart 2014,60,Tokat,Hüseyin Erkan İkikat,MHP,0,0.0,
2014yerel,30 Mart 2014,60,Tokat,Hadiye Ardahanlı,CHP,0,0.0,
2014yerel,30 Mart 2014,60,Tokat,Bilal Metehan Aydın,SP,0,0.0,
2014yerel,30 Mart 2014,60,Tokat,Mustafa Omalar,BBP,0,0.0,
2014yerel,30 Mart 2014,62,Tunceli,Mehmet Ali Bul,BDP,0,0.0,EVET
2014yerel,30 Mart 2014,62,Tunceli,Hızır Bahtiyar Aytaç,CHP,0,0.0,
2014yerel,30 Mart 2014,62,Tunceli,Ali Tacar,Bağımsız,0,0.0,
2014yerel,30 Mart 2014,62,Tunceli,Erkan Eroğlu,AK Parti,0,0.0,
2014yerel,30 Mart 2014,62,Tunceli,Osman Gür,MHP,0,0.0,
2014yerel,30 Mart 2014,64,Uşak,Nurullah Cahan,AK Parti,0,0.0,EVET
2014yerel,30 Mart 2014,64,Uşak,Alpay Özgür,MHP,0,0.0,
2014yerel,30 Mart 2014,64,Uşak,Bülent Yazgan,CHP,0,0.0,
2014yerel,30 Mart 2014,64,Uşak,Ali Bozkurt,BBP,0,0.0,
2014yerel,30 Mart 2014,64,Uşak,Ahmet Yılmaz,HDP,0,0.0,
2014yerel,30 Mart 2014,66,Yozgat,Kazım Arslan,AK Parti,0,0.0,EVET
2014yerel,30 Mart 2014,66,Yozgat,Uğur Bektaş,MHP,0,0.0,
2014yerel,30 Mart 2014,66,Yozgat,Mustafa Çıtak,BBP,0,0.0,
2014yerel,30 Mart 2014,66,Yozgat,Selahattin Koştan,CHP,0,0.0,
2014yerel,30 Mart 2014,66,Yozgat,Ahmet Büyüksoy,SP,0,0.0,
2014yerel,30 Mart 2014,67,Zonguldak,Muharrem Akdemir,CHP,0,0.0,EVET
2014yerel,30 Mart 2014,67,Zonguldak,Ali Bektaş,AK Parti,0,0.0,
2014yerel,30 Mart 2014,67,Zonguldak,Gürkan Gülay,MHP,0,0.0,
2014yerel,30 Mart 2014,67,Zonguldak,Sadık Kar,SP,0,0.0,
2014yerel,30 Mart 2014,67,Zonguldak,Ahmet Pulat,BBP,0,0.0,
2014yerel,30 Mart 2014,77,Yalova,Vefa Salman,CHP,0,0.0,EVET
2014yerel,30 Mart 2014,77,Yalova,Yakup Bilgin Koçal,AK Parti,0,0.0,
2014yerel,30 Mart 2014,77,Yalova,Ahmet Kaplan,MHP,0,0.0,
2014yerel,30 Mart 2014,77,Yalova,Tuncay Turanlı,HDP,0,0.0,
2014yerel,30 Mart 2014,77,Yalova,Celal Korkmaz,SP,0,0.0,
2014yerel,30 Mart 2014,65,Van,Bekir Kaya,BDP,0,0.0,EVET
2014yerel,30 Mart 2014,65,Van,Osman Nuri Gülaçar,AK Parti,0,0.0,
2014yerel,30 Mart 2014,65,Van,Fethullah Erbaş,SP,0,0.0,
2014yerel,30 Mart 2014,65,Van,Mehmet Kurukcu,CHP,0,0.0,
2014yerel,30 Mart 2014,65,Van,Mustafa Alkoç,MHP,0,0.0,
2009yerel,29 Mart 2009,4,Ağrı,Hasan Arslan,AK Parti,13370,39.2,EVET
2009yerel,29 Mart 2009,4,Ağrı,Murat Öztürk,DTP,11034,32.35,
2009yerel,29 Mart 2009,4,Ağrı,Kemal Yıldırım,SP,7301,21.41,
2009yerel,29 Mart 2009,4,Ağrı,İhsan Kocabey,MHP,665,1.95,
2009yerel,29 Mart 2009,4,Ağrı,Cesim Alptekin,CHP,570,1.67,
2009yerel,29 Mart 2009,4,Ağrı,Fehmi Atmaca,HAK-PAR,502,1.47,
2009yerel,29 Mart 2009,4,Ağrı,Mehmet Kılıç,DSP,244,0.72,
2009yerel,29 Mart 2009,4,Ağrı,Mustafa Hayri Bektaş,BTP,220,0.65,
2009yerel,29 Mart 2009,4,Ağrı,Özgür Demir,DP,199,0.58,
2009yerel,29 Mart 2009,1,Adana,Aytaç Durak,MHP,238428,29.75,EVET
2009yerel,29 Mart 2009,1,Adana,Mehmet Ali Bilici,AK Parti,236881,29.56,
2009yerel,29 Mart 2009,1,Adana,Ümit Özgümüş,CHP,209740,26.17,
2009yerel,29 Mart 2009,1,Adana,Şiar Rişvanoğlu,DTP,74192,9.26,
2009yerel,29 Mart 2009,1,Adana,Sıtkı Cengil,SP,12607,1.57,
2009yerel,29 Mart 2009,1,Adana,Yalçın Akyol,DSP,9655,1.2,
2009yerel,29 Mart 2009,1,Adana,Taner Boz,BBP,6490,0.81,
2009yerel,29 Mart 2009,1,Adana,İbrahim Gazioğlu,DP,4957,0.62,
2009yerel,29 Mart 2009,1,Adana,Nurgül Çölkesen,ANAP,2017,0.25,
2009yerel,29 Mart 2009,1,Adana,İbrahim Dikener,BTP,1540,0.19,
2009yerel,29 Mart 2009,1,Adana,Azad Sağnıç,HAK-PAR,1125,0.14,
2009yerel,29 Mart 2009,1,Adana,Sakıp Teker,HYP,941,0.12,
2009yerel,29 Mart 2009,1,Adana,Ali Örün,MP92,930,0.12,
2009yerel,29 Mart 2009,1,Adana,Mehmet Kuzulugil,TKP,785,0.1,
2009yerel,29 Mart 2009,1,Adana,Özgür Karakök,LDP,489,0.06,
2009yerel,29 Mart 2009,1,Adana,Abdurrahman Boztaş,Bağımsız,340,0.04,
2009yerel,29 Mart 2009,3,Afyonkarahisar,Burhanettin Çoban,AK Parti,44662,47.7,EVET
2009yerel,29 Mart 2009,3,Afyonkarahisar,Hayrettin Barut,MHP,29646,31.66,
2009yerel,29 Mart 2009,3,Afyonkarahisar,İsmail Yalçınkaya,SP,11160,11.92,
2009yerel,29 Mart 2009,3,Afyonkarahisar,Yılmaz Özkan,CHP,4588,4.9,
2009yerel,29 Mart 2009,3,Afyonkarahisar,Abdullah Karadağ,BBP,1209,1.29,
2009yerel,29 Mart 2009,3,Afyonkarahisar,Ali Aydoğmuş,DP,1197,1.28,
2009yerel,29 Mart 2009,3,Afyonkarahisar,Ahmet Arslan,DSP,680,0.73,
2009yerel,29 Mart 2009,3,Afyonkarahisar,Fahri Gürgenburan,BTP,321,0.34,
2009yerel,29 Mart 2009,3,Afyonkarahisar,Kenan Uğur,TKP,112,0.12,
2009yerel,29 Mart 2009,3,Afyonkarahisar,Muammer Ceylan,Bağımsız,63,0.07,
2009yerel,29 Mart 2009,68,Aksaray,Nevzat Palta,AK Parti,47831,58.4,EVET
2009yerel,29 Mart 2009,68,Aksaray,Ramazan Kaşlı,MHP,25395,31.0,
2009yerel,29 Mart 2009,68,Aksaray,İbrahim Çamkerten,CHP,4535,5.54,
2009yerel,29 Mart 2009,68,Aksaray,Nurettin Aktan,SP,2847,3.48,
2009yerel,29 Mart 2009,68,Aksaray,Mustafa Altan,DP,478,0.58,
2009yerel,29 Mart 2009,68,Aksaray,Zafer Andıç,BTP,436,0.53,
2009yerel,29 Mart 2009,68,Aksaray,Mehmet Ertan,DSP,272,0.33,
2009yerel,29 Mart 2009,68,Aksaray,Ayşe Coşgun,TKP,115,0.14,
2009yerel,29 Mart 2009,5,Amasya,Cafer Özdemir,AK Parti,18490,40.06,EVET
2009yerel,29 Mart 2009,5,Amasya,Kadir Ekercan,MHP,12490,27.06,
2009yerel,29 Mart 2009,5,Amasya,Orhan Şahin,CHP,11525,24.97,
2009yerel,29 Mart 2009,5,Amasya,Süleyman Taşdemir,DP,2250,4.87,
2009yerel,29 Mart 2009,5,Amasya,Fikri Gevrek,SP,1023,2.22,
2009yerel,29 Mart 2009,5,Amasya,Haydar Demirtaş,DSP,186,0.4,
2009yerel,29 Mart 2009,5,Amasya,Metin Polat,BTP,102,0.22,
2009yerel,29 Mart 2009,5,Amasya,Hüsnü Çuhadar,TKP,52,0.11,
2009yerel,29 Mart 2009,5,Amasya,Hulusi Şimşek,Bağımsız,38,0.08,
2009yerel,29 Mart 2009,6,Ankara,İbrahim Melih Gökçek,AK Parti,939566,38.54,EVET
2009yerel,29 Mart 2009,6,Ankara,Murat Karayalçın,CHP,763081,31.3,
2009yerel,29 Mart 2009,6,Ankara,Mansur Yavaş,MHP,667305,27.37,
2009yerel,29 Mart 2009,6,Ankara,Veysel Candan,SP,29836,1.22,
2009yerel,29 Mart 2009,6,Ankara,Hayriye Kamile Öncel,DTP,11188,0.46,
2009yerel,29 Mart 2009,6,Ankara,Kenan Nuhut,DP,6862,0.28,
2009yerel,29 Mart 2009,6,Ankara,Süzülay Hazar,ANAP,6163,0.25,
2009yerel,29 Mart 2009,6,Ankara,Salih Türkyılmaz,BTP,5990,0.25,
2009yerel,29 Mart 2009,6,Ankara,İsa Erdem,MP92,3479,0.14,
2009yerel,29 Mart 2009,6,Ankara,Bekir Tuncay Çelen,TKP,2266,0.09,
2009yerel,29 Mart 2009,6,Ankara,İslam Ayvaz,LDP,1228,0.05,
2009yerel,29 Mart 2009,6,Ankara,Kadir Güven,Bağımsız,397,0.02,
2009yerel,29 Mart 2009,2,Adıyaman,Muhammet Necip Büyükaslan,AK Parti,47189,49.72,EVET
2009yerel,29 Mart 2009,2,Adıyaman,Abdulkadir Kırmızı,SP,22795,24.02,
2009yerel,29 Mart 2009,2,Adıyaman,Zeynel Aslan,CHP,12380,13.04,
2009yerel,29 Mart 2009,2,Adıyaman,Memet Necip Gürlevik,MHP,6060,6.38,
2009yerel,29 Mart 2009,2,Adıyaman,Zeynep Ölbeci,DTP,5209,5.49,
2009yerel,29 Mart 2009,2,Adıyaman,Saime Oğuzhan,DSP,495,0.52,
2009yerel,29 Mart 2009,2,Adıyaman,Cemal Çiftçi,BTP,246,0.26,
2009yerel,29 Mart 2009,2,Adıyaman,Abdurrahman Turgut,DP,178,0.19,
2009yerel,29 Mart 2009,2,Adıyaman,Ömer Erüst,Bağımsız,110,0.12,
2009yerel,29 Mart 2009,2,Adıyaman,Ekim Nehir,TKP,105,0.11,
2009yerel,29 Mart 2009,2,Adıyaman,Mehmet Öztürk,LDP,48,0.05,
2009yerel,29 Mart 2009,7,Antalya,Mustafa Akaydın,CHP,214158,40.92,EVET
2009yerel,29 Mart 2009,7,Antalya,Menderes Mehmet Tevfik Türel,AK Parti,176091,33.64,
2009yerel,29 Mart 2009,7,Antalya,Kemal Çelik,MHP,92161,17.61,
2009yerel,29 Mart 2009,7,Antalya,Şemsettin Kalay,DTP,19788,3.78,
2009yerel,29 Mart 2009,7,Antalya,Süleyman Burgan,SP,9293,1.78,
2009yerel,29 Mart 2009,7,Antalya,Mustafa Ceylan,DP,4899,0.94,
2009yerel,29 Mart 2009,7,Antalya,Mehmet Çelik,DSP,2208,0.42,
2009yerel,29 Mart 2009,7,Antalya,Serkan Küçükkuru,ANAP,1420,0.27,
2009yerel,29 Mart 2009,7,Antalya,Kemal Koymat,BTP,1147,0.22,
2009yerel,29 Mart 2009,7,Antalya,Ali Vural,ÖDP,1037,0.2,
2009yerel,29 Mart 2009,7,Antalya,Levent Tunçel,TKP,710,0.14,
2009yerel,29 Mart 2009,7,Antalya,Yusuf Mercan,LDP,296,0.06,
2009yerel,29 Mart 2009,7,Antalya,Çetin Yavuncu,Bağımsız,86,0.02,
2009yerel,29 Mart 2009,75,Ardahan,Faruk Köksoy,AK Parti,2816,36.97,EVET
2009yerel,29 Mart 2009,75,Ardahan,Teoman Güngör,DSP,1328,17.43,
2009yerel,29 Mart 2009,75,Ardahan,Yalçın Taştan,CHP,1209,15.87,
2009yerel,29 Mart 2009,75,Ardahan,Memet Sural,DTP,994,13.05,
2009yerel,29 Mart 2009,75,Ardahan,Mikail Kayatürk,DP,703,9.23,
2009yerel,29 Mart 2009,75,Ardahan,Ertan Sariçam,MHP,489,6.42,
2009yerel,29 Mart 2009,75,Ardahan,Bekir Duman,BTP,31,0.41,
2009yerel,29 Mart 2009,75,Ardahan,Cafer Yıldırım,TKP,27,0.35,
2009yerel,29 Mart 2009,75,Ardahan,Marif Balıkçi,SP,20,0.26,
2009yerel,29 Mart 2009,8,Artvin,Emin Özgün,CHP,5665,43.14,EVET
2009yerel,29 Mart 2009,8,Artvin,Orhan Yazıcı,AK Parti,5417,41.25,
2009yerel,29 Mart 2009,8,Artvin,Çağatay Dinçer,DSP,619,4.71,
2009yerel,29 Mart 2009,8,Artvin,Hasan Akın,DP,586,4.46,
2009yerel,29 Mart 2009,8,Artvin,Köksal Akalın,MHP,477,3.63,
2009yerel,29 Mart 2009,8,Artvin,Hakan Keleş,SP,301,2.29,
2009yerel,29 Mart 2009,8,Artvin,Faruk Ağırbaş,BTP,44,0.34,
2009yerel,29 Mart 2009,8,Artvin,Celal Dudak,TKP,24,0.18,
2009yerel,29 Mart 2009,74,Bartın,Cemal Akın,MHP,10996,39.29,EVET
2009yerel,29 Mart 2009,74,Bartın,Emin Özkan,AK Parti,7965,28.46,
2009yerel,29 Mart 2009,74,Bartın,Cemal Selim Karakaş,CHP,6380,22.8,
2009yerel,29 Mart 2009,74,Bartın,Sezar Karaca,DSP,1172,4.19,
2009yerel,29 Mart 2009,74,Bartın,Fikret Ercan,SP,727,2.6,
2009yerel,29 Mart 2009,74,Bartın,Ahmet Altıntel,DP,504,1.8,
2009yerel,29 Mart 2009,74,Bartın,Rıfat Tekerlek,Bağımsız,96,0.34,
2009yerel,29 Mart 2009,74,Bartın,Mehmet Özalpgil,BTP,78,0.28,
2009yerel,29 Mart 2009,74,Bartın,Nimet Çakıcı,TKP,37,0.13,
2009yerel,29 Mart 2009,74,Bartın,Hüseyin Kaya,LDP,30,0.11,
2009yerel,29 Mart 2009,72,Batman,Nejdet Atalay,DTP,72424,59.05,EVET
2009yerel,29 Mart 2009,72,Batman,Ziver Özdemir,AK Parti,45219,36.87,
2009yerel,29 Mart 2009,72,Batman,Ahmet Çiftçi,SP,1984,1.62,
2009yerel,29 Mart 2009,72,Batman,Şevki Candan,BBP,939,0.77,
2009yerel,29 Mart 2009,72,Batman,Seyfettin İnalcan,CHP,355,0.29,
2009yerel,29 Mart 2009,72,Batman,İhsan Eroğlu,MHP,354,0.29,
2009yerel,29 Mart 2009,72,Batman,Ali Çetin,BTP,344,0.28,
2009yerel,29 Mart 2009,72,Batman,Orhan Ok,DSP,326,0.27,
2009yerel,29 Mart 2009,72,Batman,Ahmet Engin,HAK-PAR,280,0.23,
2009yerel,29 Mart 2009,72,Batman,Emine İnci Ölmez,İP,208,0.17,
2009yerel,29 Mart 2009,72,Batman,Hasan Kurt,DP,184,0.15,
2009yerel,29 Mart 2009,72,Batman,Abdullah Demirbölek,Bağımsız,25,0.02,
2009yerel,29 Mart 2009,69,Bayburt,Hacı Ali Polat,AK Parti,5381,34.83,EVET
2009yerel,29 Mart 2009,69,Bayburt,İdris Aydın,MHP,4616,29.88,
2009yerel,29 Mart 2009,69,Bayburt,Lütfü Bölen,SP,3713,24.03,
2009yerel,29 Mart 2009,69,Bayburt,Hayrettin Haluk Akkoyunlu,BBP,617,3.99,
2009yerel,29 Mart 2009,69,Bayburt,Dursun Ali Emir,DP,584,3.78,
2009yerel,29 Mart 2009,69,Bayburt,İbrahim Yılmazoğlu,CHP,312,2.02,
2009yerel,29 Mart 2009,69,Bayburt,İrfan Cansız,BTP,130,0.84,
2009yerel,29 Mart 2009,69,Bayburt,Ziya Çağlı,İP,60,0.39,
2009yerel,29 Mart 2009,69,Bayburt,Münire Koç,TKP,27,0.17,
2009yerel,29 Mart 2009,69,Bayburt,Sabahattin Tekdemir,Bağımsız,10,0.06,
2009yerel,29 Mart 2009,11,Bilecik,Selim Yağcı,AK Parti,8841,37.44,EVET
2009yerel,29 Mart 2009,11,Bilecik,Faik Akarkarasu,CHP,8739,37.01,
2009yerel,29 Mart 2009,11,Bilecik,Ahmet Oturak,MHP,2900,12.28,
2009yerel,29 Mart 2009,11,Bilecik,Cengiz Doğan,DP,1156,4.9,
2009yerel,29 Mart 2009,11,Bilecik,Hasan Esen,SP,664,2.81,
2009yerel,29 Mart 2009,11,Bilecik,Mete Gökalp Şahin,BBP,376,1.59,
2009yerel,29 Mart 2009,11,Bilecik,Cavit Yağcıoğlu,DSP,343,1.45,
2009yerel,29 Mart 2009,11,Bilecik,Ali Haydar Uysal,TKP,39,0.17,
2009yerel,29 Mart 2009,11,Bilecik,Hakan Ergan,BTP,34,0.14,
2009yerel,29 Mart 2009,10,Balıkesir,İsmail Ok,MHP,60333,41.07,EVET
2009yerel,29 Mart 2009,10,Balıkesir,Sabri Uğur,AK Parti,53443,36.38,
2009yerel,29 Mart 2009,10,Balıkesir,Nedret Can,CHP,20509,13.96,
2009yerel,29 Mart 2009,10,Balıkesir,Erkan Ağabeyoğlu,DP,4524,3.08,
2009yerel,29 Mart 2009,10,Balıkesir,Cengiz Yücel Özek,SP,3219,2.19,
2009yerel,29 Mart 2009,10,Balıkesir,Mehmet Bülend Sağlam,BBP,1760,1.2,
2009yerel,29 Mart 2009,10,Balıkesir,Sezgin Dedeoğlu,DSP,1440,0.98,
2009yerel,29 Mart 2009,10,Balıkesir,Münir Aykül,ANAP,957,0.65,
2009yerel,29 Mart 2009,10,Balıkesir,Burhan Boz,BTP,310,0.21,
2009yerel,29 Mart 2009,10,Balıkesir,Esen Karabulut,Bağımsız,256,0.17,
2009yerel,29 Mart 2009,10,Balıkesir,Mesut Ünal,LDP,139,0.09,
2009yerel,29 Mart 2009,13,Bitlis,Fehmi Alaydın,AK Parti,7757,42.88,EVET
2009yerel,29 Mart 2009,13,Bitlis,Mehmet Şefik Beyaz,DTP,6240,34.5,
2009yerel,29 Mart 2009,13,Bitlis,Yaşar Buhan,SP,2935,16.23,
2009yerel,29 Mart 2009,13,Bitlis,Erol Çiriş,CHP,290,1.6,
2009yerel,29 Mart 2009,13,Bitlis,Mehmet Faruk Akdemir,DP,289,1.6,
2009yerel,29 Mart 2009,13,Bitlis,İhsan Gültekin,MHP,239,1.32,
2009yerel,29 Mart 2009,13,Bitlis,Halil Gül,DSP,160,0.88,
2009yerel,29 Mart 2009,13,Bitlis,Hüseyin Özmen,BTP,117,0.65,
2009yerel,29 Mart 2009,13,Bitlis,Mehmet Demiryürek,İP,36,0.2,
2009yerel,29 Mart 2009,13,Bitlis,Hikmetullah Güzelsoy,Bağımsız,25,0.14,
2009yerel,29 Mart 2009,12,Bingöl,Serdar Atalay,AK Parti,16498,42.99,EVET
2009yerel,29 Mart 2009,12,Bingöl,Fırat Anlı,DTP,13221,34.45,
2009yerel,29 Mart 2009,12,Bingöl,Bedri Tuğ,SP,6596,17.19,
2009yerel,29 Mart 2009,12,Bingöl,Muammer Çolakoğlu,BBP,479,1.25,
2009yerel,29 Mart 2009,12,Bingöl,Ahmet Bor,MHP,467,1.22,
2009yerel,29 Mart 2009,12,Bingöl,Mehmet Kete,DP,293,0.76,
2009yerel,29 Mart 2009,12,Bingöl,Çetin Sağsöz,CHP,290,0.76,
2009yerel,29 Mart 2009,12,Bingöl,Mehmet Oyunlu,BTP,204,0.53,
2009yerel,29 Mart 2009,12,Bingöl,Ahmet Faruk Kaya,HAK-PAR,108,0.28,
2009yerel,29 Mart 2009,12,Bingöl,Bülent Aslan,DSP,105,0.27,
2009yerel,29 Mart 2009,12,Bingöl,Zeki Börükoçin,Bağımsız,79,0.21,
2009yerel,29 Mart 2009,12,Bingöl,Canan Dayıoğlu,TKP,39,0.1,
2009yerel,29 Mart 2009,15,Burdur,Sebahattin Akkaya,AK Parti,16685,39.83,EVET
2009yerel,29 Mart 2009,15,Burdur,Şevket Aksöz,CHP,16145,38.54,
2009yerel,29 Mart 2009,15,Burdur,Orhan Akın,MHP,7417,17.71,
2009yerel,29 Mart 2009,15,Burdur,Adnan Ersan,SP,739,1.76,
2009yerel,29 Mart 2009,15,Burdur,Akan Topcan,DSP,381,0.91,
2009yerel,29 Mart 2009,15,Burdur,Ziya Boyacıoğlu,DP,367,0.88,
2009yerel,29 Mart 2009,15,Burdur,Sadık Vural,BTP,87,0.21,
2009yerel,29 Mart 2009,15,Burdur,Efe Duyan,TKP,69,0.16,
2009yerel,29 Mart 2009,14,Bolu,Alaaddin Yılmaz,AK Parti,30004,43.34,EVET
2009yerel,29 Mart 2009,14,Bolu,Tanju Özcan,CHP,28163,40.68,
2009yerel,29 Mart 2009,14,Bolu,Mustafa Ramazan,MHP,6348,9.17,
2009yerel,29 Mart 2009,14,Bolu,Ali Sarıgül,SP,2939,4.25,
2009yerel,29 Mart 2009,14,Bolu,İrfan Özdemir,DSP,880,1.27,
2009yerel,29 Mart 2009,14,Bolu,Ahmet Alkan,DP,388,0.56,
2009yerel,29 Mart 2009,14,Bolu,Ahmet Özkan,EMEP,165,0.24,
2009yerel,29 Mart 2009,14,Bolu,Kadir Gülbay,BTP,142,0.21,
2009yerel,29 Mart 2009,14,Bolu,Murat Papuç,TKP,142,0.21,
2009yerel,29 Mart 2009,14,Bolu,Ahmet Yılmaz,LDP,62,0.09,
2009yerel,29 Mart 2009,16,Bursa,Recep Altepe,AK Parti,506245,47.15,EVET
2009yerel,29 Mart 2009,16,Bursa,Sena Kaleli,CHP,289605,26.97,
2009yerel,29 Mart 2009,16,Bursa,Beytullah Mehmet Gazioğlu,MHP,132450,12.34,
2009yerel,29 Mart 2009,16,Bursa,Hikmet Şahin,DP,66043,6.15,
2009yerel,29 Mart 2009,16,Bursa,Zekeriya Yılmazgöz,SP,32271,3.01,
2009yerel,29 Mart 2009,16,Bursa,Esat Gürkan Kanbir,DSP,13159,1.23,
2009yerel,29 Mart 2009,16,Bursa,Umut Topaloğlu,BBP,12128,1.13,
2009yerel,29 Mart 2009,16,Bursa,İlhan Aşkın,ANAP,6967,0.65,
2009yerel,29 Mart 2009,16,Bursa,Hüseyin Zengin,BTP,5882,0.55,
2009yerel,29 Mart 2009,16,Bursa,İkbal Polat,Bağımsız,4233,0.39,
2009yerel,29 Mart 2009,16,Bursa,Mehmet Yavuzkan,TKP,1971,0.18,
2009yerel,29 Mart 2009,16,Bursa,Ali Rıza Kocaman,LDP,875,0.08,
2009yerel,29 Mart 2009,17,Çanakkale,Ülgür Gökhan,CHP,21330,39.49,EVET
2009yerel,29 Mart 2009,17,Çanakkale,Murat Efe,AK Parti,17840,33.03,
2009yerel,29 Mart 2009,17,Çanakkale,Rıdvan Uz,MHP,12439,23.03,
2009yerel,29 Mart 2009,17,Çanakkale,Erol Sazcı,DSP,1284,2.38,
2009yerel,29 Mart 2009,17,Çanakkale,İbrahim Tolga Çebi,DP,369,0.68,
2009yerel,29 Mart 2009,17,Çanakkale,Nihat Yalçın,DTP,335,0.62,
2009yerel,29 Mart 2009,17,Çanakkale,Şaban Sarı,SP,199,0.37,
2009yerel,29 Mart 2009,17,Çanakkale,Mehmet Çağrı Kınıkoğlu,TKP,128,0.24,
2009yerel,29 Mart 2009,17,Çanakkale,Mustafa Demir,BTP,73,0.14,
2009yerel,29 Mart 2009,17,Çanakkale,Muharrem Demircioğlu,Bağımsız,15,0.03,
2009yerel,29 Mart 2009,18,Çankırı,İrfan Dinç,AK Parti,17963,46.92,EVET
2009yerel,29 Mart 2009,18,Çankırı,Hakkı Yalçın,MHP,17090,44.64,
2009yerel,29 Mart 2009,18,Çankırı,Bahattin Ayhan,CHP,874,2.28,
2009yerel,29 Mart 2009,18,Çankırı,Şevket Koç,SP,808,2.11,
2009yerel,29 Mart 2009,18,Çankırı,Ahmet Yılmaz,BBP,753,1.97,
2009yerel,29 Mart 2009,18,Çankırı,Dursun Balcı,DP,493,1.29,
2009yerel,29 Mart 2009,18,Çankırı,Satılmış Gökmen,DSP,136,0.36,
2009yerel,29 Mart 2009,18,Çankırı,Ömer Sarıalioğlu,BTP,84,0.22,
2009yerel,29 Mart 2009,18,Çankırı,Murat Elitaş,TKP,46,0.12,
2009yerel,29 Mart 2009,18,Çankırı,Musa Erdem,MP92,39,0.1,
2009yerel,29 Mart 2009,19,Çorum,Muzaffer Külcü,AK Parti,53967,45.71,EVET
2009yerel,29 Mart 2009,19,Çorum,Sait Börekci,CHP,41074,34.79,
2009yerel,29 Mart 2009,19,Çorum,Bekir Soyocak,MHP,13407,11.36,
2009yerel,29 Mart 2009,19,Çorum,Arif Ersoy,SP,7741,6.56,
2009yerel,29 Mart 2009,19,Çorum,Kemal Uzun,DSP,781,0.66,
2009yerel,29 Mart 2009,19,Çorum,Muhsin Kocasaraç,DP,515,0.44,
2009yerel,29 Mart 2009,19,Çorum,Ayhan Oğuz,EMEP,294,0.25,
2009yerel,29 Mart 2009,19,Çorum,Hasan Hüseyin Afşar,BTP,146,0.12,
2009yerel,29 Mart 2009,19,Çorum,Rafet Karaman,TKP,90,0.08,
2009yerel,29 Mart 2009,19,Çorum,Selahattin Aydemir,LDP,36,0.03,
2009yerel,29 Mart 2009,20,Denizli,Nihat Zeybekci,AK Parti,112418,39.93,EVET
2009yerel,29 Mart 2009,20,Denizli,Hüsamettin Ataman,CHP,85193,30.26,
2009yerel,29 Mart 2009,20,Denizli,Ümit Bahtiyar,MHP,62062,22.05,
2009yerel,29 Mart 2009,20,Denizli,Mustafa Gürbüz,DP,7308,2.6,
2009yerel,29 Mart 2009,20,Denizli,Senay Eker,DTP,5179,1.84,
2009yerel,29 Mart 2009,20,Denizli,Süleyman Oruç,BBP,3259,1.16,
2009yerel,29 Mart 2009,20,Denizli,Cemal İnanöz,SP,2227,0.79,
2009yerel,29 Mart 2009,20,Denizli,Mustafa Değirmenci,DSP,2077,0.74,
2009yerel,29 Mart 2009,20,Denizli,Pembe Kesikbaş,BTP,499,0.18,
2009yerel,29 Mart 2009,20,Denizli,Mehmet Kızıler,ÖDP,286,0.1,
2009yerel,29 Mart 2009,20,Denizli,Savaş Sarı,TKP,252,0.09,
2009yerel,29 Mart 2009,20,Denizli,Mehmet Kırgız,EMEP,215,0.08,
2009yerel,29 Mart 2009,20,Denizli,Lütfi Erol,LDP,157,0.06,
2009yerel,29 Mart 2009,20,Denizli,Sadık Köyoğlu,Bağımsız,123,0.04,
2009yerel,29 Mart 2009,21,Diyarbakır,Osman Baydemir,DTP,226402,65.06,EVET
2009yerel,29 Mart 2009,21,Diyarbakır,Kutbettin Arzu,AK Parti,110986,31.9,
2009yerel,29 Mart 2009,21,Diyarbakır,Mehmet Halim Tunç,SP,2032,0.58,
2009yerel,29 Mart 2009,21,Diyarbakır,Ahmet Remzi Sayılan,CHP,2009,0.58,
2009yerel,29 Mart 2009,21,Diyarbakır,Abdullah Bulut,DP,1746,0.5,
2009yerel,29 Mart 2009,21,Diyarbakır,Hasan Dağtekin,HAK-PAR,1612,0.46,
2009yerel,29 Mart 2009,21,Diyarbakır,Bayram Durmuş,MHP,942,0.27,
2009yerel,29 Mart 2009,21,Diyarbakır,Turan Ertürk,DSP,836,0.24,
2009yerel,29 Mart 2009,21,Diyarbakır,Ahmet Zeki Türköz,BTP,667,0.19,
2009yerel,29 Mart 2009,21,Diyarbakır,Bayram Yurtçiçek,İP,391,0.11,
2009yerel,29 Mart 2009,21,Diyarbakır,Selahattin Turğa,TKP,341,0.1,
2009yerel,29 Mart 2009,81,Düzce,İsmail Bayram,AK Parti,28609,42.65,EVET
2009yerel,29 Mart 2009,81,Düzce,Ömer Küçük,MHP,24938,37.17,
2009yerel,29 Mart 2009,81,Düzce,Selahattin Aydın,SP,7036,10.49,
2009yerel,29 Mart 2009,81,Düzce,Evren Kuşcuoğlu,CHP,4354,6.49,
2009yerel,29 Mart 2009,81,Düzce,Kenan Fırat,DSP,694,1.03,
2009yerel,29 Mart 2009,81,Düzce,İsmail Bayrak,BBP,653,0.97,
2009yerel,29 Mart 2009,81,Düzce,Alper Tüfekçi,DP,425,0.63,
2009yerel,29 Mart 2009,81,Düzce,Hasan Yıldırım,BTP,192,0.29,
2009yerel,29 Mart 2009,81,Düzce,Ender Turan,ÖDP,183,0.27,
2009yerel,29 Mart 2009,23,Elazığ,Mehmet Süleyman Selmanoğlu,AK Parti,76870,47.43,EVET
2009yerel,29 Mart 2009,23,Elazığ,Enver Erdem,MHP,37675,23.25,
2009yerel,29 Mart 2009,23,Elazığ,Kenan Altungök,SP,25327,15.63,
2009yerel,29 Mart 2009,23,Elazığ,Haydar Saltık,CHP,12470,7.69,
2009yerel,29 Mart 2009,23,Elazığ,Mehmet Sıdık Çelik,DTP,3823,2.36,
2009yerel,29 Mart 2009,23,Elazığ,Erdal Gökmen,BBP,2231,1.38,
2009yerel,29 Mart 2009,23,Elazığ,Levent Yigit,DP,1413,0.87,
2009yerel,29 Mart 2009,23,Elazığ,Ömür Göktaş,DSP,1014,0.63,
2009yerel,29 Mart 2009,23,Elazığ,Serpil Kaçar,ANAP,487,0.3,
2009yerel,29 Mart 2009,23,Elazığ,Bayram Kavak,BTP,478,0.29,
2009yerel,29 Mart 2009,23,Elazığ,Ali Haydar Baytekin,TKP,203,0.13,
2009yerel,29 Mart 2009,23,Elazığ,Mustafa Özdemir,Bağımsız,71,0.04,
2009yerel,29 Mart 2009,24,Erzincan,Yüksel Çakır,AK Parti,23058,51.9,EVET
2009yerel,29 Mart 2009,24,Erzincan,Erkan Karaman,MHP,15006,33.77,
2009yerel,29 Mart 2009,24,Erzincan,Nuran Uygun,CHP,4267,9.6,
2009yerel,29 Mart 2009,24,Erzincan,Metin Çimen,SP,894,2.01,
2009yerel,29 Mart 2009,24,Erzincan,Volkan Özdemir,DSP,522,1.17,
2009yerel,29 Mart 2009,24,Erzincan,Ayhan Pakkan,DTP,229,0.52,
2009yerel,29 Mart 2009,24,Erzincan,Mehmet Semih Yaldız,DP,164,0.37,
2009yerel,29 Mart 2009,24,Erzincan,Fatih Yılmaz,BTP,115,0.26,
2009yerel,29 Mart 2009,24,Erzincan,Tuna Kuzucan,ANAP,95,0.21,
2009yerel,29 Mart 2009,24,Erzincan,Gülay Dincel,TKP,82,0.18,
2009yerel,29 Mart 2009,22,Edirne,Hamdi Sedefçi,CHP,46472,57.8,EVET
2009yerel,29 Mart 2009,22,Edirne,Mustafa Hatipler,AK Parti,25190,31.33,
2009yerel,29 Mart 2009,22,Edirne,Erkan Doğan,MHP,2991,3.72,
2009yerel,29 Mart 2009,22,Edirne,Sami Çakırlar,DSP,1971,2.45,
2009yerel,29 Mart 2009,22,Edirne,Ali Erhan Demirkıran,SP,1301,1.62,
2009yerel,29 Mart 2009,22,Edirne,Doğan Yakar,DP,816,1.01,
2009yerel,29 Mart 2009,22,Edirne,Özcan Demirtaş,BBP,590,0.73,
2009yerel,29 Mart 2009,22,Edirne,Bilmez Cengiz,DTP,550,0.68,
2009yerel,29 Mart 2009,22,Edirne,Celal Vardar,ANAP,232,0.29,
2009yerel,29 Mart 2009,22,Edirne,Dilek Günsel Doğan,TKP,120,0.15,
2009yerel,29 Mart 2009,22,Edirne,Orhan Dede,BTP,84,0.1,
2009yerel,29 Mart 2009,22,Edirne,Mustafa Nezih Atsız,Bağımsız,49,0.06,
2009yerel,29 Mart 2009,25,Erzurum,Ahmet Küçükler,AK Parti,101322,56.95,EVET
2009yerel,29 Mart 2009,25,Erzurum,Kamil Aydın,MHP,60391,33.94,
2009yerel,29 Mart 2009,25,Erzurum,Cemalettin Timur Hınıslıoğlu,SP,10307,5.79,
2009yerel,29 Mart 2009,25,Erzurum,İrfan Keskin,DTP,2078,1.17,
2009yerel,29 Mart 2009,25,Erzurum,Nizamettin Zengin,CHP,1981,1.11,
2009yerel,29 Mart 2009,25,Erzurum,Gürbüz Karabacak,DP,904,0.51,
2009yerel,29 Mart 2009,25,Erzurum,Ferit Aydemir,BTP,434,0.24,
2009yerel,29 Mart 2009,25,Erzurum,Ahmet Kovaytan,DSP,316,0.18,
2009yerel,29 Mart 2009,25,Erzurum,Özlem Şen Abay,TKP,184,0.1,
2009yerel,29 Mart 2009,28,Giresun,Kerim Aksu,CHP,23663,46.78,EVET
2009yerel,29 Mart 2009,28,Giresun,Hurşit Yüksel,AK Parti,17627,34.84,
2009yerel,29 Mart 2009,28,Giresun,Ali Kara,MHP,5906,11.67,
2009yerel,29 Mart 2009,28,Giresun,İsmail Derbeder,SP,1699,3.36,
2009yerel,29 Mart 2009,28,Giresun,Ali Okusal,DSP,675,1.33,
2009yerel,29 Mart 2009,28,Giresun,Durmuş Çekiç,DP,354,0.7,
2009yerel,29 Mart 2009,28,Giresun,Erdoğan Türkoğlu,ANAP,299,0.59,
2009yerel,29 Mart 2009,28,Giresun,Halil İbrahim Türker,BTP,175,0.35,
2009yerel,29 Mart 2009,28,Giresun,Ahmet Kalafat,ÖDP,115,0.23,
2009yerel,29 Mart 2009,28,Giresun,Atalay Seçkin,TKP,50,0.1,
2009yerel,29 Mart 2009,28,Giresun,Emine Köse,Bağımsız,25,0.05,
2009yerel,29 Mart 2009,26,Eskişehir,Yılmaz Büyükerşen,DSP,194829,51.52,EVET
2009yerel,29 Mart 2009,26,Eskişehir,Hasan Gönen,AK Parti,140366,37.12,
2009yerel,29 Mart 2009,26,Eskişehir,Ahmet Vural,MHP,21368,5.65,
2009yerel,29 Mart 2009,26,Eskişehir,Rauf Aydın Güngör,CHP,10578,2.8,
2009yerel,29 Mart 2009,26,Eskişehir,Nihat Bilgiç,SP,6151,1.63,
2009yerel,29 Mart 2009,26,Eskişehir,Ayfer Arat,DP,3949,1.04,
2009yerel,29 Mart 2009,26,Eskişehir,Rauf Cenk Alat,BTP,461,0.12,
2009yerel,29 Mart 2009,26,Eskişehir,Hüsnü Atlıkan,TKP,447,0.12,
2009yerel,29 Mart 2009,27,Gaziantep,Asım Uğur Güzelbey,AK Parti,303589,53.37,EVET
2009yerel,29 Mart 2009,27,Gaziantep,Mustafa Yılmaz,CHP,171811,30.2,
2009yerel,29 Mart 2009,27,Gaziantep,Oktay Konyar,DTP,32096,5.64,
2009yerel,29 Mart 2009,27,Gaziantep,Mehmet Yıldırım,MHP,28519,5.01,
2009yerel,29 Mart 2009,27,Gaziantep,Nurettin Aktaş,SP,18849,3.31,
2009yerel,29 Mart 2009,27,Gaziantep,Metin Demirçubuk,BBP,7504,1.32,
2009yerel,29 Mart 2009,27,Gaziantep,Ökkaş Kıroğlu,DSP,2041,0.36,
2009yerel,29 Mart 2009,27,Gaziantep,Sadık Tanrıverdi,DP,1759,0.31,
2009yerel,29 Mart 2009,27,Gaziantep,Mehmet Hakan Keresteci,BTP,1569,0.28,
2009yerel,29 Mart 2009,27,Gaziantep,Ekim Orhan İsmi,TKP,609,0.11,
2009yerel,29 Mart 2009,27,Gaziantep,Abdullah Sabri Kocaman,Bağımsız,489,0.09,
2009yerel,29 Mart 2009,30,Hakkari,Fadıl Bedirhanoğlu,DTP,20344,81.17,EVET
2009yerel,29 Mart 2009,30,Hakkari,Şükrü Çallı,AK Parti,3811,15.21,
2009yerel,29 Mart 2009,30,Hakkari,Hüseyin Emin,SP,216,0.86,
2009yerel,29 Mart 2009,30,Hakkari,Yakup Kaya,MHP,195,0.78,
2009yerel,29 Mart 2009,30,Hakkari,Namık Kemal İlter,DSP,166,0.66,
2009yerel,29 Mart 2009,30,Hakkari,Hikmet Dayan,CHP,121,0.48,
2009yerel,29 Mart 2009,30,Hakkari,Zühtü Kazancı,BTP,84,0.34,
2009yerel,29 Mart 2009,30,Hakkari,Kenan Şahin,DP,75,0.3,
2009yerel,29 Mart 2009,30,Hakkari,Hasan Hüseyin Tanrıverdi,İP,50,0.2,
2009yerel,29 Mart 2009,32,Isparta,Yusuf Ziya Günaydın,MHP,40579,38.65,EVET
2009yerel,29 Mart 2009,32,Isparta,Hasan Balaman,AK Parti,33385,31.8,
2009yerel,29 Mart 2009,32,Isparta,Mehmet Aybatılı,DP,17919,17.07,
2009yerel,29 Mart 2009,32,Isparta,Cevat Gençay,SP,6899,6.57,
2009yerel,29 Mart 2009,32,Isparta,Aysel Erdoğan,CHP,2293,2.18,
2009yerel,29 Mart 2009,32,Isparta,Hasan Hüseyin Başçiftçi,BBP,1465,1.4,
2009yerel,29 Mart 2009,32,Isparta,Ramazan Seyhan,DSP,1119,1.07,
2009yerel,29 Mart 2009,32,Isparta,İsmet Yavçin,DTP,700,0.67,
2009yerel,29 Mart 2009,32,Isparta,Fatma Yüksel,ANAP,256,0.24,
2009yerel,29 Mart 2009,32,Isparta,Eriş Karanlık,TKP,204,0.19,
2009yerel,29 Mart 2009,32,Isparta,Mehmet Ateş,BTP,159,0.15,
2009yerel,29 Mart 2009,76,Iğdır,Mehmet Nuri Güneş,DTP,12903,39.6,EVET
2009yerel,29 Mart 2009,76,Iğdır,Nurettin Aras,AK Parti,10116,31.05,
2009yerel,29 Mart 2009,76,Iğdır,Ali Ekber Yeşil,MHP,8830,27.1,
2009yerel,29 Mart 2009,76,Iğdır,Nazım Karadağ,CHP,172,0.53,
2009yerel,29 Mart 2009,76,Iğdır,Kutlay Yıldırım,BBP,164,0.5,
2009yerel,29 Mart 2009,76,Iğdır,Arzu Tanrıkulu,SP,105,0.32,
2009yerel,29 Mart 2009,76,Iğdır,İhsan Öztürk,BTP,94,0.29,
2009yerel,29 Mart 2009,76,Iğdır,Yaşar Türkoğlu,DSP,90,0.28,
2009yerel,29 Mart 2009,76,Iğdır,Ekrem Demirtekin,DP,58,0.18,
2009yerel,29 Mart 2009,76,Iğdır,Şule Tüblek,TKP,52,0.16,
2009yerel,29 Mart 2009,34,İstanbul,Kadir Topbaş,AK Parti,3101440,44.71,EVET
2009yerel,29 Mart 2009,34,İstanbul,Kemal Kılıçdaroğlu,CHP,2566704,37.0,
2009yerel,29 Mart 2009,34,İstanbul,Ahmet Turgut,MHP,347449,5.01,
2009yerel,29 Mart 2009,34,İstanbul,Mehmet Bekaroğlu,SP,336849,4.86,
2009yerel,29 Mart 2009,34,İstanbul,Akın Birdal,DTP,312074,4.5,
2009yerel,29 Mart 2009,34,İstanbul,Ahmet Vefik Alp,DSP,90223,1.3,
2009yerel,29 Mart 2009,34,İstanbul,Cevdet Tellioğlu,BBP,79162,1.14,
2009yerel,29 Mart 2009,34,İstanbul,Mehmet Dülger,DP,33052,0.48,
2009yerel,29 Mart 2009,34,İstanbul,Tevfik Ahmet Özal,ANAP,21908,0.32,
2009yerel,29 Mart 2009,34,İstanbul,Sabiha Karamustafa,BTP,17018,0.25,
2009yerel,29 Mart 2009,34,İstanbul,Mehmet Ali Erdoğan,HAK-PAR,9490,0.14,
2009yerel,29 Mart 2009,34,İstanbul,Zehra Güner,TKP,7688,0.11,
2009yerel,29 Mart 2009,34,İstanbul,Ahmet Aktaş,MP92,4955,0.07,
2009yerel,29 Mart 2009,34,İstanbul,Fahrettin Tanınmış,LDP,3014,0.04,
2009yerel,29 Mart 2009,34,İstanbul,Melek Altıntaş,Bağımsız,1045,0.02,
2009yerel,29 Mart 2009,78,Karabük,Rafet Vergili,MHP,19807,31.59,EVET
2009yerel,29 Mart 2009,78,Karabük,Hüseyin Erer,AK Parti,19333,30.83,
2009yerel,29 Mart 2009,78,Karabük,Dursun Altıparmak,DP,12455,19.86,
2009yerel,29 Mart 2009,78,Karabük,Serdar Akca,SP,5796,9.24,
2009yerel,29 Mart 2009,78,Karabük,Enver Tümen,CHP,4027,6.42,
2009yerel,29 Mart 2009,78,Karabük,Kadri Ün,DSP,594,0.95,
2009yerel,29 Mart 2009,78,Karabük,Recep Özcan,BTP,292,0.47,
2009yerel,29 Mart 2009,78,Karabük,Mehmet Özay,ANAP,180,0.29,
2009yerel,29 Mart 2009,78,Karabük,Zekeriya Ercivan,TKP,105,0.17,
2009yerel,29 Mart 2009,78,Karabük,Cemal Mızrak,Bağımsız,66,0.11,
2009yerel,29 Mart 2009,46,Kahramanmaraş,Mustafa Poyraz,AK Parti,128409,65.11,EVET
2009yerel,29 Mart 2009,46,Kahramanmaraş,Mustafa Daşcı,MHP,43427,22.02,
2009yerel,29 Mart 2009,46,Kahramanmaraş,Bekir Kılıç,BBP,8165,4.14,
2009yerel,29 Mart 2009,46,Kahramanmaraş,Hanefi Mahçiçek,SP,5635,2.86,
2009yerel,29 Mart 2009,46,Kahramanmaraş,Rifat Nedim Kabakcı,CHP,4234,2.15,
2009yerel,29 Mart 2009,46,Kahramanmaraş,Bahtiyar Murat Aras,ANAP,2472,1.25,
2009yerel,29 Mart 2009,46,Kahramanmaraş,İlyas Fatih Kısacık,DP,2397,1.22,
2009yerel,29 Mart 2009,46,Kahramanmaraş,Ahmet Çokbekler,BTP,1013,0.51,
2009yerel,29 Mart 2009,46,Kahramanmaraş,Vehbi Keklik,DTP,759,0.38,
2009yerel,29 Mart 2009,46,Kahramanmaraş,Cahid Baştürk,DSP,335,0.17,
2009yerel,29 Mart 2009,46,Kahramanmaraş,Hacı Yüksel Horasan,Bağımsız,156,0.08,
2009yerel,29 Mart 2009,46,Kahramanmaraş,Tahsin Emre Soydan,TKP,132,0.07,
2009yerel,29 Mart 2009,35,İzmir,Aziz Kocaoğlu,CHP,1106823,56.17,EVET
2009yerel,29 Mart 2009,35,İzmir,Taha Aksoy,AK Parti,598711,30.39,
2009yerel,29 Mart 2009,35,İzmir,Dursun Müsavat Dervişoğlu,MHP,137765,6.99,
2009yerel,29 Mart 2009,35,İzmir,Arif Ali Cangı,Bağımsız,33076,1.68,
2009yerel,29 Mart 2009,35,İzmir,Harun Öztürk,DSP,30607,1.55,
2009yerel,29 Mart 2009,35,İzmir,Şerafettin Kılıç,SP,18406,0.93,
2009yerel,29 Mart 2009,35,İzmir,Haluk Güntan,DP,14141,0.72,
2009yerel,29 Mart 2009,35,İzmir,Gülgün Beşerler,ANAP,6558,0.33,
2009yerel,29 Mart 2009,35,İzmir,Zübeyde Uslu,BTP,5971,0.3,
2009yerel,29 Mart 2009,35,İzmir,Mustafa Mehmet Balçık,HYP,5751,0.29,
2009yerel,29 Mart 2009,35,İzmir,Özgür Sarı,TKP,5457,0.28,
2009yerel,29 Mart 2009,35,İzmir,Orkun Köksoy,LDP,1417,0.07,
2009yerel,29 Mart 2009,37,Kastamonu,Turhan Topçuoğlu,MHP,23636,49.39,EVET
2009yerel,29 Mart 2009,37,Kastamonu,Mustafa Gökhan Gülşen,AK Parti,18514,38.68,
2009yerel,29 Mart 2009,37,Kastamonu,Atiyye Müjgan Alagöz,CHP,4133,8.64,
2009yerel,29 Mart 2009,37,Kastamonu,Hamit Serdar Yılmaz,SP,636,1.33,
2009yerel,29 Mart 2009,37,Kastamonu,Ayfer Demir,DP,358,0.75,
2009yerel,29 Mart 2009,37,Kastamonu,Ünal Şahin,DSP,353,0.74,
2009yerel,29 Mart 2009,37,Kastamonu,Murat Çoban,BTP,135,0.28,
2009yerel,29 Mart 2009,37,Kastamonu,Fatma Mürüvet Deniz,TKP,95,0.2,
2009yerel,29 Mart 2009,36,Kars,Nevzat Bozkuş,AK Parti,11649,32.61,EVET
2009yerel,29 Mart 2009,36,Kars,Settar Kaya,MHP,10172,28.48,
2009yerel,29 Mart 2009,36,Kars,Naif Alibeyoğlu,CHP,7928,22.19,
2009yerel,29 Mart 2009,36,Kars,Ayşe Alinak,DTP,5142,14.39,
2009yerel,29 Mart 2009,36,Kars,Reis Karakoç,SP,337,0.94,
2009yerel,29 Mart 2009,36,Kars,Orhan Cihantimur,DSP,252,0.71,
2009yerel,29 Mart 2009,36,Kars,Özgür Devrim Kılıç,TKP,158,0.44,
2009yerel,29 Mart 2009,36,Kars,Ertürk Güneş,BTP,83,0.23,
2009yerel,29 Mart 2009,38,Kayseri,Mehmet Özhaseki,AK Parti,291097,61.05,EVET
2009yerel,29 Mart 2009,38,Kayseri,Mustafa Eraslan,MHP,107523,22.55,
2009yerel,29 Mart 2009,38,Kayseri,Ali Genç,CHP,40842,8.57,
2009yerel,29 Mart 2009,38,Kayseri,Haşim Özçelik,SP,21347,4.48,
2009yerel,29 Mart 2009,38,Kayseri,Osman Çilsal,DP,4506,0.95,
2009yerel,29 Mart 2009,38,Kayseri,Erol Bezirhan,DSP,3483,0.73,
2009yerel,29 Mart 2009,38,Kayseri,Mustafa Tekin,BTP,2975,0.62,
2009yerel,29 Mart 2009,38,Kayseri,Gül Fatma Tufanoğlu,ANAP,2015,0.42,
2009yerel,29 Mart 2009,38,Kayseri,Ahmet Çelik,MP92,900,0.19,
2009yerel,29 Mart 2009,38,Kayseri,Hasan Daşkın,EMEP,798,0.17,
2009yerel,29 Mart 2009,38,Kayseri,Havise Atlıhan,TKP,674,0.14,
2009yerel,29 Mart 2009,38,Kayseri,Ahmet Erinkurt,LDP,392,0.08,
2009yerel,29 Mart 2009,38,Kayseri,Hacı Bora Koç,Bağımsız,272,0.06,
2009yerel,29 Mart 2009,71,Kırıkkale,Veli Korkmaz,AK Parti,33427,31.46,EVET
2009yerel,29 Mart 2009,71,Kırıkkale,Mahir Yılmaz,DP,29925,28.16,
2009yerel,29 Mart 2009,71,Kırıkkale,İhsan Kayalak,MHP,23049,21.69,
2009yerel,29 Mart 2009,71,Kırıkkale,Kemal Albayrak,SP,10433,9.82,
2009yerel,29 Mart 2009,71,Kırıkkale,Sahir Koçak,CHP,8107,7.63,
2009yerel,29 Mart 2009,71,Kırıkkale,Ergün Fersoy,DSP,488,0.46,
2009yerel,29 Mart 2009,71,Kırıkkale,Şevket Şahin,ANAP,378,0.36,
2009yerel,29 Mart 2009,71,Kırıkkale,Aydın İlik,BTP,220,0.21,
2009yerel,29 Mart 2009,71,Kırıkkale,Mustafa Tozkoparan,TKP,121,0.11,
2009yerel,29 Mart 2009,71,Kırıkkale,İlkar Yıldız,LDP,60,0.06,
2009yerel,29 Mart 2009,71,Kırıkkale,Ali İhsan Baykal,Bağımsız,43,0.04,
2009yerel,29 Mart 2009,39,Kırklareli,Cavit Çağlayan,CHP,18247,50.02,EVET
2009yerel,29 Mart 2009,39,Kırklareli,Cengiz Bağdan,AK Parti,12930,35.45,
2009yerel,29 Mart 2009,39,Kırklareli,Reha Oras,MHP,3565,9.77,
2009yerel,29 Mart 2009,39,Kırklareli,Namık Kemal Oskay,DSP,637,1.75,
2009yerel,29 Mart 2009,39,Kırklareli,Yalçın Tuna,DP,606,1.66,
2009yerel,29 Mart 2009,39,Kırklareli,Nedim Çetin,BBP,287,0.79,
2009yerel,29 Mart 2009,39,Kırklareli,Nihat Karaçam,SP,124,0.34,
2009yerel,29 Mart 2009,39,Kırklareli,Eyüp Orak,BTP,44,0.12,
2009yerel,29 Mart 2009,39,Kırklareli,Gökhan Ağırbaş,TKP,37,0.1,
2009yerel,29 Mart 2009,40,Kırşehir,Yaşar Bahçeci,AK Parti,21388,37.64,EVET
2009yerel,29 Mart 2009,40,Kırşehir,Deniz Akpınar,CHP,18650,32.83,
2009yerel,29 Mart 2009,40,Kırşehir,Arif Kılıç,MHP,10962,19.29,
2009yerel,29 Mart 2009,40,Kırşehir,Halim Çakır,SP,3969,6.99,
2009yerel,29 Mart 2009,40,Kırşehir,Yüksel Han,DTP,959,1.69,
2009yerel,29 Mart 2009,40,Kırşehir,Bilal Işıklı,DP,284,0.5,
2009yerel,29 Mart 2009,40,Kırşehir,Ferhat Güzey,DSP,180,0.32,
2009yerel,29 Mart 2009,40,Kırşehir,Şükrü Barutcu,BTP,152,0.27,
2009yerel,29 Mart 2009,40,Kırşehir,Erkan Yıldız,TKP,87,0.15,
2009yerel,29 Mart 2009,40,Kırşehir,Mustafa Beyzadeoğlu,HYP,83,0.15,
2009yerel,29 Mart 2009,40,Kırşehir,Ali Gökçınar,Bağımsız,63,0.11,
2009yerel,29 Mart 2009,40,Kırşehir,Murat Tari,LDP,38,0.07,
2009yerel,29 Mart 2009,70,Karaman,Kâmil Uğurlu,AK Parti,35678,49.43,EVET
2009yerel,29 Mart 2009,70,Karaman,İsmet İlmi Hatıpoğlu,MHP,15002,20.79,
2009yerel,29 Mart 2009,70,Karaman,Ekrem Ercüment Yılmaz,CHP,14981,20.76,
2009yerel,29 Mart 2009,70,Karaman,Şaban Şahin,SP,4506,6.24,
2009yerel,29 Mart 2009,70,Karaman,Abdi Emin Aydoğdu,BBP,1031,1.43,
2009yerel,29 Mart 2009,70,Karaman,Yücel Altun,DSP,531,0.74,
2009yerel,29 Mart 2009,70,Karaman,Hakan Koca,DP,228,0.32,
2009yerel,29 Mart 2009,70,Karaman,Ali Konukseven,BTP,144,0.2,
2009yerel,29 Mart 2009,70,Karaman,Melek Yıldırım,TKP,74,0.1,
2009yerel,29 Mart 2009,41,Kocaeli,İbrahim Karaosmanoğlu,AK Parti,406858,47.47,EVET
2009yerel,29 Mart 2009,41,Kocaeli,Mehmet Sefa Sirmen,CHP,272148,31.75,
2009yerel,29 Mart 2009,41,Kocaeli,Mehmet Batuk,SP,73905,8.62,
2009yerel,29 Mart 2009,41,Kocaeli,Zekai Kahyaoğlu,MHP,55433,6.47,
2009yerel,29 Mart 2009,41,Kocaeli,Mehmet Zafer Arda,DP,18349,2.14,
2009yerel,29 Mart 2009,41,Kocaeli,Mehmet Şah Tekiner,DTP,14125,1.65,
2009yerel,29 Mart 2009,41,Kocaeli,Mehmet Korkmaz,BBP,8019,0.94,
2009yerel,29 Mart 2009,41,Kocaeli,Hüseyin Karakullukçu,DSP,5629,0.66,
2009yerel,29 Mart 2009,41,Kocaeli,Barbaros Tantan,TKP,1469,0.17,
2009yerel,29 Mart 2009,41,Kocaeli,Mensur Yıldırım,BTP,1102,0.13,
2009yerel,29 Mart 2009,42,Konya,Tahir Akyürek,AK Parti,356227,68.42,EVET
2009yerel,29 Mart 2009,42,Konya,Mustafa Özkafa,SP,77186,14.83,
2009yerel,29 Mart 2009,42,Konya,Hikmet Çay,MHP,56701,10.89,
2009yerel,29 Mart 2009,42,Konya,Hasan Sarımehmetoğlu,CHP,16652,3.2,
2009yerel,29 Mart 2009,42,Konya,Abdulhakim Gülmez,DTP,4541,0.87,
2009yerel,29 Mart 2009,42,Konya,Ahmet Vejdi Çınar,DSP,4033,0.77,
2009yerel,29 Mart 2009,42,Konya,Hasan Hüseyin Bilgi,BTP,1920,0.37,
2009yerel,29 Mart 2009,42,Konya,Mustafa Türkaslan,DP,1657,0.32,
2009yerel,29 Mart 2009,42,Konya,Mehmet Ali Küçükgüzel,MP92,602,0.12,
2009yerel,29 Mart 2009,42,Konya,Coşkun Bilgi,HYP,472,0.09,
2009yerel,29 Mart 2009,42,Konya,Fatih Bilici,TKP,446,0.09,
2009yerel,29 Mart 2009,42,Konya,Süleyman Sefa Martı,LDP,191,0.04,
2009yerel,29 Mart 2009,43,Kütahya,Mustafa İça,AK Parti,75084,62.01,EVET
2009yerel,29 Mart 2009,43,Kütahya,Ömer Köse,MHP,20108,16.61,
2009yerel,29 Mart 2009,43,Kütahya,İsmail Hakkı Düğer,CHP,10057,8.31,
2009yerel,29 Mart 2009,43,Kütahya,Ahmet Özen,SP,9196,7.59,
2009yerel,29 Mart 2009,43,Kütahya,Ruhsen Kumdalı,DSP,2690,2.22,
2009yerel,29 Mart 2009,43,Kütahya,Ersen Fikret Erguz,DP,2274,1.88,
2009yerel,29 Mart 2009,43,Kütahya,Yaşar Aşkın,ANAP,729,0.6,
2009yerel,29 Mart 2009,43,Kütahya,Mehmet Kiraz,MP92,368,0.3,
2009yerel,29 Mart 2009,43,Kütahya,Abdullah Doğrul,BTP,345,0.28,
2009yerel,29 Mart 2009,43,Kütahya,Ali Üşümezgezer,TKP,153,0.13,
2009yerel,29 Mart 2009,43,Kütahya,Hüseyin Tüzün,LDP,79,0.07,
2009yerel,29 Mart 2009,79,Kilis,Mehmet Abdi Bulut,AK Parti,19592,49.87,EVET
2009yerel,29 Mart 2009,79,Kilis,Hasan Mısırlıgil,MHP,10301,26.22,
2009yerel,29 Mart 2009,79,Kilis,Abdullah Cançelik,CHP,4380,11.15,
2009yerel,29 Mart 2009,79,Kilis,Mehmet Galip Akdağ,BTP,3524,8.97,
2009yerel,29 Mart 2009,79,Kilis,Şerif Karakurt,SP,929,2.36,
2009yerel,29 Mart 2009,79,Kilis,Dursun Ali Emir,DP,261,0.66,
2009yerel,29 Mart 2009,79,Kilis,Mehmet Seydi Devrim,DSP,233,0.59,
2009yerel,29 Mart 2009,79,Kilis,Uğur Pişmanlık,TKP,67,0.17,
2009yerel,29 Mart 2009,44,Malatya,Ahmet Çakır,AK Parti,100748,52.58,EVET
2009yerel,29 Mart 2009,44,Malatya,Mehmet Yaşar Çerçi,SP,56318,29.39,
2009yerel,29 Mart 2009,44,Malatya,Ömer Şarapnal,CHP,27082,14.13,
2009yerel,29 Mart 2009,44,Malatya,Cumali Ünaldı,MHP,3593,1.88,
2009yerel,29 Mart 2009,44,Malatya,Emine İkiz,BBP,1396,0.73,
2009yerel,29 Mart 2009,44,Malatya,Erdal Altunkaya,DP,652,0.34,
2009yerel,29 Mart 2009,44,Malatya,Murat Kılıçarslan,BTP,454,0.24,
2009yerel,29 Mart 2009,44,Malatya,Ramazan Özcan,ANAP,452,0.24,
2009yerel,29 Mart 2009,44,Malatya,Osman Kaya,DSP,285,0.15,
2009yerel,29 Mart 2009,44,Malatya,Sevim Kaptan Ölçmez,Bağımsız,247,0.13,
2009yerel,29 Mart 2009,44,Malatya,Alpaslan Savaş,TKP,159,0.08,
2009yerel,29 Mart 2009,44,Malatya,Bilal Uludağ,MP92,155,0.08,
2009yerel,29 Mart 2009,47,Mardin,Mehmet Beşir Ayanoğlu,AK Parti,15083,45.37,EVET
2009yerel,29 Mart 2009,47,Mardin,Enver Ete,DTP,11928,35.88,
2009yerel,29 Mart 2009,47,Mardin,Mehmet Ali Tutaşı,DP,3575,10.75,
2009yerel,29 Mart 2009,47,Mardin,Mehmet Günay Sevinç,CHP,1021,3.07,
2009yerel,29 Mart 2009,47,Mardin,Abdulmutalip Bilgiçoğlu,SP,771,2.32,
2009yerel,29 Mart 2009,47,Mardin,Bülent Sayalğı,DSP,252,0.76,
2009yerel,29 Mart 2009,47,Mardin,Ali İhsan Uğurlu,MHP,206,0.62,
2009yerel,29 Mart 2009,47,Mardin,Feyzi Gerehan,ANAP,175,0.53,
2009yerel,29 Mart 2009,47,Mardin,Ardal Karanlık,BTP,137,0.41,
2009yerel,29 Mart 2009,47,Mardin,Abdurrahman Uncu,Bağımsız,59,0.18,
2009yerel,29 Mart 2009,47,Mardin,Cafer Hacikadiroğulları,İP,37,0.11,
2009yerel,29 Mart 2009,33,Mersin,Macit Özcan,CHP,135544,30.91,EVET
2009yerel,29 Mart 2009,33,Mersin,Mahmut Tat,MHP,108677,24.78,
2009yerel,29 Mart 2009,33,Mersin,Mustafa Eyiceoğlu,AK Parti,92558,21.1,
2009yerel,29 Mart 2009,33,Mersin,Alaeddin Erdoğan,DTP,79190,18.06,
2009yerel,29 Mart 2009,33,Mersin,Adil Aktay,DSP,16098,3.67,
2009yerel,29 Mart 2009,33,Mersin,Soner Çontar,SP,2498,0.57,
2009yerel,29 Mart 2009,33,Mersin,Mehmet Bolat,DP,1103,0.25,
2009yerel,29 Mart 2009,33,Mersin,Okan Özgür Özturan,BTP,745,0.17,
2009yerel,29 Mart 2009,33,Mersin,Mehmet Maaz Bozyel,HAK-PAR,713,0.16,
2009yerel,29 Mart 2009,33,Mersin,Ali Önder Öndeş,TKP,562,0.13,
2009yerel,29 Mart 2009,33,Mersin,Fikret Adıgüzel,MP92,518,0.12,
2009yerel,29 Mart 2009,33,Mersin,Erkan Aritman,Bağımsız,271,0.06,
2009yerel,29 Mart 2009,48,Muğla,Osman Gürün,CHP,15801,46.32,EVET
2009yerel,29 Mart 2009,48,Muğla,Saim Gürsoy,MHP,8284,24.29,
2009yerel,29 Mart 2009,48,Muğla,Orhan Seyfi Terzibaşıoğlu,AK Parti,6870,20.14,
2009yerel,29 Mart 2009,48,Muğla,Yusuf Kayacık,DP,1688,4.95,
2009yerel,29 Mart 2009,48,Muğla,Hilmi Ertuğrul Aladağ,DSP,852,2.5,
2009yerel,29 Mart 2009,48,Muğla,Sebahat Fırat,DTP,290,0.85,
2009yerel,29 Mart 2009,48,Muğla,Muhammet Levent Cengiz,SP,165,0.48,
2009yerel,29 Mart 2009,48,Muğla,Rauf Cankurtaran,TKP,115,0.34,
2009yerel,29 Mart 2009,48,Muğla,Perihan Kaplan,BTP,46,0.13,
2009yerel,29 Mart 2009,49,Muş,Necmettin Dede,AK Parti,14005,50.62,EVET
2009yerel,29 Mart 2009,49,Muş,Nimet Sezgin,DTP,10315,37.28,
2009yerel,29 Mart 2009,49,Muş,Tahsin Demirel,SP,1668,6.03,
2009yerel,29 Mart 2009,49,Muş,Şerefettin Yatci,MHP,805,2.91,
2009yerel,29 Mart 2009,49,Muş,Yüksel Akman,CHP,377,1.36,
2009yerel,29 Mart 2009,49,Muş,Ömer Avcı,DP,149,0.54,
2009yerel,29 Mart 2009,49,Muş,Kudbettin Arslan,BTP,132,0.48,
2009yerel,29 Mart 2009,49,Muş,Metin Asan,HYP,86,0.31,
2009yerel,29 Mart 2009,49,Muş,Mustafa Karasu,DSP,68,0.25,
2009yerel,29 Mart 2009,49,Muş,Saim Çarbuğa,İP,62,0.22,
2009yerel,29 Mart 2009,50,Nevşehir,Hasan Ünver,AK Parti,11775,52.57,EVET
2009yerel,29 Mart 2009,50,Nevşehir,Yalçın Demir,MHP,7980,35.62,
2009yerel,29 Mart 2009,50,Nevşehir,Mustafa Gümüş,SP,995,4.44,
2009yerel,29 Mart 2009,50,Nevşehir,Süleyman Kurt,CHP,921,4.11,
2009yerel,29 Mart 2009,50,Nevşehir,Ümit Akyürek,BBP,435,1.94,
2009yerel,29 Mart 2009,50,Nevşehir,Selçuk Yıldırım,DP,168,0.75,
2009yerel,29 Mart 2009,50,Nevşehir,Sait Selvi,DSP,70,0.31,
2009yerel,29 Mart 2009,50,Nevşehir,İlhan Gültekin,BTP,39,0.17,
2009yerel,29 Mart 2009,50,Nevşehir,Devrim Koçak,TKP,17,0.08,
2009yerel,29 Mart 2009,51,Niğde,Faruk Akdoğan,AK Parti,21846,39.98,EVET
2009yerel,29 Mart 2009,51,Niğde,Murat Zeren,MHP,16146,29.55,
2009yerel,29 Mart 2009,51,Niğde,Yunus Nadi Özdamar,CHP,14364,26.29,
2009yerel,29 Mart 2009,51,Niğde,Osman Öke,SP,978,1.79,
2009yerel,29 Mart 2009,51,Niğde,Ali Nabi Tekiner,BBP,836,1.53,
2009yerel,29 Mart 2009,51,Niğde,Ali Hayri Güven,DSP,191,0.35,
2009yerel,29 Mart 2009,51,Niğde,Haydar Koca,DP,166,0.3,
2009yerel,29 Mart 2009,51,Niğde,Vahit Belge,BTP,117,0.21,
2009yerel,29 Mart 2009,52,Ordu,Seyit Torun,DSP,39605,52.78,EVET
2009yerel,29 Mart 2009,52,Ordu,Ayşe Bahar Çebi,AK Parti,29056,38.72,
2009yerel,29 Mart 2009,52,Ordu,Ali Aydın,MHP,2805,3.74,
2009yerel,29 Mart 2009,52,Ordu,Kenan Çebi,CHP,1782,2.37,
2009yerel,29 Mart 2009,52,Ordu,Mustafa Tomakin,SP,1112,1.48,
2009yerel,29 Mart 2009,52,Ordu,Volkan Yeşilyurt,DP,326,0.43,
2009yerel,29 Mart 2009,52,Ordu,Şevket Kırca,BTP,219,0.29,
2009yerel,29 Mart 2009,52,Ordu,Hüseyin Hakan Gazioğlu,TKP,82,0.11,
2009yerel,29 Mart 2009,52,Ordu,Yalçın Ünal,Bağımsız,51,0.07,
2009yerel,29 Mart 2009,80,Osmaniye,Kadir Kara,MHP,46815,49.06,EVET
2009yerel,29 Mart 2009,80,Osmaniye,Suat Önal,AK Parti,36768,38.53,
2009yerel,29 Mart 2009,80,Osmaniye,Haydar Aktürk,CHP,5943,6.23,
2009yerel,29 Mart 2009,80,Osmaniye,Kamuran Babrak,DTP,1995,2.09,
2009yerel,29 Mart 2009,80,Osmaniye,Mehmet Fatih Kınay,SP,1694,1.78,
2009yerel,29 Mart 2009,80,Osmaniye,İsmail Gümüş,BBP,1183,1.24,
2009yerel,29 Mart 2009,80,Osmaniye,Şerife Sönmez,DP,395,0.41,
2009yerel,29 Mart 2009,80,Osmaniye,Şahin Bozdoğan,BTP,246,0.26,
2009yerel,29 Mart 2009,80,Osmaniye,Gazi Kara,DSP,197,0.21,
2009yerel,29 Mart 2009,80,Osmaniye,Serhat Sekni,MP92,82,0.09,
2009yerel,29 Mart 2009,80,Osmaniye,Erhan Kurt,TKP,67,0.07,
2009yerel,29 Mart 2009,80,Osmaniye,Cafer İşler,Bağımsız,40,0.04,
2009yerel,29 Mart 2009,53,Rize,Halil Bakırcı,AK Parti,22473,47.02,EVET
2009yerel,29 Mart 2009,53,Rize,Kenan Bıyık,ANAP,19977,41.8,
2009yerel,29 Mart 2009,53,Rize,Hasan Uzun,SP,1733,3.63,
2009yerel,29 Mart 2009,53,Rize,Remzi Kazmaz,CHP,1566,3.28,
2009yerel,29 Mart 2009,53,Rize,Cevat Çiçek,MHP,1141,2.39,
2009yerel,29 Mart 2009,53,Rize,Zelkif Akgül,DP,547,1.14,
2009yerel,29 Mart 2009,53,Rize,Asım Beşikci,DSP,164,0.34,
2009yerel,29 Mart 2009,53,Rize,Mehmet Emin Koç,BTP,120,0.25,
2009yerel,29 Mart 2009,53,Rize,Tunç Tatoğlu,TKP,44,0.09,
2009yerel,29 Mart 2009,53,Rize,Lokman Koçan,Bağımsız,27,0.06,
2009yerel,29 Mart 2009,54,Sakarya,Zeki Toçoğlu,AK Parti,157443,44.81,EVET
2009yerel,29 Mart 2009,54,Sakarya,Enver Toçoğlu,MHP,129108,36.74,
2009yerel,29 Mart 2009,54,Sakarya,Cem Hatunoğlu,CHP,26922,7.66,
2009yerel,29 Mart 2009,54,Sakarya,Ulvi Çavdaroğlu,SP,25303,7.2,
2009yerel,29 Mart 2009,54,Sakarya,Tunçer Tepe,DP,5601,1.59,
2009yerel,29 Mart 2009,54,Sakarya,Hüdaverdi Kervankıran,BBP,2583,0.74,
2009yerel,29 Mart 2009,54,Sakarya,Necati Eker,DSP,1369,0.39,
2009yerel,29 Mart 2009,54,Sakarya,Fahri Şen,ANAP,1211,0.34,
2009yerel,29 Mart 2009,54,Sakarya,Erol Sak,BTP,871,0.25,
2009yerel,29 Mart 2009,54,Sakarya,Mustafa Oğuz Kavala,TKP,392,0.11,
2009yerel,29 Mart 2009,54,Sakarya,Gültekin Tırpancı,LDP,238,0.07,
2009yerel,29 Mart 2009,54,Sakarya,Mehmet Adıgüzel,Bağımsız,194,0.06,
2009yerel,29 Mart 2009,55,Samsun,Yusuf Ziya Yılmaz,AK Parti,144015,48.09,EVET
2009yerel,29 Mart 2009,55,Samsun,Mehmet Atalay,CHP,63484,21.2,
2009yerel,29 Mart 2009,55,Samsun,İbrahim Özyer,MHP,61586,20.57,
2009yerel,29 Mart 2009,55,Samsun,Hasan Tahsin Şengül,SP,11687,3.9,
2009yerel,29 Mart 2009,55,Samsun,Kemal Vehbi Gül,DP,9639,3.22,
2009yerel,29 Mart 2009,55,Samsun,Ceyhun Karamangil,DSP,6794,2.27,
2009yerel,29 Mart 2009,55,Samsun,Orhan Veral,BTP,893,0.3,
2009yerel,29 Mart 2009,55,Samsun,Gülbin Cingöz,TKP,743,0.25,
2009yerel,29 Mart 2009,55,Samsun,Hasan Öztorun,LDP,356,0.12,
2009yerel,29 Mart 2009,55,Samsun,Filiz Uluçelebi,Bağımsız,246,0.08,
2009yerel,29 Mart 2009,63,Şanlıurfa,Ahmet Eşref Fakıbaba,Bağımsız,77921,43.95,EVET
2009yerel,29 Mart 2009,63,Şanlıurfa,Mehmet Oymak,AK Parti,69363,39.12,
2009yerel,29 Mart 2009,63,Şanlıurfa,Samet Atabay,DTP,18954,10.69,
2009yerel,29 Mart 2009,63,Şanlıurfa,Mahmut Demirci,BTP,4397,2.48,
2009yerel,29 Mart 2009,63,Şanlıurfa,Mustafa Çiftçioğlu,MHP,2000,1.13,
2009yerel,29 Mart 2009,63,Şanlıurfa,Abdulkadir Burkankolu,HYP,1541,0.87,
2009yerel,29 Mart 2009,63,Şanlıurfa,Nazime Nazan Odabaşı,CHP,845,0.48,
2009yerel,29 Mart 2009,63,Şanlıurfa,Mustafa Polat,DP,823,0.46,
2009yerel,29 Mart 2009,63,Şanlıurfa,Sinan Atmak,DSP,415,0.23,
2009yerel,29 Mart 2009,63,Şanlıurfa,Abdullah Delibalta,TKP,188,0.11,
2009yerel,29 Mart 2009,57,Sinop,Baki Ergül,CHP,11313,52.23,EVET
2009yerel,29 Mart 2009,57,Sinop,Hamza İnce,AK Parti,8566,39.55,
2009yerel,29 Mart 2009,57,Sinop,Ali Kurt,MHP,733,3.38,
2009yerel,29 Mart 2009,57,Sinop,Hüseyin Cavit Üçüncüoğlu,SP,310,1.43,
2009yerel,29 Mart 2009,57,Sinop,Nagihan Dolgun,DSP,286,1.32,
2009yerel,29 Mart 2009,57,Sinop,Hüseyin Yılmaz,DP,261,1.21,
2009yerel,29 Mart 2009,57,Sinop,Cemal Öcal,BTP,59,0.27,
2009yerel,29 Mart 2009,57,Sinop,Görkem Yılmazer,Bağımsız,58,0.27,
2009yerel,29 Mart 2009,57,Sinop,Tezcan Eralp Abay,TKP,36,0.17,
2009yerel,29 Mart 2009,56,Siirt,Selim Sadak,DTP,24932,49.07,EVET
2009yerel,29 Mart 2009,56,Siirt,Kasım Keremullah Ceylan,AK Parti,23173,45.6,
2009yerel,29 Mart 2009,56,Siirt,Levent Oktay,CHP,1059,2.08,
2009yerel,29 Mart 2009,56,Siirt,Aykut Arslan,MHP,603,1.19,
2009yerel,29 Mart 2009,56,Siirt,İbrahim Bilgen,SP,458,0.9,
2009yerel,29 Mart 2009,56,Siirt,Yakup Olcay,DSP,226,0.44,
2009yerel,29 Mart 2009,56,Siirt,Ahmet Arıtürk,DP,142,0.28,
2009yerel,29 Mart 2009,56,Siirt,Hasan Gül,BTP,130,0.26,
2009yerel,29 Mart 2009,56,Siirt,Savaş Demir,İP,73,0.14,
2009yerel,29 Mart 2009,56,Siirt,Veysel Soysal,LDP,18,0.04,
2009yerel,29 Mart 2009,58,Sivas,Doğan Ürgüp,BBP,78300,51.01,EVET
2009yerel,29 Mart 2009,58,Sivas,Sami Aydın,AK Parti,50745,33.06,
2009yerel,29 Mart 2009,58,Sivas,Osman Seçilmiş,SP,10613,6.91,
2009yerel,29 Mart 2009,58,Sivas,Halit Mete Oltulu,CHP,8716,5.68,
2009yerel,29 Mart 2009,58,Sivas,Ziyaeddin Başkan,MHP,3034,1.98,
2009yerel,29 Mart 2009,58,Sivas,Ahmet Turan Yiğit,BTP,689,0.45,
2009yerel,29 Mart 2009,58,Sivas,Fuat Taşdemir,DSP,516,0.34,
2009yerel,29 Mart 2009,58,Sivas,Macide Şahin,DP,344,0.22,
2009yerel,29 Mart 2009,58,Sivas,Alper Kangal,TKP,253,0.16,
2009yerel,29 Mart 2009,58,Sivas,Zafer Anadolu,EMEP,222,0.14,
2009yerel,29 Mart 2009,58,Sivas,Mustafa Mitat Talay,Bağımsız,59,0.04,
2009yerel,29 Mart 2009,73,Şırnak,Ramazan Uysal,DTP,11623,53.71,EVET
2009yerel,29 Mart 2009,73,Şırnak,Adil Uçar,AK Parti,9229,42.65,
2009yerel,29 Mart 2009,73,Şırnak,Nusret Özdemir,DSP,196,0.91,
2009yerel,29 Mart 2009,73,Şırnak,Mahmut Turan,MHP,174,0.8,
2009yerel,29 Mart 2009,73,Şırnak,Mustafa Üstek,BTP,111,0.51,
2009yerel,29 Mart 2009,73,Şırnak,Mehmet Bilir,CHP,110,0.51,
2009yerel,29 Mart 2009,73,Şırnak,Asker Tatar,BBP,100,0.46,
2009yerel,29 Mart 2009,73,Şırnak,Bülent Şekirden,DP,61,0.28,
2009yerel,29 Mart 2009,73,Şırnak,Erhan Ayan,İP,37,0.17,
2009yerel,29 Mart 2009,59,Tekirdağ,Adem Dalgıç,CHP,35595,45.63,EVET
2009yerel,29 Mart 2009,59,Tekirdağ,Ahmet Aygün,AK Parti,21039,26.97,
2009yerel,29 Mart 2009,59,Tekirdağ,Osman Tabak,MHP,14612,18.73,
2009yerel,29 Mart 2009,59,Tekirdağ,Eyüp Kanar,SP,2622,3.36,
2009yerel,29 Mart 2009,59,Tekirdağ,Ercan Turşucular,DP,2438,3.13,
2009yerel,29 Mart 2009,59,Tekirdağ,Saim Özvardar,DSP,852,1.09,
2009yerel,29 Mart 2009,59,Tekirdağ,Ekrem Ağriç,DTP,605,0.78,
2009yerel,29 Mart 2009,59,Tekirdağ,Ahmet Şeniz,BTP,138,0.18,
2009yerel,29 Mart 2009,59,Tekirdağ,Volkan Çiftçi,TKP,106,0.14,
2009yerel,29 Mart 2009,61,Trabzon,Orhan Fevzi Gümrükçüoğlu,AK Parti,59269,47.89,EVET
2009yerel,29 Mart 2009,61,Trabzon,Mehmet Volkan Canalioğlu,CHP,50543,40.84,
2009yerel,29 Mart 2009,61,Trabzon,Cevdet Saral,MHP,6296,5.09,
2009yerel,29 Mart 2009,61,Trabzon,Mahmut Çizmecioğlu,SP,5174,4.18,
2009yerel,29 Mart 2009,61,Trabzon,Süleyman Aydoğdu,DP,1111,0.9,
2009yerel,29 Mart 2009,61,Trabzon,Zübeyir Şaşmaz,DSP,623,0.5,
2009yerel,29 Mart 2009,61,Trabzon,Süleyman Niğdelioğlu,ANAP,519,0.42,
2009yerel,29 Mart 2009,61,Trabzon,Bilgütay Hakkı Durna,TKP,174,0.14,
2009yerel,29 Mart 2009,61,Trabzon,Ömer Adıgüzel,LDP,61,0.05,
2009yerel,29 Mart 2009,62,Tunceli,Edibe Şahin,DTP,4327,31.89,EVET
2009yerel,29 Mart 2009,62,Tunceli,Murat Kur,Bağımsız,3364,24.79,
2009yerel,29 Mart 2009,62,Tunceli,Cihan Açıkgöz,AK Parti,2908,21.43,
2009yerel,29 Mart 2009,62,Tunceli,Mazlum Arslan,CHP,2024,14.92,
2009yerel,29 Mart 2009,62,Tunceli,Halil Baki,BTP,442,3.26,
2009yerel,29 Mart 2009,62,Tunceli,Hıdır Belice,DSP,286,2.11,
2009yerel,29 Mart 2009,62,Tunceli,Çayan Can,HAK-PAR,76,0.56,
2009yerel,29 Mart 2009,62,Tunceli,Osman Gür,MHP,68,0.5,
2009yerel,29 Mart 2009,62,Tunceli,Yasin Bakır,DP,34,0.25,
2009yerel,29 Mart 2009,62,Tunceli,Menşure Yavuz,ANAP,21,0.15,
2009yerel,29 Mart 2009,62,Tunceli,Baki Çeker,SP,19,0.14,
2009yerel,29 Mart 2009,64,Uşak,Ali Erdoğan,MHP,40666,39.39,EVET
2009yerel,29 Mart 2009,64,Uşak,Mesut Apaydın,AK Parti,34096,33.03,
2009yerel,29 Mart 2009,64,Uşak,Ahmet Talat Arca,CHP,21266,20.6,
2009yerel,29 Mart 2009,64,Uşak,Ethem Uludağ,SP,3343,3.24,
2009yerel,29 Mart 2009,64,Uşak,Ali Bozkurt,BBP,1099,1.06,
2009yerel,29 Mart 2009,64,Uşak,Bekir Güneşhan,DSP,954,0.92,
2009yerel,29 Mart 2009,64,Uşak,Coşkun Torlak,DP,854,0.83,
2009yerel,29 Mart 2009,64,Uşak,Şaban Aslan,EMEP,404,0.39,
2009yerel,29 Mart 2009,64,Uşak,Ferhat Metin Narin,BTP,375,0.36,
2009yerel,29 Mart 2009,64,Uşak,Yüksel Yüksek,TKP,109,0.11,
2009yerel,29 Mart 2009,64,Uşak,Mustafa Yeldanlı,Bağımsız,71,0.07,
2009yerel,29 Mart 2009,65,Van,Bekir Kaya,DTP,74543,53.64,EVET
2009yerel,29 Mart 2009,65,Van,Burhan Yenigün,AK Parti,54641,39.32,
2009yerel,29 Mart 2009,65,Van,Nevzat İnanç,SP,5039,3.63,
2009yerel,29 Mart 2009,65,Van,Dilek Çetinkaya,DSP,1214,0.87,
2009yerel,29 Mart 2009,65,Van,Adnan Melten,MHP,1164,0.84,
2009yerel,29 Mart 2009,65,Van,Ahmet Hamdi Orhan,CHP,1061,0.76,
2009yerel,29 Mart 2009,65,Van,Yakup Rençber,BTP,579,0.42,
2009yerel,29 Mart 2009,65,Van,Fevzi Kızılyıldız,HAK-PAR,489,0.35,
2009yerel,29 Mart 2009,65,Van,Ayhan Sarıhan,İP,250,0.18,
2009yerel,29 Mart 2009,77,Yalova,Yakup Bilgin Koçal,DP,18544,35.68,EVET
2009yerel,29 Mart 2009,77,Yalova,Barbaros Hayrettin Binicioğlu,AK Parti,17469,33.61,
2009yerel,29 Mart 2009,77,Yalova,Ertan Şener,CHP,9767,18.79,
2009yerel,29 Mart 2009,77,Yalova,Murat Sarısoy,MHP,2053,3.95,
2009yerel,29 Mart 2009,77,Yalova,Orhan Yenici,DTP,1978,3.81,
2009yerel,29 Mart 2009,77,Yalova,Halil İbrahim Büyükgümüş,SP,1373,2.64,
2009yerel,29 Mart 2009,77,Yalova,İrfan Tunçel,DSP,487,0.94,
2009yerel,29 Mart 2009,77,Yalova,Alp Öztarhan,TKP,182,0.35,
2009yerel,29 Mart 2009,77,Yalova,Cavit Kılıç,BTP,98,0.19,
2009yerel,29 Mart 2009,77,Yalova,Remzi Faruk Kutlu,LDP,26,0.05,
2009yerel,29 Mart 2009,60,Tokat,Adnan Çiçek,AK Parti,33829,50.26,EVET
2009yerel,29 Mart 2009,60,Tokat,Nizamettin Aydın,SP,12568,18.67,
2009yerel,29 Mart 2009,60,Tokat,Ümit Sarıtaşlı,MHP,12386,18.4,
2009yerel,29 Mart 2009,60,Tokat,Halil İbrahim Bozdemir,CHP,6784,10.08,
2009yerel,29 Mart 2009,60,Tokat,Sadettin Yalçın,DP,709,1.05,
2009yerel,29 Mart 2009,60,Tokat,Hüseyin Alpay,DSP,565,0.84,
2009yerel,29 Mart 2009,60,Tokat,Bekir Ergün,BTP,180,0.27,
2009yerel,29 Mart 2009,60,Tokat,Bahar Aykır,EMEP,126,0.19,
2009yerel,29 Mart 2009,60,Tokat,Yaşar Gençay,Bağımsız,55,0.08,
2009yerel,29 Mart 2009,60,Tokat,Bektaş Gelbal,TKP,53,0.08,
2009yerel,29 Mart 2009,67,Zonguldak,İsmail Eşref,CHP,27319,45.23,EVET
2009yerel,29 Mart 2009,67,Zonguldak,Secaattin Gonca,AK Parti,20916,34.63,
2009yerel,29 Mart 2009,67,Zonguldak,Selahattin Gülay,MHP,5327,8.82,
2009yerel,29 Mart 2009,67,Zonguldak,Necmettin Aydın,SP,3199,5.3,
2009yerel,29 Mart 2009,67,Zonguldak,Sezai Öztürkoğlu,DSP,1817,3.01,
2009yerel,29 Mart 2009,67,Zonguldak,Hamza Kara,DP,712,1.18,
2009yerel,29 Mart 2009,67,Zonguldak,Kemal Çakar,BBP,680,1.13,
2009yerel,29 Mart 2009,67,Zonguldak,Coşkun Gündüz,BTP,254,0.42,
2009yerel,29 Mart 2009,67,Zonguldak,Fahri Bozbaş,Bağımsız,170,0.28,
2009yerel,29 Mart 2009,66,Yozgat,Yusuf Başer,AK Parti,21347,54.94,EVET
2009yerel,29 Mart 2009,66,Yozgat,Mehmet Ali Çakır,MHP,15282,39.33,
2009yerel,29 Mart 2009,66,Yozgat,Kadim Doğan,CHP,953,2.45,
2009yerel,29 Mart 2009,66,Yozgat,Ahmet Koçak,SP,677,1.74,
2009yerel,29 Mart 2009,66,Yozgat,Abdullah Güngör,BTP,182,0.47,
2009yerel,29 Mart 2009,66,Yozgat,Bekir Korkmaz,Bağımsız,178,0.46,
2009yerel,29 Mart 2009,66,Yozgat,Davut Can,DP,133,0.34,
2009yerel,29 Mart 2009,66,Yozgat,Şahin Koçak,DSP,64,0.16,
2009yerel,29 Mart 2009,66,Yozgat,Deniz Ünver,TKP,38,0.1,
2009yerel,29 Mart 2009,31,Hatay,İris Şengül Şentürk,CHP,35504,25.52,
2009yerel,29 Mart 2009,31,Hatay,Lütfü Savaş,AK Parti,47376,34.05,EVET
2009yerel,29 Mart 2009,31,Hatay,Mahmut Alpagot,MHP,8921,6.41,
2009yerel,29 Mart 2009,31,Hatay,Cafer Özenir,DSP,4378,3.15,
2009yerel,29 Mart 2009,31,Hatay,Fuat Altınel,ANAP,1785,1.28,
2009yerel,29 Mart 2009,31,Hatay,Mehmet Eraslan,BBP,3535,2.54,
2009yerel,29 Mart 2009,31,Hatay,Necmettin Çalışkan,SP,1232,0.89,
2009yerel,29 Mart 2009,31,Hatay,Malik Sökmen,BTP,149,0.11,
2009yerel,29 Mart 2009,31,Hatay,Muhsin Çobanoğlu,Bağımsız,136,0.1,
2009yerel,29 Mart 2009,31,Hatay,Erkin Muhammet İslam,LDP,63,0.05,
2009yerel,29 Mart 2009,9,Aydın,Mustafa Ancın,AK Parti,25675,24.25,
2009yerel,29 Mart 2009,9,Aydın,Özlem Çerçioğlu,CHP,26324,24.87,EVET
2009yerel,29 Mart 2009,9,Aydın,Muzaffer Yöndemli,DTP,1620,1.53,
2009yerel,29 Mart 2009,9,Aydın,Hüseyin Aksu,MHP,25155,23.76,
2009yerel,29 Mart 2009,9,Aydın,İlhami Ortekin,DP,19565,18.48,
2009yerel,29 Mart 2009,9,Aydın,Mehmet Yeter,BBP,1247,1.18,
2009yerel,29 Mart 2009,9,Aydın,Zeynel Abidin Özmen,DSP,1067,1.01,
2009yerel,29 Mart 2009,9,Aydın,Tayyar Öntaş,EMEP,1027,0.97,
2009yerel,29 Mart 2009,9,Aydın,Ali Söğüt,SP,1014,0.96,
2009yerel,29 Mart 2009,9,Aydın,Ali Sever,BTP,134,0.13,
2009yerel,29 Mart 2009,29,Gümüşhane,Mustafa Canlı,MHP,5803,41.88,EVET
2009yerel,29 Mart 2009,29,Gümüşhane,Ercan Çimen,AK Parti,5768,41.63,
2009yerel,29 Mart 2009,29,Gümüşhane,Bedri Ağaç,CHP,1197,8.64,
2009yerel,29 Mart 2009,29,Gümüşhane,Rifat Çilenk,DP,670,4.84,
2009yerel,29 Mart 2009,29,Gümüşhane,Mehmet Kara,SP,316,2.28,
2009yerel,29 Mart 2009,29,Gümüşhane,İsmail Kaya,BTP,49,0.35,
2009yerel,29 Mart 2009,29,Gümüşhane,Zeki Bıçakçı,DSP,31,0.22,
2009yerel,29 Mart 2009,29,Gümüşhane,Murat Erdem Çelik,TKP,22,0.16,
2009yerel,29 Mart 2009,45,Manisa,Cengiz Ergün,MHP,62795,38.31,EVET
2009yerel,29 Mart 2009,45,Manisa,Bülent Kar,AK Parti,57121,34.85,
2009yerel,29 Mart 2009,45,Manisa,Özgür Özel,CHP,21376,13.04,
2009yerel,29 Mart 2009,45,Manisa,Celal Özgen,DTP,9449,5.76,
2009yerel,29 Mart 2009,45,Manisa,Adil Aygül,ANAP,5817,3.55,
2009yerel,29 Mart 2009,45,Manisa,Atilla Efendioğlu,DP,2926,1.78,
2009yerel,29 Mart 2009,45,Manisa,Şerafettin Kabakçıoğlu,SP,1744,1.06,
2009yerel,29 Mart 2009,45,Manisa,Mustafa Kader,DSP,1299,0.79,
2009yerel,29 Mart 2009,45,Manisa,Nilgün Ata,BTP,561,0.34,
2009yerel,29 Mart 2009,45,Manisa,Ragıp Özcan,ÖDP,411,0.25,
2009yerel,29 Mart 2009,45,Manisa,Yümni Kement,TKP,263,0.16,
2009yerel,29 Mart 2009,45,Manisa,Fatma Kanıtemiz,LDP,113,0.07,
2009yerel,29 Mart 2009,45,Manisa,Ahmet Subaşi,Bağımsız,51,0.03,
2004yerel,28 Mart 2004,1,Adana,Aytaç Durak,AK Parti,183376,39.75,EVET
2004yerel,28 Mart 2004,1,Adana,Şükrü Bülent Özülkü,CHP,83119,18.02,
2004yerel,28 Mart 2004,1,Adana,Ümit Özgümüş,DYP,58885,12.76,
2004yerel,28 Mart 2004,1,Adana,Abdullah Sedat Doğan,SHP,55537,12.04,
2004yerel,28 Mart 2004,1,Adana,Mehmet Metanet Çulhaoğlu,MHP,43178,9.36,
2004yerel,28 Mart 2004,1,Adana,Cevher Türközer,GP,14863,3.22,
2004yerel,28 Mart 2004,1,Adana,Yakup Budak,SP,9877,2.14,
2004yerel,28 Mart 2004,1,Adana,Kısa Ali Sakar,DSP,4248,0.92,
2004yerel,28 Mart 2004,1,Adana,Mehmet Ergüven,BBP,1758,0.38,
2004yerel,28 Mart 2004,1,Adana,Orhan Gazi Çelik,ATP,1096,0.24,
2004yerel,28 Mart 2004,1,Adana,Aziz Mete Bozdoğan,BTP,939,0.2,
2004yerel,28 Mart 2004,1,Adana,Hüseyin Karışlı,YTP02,886,0.19,
2004yerel,28 Mart 2004,1,Adana,Kemal Olcay,İP,785,0.17,
2004yerel,28 Mart 2004,1,Adana,Erkin Tufan Özalp,TKP,718,0.16,
2004yerel,28 Mart 2004,1,Adana,Ramazan Dönmez,MP92,589,0.13,
2004yerel,28 Mart 2004,1,Adana,Eylem Güden,Bağımsız,530,0.11,
2004yerel,28 Mart 2004,2,Adıyaman,Murat Ali Bilgiç,CHP,6899,11.25,
2004yerel,28 Mart 2004,2,Adıyaman,Muhammed Necip Büyükaslan,AK Parti,27187,44.32,EVET
2004yerel,28 Mart 2004,2,Adıyaman,Abdülkadir Kırmızı,SP,15192,24.77,
2004yerel,28 Mart 2004,2,Adıyaman,Halis Güler,DSP,587,0.96,
2004yerel,28 Mart 2004,2,Adıyaman,Mehmet Özdemir,DYP,1275,2.08,
2004yerel,28 Mart 2004,2,Adıyaman,Şeyho Sayan,SHP,5353,8.73,
2004yerel,28 Mart 2004,2,Adıyaman,Mehmet Erdem,MHP,3060,4.99,
2004yerel,28 Mart 2004,2,Adıyaman,İmam Işık,GP,287,0.47,
2004yerel,28 Mart 2004,2,Adıyaman,Niyazi Deniz,BTP,153,0.25,
2004yerel,28 Mart 2004,2,Adıyaman,Rıza İpek,TKP,88,0.14,
2004yerel,28 Mart 2004,68,Aksaray,Osman Ertuğrul,MHP,18448,27.22,
2004yerel,28 Mart 2004,68,Aksaray,Nevzat Palta,AK Parti,23046,34.01,EVET
2004yerel,28 Mart 2004,68,Aksaray,Memiş Akın,CHP,8872,13.09,
2004yerel,28 Mart 2004,68,Aksaray,Sefa Çayır,DYP,670,0.99,
2004yerel,28 Mart 2004,68,Aksaray,Ahmet Tura,Bağımsız,344,0.51,
2004yerel,28 Mart 2004,68,Aksaray,Mustafa Şahin,SP,429,0.63,
2004yerel,28 Mart 2004,68,Aksaray,Veyis Cansu,BTP,204,0.3,
2004yerel,28 Mart 2004,68,Aksaray,Ali Bekmezci,GP,159,0.23,
2004yerel,28 Mart 2004,68,Aksaray,Hatice Avan,DSP,116,0.17,
2004yerel,28 Mart 2004,68,Aksaray,Veysel Oyardı,TKP,65,0.1,
2004yerel,28 Mart 2004,5,Amasya,İsmet Özarslan,AK Parti,16258,43.32,EVET
2004yerel,28 Mart 2004,5,Amasya,Hasan Er,GP,619,1.65,
2004yerel,28 Mart 2004,5,Amasya,Sefa Özkök,CHP,2495,6.65,
2004yerel,28 Mart 2004,5,Amasya,Ali Zeytinlü,MHP,3684,9.82,
2004yerel,28 Mart 2004,5,Amasya,Hüseyin Baş,DYP,10322,27.5,
2004yerel,28 Mart 2004,5,Amasya,Nuri Eken,SP,543,1.45,
2004yerel,28 Mart 2004,5,Amasya,İsmail Arslan,EMEP,132,0.35,
2004yerel,28 Mart 2004,5,Amasya,Bekir Doğan,DSP,129,0.34,
2004yerel,28 Mart 2004,5,Amasya,Metin Polat,BTP,77,0.21,
2004yerel,28 Mart 2004,5,Amasya,Zeynep Turalı,TKP,45,0.12,
2004yerel,28 Mart 2004,4,Ağrı,Ekrem Aktaş,AK Parti,10124,48.96,EVET
2004yerel,28 Mart 2004,4,Ağrı,Serrahdiba Ergür,SHP,6000,29.02,
2004yerel,28 Mart 2004,4,Ağrı,Hikmet Erdal,SP,1952,9.44,
2004yerel,28 Mart 2004,4,Ağrı,Zeynel Abidin Deniz,ANAP,739,3.57,
2004yerel,28 Mart 2004,4,Ağrı,Cevdet Yılmaz,MHP,530,2.56,
2004yerel,28 Mart 2004,4,Ağrı,Selahattin Aydın,CHP,468,2.26,
2004yerel,28 Mart 2004,4,Ağrı,Sıddık Taştan,DYP,450,2.18,
2004yerel,28 Mart 2004,4,Ağrı,Harun Beyazıt,GP,136,0.66,
2004yerel,28 Mart 2004,4,Ağrı,Tahsin Aydın,BTP,120,0.58,
2004yerel,28 Mart 2004,4,Ağrı,Abdulkadir Güler,MP92,64,0.31,
2004yerel,28 Mart 2004,4,Ağrı,Mehmet Halit Güleç,İP,58,0.28,
2004yerel,28 Mart 2004,4,Ağrı,Gökmen Işık,TKP,37,0.18,
2004yerel,28 Mart 2004,75,Ardahan,Mikail Kayatürk,Bağımsız,1661,26.56,EVET
2004yerel,28 Mart 2004,75,Ardahan,Teoman Güngör,CHP,1558,24.92,
2004yerel,28 Mart 2004,75,Ardahan,Mete Özdemir,DYP,1220,19.51,
2004yerel,28 Mart 2004,75,Ardahan,Erdal Baki Nalbant,AK Parti,1103,17.64,
2004yerel,28 Mart 2004,75,Ardahan,Erkan Şahmar,SHP,365,5.84,
2004yerel,28 Mart 2004,75,Ardahan,Bülent Öktem,MHP,111,1.78,
2004yerel,28 Mart 2004,75,Ardahan,Musa Çelik,BTP,73,1.17,
2004yerel,28 Mart 2004,75,Ardahan,Temel Avşar,DSP,67,1.07,
2004yerel,28 Mart 2004,75,Ardahan,Kürşat Pehlivan,GP,46,0.74,
2004yerel,28 Mart 2004,75,Ardahan,Marif Balıkçı,SP,36,0.58,
2004yerel,28 Mart 2004,75,Ardahan,Zeynep Arslan,TKP,13,0.21,
2004yerel,28 Mart 2004,7,Antalya,Menderes Mehmet Tevfik Türel,AK Parti,92419,34.4,EVET
2004yerel,28 Mart 2004,7,Antalya,Mehmet Ertuğrul Dokuzoğlu,CHP,70119,26.1,
2004yerel,28 Mart 2004,7,Antalya,Hasan Subaşı,DYP,69891,26.01,
2004yerel,28 Mart 2004,7,Antalya,Mehmet Günal,MHP,15201,5.66,
2004yerel,28 Mart 2004,7,Antalya,Kubilay Döşeyen,SHP,10273,3.82,
2004yerel,28 Mart 2004,7,Antalya,İrfan Gökşen,GP,4011,1.49,
2004yerel,28 Mart 2004,7,Antalya,İsmail Arıcı,DSP,1961,0.73,
2004yerel,28 Mart 2004,7,Antalya,Süleyman Burgan,SP,1348,0.5,
2004yerel,28 Mart 2004,7,Antalya,İsmail Hakkı Akan,BBP,724,0.27,
2004yerel,28 Mart 2004,7,Antalya,Hasan Keskin,ANAP,695,0.26,
2004yerel,28 Mart 2004,7,Antalya,Muhammet Gümüşkaynak,MP92,513,0.19,
2004yerel,28 Mart 2004,7,Antalya,Levent İncedere,TKP,421,0.16,
2004yerel,28 Mart 2004,7,Antalya,İbrahim Taştan,Bağımsız,384,0.14,
2004yerel,28 Mart 2004,7,Antalya,Nazım Şahin,BTP,364,0.14,
2004yerel,28 Mart 2004,7,Antalya,Hikmet Özkaya,İP,354,0.13,
2004yerel,28 Mart 2004,6,Ankara,İbrahim Melih Gökçek,AK Parti,901001,55.05,EVET
2004yerel,28 Mart 2004,6,Ankara,Murat Karayalçın,SHP,341231,20.85,
2004yerel,28 Mart 2004,6,Ankara,Yılmaz Ateş,CHP,206630,12.63,
2004yerel,28 Mart 2004,6,Ankara,Hamza Hamit Homriş,MHP,74815,4.57,
2004yerel,28 Mart 2004,6,Ankara,Serhan Yücel,DYP,32376,1.98,
2004yerel,28 Mart 2004,6,Ankara,Adil Aşırım,GP,26477,1.62,
2004yerel,28 Mart 2004,6,Ankara,Tayfun İçli,DSP,14905,0.91,
2004yerel,28 Mart 2004,6,Ankara,Arif Ersoy,SP,11205,0.68,
2004yerel,28 Mart 2004,6,Ankara,Ömer Köse,BBP,8379,0.51,
2004yerel,28 Mart 2004,6,Ankara,Niyazi Kahveci,ANAP,5986,0.37,
2004yerel,28 Mart 2004,6,Ankara,Ceyhan Mumcu,İP,4313,0.26,
2004yerel,28 Mart 2004,6,Ankara,Ahmet Kurt,BTP,3897,0.24,
2004yerel,28 Mart 2004,6,Ankara,Yusuf Şaylan,TKP,2775,0.17,
2004yerel,28 Mart 2004,6,Ankara,*,Bağımsız,1386,0.08,
2004yerel,28 Mart 2004,6,Ankara,Musa Erdem,MP92,1257,0.08,
2004yerel,28 Mart 2004,8,Artvin,Emin Özgün,CHP,4849,46.47,EVET
2004yerel,28 Mart 2004,8,Artvin,Ertekin Çolak,AK Parti,3715,35.6,
2004yerel,28 Mart 2004,8,Artvin,Hasan Akın,DYP,1167,11.18,
2004yerel,28 Mart 2004,8,Artvin,Erkan Karacan,MHP,224,2.15,
2004yerel,28 Mart 2004,8,Artvin,Enis Güneri,DSP,131,1.26,
2004yerel,28 Mart 2004,8,Artvin,Mustafa Polat,GP,115,1.1,
2004yerel,28 Mart 2004,8,Artvin,Nahide Demir,ÖDP,78,0.75,
2004yerel,28 Mart 2004,8,Artvin,Gültekin Soydan,SP,76,0.73,
2004yerel,28 Mart 2004,8,Artvin,Cengiz Keskin,BTP,66,0.63,
2004yerel,28 Mart 2004,8,Artvin,Yaşar Çelik,TKP,12,0.11,
2004yerel,28 Mart 2004,8,Artvin,"Erdoğan SağırMilliyet Gazetesi, 31.03.2004, sf. 17",BBP,2,0.02,
2004yerel,28 Mart 2004,74,Bartın,İbrahim Kayış,AK Parti,4481,20.0,
2004yerel,28 Mart 2004,74,Bartın,Muhammed Rıza Yalçınkaya,DSP,12605,56.25,EVET
2004yerel,28 Mart 2004,74,Bartın,Hüseyin Taner Çetin,MHP,1538,6.86,
2004yerel,28 Mart 2004,74,Bartın,Celal Özkan,CHP,1070,4.78,
2004yerel,28 Mart 2004,74,Bartın,Baha Karakuş,DYP,552,2.46,
2004yerel,28 Mart 2004,74,Bartın,Fikret Ercan,SP,352,1.57,
2004yerel,28 Mart 2004,74,Bartın,Ayten Gazlı,GP,125,0.56,
2004yerel,28 Mart 2004,74,Bartın,Settar Çelen,BTP,31,0.14,
2004yerel,28 Mart 2004,74,Bartın,Serhan Poçan,TKP,23,0.1,
2004yerel,28 Mart 2004,9,Aydın,İlhami Ortekin,AK Parti,33023,43.15,EVET
2004yerel,28 Mart 2004,9,Aydın,Kazım Uysal,DYP,9476,12.38,
2004yerel,28 Mart 2004,9,Aydın,Sema Pişkinsüt,SHP,2066,2.7,
2004yerel,28 Mart 2004,9,Aydın,Hüseyin Aksu,CHP,19734,25.79,
2004yerel,28 Mart 2004,9,Aydın,Nedim Ünal,MHP,5064,6.62,
2004yerel,28 Mart 2004,9,Aydın,Cihan Şahin,GP,1303,1.7,
2004yerel,28 Mart 2004,9,Aydın,Nurten Atalay,DSP,1082,1.41,
2004yerel,28 Mart 2004,9,Aydın,Mehmet Karasoy,SP,514,0.67,
2004yerel,28 Mart 2004,9,Aydın,Mehmet Ali Manav,İP,186,0.24,
2004yerel,28 Mart 2004,9,Aydın,Metin Karsak,BTP,107,0.14,
2004yerel,28 Mart 2004,9,Aydın,Cemal İnanöz,Bağımsız,106,0.14,
2004yerel,28 Mart 2004,9,Aydın,Kemal Alim,TKP,80,0.1,
2004yerel,28 Mart 2004,10,Balıkesir,Sabri Uğur,AK Parti,50094,43.55,EVET
2004yerel,28 Mart 2004,10,Balıkesir,Naim Durmaz,CHP,36734,31.93,
2004yerel,28 Mart 2004,10,Balıkesir,Rafet Çetinel,MHP,10495,9.12,
2004yerel,28 Mart 2004,10,Balıkesir,Abdülbaki Ataç,DYP,5535,4.81,
2004yerel,28 Mart 2004,10,Balıkesir,Recep Adın,ANAP,2704,2.35,
2004yerel,28 Mart 2004,10,Balıkesir,İdris Gündoğdu,GP,2314,2.01,
2004yerel,28 Mart 2004,10,Balıkesir,Bayram Ali Ayyıldız,SP,1466,1.27,
2004yerel,28 Mart 2004,10,Balıkesir,Ahmet Ulu,BBP,758,0.66,
2004yerel,28 Mart 2004,10,Balıkesir,Hürriyet Turan Tabanlı,YTP02,712,0.62,
2004yerel,28 Mart 2004,10,Balıkesir,Alparslan Peker,DSP,691,0.6,
2004yerel,28 Mart 2004,10,Balıkesir,Şeref Çömlekçi,BTP,395,0.34,
2004yerel,28 Mart 2004,10,Balıkesir,Kadriye Gümüştaş,EMEP,342,0.3,
2004yerel,28 Mart 2004,10,Balıkesir,Yüksel Dağdemir,ATP,305,0.27,
2004yerel,28 Mart 2004,10,Balıkesir,Ali Haluk İmeryüz,TKP,137,0.12,
2004yerel,28 Mart 2004,10,Balıkesir,Erdoğan Gökçe,İP,137,0.12,
2004yerel,28 Mart 2004,72,Batman,Hüseyin Kalkan,SHP,47112,73.15,EVET
2004yerel,28 Mart 2004,72,Batman,Sait Dağ,SP,11478,17.82,
2004yerel,28 Mart 2004,72,Batman,Hüseyin Kazak,BBP,1983,3.08,
2004yerel,28 Mart 2004,72,Batman,İhsan Erman,GP,1007,1.56,
2004yerel,28 Mart 2004,72,Batman,Mehmet Nuri Soyoral,CHP,988,1.53,
2004yerel,28 Mart 2004,72,Batman,Hasan Doğu,MHP,920,1.43,
2004yerel,28 Mart 2004,72,Batman,Orhan Ok,DSP,312,0.48,
2004yerel,28 Mart 2004,72,Batman,Osman Yakut,BTP,231,0.36,
2004yerel,28 Mart 2004,72,Batman,Sadiye Dirik,TKP,194,0.3,
2004yerel,28 Mart 2004,72,Batman,Yusuf Kenan İleri,İP,179,0.28,
2004yerel,28 Mart 2004,12,Bingöl,Bedri Tuğ,SP,4061,17.34,
2004yerel,28 Mart 2004,12,Bingöl,Hacı Ketenalp,AK Parti,8940,38.16,EVET
2004yerel,28 Mart 2004,12,Bingöl,Selahattin Kaya,SHP,6348,27.1,
2004yerel,28 Mart 2004,12,Bingöl,Mustafa Mirbey Ertuğrul,DYP,1430,6.1,
2004yerel,28 Mart 2004,12,Bingöl,Naci Burulday,GP,748,3.19,
2004yerel,28 Mart 2004,12,Bingöl,İsmet Pezek,MHP,295,1.26,
2004yerel,28 Mart 2004,12,Bingöl,Mehmet Evran,CHP,244,1.04,
2004yerel,28 Mart 2004,12,Bingöl,Hakkı Bukan,BTP,130,0.55,
2004yerel,28 Mart 2004,12,Bingöl,Sadullah Boğatekin,Bağımsız,126,0.54,
2004yerel,28 Mart 2004,12,Bingöl,Abdullah Korkulu,DSP,99,0.42,
2004yerel,28 Mart 2004,12,Bingöl,Cengiz Sucu,TKP,38,0.16,
2004yerel,28 Mart 2004,11,Bilecik,Selim Yağcı,AK Parti,5945,37.58,EVET
2004yerel,28 Mart 2004,11,Bilecik,Ahmet Özünlü,DYP,3409,21.55,
2004yerel,28 Mart 2004,11,Bilecik,Mehmet Metin Yaşar,CHP,2421,15.3,
2004yerel,28 Mart 2004,11,Bilecik,Hasan Metin Zevkli,MHP,1377,8.7,
2004yerel,28 Mart 2004,11,Bilecik,İbrahim Meral,SP,713,4.51,
2004yerel,28 Mart 2004,11,Bilecik,Akın Olcay,SHP,623,3.94,
2004yerel,28 Mart 2004,11,Bilecik,Muhittin Erkan Beler,GP,400,2.53,
2004yerel,28 Mart 2004,11,Bilecik,Mehmet Dedeoğlu,DSP,255,1.61,
2004yerel,28 Mart 2004,11,Bilecik,Hasan Basri İmla,BTP,82,0.52,
2004yerel,28 Mart 2004,11,Bilecik,Mete Özkurt,TKP,39,0.25,
2004yerel,28 Mart 2004,69,Bayburt,Bekir Çetin,AK Parti,3606,27.94,EVET
2004yerel,28 Mart 2004,69,Bayburt,Hükmü Pekmezci,MHP,3597,27.88,
2004yerel,28 Mart 2004,69,Bayburt,İdris Yücel,DYP,2662,20.63,
2004yerel,28 Mart 2004,69,Bayburt,Lütfi Bölen,SP,1789,13.86,
2004yerel,28 Mart 2004,69,Bayburt,Ülkü Kocan,CHP,82,0.64,
2004yerel,28 Mart 2004,69,Bayburt,Şaban Ayan,Bağımsız,52,0.4,
2004yerel,28 Mart 2004,69,Bayburt,Birol Bilici,GP,50,0.39,
2004yerel,28 Mart 2004,69,Bayburt,Muhsin Kayaoğlu,BTP,36,0.28,
2004yerel,28 Mart 2004,69,Bayburt,Necati Yıldız,DSP,22,0.17,
2004yerel,28 Mart 2004,69,Bayburt,Feride Dilek Ertuğrul,İP,16,0.12,
2004yerel,28 Mart 2004,69,Bayburt,Ercüment Tahir İçil,TKP,12,0.09,
2004yerel,28 Mart 2004,13,Bitlis,Cevdet Özdemir,AK Parti,3728,28.94,EVET
2004yerel,28 Mart 2004,13,Bitlis,Mehmet Şefik Beyaz,SHP,3503,27.19,
2004yerel,28 Mart 2004,13,Bitlis,Yaşar Buhan,SP,1485,11.53,
2004yerel,28 Mart 2004,13,Bitlis,Enver Kandöre,ANAP,1456,11.3,
2004yerel,28 Mart 2004,13,Bitlis,Ahmet Muzaffer Geylani,DYP,1341,10.41,
2004yerel,28 Mart 2004,13,Bitlis,Ali Can Kara,GP,821,6.37,
2004yerel,28 Mart 2004,13,Bitlis,Mehmet Salih Akşit,CHP,350,2.72,
2004yerel,28 Mart 2004,13,Bitlis,İsa Uçar,MHP,75,0.58,
2004yerel,28 Mart 2004,13,Bitlis,Namık Ergül,DSP,59,0.46,
2004yerel,28 Mart 2004,13,Bitlis,Cevdet Özmaltaş,BTP,43,0.33,
2004yerel,28 Mart 2004,13,Bitlis,Mehmet Çetin Çelik,TKP,22,0.17,
2004yerel,28 Mart 2004,14,Bolu,Alaaddin Yılmaz,AK Parti,20307,47.27,EVET
2004yerel,28 Mart 2004,14,Bolu,Yüksel Ceylan,CHP,16591,38.62,
2004yerel,28 Mart 2004,14,Bolu,İsmail Necdet Arafat,DYP,1606,3.74,
2004yerel,28 Mart 2004,14,Bolu,Mustafa Özdemir,MHP,1567,3.65,
2004yerel,28 Mart 2004,14,Bolu,Ali Sarıgül,SP,787,1.83,
2004yerel,28 Mart 2004,14,Bolu,Volkan Özcan,GP,589,1.37,
2004yerel,28 Mart 2004,14,Bolu,İbrahim Kaygusuz,SHP,579,1.35,
2004yerel,28 Mart 2004,14,Bolu,Rıfat Özocakçıoğlu,DSP,308,0.72,
2004yerel,28 Mart 2004,14,Bolu,Ahmet Yoltaş,ANAP,232,0.54,
2004yerel,28 Mart 2004,14,Bolu,Hayrettin Pulatlı,BBP,163,0.38,
2004yerel,28 Mart 2004,14,Bolu,Cavit Özdoğan,BTP,104,0.24,
2004yerel,28 Mart 2004,14,Bolu,Seriye Selçok,İP,73,0.17,
2004yerel,28 Mart 2004,14,Bolu,Özlem Şen,TKP,51,0.12,
2004yerel,28 Mart 2004,15,Burdur,Sebahattin Akkaya,AK Parti,15837,45.63,EVET
2004yerel,28 Mart 2004,15,Burdur,Ahmet Nejdet İlgün,CHP,15456,44.53,
2004yerel,28 Mart 2004,15,Burdur,Nizamettin Akbaş,MHP,1245,3.59,
2004yerel,28 Mart 2004,15,Burdur,Şali Arslan,DYP,618,1.78,
2004yerel,28 Mart 2004,15,Burdur,Halil Ayan,SP,343,0.99,
2004yerel,28 Mart 2004,15,Burdur,Arif Hikmet Ermiş,GP,296,0.85,
2004yerel,28 Mart 2004,15,Burdur,Tahir Mahir Öztürk,DSP,173,0.5,
2004yerel,28 Mart 2004,15,Burdur,Yücel Bağçacı,BTP,60,0.17,
2004yerel,28 Mart 2004,15,Burdur,Bilinmiyor,TKP,47,0.14,
2004yerel,28 Mart 2004,15,Burdur,Ethem İşler,Bağımsız,36,0.1,
2004yerel,28 Mart 2004,19,Çorum,Adnan Türkoğlu,DYP,10856,12.59,
2004yerel,28 Mart 2004,19,Çorum,Turan Atlamaz,AK Parti,38940,45.18,EVET
2004yerel,28 Mart 2004,19,Çorum,Selahattin Yücel,CHP,28998,33.64,
2004yerel,28 Mart 2004,19,Çorum,Abdullah Ateş,MHP,2806,3.26,
2004yerel,28 Mart 2004,19,Çorum,Mehmet Aşıla,SP,2131,2.47,
2004yerel,28 Mart 2004,19,Çorum,Rıdvan Çam,GP,551,0.64,
2004yerel,28 Mart 2004,19,Çorum,Selami Özkan,EMEP,357,0.41,
2004yerel,28 Mart 2004,19,Çorum,Mehmet Patlar,İP,171,0.2,
2004yerel,28 Mart 2004,19,Çorum,Nuray Ercan,DSP,155,0.18,
2004yerel,28 Mart 2004,19,Çorum,Süleyman Afşar,BTP,133,0.15,
2004yerel,28 Mart 2004,19,Çorum,Ali Osman Alveren,ANAP,100,0.12,
2004yerel,28 Mart 2004,19,Çorum,Bilinmiyor,Bağımsız,67,0.08,
2004yerel,28 Mart 2004,19,Çorum,Cevdet Kılıç,TKP,60,0.07,
2004yerel,28 Mart 2004,20,Denizli,Nihat Zeybekci,AK Parti,65563,43.76,EVET
2004yerel,28 Mart 2004,20,Denizli,Ali Marım,CHP,34907,23.3,
2004yerel,28 Mart 2004,20,Denizli,Ali Aygören,DYP,15605,10.41,
2004yerel,28 Mart 2004,20,Denizli,Bülent Mercanoğlu,ANAP,555,0.37,
2004yerel,28 Mart 2004,20,Denizli,Zafer Kaplan,MHP,3531,2.36,
2004yerel,28 Mart 2004,20,Denizli,Selman Berberoğlu,GP,2017,1.35,
2004yerel,28 Mart 2004,20,Denizli,Afer Kara,SHP,1644,1.1,
2004yerel,28 Mart 2004,20,Denizli,Mehmet Kocabatmaz,DSP,1311,0.87,
2004yerel,28 Mart 2004,20,Denizli,Ali Filiz,SP,981,0.65,
2004yerel,28 Mart 2004,20,Denizli,Mahmut Pak,İP,281,0.19,
2004yerel,28 Mart 2004,20,Denizli,Koray Özçaka,BTP,195,0.13,
2004yerel,28 Mart 2004,20,Denizli,Hüsnü Çatal,MP92,192,0.13,
2004yerel,28 Mart 2004,20,Denizli,Kerim Yılmaz Kurucu,ÖDP,178,0.12,
2004yerel,28 Mart 2004,20,Denizli,Mehmet Uğur Tatar,Bağımsız,161,0.11,
2004yerel,28 Mart 2004,20,Denizli,Musa Ergun Usluer,TKP,155,0.1,
2004yerel,28 Mart 2004,18,Çankırı,İrfan Dinç,AK Parti,16891,57.78,EVET
2004yerel,28 Mart 2004,18,Çankırı,Ahmet Namık Kemal Eryılmaz,MHP,9702,33.19,
2004yerel,28 Mart 2004,18,Çankırı,Raif Oktay,DYP,955,3.27,
2004yerel,28 Mart 2004,18,Çankırı,Hakkı Tarhan,CHP,702,2.4,
2004yerel,28 Mart 2004,18,Çankırı,Mustafa Sezer,SP,308,1.05,
2004yerel,28 Mart 2004,18,Çankırı,Mehmet Aslan,BBP,286,0.98,
2004yerel,28 Mart 2004,18,Çankırı,Mustafa Mete Tığlı,GP,124,0.42,
2004yerel,28 Mart 2004,18,Çankırı,Ediz Topal,ANAP,89,0.3,
2004yerel,28 Mart 2004,18,Çankırı,Mustafa Köroğlu,BTP,66,0.23,
2004yerel,28 Mart 2004,18,Çankırı,Selen Kartay,TKP,45,0.15,
2004yerel,28 Mart 2004,18,Çankırı,Orhan Tokar,İP,44,0.15,
2004yerel,28 Mart 2004,18,Çankırı,Barış Oyman,MP92,21,0.07,
2004yerel,28 Mart 2004,21,Diyarbakır,Osman Baydemir,SHP,88907,58.3,EVET
2004yerel,28 Mart 2004,21,Diyarbakır,Mücahit Can,AK Parti,53816,35.29,
2004yerel,28 Mart 2004,21,Diyarbakır,Derviş Sönmez,DYP,2299,1.51,
2004yerel,28 Mart 2004,21,Diyarbakır,Yaşar Karataş,SP,1468,0.96,
2004yerel,28 Mart 2004,21,Diyarbakır,Mehmet Beşir İpekçi,CHP,1332,0.87,
2004yerel,28 Mart 2004,21,Diyarbakır,Abdullah Arzakçı,MHP,1155,0.76,
2004yerel,28 Mart 2004,21,Diyarbakır,Davut Işıklı,BBP,775,0.51,
2004yerel,28 Mart 2004,21,Diyarbakır,Muzaffer Oruç,ANAP,645,0.42,
2004yerel,28 Mart 2004,21,Diyarbakır,Sait Dağkıran,DSP,533,0.35,
2004yerel,28 Mart 2004,21,Diyarbakır,Taner Pamukça,GP,511,0.34,
2004yerel,28 Mart 2004,21,Diyarbakır,Ali Rıza Aksu,BTP,349,0.23,
2004yerel,28 Mart 2004,21,Diyarbakır,Örsan Eylem Vural,Bağımsız,317,0.21,
2004yerel,28 Mart 2004,21,Diyarbakır,Necmettin Salaz,TKP,208,0.14,
2004yerel,28 Mart 2004,21,Diyarbakır,Ulaş Gencer,İP,178,0.12,
2004yerel,28 Mart 2004,81,Düzce,Mehmet Keleş,AK Parti,23299,60.15,EVET
2004yerel,28 Mart 2004,81,Düzce,Necmi Hoşver,DYP,6475,16.72,
2004yerel,28 Mart 2004,81,Düzce,Haydar Suat Öztürk,CHP,2370,6.12,
2004yerel,28 Mart 2004,81,Düzce,Çetin Sarıahmet,MHP,1385,3.58,
2004yerel,28 Mart 2004,81,Düzce,Erdoğan Kefeli,Bağımsız,899,2.32,
2004yerel,28 Mart 2004,81,Düzce,Faruk Erdem,SP,639,1.65,
2004yerel,28 Mart 2004,81,Düzce,Aydın Gör,GP,459,1.19,
2004yerel,28 Mart 2004,81,Düzce,Nihat Kopuz,DSP,320,0.83,
2004yerel,28 Mart 2004,81,Düzce,Osman Durdu,BTP,314,0.81,
2004yerel,28 Mart 2004,81,Düzce,Recep Çatana,SHP,227,0.59,
2004yerel,28 Mart 2004,81,Düzce,Başak Aydemir,TKP,75,0.19,
2004yerel,28 Mart 2004,23,Elazığ,Hasan Tahsin Fendoğlu,AK Parti,29255,25.51,
2004yerel,28 Mart 2004,23,Elazığ,Raif Çiçek,MHP,6289,5.48,
2004yerel,28 Mart 2004,23,Elazığ,Mehmet Süleyman Selmanoğlu,DYP,40565,35.37,EVET
2004yerel,28 Mart 2004,23,Elazığ,Hamza Yanılmaz,SP,21347,18.62,
2004yerel,28 Mart 2004,23,Elazığ,Orhan Şimşek,CHP,6673,5.82,
2004yerel,28 Mart 2004,23,Elazığ,Harun Veyis Metin,SHP,3200,2.79,
2004yerel,28 Mart 2004,23,Elazığ,Mustafa Selami Ekinci,BBP,645,0.56,
2004yerel,28 Mart 2004,23,Elazığ,Bayram Kavak,BTP,333,0.29,
2004yerel,28 Mart 2004,23,Elazığ,Ayşe Işık,GP,258,0.22,
2004yerel,28 Mart 2004,23,Elazığ,Zeynel Şimşek,DSP,256,0.22,
2004yerel,28 Mart 2004,23,Elazığ,Kahraman Taşgın,İP,199,0.17,
2004yerel,28 Mart 2004,23,Elazığ,Nedret Beritan,TKP,167,0.15,
2004yerel,28 Mart 2004,24,Erzincan,Mehmet Buyruk,AK Parti,16265,41.12,EVET
2004yerel,28 Mart 2004,24,Erzincan,Recep Cemil Tanguroğlu,CHP,5029,12.71,
2004yerel,28 Mart 2004,24,Erzincan,Erkan Karaman,MHP,9079,22.95,
2004yerel,28 Mart 2004,24,Erzincan,Arif Gül,SP,339,0.86,
2004yerel,28 Mart 2004,24,Erzincan,Mustafa Reşit Ağaoğlu,DYP,335,0.85,
2004yerel,28 Mart 2004,24,Erzincan,Cenk Cihan Bulut,ÖDP,301,0.76,
2004yerel,28 Mart 2004,24,Erzincan,Mahmut Salcan,GP,83,0.21,
2004yerel,28 Mart 2004,24,Erzincan,Nadir Özelgül,DSP,83,0.21,
2004yerel,28 Mart 2004,24,Erzincan,Mahmut Karahan,BTP,54,0.14,
2004yerel,28 Mart 2004,24,Erzincan,Nezire Gülay Seyran,İP,29,0.07,
2004yerel,28 Mart 2004,24,Erzincan,Ayfer Erdine,TKP,24,0.06,
2004yerel,28 Mart 2004,25,Erzurum,Ahmet Küçükler,AK Parti,67463,61.18,EVET
2004yerel,28 Mart 2004,25,Erzurum,Mahmut Uykusuz,MHP,32640,29.6,
2004yerel,28 Mart 2004,25,Erzurum,Cemalettin Timur Hınıslıoğlu,SP,3914,3.55,
2004yerel,28 Mart 2004,25,Erzurum,Sadullah Kaya,DYP,2033,1.84,
2004yerel,28 Mart 2004,25,Erzurum,Haluk Volkan Gençal,CHP,1702,1.54,
2004yerel,28 Mart 2004,25,Erzurum,Cemal Almaz,BBP,928,0.84,
2004yerel,28 Mart 2004,25,Erzurum,Selim Mesut Atılgan,GP,755,0.68,
2004yerel,28 Mart 2004,25,Erzurum,Adnan Demir,DSP,240,0.22,
2004yerel,28 Mart 2004,25,Erzurum,Aziz Karaca,BTP,212,0.19,
2004yerel,28 Mart 2004,25,Erzurum,Ünal Kırmacı,ANAP,190,0.17,
2004yerel,28 Mart 2004,25,Erzurum,Sedat Cengiz,TKP,118,0.11,
2004yerel,28 Mart 2004,25,Erzurum,Ekrem Yalçın,İP,75,0.07,
2004yerel,28 Mart 2004,26,Eskişehir,Yılmaz Büyükerşen,DSP,126854,44.76,EVET
2004yerel,28 Mart 2004,26,Eskişehir,Faruk Karaçay,AK Parti,117205,41.35,
2004yerel,28 Mart 2004,26,Eskişehir,Orhan Soydaş,DYP,23719,8.37,
2004yerel,28 Mart 2004,26,Eskişehir,Metin Özsoy,MHP,6128,2.16,
2004yerel,28 Mart 2004,26,Eskişehir,Bülent Orakoğlu,GP,3446,1.22,
2004yerel,28 Mart 2004,26,Eskişehir,Fesih Bingöl,SP,2223,0.78,
2004yerel,28 Mart 2004,26,Eskişehir,Zafer Uğur,BBP,1004,0.35,
2004yerel,28 Mart 2004,26,Eskişehir,Ali Çalışkan,ANAP,965,0.34,
2004yerel,28 Mart 2004,26,Eskişehir,Servet Güleçyüz,BTP,456,0.16,
2004yerel,28 Mart 2004,26,Eskişehir,Selma Özöğretmen,İP,385,0.14,
2004yerel,28 Mart 2004,26,Eskişehir,Sabahattin Kolata,EMEP,375,0.13,
2004yerel,28 Mart 2004,26,Eskişehir,Bilinmiyor,Bağımsız,375,0.13,
2004yerel,28 Mart 2004,26,Eskişehir,Hüsnü Atlıkan,TKP,296,0.1,
2004yerel,28 Mart 2004,27,Gaziantep,Asım Uğur Güzelbey,AK Parti,177529,57.44,EVET
2004yerel,28 Mart 2004,27,Gaziantep,Celal Doğan,CHP,103342,33.44,
2004yerel,28 Mart 2004,27,Gaziantep,Mustafa Kemal Ateş,SP,10839,3.51,
2004yerel,28 Mart 2004,27,Gaziantep,Murat İbrahim Halil Özsaygılı,MHP,5391,1.74,
2004yerel,28 Mart 2004,27,Gaziantep,Zafer Ozansoy,GP,2315,0.75,
2004yerel,28 Mart 2004,27,Gaziantep,İsa Gülşen,DYP,1985,0.64,
2004yerel,28 Mart 2004,27,Gaziantep,Atilla Gökçek,BBP,1806,0.58,
2004yerel,28 Mart 2004,27,Gaziantep,Remzi Büyüknacar,DSP,1170,0.38,
2004yerel,28 Mart 2004,27,Gaziantep,Hasan Akkurt,BTP,1088,0.35,
2004yerel,28 Mart 2004,27,Gaziantep,Atilla Karaduman,İP,683,0.22,
2004yerel,28 Mart 2004,27,Gaziantep,Mehtap Sert,TKP,668,0.22,
2004yerel,28 Mart 2004,27,Gaziantep,Mustafa Ateş,ATP,640,0.21,
2004yerel,28 Mart 2004,27,Gaziantep,Mehmet Emrullah Emrullahoğlu,MP92,611,0.2,
2004yerel,28 Mart 2004,27,Gaziantep,Ökkaş Orhan Kitapçı,ANAP,580,0.19,
2004yerel,28 Mart 2004,27,Gaziantep,Hasan Yalçın İlhan,Bağımsız,414,0.13,
2004yerel,28 Mart 2004,28,Giresun,Hurşit Yüksel,AK Parti,12862,36.38,EVET
2004yerel,28 Mart 2004,28,Giresun,Mehmet Gürsoy,MHP,1155,3.27,
2004yerel,28 Mart 2004,28,Giresun,Hasan Yücel Karaibrahim,CHP,11801,33.37,
2004yerel,28 Mart 2004,28,Giresun,Ergun Özdemir,DYP,4562,12.9,
2004yerel,28 Mart 2004,28,Giresun,Turhan Alçelik,SP,1773,5.01,
2004yerel,28 Mart 2004,28,Giresun,Muzaffer Hayati Tökez,SHP,484,1.37,
2004yerel,28 Mart 2004,28,Giresun,Aysel Uzun,GP,315,0.89,
2004yerel,28 Mart 2004,28,Giresun,Mehmet Özdemir,DSP,307,0.87,
2004yerel,28 Mart 2004,28,Giresun,Çağlar Akçalı,ANAP,211,0.6,
2004yerel,28 Mart 2004,28,Giresun,Hüseyin Menteşe,BBP,211,0.6,
2004yerel,28 Mart 2004,28,Giresun,Mustafa Şahin,BTP,95,0.27,
2004yerel,28 Mart 2004,28,Giresun,Ayşe Topcan,TKP,44,0.12,
2004yerel,28 Mart 2004,22,Edirne,Hamdi Sedefçi,CHP,18461,31.97,EVET
2004yerel,28 Mart 2004,22,Edirne,Mustafa Hatipler,AK Parti,17493,30.29,
2004yerel,28 Mart 2004,22,Edirne,Ümit Mıhlıyanlar,DYP,8114,14.05,
2004yerel,28 Mart 2004,22,Edirne,Bülent Kahyacı,GP,3850,6.67,
2004yerel,28 Mart 2004,22,Edirne,Cengiz Varnatopu,ANAP,2616,4.53,
2004yerel,28 Mart 2004,22,Edirne,Doğan Yakar,MHP,2194,3.8,
2004yerel,28 Mart 2004,22,Edirne,Şadan Şimşek,DSP,1930,3.34,
2004yerel,28 Mart 2004,22,Edirne,Serdar Seçkin,SHP,1411,2.44,
2004yerel,28 Mart 2004,22,Edirne,Cevdet Yaşa,SP,1077,1.87,
2004yerel,28 Mart 2004,22,Edirne,Semih Soylu,Bağımsız,261,0.45,
2004yerel,28 Mart 2004,22,Edirne,Cem Odaman,BTP,144,0.25,
2004yerel,28 Mart 2004,22,Edirne,İrfan Kemal Eren,TKP,112,0.19,
2004yerel,28 Mart 2004,22,Edirne,Mustafa Yaşar Şahin,İP,82,0.14,
2004yerel,28 Mart 2004,76,Iğdır,Ali Ağrı,AK Parti,4783,19.44,
2004yerel,28 Mart 2004,76,Iğdır,Nurettin Aras,MHP,9753,39.63,EVET
2004yerel,28 Mart 2004,76,Iğdır,Hasan Alagöz,SHP,7719,31.37,
2004yerel,28 Mart 2004,76,Iğdır,Sebahattin Gökçe,Bağımsız,193,0.78,
2004yerel,28 Mart 2004,76,Iğdır,Bilgin Coşkun,SP,181,0.74,
2004yerel,28 Mart 2004,76,Iğdır,Hanımzer Koç,GP,175,0.71,
2004yerel,28 Mart 2004,76,Iğdır,Aydın Deniz,CHP,131,0.53,
2004yerel,28 Mart 2004,76,Iğdır,Nimet Turan,DYP,86,0.35,
2004yerel,28 Mart 2004,76,Iğdır,Nihat Büyükboduk,BTP,39,0.16,
2004yerel,28 Mart 2004,76,Iğdır,Hatice Arslan,TKP,31,0.13,
2004yerel,28 Mart 2004,76,Iğdır,Mahir Yalçınkaya,İP,26,0.11,
2004yerel,28 Mart 2004,29,Gümüşhane,Yaşar Tanış,Bağımsız,513,3.96,
2004yerel,28 Mart 2004,29,Gümüşhane,Mustafa Canlı,MHP,4392,33.93,EVET
2004yerel,28 Mart 2004,29,Gümüşhane,Süleyman Köprülü,ANAP,3656,28.24,
2004yerel,28 Mart 2004,29,Gümüşhane,Naim Ağaç,DYP,3114,24.06,
2004yerel,28 Mart 2004,29,Gümüşhane,Ömer Faruk Öztürk,CHP,609,4.7,
2004yerel,28 Mart 2004,29,Gümüşhane,Kasım Yeşil,SP,521,4.02,
2004yerel,28 Mart 2004,29,Gümüşhane,Şaban Cebeci,BTP,70,0.54,
2004yerel,28 Mart 2004,29,Gümüşhane,Köksal Kurt,GP,53,0.41,
2004yerel,28 Mart 2004,29,Gümüşhane,Tülin İçil,TKP,11,0.08,
2004yerel,28 Mart 2004,29,Gümüşhane,Canan Erol,İP,6,0.05,
2004yerel,28 Mart 2004,34,İstanbul,Kadir Topbaş,AK Parti,1917577,45.32,EVET
2004yerel,28 Mart 2004,34,İstanbul,Mehmet Sefa Sirmen,CHP,1223856,28.92,
2004yerel,28 Mart 2004,34,İstanbul,Mukadder Başeğmez,SP,228615,5.4,
2004yerel,28 Mart 2004,34,İstanbul,Ahmet Vefik Alp,DYP,206410,4.88,
2004yerel,28 Mart 2004,34,İstanbul,Meral Akşener,MHP,173274,4.09,
2004yerel,28 Mart 2004,34,İstanbul,Mustafa Kul,SHP,153840,3.64,
2004yerel,28 Mart 2004,34,İstanbul,Ufuk İlkiz,GP,145120,3.43,
2004yerel,28 Mart 2004,34,İstanbul,Masum Türker,DSP,57957,1.37,
2004yerel,28 Mart 2004,34,İstanbul,Pınar Türenç,ANAP,51979,1.23,
2004yerel,28 Mart 2004,34,İstanbul,Hikmet Aytek,BBP,20560,0.49,
2004yerel,28 Mart 2004,34,İstanbul,Selim Mecit Beşer,BTP,13312,0.31,
2004yerel,28 Mart 2004,34,İstanbul,Zekayi Yılmaz,YTP02,8818,0.21,
2004yerel,28 Mart 2004,34,İstanbul,Metin Biçersin,ATP,8364,0.2,
2004yerel,28 Mart 2004,34,İstanbul,Haluk Yurtsever,TKP,8199,0.19,
2004yerel,28 Mart 2004,34,İstanbul,Ünal Erdoğan,İP,7919,0.19,
2004yerel,28 Mart 2004,34,İstanbul,*,Bağımsız,5687,0.13,
2004yerel,28 Mart 2004,35,İzmir,Ahmet Piriştina,CHP,562561,47.17,EVET
2004yerel,28 Mart 2004,35,İzmir,Taha Aksoy,AK Parti,388336,32.56,
2004yerel,28 Mart 2004,35,İzmir,Haluk Güntan,GP,71671,6.01,
2004yerel,28 Mart 2004,35,İzmir,Ahmet Fehmi Işıklar,SHP,49382,4.14,
2004yerel,28 Mart 2004,35,İzmir,Hasan Tahsin Kocabaş,MHP,48535,4.07,
2004yerel,28 Mart 2004,35,İzmir,Yüksel Yalova,DYP,32708,2.74,
2004yerel,28 Mart 2004,35,İzmir,Saffet Başaran,DSP,11527,0.97,
2004yerel,28 Mart 2004,35,İzmir,Abdül Bahri Vreskala,ANAP,10939,0.92,
2004yerel,28 Mart 2004,35,İzmir,Oya Akgönenç Muğisuddin,SP,6516,0.55,
2004yerel,28 Mart 2004,35,İzmir,Hasan Atilla Türköz,İP,2777,0.23,
2004yerel,28 Mart 2004,35,İzmir,Mustafa Bekaroğlu,BTP,2323,0.19,
2004yerel,28 Mart 2004,35,İzmir,Taci Dönmez,MP92,2134,0.18,
2004yerel,28 Mart 2004,35,İzmir,Rauf Cankurtaran,TKP,2040,0.17,
2004yerel,28 Mart 2004,35,İzmir,Ali İhsan Aydoğan,Bağımsız,1092,0.09,
2004yerel,28 Mart 2004,46,Kahramanmaraş,Mustafa Poyraz,AK Parti,67826,57.44,EVET
2004yerel,28 Mart 2004,46,Kahramanmaraş,Bahadır Mete Eskigün,MHP,9664,8.18,
2004yerel,28 Mart 2004,46,Kahramanmaraş,Mutlu Fettahoğlu,DYP,14918,12.63,
2004yerel,28 Mart 2004,46,Kahramanmaraş,Ökkeş Aktaş,ANAP,1288,1.09,
2004yerel,28 Mart 2004,46,Kahramanmaraş,İbrahim İmalı,BBP,1858,1.57,
2004yerel,28 Mart 2004,46,Kahramanmaraş,Mustafa Vahdet Sürücü,SP,5180,4.39,
2004yerel,28 Mart 2004,46,Kahramanmaraş,İsmet Vursavuş,CHP,2016,1.71,
2004yerel,28 Mart 2004,46,Kahramanmaraş,Kani Genç,GP,962,0.81,
2004yerel,28 Mart 2004,46,Kahramanmaraş,Zühtü Kazancı,BTP,408,0.35,
2004yerel,28 Mart 2004,46,Kahramanmaraş,Abdurrahman Boztaş,Bağımsız,313,0.27,
2004yerel,28 Mart 2004,46,Kahramanmaraş,Ahmet Aslan,DSP,238,0.2,
2004yerel,28 Mart 2004,46,Kahramanmaraş,Ali Yağrı,İP,112,0.09,
2004yerel,28 Mart 2004,46,Kahramanmaraş,Bilinmiyor,TKP,111,0.09,
2004yerel,28 Mart 2004,78,Karabük,Hüseyin Erer,AK Parti,26490,58.08,EVET
2004yerel,28 Mart 2004,78,Karabük,Enver Tümen,DYP,9921,21.75,
2004yerel,28 Mart 2004,78,Karabük,Kemal Kande,CHP,4190,9.19,
2004yerel,28 Mart 2004,78,Karabük,Ahmet Ustaoğlu,SP,2426,5.32,
2004yerel,28 Mart 2004,78,Karabük,Recep Akay,MHP,1579,3.46,
2004yerel,28 Mart 2004,78,Karabük,Muhammet Yüzbaşılar,GP,374,0.82,
2004yerel,28 Mart 2004,78,Karabük,Levent Turhan,DSP,264,0.58,
2004yerel,28 Mart 2004,78,Karabük,İrfan Enper,BTP,208,0.46,
2004yerel,28 Mart 2004,78,Karabük,Fahriye Belgün Baba,TKP,160,0.35,
2004yerel,28 Mart 2004,70,Karaman,Yaşar Evcen,CHP,14220,24.62,
2004yerel,28 Mart 2004,70,Karaman,Celal Aslan,DYP,740,1.28,
2004yerel,28 Mart 2004,70,Karaman,Ali Kantürk,AK Parti,22758,39.4,EVET
2004yerel,28 Mart 2004,70,Karaman,Halil İbrahim Gülcan,MHP,13564,23.48,
2004yerel,28 Mart 2004,70,Karaman,Abidin Çağlayan,SP,2524,4.37,
2004yerel,28 Mart 2004,70,Karaman,Şerife Eğilmez Taşkıran,GP,315,0.55,
2004yerel,28 Mart 2004,70,Karaman,Ali Talip Ünlü,DSP,174,0.3,
2004yerel,28 Mart 2004,70,Karaman,Ali Konukseven,BTP,162,0.28,
2004yerel,28 Mart 2004,70,Karaman,Ayşe Devrim Dağ,TKP,65,0.11,
2004yerel,28 Mart 2004,36,Kars,Naif Alibeyoğlu,AK Parti,13313,49.1,EVET
2004yerel,28 Mart 2004,36,Kars,Settar Kaya,MHP,9251,34.12,
2004yerel,28 Mart 2004,36,Kars,Burçay Taşçı,CHP,2226,8.21,
2004yerel,28 Mart 2004,36,Kars,Güngör Alp,SHP,1156,4.26,
2004yerel,28 Mart 2004,36,Kars,Turgut Reis,DYP,782,2.88,
2004yerel,28 Mart 2004,36,Kars,İbrahim Çelik,SP,113,0.42,
2004yerel,28 Mart 2004,36,Kars,Ahmet İnegöl,GP,82,0.3,
2004yerel,28 Mart 2004,36,Kars,Necmi Dirik,TKP,72,0.27,
2004yerel,28 Mart 2004,36,Kars,Sabiha Karamustafa,BTP,68,0.25,
2004yerel,28 Mart 2004,36,Kars,Süleyman Senem,İP,51,0.19,
2004yerel,28 Mart 2004,32,Isparta,Hasan Balaman,AK Parti,37627,48.8,EVET
2004yerel,28 Mart 2004,32,Isparta,Mustafa Fikri Çobaner,DYP,4478,5.81,
2004yerel,28 Mart 2004,32,Isparta,Yusuf Ziya Günaydın,MHP,26128,33.89,
2004yerel,28 Mart 2004,32,Isparta,Beyazıt Mercimek,CHP,4428,5.74,
2004yerel,28 Mart 2004,32,Isparta,Hüseyin Recep Akemek,SP,860,1.12,
2004yerel,28 Mart 2004,32,Isparta,Mehmet Bilir,Bağımsız,631,0.82,
2004yerel,28 Mart 2004,32,Isparta,Sefa Özgür,GP,446,0.58,
2004yerel,28 Mart 2004,32,Isparta,Abdullah Durmaz,SHP,367,0.48,
2004yerel,28 Mart 2004,32,Isparta,Durmuş Karaibiş,BBP,245,0.32,
2004yerel,28 Mart 2004,32,Isparta,Ali Kundakçı,DSP,220,0.29,
2004yerel,28 Mart 2004,32,Isparta,Recep Ünlü,İP,119,0.15,
2004yerel,28 Mart 2004,32,Isparta,Şemsi Celalettin Yolcu,BTP,111,0.14,
2004yerel,28 Mart 2004,32,Isparta,Serya Vardar,TKP,104,0.13,
2004yerel,28 Mart 2004,32,Isparta,Selçuk Kadıoğlu,YTP02,59,0.08,
2004yerel,28 Mart 2004,37,Kastamonu,Turhan Topçuoğlu,MHP,16684,48.17,EVET
2004yerel,28 Mart 2004,37,Kastamonu,Mehmet Çırak,AK Parti,9260,26.74,
2004yerel,28 Mart 2004,37,Kastamonu,Mehmet Ali Tosyalıoğlu,CHP,6033,17.42,
2004yerel,28 Mart 2004,37,Kastamonu,Ertan Mumcu,DYP,763,2.2,
2004yerel,28 Mart 2004,37,Kastamonu,Meral Turna,DSP,686,1.98,
2004yerel,28 Mart 2004,37,Kastamonu,İlhan Arslan,GP,579,1.67,
2004yerel,28 Mart 2004,37,Kastamonu,Mücahit Dağdelen,SP,318,0.92,
2004yerel,28 Mart 2004,37,Kastamonu,Orhan Mavuş,EMEP,117,0.34,
2004yerel,28 Mart 2004,37,Kastamonu,Murat Gülen,BTP,73,0.21,
2004yerel,28 Mart 2004,37,Kastamonu,Kurtuluş Devrim Göksoy,İP,62,0.18,
2004yerel,28 Mart 2004,37,Kastamonu,Bilinmiyor,TKP,58,0.17,
2004yerel,28 Mart 2004,38,Kayseri,Mehmet Özhaseki,AK Parti,163141,70.25,EVET
2004yerel,28 Mart 2004,38,Kayseri,Ali İhsan Alçı,CHP,21580,9.29,
2004yerel,28 Mart 2004,38,Kayseri,Mazhar Gündoğ,MHP,21259,9.15,
2004yerel,28 Mart 2004,38,Kayseri,Mustafa Akkaş,SP,8125,3.5,
2004yerel,28 Mart 2004,38,Kayseri,İlhan Koçak,DYP,6547,2.82,
2004yerel,28 Mart 2004,38,Kayseri,İsmail Topuz,BBP,3953,1.7,
2004yerel,28 Mart 2004,38,Kayseri,Bekir Kök,GP,2607,1.12,
2004yerel,28 Mart 2004,38,Kayseri,İsmail Yavuz,DSP,1174,0.51,
2004yerel,28 Mart 2004,38,Kayseri,Mustafa Keskin,BTP,894,0.38,
2004yerel,28 Mart 2004,38,Kayseri,Hasan Daşkın,EMEP,765,0.33,
2004yerel,28 Mart 2004,38,Kayseri,Mustafa Olcayto Özhan,YTP02,600,0.26,
2004yerel,28 Mart 2004,38,Kayseri,Sevim Ölçmez,Bağımsız,575,0.25,
2004yerel,28 Mart 2004,38,Kayseri,Asil Kip,İP,438,0.19,
2004yerel,28 Mart 2004,38,Kayseri,Ahmet Çelik,MP92,329,0.14,
2004yerel,28 Mart 2004,38,Kayseri,İlhan Akalın,TKP,248,0.11,
2004yerel,28 Mart 2004,79,Kilis,Mehmet Abdi Bulut,AK Parti,16548,57.4,EVET
2004yerel,28 Mart 2004,79,Kilis,Ekrem Çetin,CHP,8962,31.08,
2004yerel,28 Mart 2004,79,Kilis,Şükrü Yılmaz,MHP,1520,5.27,
2004yerel,28 Mart 2004,79,Kilis,Hasan Büyükköşker,BTP,876,3.04,
2004yerel,28 Mart 2004,79,Kilis,Nadir Kulakoğlu,DYP,381,1.32,
2004yerel,28 Mart 2004,79,Kilis,Mehmet Yaşar Canbal,SP,201,0.7,
2004yerel,28 Mart 2004,79,Kilis,Ahmet Uğur Bayoğlu,GP,141,0.49,
2004yerel,28 Mart 2004,79,Kilis,Hasan Arslan,DSP,82,0.28,
2004yerel,28 Mart 2004,79,Kilis,Bilinmiyor,İP,61,0.21,
2004yerel,28 Mart 2004,79,Kilis,Özgür Barış Akbayır,TKP,59,0.2,
2004yerel,28 Mart 2004,39,Kırklareli,Önder Başlı,DYP,3161,10.89,
2004yerel,28 Mart 2004,39,Kırklareli,Coşkun Yılmaz Şeşen,CHP,8659,29.83,EVET
2004yerel,28 Mart 2004,39,Kırklareli,Cengiz Bağdan,MHP,7657,26.38,
2004yerel,28 Mart 2004,39,Kırklareli,Selahattin Minsolmaz,AK Parti,6831,23.53,
2004yerel,28 Mart 2004,39,Kırklareli,Adnan Bıyıklı,DSP,491,1.69,
2004yerel,28 Mart 2004,39,Kırklareli,Mehmet Gürpınar,GP,458,1.58,
2004yerel,28 Mart 2004,39,Kırklareli,Ali Gökçen,ANAP,154,0.53,
2004yerel,28 Mart 2004,39,Kırklareli,Cemal Terzi,Bağımsız,149,0.51,
2004yerel,28 Mart 2004,39,Kırklareli,Tamer Kuşeri,BTP,87,0.3,
2004yerel,28 Mart 2004,39,Kırklareli,Ali Yalçındağ,SP,75,0.26,
2004yerel,28 Mart 2004,39,Kırklareli,Halil Göçen,İP,29,0.1,
2004yerel,28 Mart 2004,39,Kırklareli,Ebubekir Deligöz,BBP,26,0.09,
2004yerel,28 Mart 2004,39,Kırklareli,Gamze Erbil,TKP,26,0.09,
2004yerel,28 Mart 2004,42,Konya,Tahir Akyürek,AK Parti,207721,62.02,EVET
2004yerel,28 Mart 2004,42,Konya,Mustafa Özkafa,SP,88463,26.41,
2004yerel,28 Mart 2004,42,Konya,Hasan Kaya,MHP,19975,5.96,
2004yerel,28 Mart 2004,42,Konya,Hasan Sarımehmetoğlu,CHP,7676,2.29,
2004yerel,28 Mart 2004,42,Konya,Bayram Çalık,SHP,2381,0.71,
2004yerel,28 Mart 2004,42,Konya,Mevlana Celalettin Örnek,DYP,2076,0.62,
2004yerel,28 Mart 2004,42,Konya,Hüseyin Arı,BBP,1602,0.48,
2004yerel,28 Mart 2004,42,Konya,Suphi Soğancı,ANAP,1108,0.33,
2004yerel,28 Mart 2004,42,Konya,Atilla Odabaşı,GP,1017,0.3,
2004yerel,28 Mart 2004,42,Konya,Refik Büyükyıldırım,Bağımsız,996,0.3,
2004yerel,28 Mart 2004,42,Konya,Hasan Öztürk,BTP,684,0.2,
2004yerel,28 Mart 2004,42,Konya,Cevdet Özer,DSP,624,0.19,
2004yerel,28 Mart 2004,42,Konya,Ali Öztürk,İP,336,0.1,
2004yerel,28 Mart 2004,42,Konya,Lütfi Dilek,TKP,287,0.09,
2004yerel,28 Mart 2004,43,Kütahya,Mustafa İça,AK Parti,52547,57.38,EVET
2004yerel,28 Mart 2004,43,Kütahya,Alim Işık,MHP,12395,13.54,
2004yerel,28 Mart 2004,43,Kütahya,Süleyman Canan,SP,9422,10.29,
2004yerel,28 Mart 2004,43,Kütahya,Mustafa Baykan,DYP,6873,7.51,
2004yerel,28 Mart 2004,43,Kütahya,Ali Rıza Muslu,CHP,5661,6.18,
2004yerel,28 Mart 2004,43,Kütahya,Mehmet Avlupınar,ANAP,1825,1.99,
2004yerel,28 Mart 2004,43,Kütahya,Harun Çatalsarık,GP,691,0.75,
2004yerel,28 Mart 2004,43,Kütahya,Ahmet Arabacı,BBP,664,0.73,
2004yerel,28 Mart 2004,43,Kütahya,Gül Atasoy,DSP,494,0.54,
2004yerel,28 Mart 2004,43,Kütahya,Süleyman Aydoğan,BTP,431,0.47,
2004yerel,28 Mart 2004,43,Kütahya,Kadir Vardar,İP,131,0.14,
2004yerel,28 Mart 2004,43,Kütahya,Gökçe Dorna,TKP,104,0.11,
2004yerel,28 Mart 2004,44,Malatya,Abuzer Sarıtaş,Bağımsız,1237,0.9,
2004yerel,28 Mart 2004,44,Malatya,Hüseyin Cemal Akın,AK Parti,62895,45.78,EVET
2004yerel,28 Mart 2004,44,Malatya,Yaşar Canbay,SP,1856,1.35,
2004yerel,28 Mart 2004,44,Malatya,Ahmet Nisan Öztaş,DYP,1068,0.78,
2004yerel,28 Mart 2004,44,Malatya,Mahmut Alikaşifoğlu,CHP,12706,9.25,
2004yerel,28 Mart 2004,44,Malatya,Mehmet Yaşar Çerçi,MHP,40642,29.58,
2004yerel,28 Mart 2004,44,Malatya,Yıldız İmrek Koluaçık,EMEP,1102,0.8,
2004yerel,28 Mart 2004,44,Malatya,Fatih Atmaca,GP,493,0.36,
2004yerel,28 Mart 2004,44,Malatya,Oktay Doğan,BTP,432,0.31,
2004yerel,28 Mart 2004,44,Malatya,Celalettin Doğan,İP,244,0.18,
2004yerel,28 Mart 2004,44,Malatya,Selma Eraslan,TKP,125,0.09,
2004yerel,28 Mart 2004,44,Malatya,Akif Çelik,MP92,124,0.09,
2004yerel,28 Mart 2004,45,Manisa,Orkun Şıktaşlı,DYP,20691,17.05,
2004yerel,28 Mart 2004,45,Manisa,Bülent Kar,AK Parti,42970,35.41,EVET
2004yerel,28 Mart 2004,45,Manisa,Tevfik Özbay,DSP,847,0.7,
2004yerel,28 Mart 2004,45,Manisa,Hakkı Bayraktar,CHP,10378,8.55,
2004yerel,28 Mart 2004,45,Manisa,Adil Aygül,ANAP,23938,19.72,
2004yerel,28 Mart 2004,45,Manisa,Musa Semih Balaban,SHP,7147,5.89,
2004yerel,28 Mart 2004,45,Manisa,Nadir Başar,MHP,3882,3.2,
2004yerel,28 Mart 2004,45,Manisa,Fikret Peker,GP,2453,2.02,
2004yerel,28 Mart 2004,45,Manisa,Seracattin Gülten,SP,660,0.54,
2004yerel,28 Mart 2004,45,Manisa,Güney Şenoğul,BTP,374,0.31,
2004yerel,28 Mart 2004,45,Manisa,Yümni Kement,TKP,243,0.2,
2004yerel,28 Mart 2004,45,Manisa,Necip Bal,MP92,165,0.14,
2004yerel,28 Mart 2004,45,Manisa,Bilinmiyor,Bağımsız,150,0.12,
2004yerel,28 Mart 2004,41,Kocaeli,İbrahim Karaosmanoğlu,AK Parti,57295,51.02,EVET
2004yerel,28 Mart 2004,41,Kocaeli,Hikmet Erenkaya,CHP,36176,32.22,
2004yerel,28 Mart 2004,41,Kocaeli,Mesut Barış,SP,5186,4.62,
2004yerel,28 Mart 2004,41,Kocaeli,Nadir Arif Aşık,DYP,4554,4.06,
2004yerel,28 Mart 2004,41,Kocaeli,İsmail Yavuz Sezen,MHP,2613,2.33,
2004yerel,28 Mart 2004,41,Kocaeli,Nalan Ünver,SHP,2325,2.07,
2004yerel,28 Mart 2004,41,Kocaeli,Burak Gençoğlu,GP,1634,1.46,
2004yerel,28 Mart 2004,41,Kocaeli,Ruhi Saner,DSP,796,0.71,
2004yerel,28 Mart 2004,41,Kocaeli,Cem Üstüner,BTP,381,0.34,
2004yerel,28 Mart 2004,41,Kocaeli,Mehmet Askerikurt,ANAP,378,0.34,
2004yerel,28 Mart 2004,41,Kocaeli,Metin Düzgün,YTP02,363,0.32,
2004yerel,28 Mart 2004,41,Kocaeli,Abdullah Çavdar,BBP,243,0.22,
2004yerel,28 Mart 2004,41,Kocaeli,Necati Abay,Bağımsız,175,0.16,
2004yerel,28 Mart 2004,41,Kocaeli,Ali Önder Öndeş,TKP,170,0.15,
2004yerel,28 Mart 2004,33,Mersin,Mehmet Semih Nane,DYP,2338,0.85,
2004yerel,28 Mart 2004,33,Mersin,Behiç Çelik,MHP,43033,15.65,
2004yerel,28 Mart 2004,33,Mersin,Mahmut Aslan,AK Parti,46209,16.81,
2004yerel,28 Mart 2004,33,Mersin,Macit Özcan,CHP,78830,28.67,EVET
2004yerel,28 Mart 2004,33,Mersin,Mehmet Zarıçlar,DSP,920,0.33,
2004yerel,28 Mart 2004,33,Mersin,Durmuş Fikri Sağlar,SHP,52189,18.98,
2004yerel,28 Mart 2004,33,Mersin,Uğur Özçalık,GP,3421,1.24,
2004yerel,28 Mart 2004,33,Mersin,Hüseyin Kılıç,Bağımsız,1618,0.59,
2004yerel,28 Mart 2004,33,Mersin,Mustafa Güney,SP,1357,0.49,
2004yerel,28 Mart 2004,33,Mersin,İsmail Yetkin,ANAP,462,0.17,
2004yerel,28 Mart 2004,33,Mersin,Yücel Ak,İP,368,0.13,
2004yerel,28 Mart 2004,33,Mersin,Mustafa Aykun,MP92,305,0.11,
2004yerel,28 Mart 2004,33,Mersin,Harun Göksel,BTP,289,0.11,
2004yerel,28 Mart 2004,33,Mersin,Erdem Tuç,TKP,224,0.08,
2004yerel,28 Mart 2004,47,Mardin,Abdulkadir Tutaşı,DYP,3451,13.39,
2004yerel,28 Mart 2004,47,Mardin,Metin Pamukçu,SP,12056,46.79,EVET
2004yerel,28 Mart 2004,47,Mardin,Suheyp Bağış,ANAP,1014,3.94,
2004yerel,28 Mart 2004,47,Mardin,Aziz Baran,SHP,6107,23.7,
2004yerel,28 Mart 2004,47,Mardin,Edip Servet Devrimci,CHP,720,2.79,
2004yerel,28 Mart 2004,47,Mardin,Mehmet Beşir Boyu,MHP,278,1.08,
2004yerel,28 Mart 2004,47,Mardin,Bilinmiyor,Bağımsız,87,0.34,
2004yerel,28 Mart 2004,47,Mardin,Sadettin Demir,BTP,68,0.26,
2004yerel,28 Mart 2004,47,Mardin,Cafer Hacıkadiroğulları,GP,64,0.25,
2004yerel,28 Mart 2004,47,Mardin,Nurcan Taban,TKP,26,0.1,
2004yerel,28 Mart 2004,47,Mardin,Ali Karakaya,İP,21,0.08,
2004yerel,28 Mart 2004,49,Muş,Necmettin Dede,AK Parti,6807,30.23,EVET
2004yerel,28 Mart 2004,49,Muş,Fadıl Tunç,DYP,4656,20.67,
2004yerel,28 Mart 2004,49,Muş,Basri Avcı,SP,2273,10.09,
2004yerel,28 Mart 2004,49,Muş,Sait Sever,SHP,4792,21.28,
2004yerel,28 Mart 2004,49,Muş,Alparslan Oğraş,CHP,214,0.95,
2004yerel,28 Mart 2004,49,Muş,Adil Sezgin,MHP,170,0.75,
2004yerel,28 Mart 2004,49,Muş,Abdullah Orhan,GP,65,0.29,
2004yerel,28 Mart 2004,49,Muş,Ali Çubuk,BTP,59,0.26,
2004yerel,28 Mart 2004,49,Muş,Barış Açıkyol,TKP,54,0.24,
2004yerel,28 Mart 2004,52,Ordu,Seyit Torun,DSP,16923,38.71,EVET
2004yerel,28 Mart 2004,52,Ordu,Süleyman Tomakin,AK Parti,13537,30.97,
2004yerel,28 Mart 2004,52,Ordu,Fikret Türkyılmaz,MHP,8427,19.28,
2004yerel,28 Mart 2004,52,Ordu,Şadi Arslantürk,CHP,2455,5.62,
2004yerel,28 Mart 2004,52,Ordu,Selim Sırrı Carlak,DYP,688,1.57,
2004yerel,28 Mart 2004,52,Ordu,Necati Kırış,BBP,429,0.98,
2004yerel,28 Mart 2004,52,Ordu,İncila Sağra,GP,403,0.92,
2004yerel,28 Mart 2004,52,Ordu,Ümit Kalpaklı,ANAP,303,0.69,
2004yerel,28 Mart 2004,52,Ordu,Erkan Temiz,SP,217,0.5,
2004yerel,28 Mart 2004,52,Ordu,Özer Yücel,BTP,134,0.31,
2004yerel,28 Mart 2004,52,Ordu,Ahmet Kapusuz,ÖDP,97,0.22,
2004yerel,28 Mart 2004,52,Ordu,Aysel Tandoğan,TKP,53,0.12,
2004yerel,28 Mart 2004,52,Ordu,Tuncay Hastürk,İP,46,0.11,
2004yerel,28 Mart 2004,50,Nevşehir,Hasan Ünver,AK Parti,14699,37.7,EVET
2004yerel,28 Mart 2004,50,Nevşehir,Rıza Şeref Kalfaoğlu,MHP,6162,15.8,
2004yerel,28 Mart 2004,50,Nevşehir,Fevzi Günal,CHP,748,1.92,
2004yerel,28 Mart 2004,50,Nevşehir,Yalçın Demir,Bağımsız,6812,17.47,
2004yerel,28 Mart 2004,50,Nevşehir,Seyit Mehmet Akbay,DYP,1262,3.24,
2004yerel,28 Mart 2004,50,Nevşehir,Mehmet Biçer,SP,1108,2.84,
2004yerel,28 Mart 2004,50,Nevşehir,Hikmet Aktan,BTP,895,2.3,
2004yerel,28 Mart 2004,50,Nevşehir,Recep Tükel,BBP,296,0.76,
2004yerel,28 Mart 2004,50,Nevşehir,Vasfi Erdal Kınalıoğlu,GP,160,0.41,
2004yerel,28 Mart 2004,50,Nevşehir,Muzaffer Duru,ANAP,119,0.31,
2004yerel,28 Mart 2004,50,Nevşehir,Hüsnü Kutlu,DSP,114,0.29,
2004yerel,28 Mart 2004,50,Nevşehir,Nuri Kartaloğlu,İP,33,0.08,
2004yerel,28 Mart 2004,50,Nevşehir,Ebru Yurdakul,TKP,30,0.08,
2004yerel,28 Mart 2004,53,Rize,Salih Uzun,SP,1188,3.73,
2004yerel,28 Mart 2004,53,Rize,Halil Bakırcı,AK Parti,15117,47.41,EVET
2004yerel,28 Mart 2004,53,Rize,Necmettin Kara,ANAP,7066,22.16,
2004yerel,28 Mart 2004,53,Rize,Mehmet Hikmet Aslankaya,CHP,2388,7.49,
2004yerel,28 Mart 2004,53,Rize,Özkan Avcı,DYP,1355,4.25,
2004yerel,28 Mart 2004,53,Rize,Köksal Hapeloğlu,MHP,1287,4.04,
2004yerel,28 Mart 2004,53,Rize,Lokman Koçan,Bağımsız,220,0.69,
2004yerel,28 Mart 2004,53,Rize,Şaban Kasap,BTP,156,0.49,
2004yerel,28 Mart 2004,53,Rize,Ömer Faruk Temizel,DSP,127,0.4,
2004yerel,28 Mart 2004,53,Rize,Volkan Hasan Tarlacı,GP,70,0.22,
2004yerel,28 Mart 2004,53,Rize,Tunç Tatoğlu,TKP,54,0.17,
2004yerel,28 Mart 2004,54,Sakarya,Aziz Duran,AK Parti,65847,37.48,EVET
2004yerel,28 Mart 2004,54,Sakarya,Enver Toçoğlu,DYP,40684,23.16,
2004yerel,28 Mart 2004,54,Sakarya,Mesut Gür,GP,19541,11.12,
2004yerel,28 Mart 2004,54,Sakarya,Mehmet Göktürk,MHP,18589,10.58,
2004yerel,28 Mart 2004,54,Sakarya,Ulvi Çavdaroğlu,SP,14150,8.05,
2004yerel,28 Mart 2004,54,Sakarya,Engin Özkoç,CHP,10942,6.23,
2004yerel,28 Mart 2004,54,Sakarya,Aydoğan Sezer,SHP,1528,0.87,
2004yerel,28 Mart 2004,54,Sakarya,Müyesser Dokumacı,ANAP,1195,0.68,
2004yerel,28 Mart 2004,54,Sakarya,Ömer Necdet Aydemir,DSP,883,0.5,
2004yerel,28 Mart 2004,54,Sakarya,Osman Nuri Altındaş,Bağımsız,852,0.48,
2004yerel,28 Mart 2004,54,Sakarya,Süleyman Deva Niğdelioğlu,BBP,570,0.32,
2004yerel,28 Mart 2004,54,Sakarya,İhsan Yücel,BTP,504,0.29,
2004yerel,28 Mart 2004,54,Sakarya,Ömer Lütfü Demircan,TKP,225,0.13,
2004yerel,28 Mart 2004,54,Sakarya,Mualla Tançgil,İP,191,0.11,
2004yerel,28 Mart 2004,55,Samsun,Yusuf Ziya Yılmaz,AK Parti,75741,46.25,EVET
2004yerel,28 Mart 2004,55,Samsun,Muzaffer Önder,CHP,53531,32.69,
2004yerel,28 Mart 2004,55,Samsun,Hüseyin Mazhar Başoğlu,DYP,10975,6.7,
2004yerel,28 Mart 2004,55,Samsun,İzzet Altuntaş,MHP,9469,5.78,
2004yerel,28 Mart 2004,55,Samsun,Ahmet Demircan,SP,7670,4.68,
2004yerel,28 Mart 2004,55,Samsun,Nilgün Özbayrak,GP,2098,1.28,
2004yerel,28 Mart 2004,55,Samsun,Nafiz Çalıkoğlu,SHP,2064,1.26,
2004yerel,28 Mart 2004,55,Samsun,Cengiz Balcı,BBP,788,0.48,
2004yerel,28 Mart 2004,55,Samsun,Turgut Çalışkan,DSP,705,0.43,
2004yerel,28 Mart 2004,55,Samsun,Ufuk Altuncu,BTP,416,0.25,
2004yerel,28 Mart 2004,55,Samsun,Mustafa Oğuz Kavala,TKP,306,0.19,
2004yerel,28 Mart 2004,56,Siirt,Mervan Gül,AK Parti,18110,53.53,EVET
2004yerel,28 Mart 2004,56,Siirt,Mesut Beştaş,SHP,14490,42.83,
2004yerel,28 Mart 2004,56,Siirt,Fahri Çeliker,DYP,298,0.88,
2004yerel,28 Mart 2004,56,Siirt,Halil Okyar,CHP,234,0.69,
2004yerel,28 Mart 2004,56,Siirt,Necdet Altunç,SP,190,0.56,
2004yerel,28 Mart 2004,56,Siirt,Razi Ertek,MHP,146,0.43,
2004yerel,28 Mart 2004,56,Siirt,Halis Güngör,GP,127,0.38,
2004yerel,28 Mart 2004,56,Siirt,Tayfun Yakut,BTP,80,0.24,
2004yerel,28 Mart 2004,56,Siirt,Hıfzullah Yeşil,DSP,72,0.21,
2004yerel,28 Mart 2004,56,Siirt,Ekrem Aydın,İP,54,0.16,
2004yerel,28 Mart 2004,56,Siirt,Aygün Aytekin,TKP,30,0.09,
2004yerel,28 Mart 2004,57,Sinop,Zeki Yılmazer,AK Parti,4977,30.45,EVET
2004yerel,28 Mart 2004,57,Sinop,Baki Ergül,CHP,4971,30.41,
2004yerel,28 Mart 2004,57,Sinop,Hamza İnce,DYP,4842,29.62,
2004yerel,28 Mart 2004,57,Sinop,Ahmet Alkan,MHP,902,5.52,
2004yerel,28 Mart 2004,57,Sinop,Sevil Koyuncuoğlu,SHP,220,1.35,
2004yerel,28 Mart 2004,57,Sinop,Ahmet Tahtacı,DSP,199,1.22,
2004yerel,28 Mart 2004,57,Sinop,Nilgün Karaman,GP,106,0.65,
2004yerel,28 Mart 2004,57,Sinop,Cihat Özkaptan,SP,105,0.64,
2004yerel,28 Mart 2004,57,Sinop,İsa Mergen,TKP,25,0.15,
2004yerel,28 Mart 2004,80,Osmaniye,Memili Kırıkkanat,MHP,23114,33.99,
2004yerel,28 Mart 2004,80,Osmaniye,Davut Çuhadar,AK Parti,25518,37.52,EVET
2004yerel,28 Mart 2004,80,Osmaniye,İbrahim Karayiğit,DYP,5736,8.43,
2004yerel,28 Mart 2004,80,Osmaniye,Mengücek Gazi Çıtırık,CHP,5702,8.38,
2004yerel,28 Mart 2004,80,Osmaniye,Mehmet Gürbüz,SP,5044,7.42,
2004yerel,28 Mart 2004,80,Osmaniye,Ökkeş Nergiz,EMEP,780,1.15,
2004yerel,28 Mart 2004,80,Osmaniye,Mustafa Bardak,GP,268,0.39,
2004yerel,28 Mart 2004,80,Osmaniye,Kenan Hamedi,DSP,178,0.26,
2004yerel,28 Mart 2004,80,Osmaniye,Ahmet Nihat Ata,İP,138,0.2,
2004yerel,28 Mart 2004,80,Osmaniye,Ekrem Vural Çetin,BTP,114,0.17,
2004yerel,28 Mart 2004,80,Osmaniye,Hetem Ayaz,TKP,84,0.12,
2004yerel,28 Mart 2004,73,Şırnak,Naif Tatar,DYP,1331,9.02,
2004yerel,28 Mart 2004,73,Şırnak,Ahmet Ertak,SHP,5614,38.04,EVET
2004yerel,28 Mart 2004,73,Şırnak,Mehmet Yarka,AK Parti,4100,27.78,
2004yerel,28 Mart 2004,73,Şırnak,Mehmet Selim Sakur,Bağımsız,1699,11.51,
2004yerel,28 Mart 2004,73,Şırnak,Nedim Tatar,GP,764,5.18,
2004yerel,28 Mart 2004,73,Şırnak,Kemal Uğur,CHP,87,0.59,
2004yerel,28 Mart 2004,73,Şırnak,Bayram Sarı,BTP,65,0.44,
2004yerel,28 Mart 2004,73,Şırnak,Abdulbaki Atak,SP,56,0.38,
2004yerel,28 Mart 2004,73,Şırnak,Harun Yıldırım,TKP,11,0.07,
2004yerel,28 Mart 2004,73,Şırnak,Gürsen Topses,İP,11,0.07,
2004yerel,28 Mart 2004,58,Sivas,Sami Aydın,AK Parti,54650,49.27,EVET
2004yerel,28 Mart 2004,58,Sivas,Nevzat Yanmaz,BBP,22149,19.97,
2004yerel,28 Mart 2004,58,Sivas,Osman Seçilmiş,SP,18329,16.52,
2004yerel,28 Mart 2004,58,Sivas,Halil Işın,CHP,7690,6.93,
2004yerel,28 Mart 2004,58,Sivas,Mehmet Ali Kılıç,MHP,3420,3.08,
2004yerel,28 Mart 2004,58,Sivas,Musa Ünal,DYP,784,0.71,
2004yerel,28 Mart 2004,58,Sivas,Serkan Arık,GP,547,0.49,
2004yerel,28 Mart 2004,58,Sivas,Battal Gazi Kutlu,ÖDP,311,0.28,
2004yerel,28 Mart 2004,58,Sivas,Necati Kılınç,BTP,283,0.26,
2004yerel,28 Mart 2004,58,Sivas,Halis Özdemir,DSP,279,0.25,
2004yerel,28 Mart 2004,58,Sivas,Cumhur Akbulut,İP,172,0.16,
2004yerel,28 Mart 2004,58,Sivas,Hüseyin Karabulut,TKP,98,0.09,
2004yerel,28 Mart 2004,63,Şanlıurfa,Ahmet Eşref Fakıbaba,AK Parti,58402,57.99,EVET
2004yerel,28 Mart 2004,63,Şanlıurfa,Feridun Yazar,SHP,22766,22.61,
2004yerel,28 Mart 2004,63,Şanlıurfa,Ahmet Bahçivan,SP,8933,8.87,
2004yerel,28 Mart 2004,63,Şanlıurfa,Naci Satış,CHP,1176,1.17,
2004yerel,28 Mart 2004,63,Şanlıurfa,Mahmut Yaşar Ateş,MHP,1047,1.04,
2004yerel,28 Mart 2004,63,Şanlıurfa,Hasan Yılmaztekin,DYP,884,0.88,
2004yerel,28 Mart 2004,63,Şanlıurfa,Ahmet Kıran,GP,445,0.44,
2004yerel,28 Mart 2004,63,Şanlıurfa,Mehmet Kirişçi,BTP,438,0.43,
2004yerel,28 Mart 2004,63,Şanlıurfa,Akif Aksoy,BBP,429,0.43,
2004yerel,28 Mart 2004,63,Şanlıurfa,Abdulkadir İkbal,Bağımsız,404,0.4,
2004yerel,28 Mart 2004,63,Şanlıurfa,Remzi Kara,DSP,333,0.33,
2004yerel,28 Mart 2004,63,Şanlıurfa,Sabri Bazer,ANAP,230,0.23,
2004yerel,28 Mart 2004,63,Şanlıurfa,Abdullah Delibalta,TKP,132,0.13,
2004yerel,28 Mart 2004,63,Şanlıurfa,Mahmut Çiçekci,İP,132,0.13,
2004yerel,28 Mart 2004,59,Tekirdağ,Erdoğan Orhan,DYP,4184,7.6,
2004yerel,28 Mart 2004,59,Tekirdağ,Ahmet Aygün,AK Parti,17135,31.11,EVET
2004yerel,28 Mart 2004,59,Tekirdağ,Kadir Çebi,ANAP,4392,7.97,
2004yerel,28 Mart 2004,59,Tekirdağ,İlhami Özcan Aygun,CHP,13019,23.64,
2004yerel,28 Mart 2004,59,Tekirdağ,Osman Tabak,GP,7518,13.65,
2004yerel,28 Mart 2004,59,Tekirdağ,Kamil Günay,MHP,4472,8.12,
2004yerel,28 Mart 2004,59,Tekirdağ,Fethiye Filiz Çelik,SHP,525,0.95,
2004yerel,28 Mart 2004,59,Tekirdağ,Mustafa Yolyapan,SP,511,0.93,
2004yerel,28 Mart 2004,59,Tekirdağ,Semih Foçalıgil,DSP,435,0.79,
2004yerel,28 Mart 2004,59,Tekirdağ,Ethem Ufuk Talayman,YTP02,184,0.33,
2004yerel,28 Mart 2004,59,Tekirdağ,Necip Aslan,Bağımsız,137,0.25,
2004yerel,28 Mart 2004,59,Tekirdağ,Ali Koç,BBP,127,0.23,
2004yerel,28 Mart 2004,59,Tekirdağ,Adnan Kabasakal,BTP,111,0.2,
2004yerel,28 Mart 2004,59,Tekirdağ,Kurtuluş Kılçer,TKP,53,0.1,
2004yerel,28 Mart 2004,62,Tunceli,Songül Erol Abdil,SHP,3812,35.78,EVET
2004yerel,28 Mart 2004,62,Tunceli,Mazlum Arslan,Bağımsız,2183,20.49,
2004yerel,28 Mart 2004,62,Tunceli,Metin Çetin,DSP,934,8.77,
2004yerel,28 Mart 2004,62,Tunceli,Recai Ergün,AK Parti,826,7.75,
2004yerel,28 Mart 2004,62,Tunceli,Hasan Korkmaz,CHP,825,7.74,
2004yerel,28 Mart 2004,62,Tunceli,Mehmet Kıvık,BTP,76,0.71,
2004yerel,28 Mart 2004,62,Tunceli,Bilinmiyor,TKP,74,0.69,
2004yerel,28 Mart 2004,62,Tunceli,Mehmet Hedef,MHP,50,0.47,
2004yerel,28 Mart 2004,62,Tunceli,Ender Arslan,GP,33,0.31,
2004yerel,28 Mart 2004,62,Tunceli,Hüseyin Söylemez,DYP,26,0.24,
2004yerel,28 Mart 2004,65,Van,Burhan Yenigün,AK Parti,41474,52.62,EVET
2004yerel,28 Mart 2004,65,Van,Mesut Öztürk,SHP,31500,39.96,
2004yerel,28 Mart 2004,65,Van,Necip Yavuzer,SP,1035,1.31,
2004yerel,28 Mart 2004,65,Van,Ahmet Yaprak,DYP,763,0.97,
2004yerel,28 Mart 2004,65,Van,Recail Turhan,CHP,591,0.75,
2004yerel,28 Mart 2004,65,Van,Haspolat Umurtağ,MHP,407,0.52,
2004yerel,28 Mart 2004,65,Van,Celal Kaya,GP,330,0.42,
2004yerel,28 Mart 2004,65,Van,Şükrü Dede,DSP,329,0.42,
2004yerel,28 Mart 2004,65,Van,Nuri Yakut,BTP,241,0.31,
2004yerel,28 Mart 2004,65,Van,Ertuğrul Oğuz,İP,152,0.19,
2004yerel,28 Mart 2004,65,Van,Eriş Karanlık,TKP,128,0.16,
2004yerel,28 Mart 2004,77,Yalova,Barbaros Hayrettin Binicioğlu,AK Parti,12463,30.25,EVET
2004yerel,28 Mart 2004,77,Yalova,Yakup Bilgin Koçal,Bağımsız,10602,25.73,
2004yerel,28 Mart 2004,77,Yalova,Yaşar Okuyan,DYP,7571,18.38,
2004yerel,28 Mart 2004,77,Yalova,Gültekin Rodoplu,CHP,4953,12.02,
2004yerel,28 Mart 2004,77,Yalova,Ünlem Üstel,MHP,1180,2.86,
2004yerel,28 Mart 2004,77,Yalova,Ahmet Yolcu,BTP,1116,2.71,
2004yerel,28 Mart 2004,77,Yalova,Cengiz Koçal,SHP,1011,2.45,
2004yerel,28 Mart 2004,77,Yalova,Mustafa Balta,SP,990,2.4,
2004yerel,28 Mart 2004,77,Yalova,Bayram Özdemir,GP,496,1.2,
2004yerel,28 Mart 2004,77,Yalova,Hasan Suna,DSP,347,0.84,
2004yerel,28 Mart 2004,77,Yalova,Ersayit Coşkun,BBP,269,0.65,
2004yerel,28 Mart 2004,77,Yalova,Sinan Gürçay,ATP,92,0.22,
2004yerel,28 Mart 2004,77,Yalova,Gülay Dincel,TKP,56,0.14,
2004yerel,28 Mart 2004,77,Yalova,Hakkı Yıldırım,İP,53,0.13,
2004yerel,28 Mart 2004,64,Uşak,Mesut Apaydın,AK Parti,24773,34.5,EVET
2004yerel,28 Mart 2004,64,Uşak,Ali Erdoğan,MHP,21889,30.48,
2004yerel,28 Mart 2004,64,Uşak,Erol Akgün,CHP,17337,24.15,
2004yerel,28 Mart 2004,64,Uşak,Ümit İnceefe,GP,1590,2.21,
2004yerel,28 Mart 2004,64,Uşak,İsmail Soyöz,DYP,1565,2.18,
2004yerel,28 Mart 2004,64,Uşak,Osman Babür,SP,1153,1.61,
2004yerel,28 Mart 2004,64,Uşak,Muhterem Sayan,DSP,597,0.83,
2004yerel,28 Mart 2004,64,Uşak,Ahmet Kozak,BTP,291,0.41,
2004yerel,28 Mart 2004,64,Uşak,Fehmi Konyalı,EMEP,286,0.4,
2004yerel,28 Mart 2004,64,Uşak,Süleyman Işık,ÖDP,274,0.38,
2004yerel,28 Mart 2004,64,Uşak,Ali Görücü,YTP02,239,0.33,
2004yerel,28 Mart 2004,64,Uşak,Gürcan Sağcan,İP,155,0.22,
2004yerel,28 Mart 2004,64,Uşak,Bülent Dernek,ANAP,151,0.21,
2004yerel,28 Mart 2004,64,Uşak,Mustafa Yeldanlı,Bağımsız,139,0.19,
2004yerel,28 Mart 2004,64,Uşak,İbrahim Bulut,TKP,72,0.1,
2004yerel,28 Mart 2004,67,Zonguldak,Secaattin Gonca,AK Parti,18214,25.55,EVET
2004yerel,28 Mart 2004,67,Zonguldak,Turgut Hamzaçebi,DYP,6514,9.14,
2004yerel,28 Mart 2004,67,Zonguldak,İsmail Eşref,CHP,16918,23.73,
2004yerel,28 Mart 2004,67,Zonguldak,Şerafettin Turpcu,SHP,1907,2.68,
2004yerel,28 Mart 2004,67,Zonguldak,Şahin Kalça,SP,1664,2.33,
2004yerel,28 Mart 2004,67,Zonguldak,Zeki Günalp,GP,1593,2.23,
2004yerel,28 Mart 2004,67,Zonguldak,Saruhan Çınar,MHP,1107,1.55,
2004yerel,28 Mart 2004,67,Zonguldak,Ayhan Özsoy,DSP,815,1.14,
2004yerel,28 Mart 2004,67,Zonguldak,H. Meltem Çetinkaya,YTP02,461,0.65,
2004yerel,28 Mart 2004,67,Zonguldak,Bahar Tatar,BBP,221,0.31,
2004yerel,28 Mart 2004,67,Zonguldak,İdris Kalaycıoğlu,İP,118,0.17,
2004yerel,28 Mart 2004,67,Zonguldak,Nuran Bahadır,BTP,100,0.14,
2004yerel,28 Mart 2004,67,Zonguldak,Serap Özçelik,TKP,83,0.12,
2004yerel,28 Mart 2004,66,Yozgat,Yusuf Başer,AK Parti,17322,57.2,EVET
2004yerel,28 Mart 2004,66,Yozgat,Ali Açıkgöz,MHP,9646,31.85,
2004yerel,28 Mart 2004,66,Yozgat,Kazım Arslan,SP,674,2.23,
2004yerel,28 Mart 2004,66,Yozgat,Halit Tanrıverdi,CHP,617,2.04,
2004yerel,28 Mart 2004,66,Yozgat,Ömer Yeşillik,DYP,241,0.8,
2004yerel,28 Mart 2004,66,Yozgat,İbrahim Gökçeoğlu,GP,206,0.68,
2004yerel,28 Mart 2004,66,Yozgat,Edip Bulut,BTP,60,0.2,
2004yerel,28 Mart 2004,66,Yozgat,Arif Yıldırım,DSP,40,0.13,
2004yerel,28 Mart 2004,66,Yozgat,Hüseyin Topaloğlu,TKP,31,0.1,
2004yerel,28 Mart 2004,16,Bursa,Hikmet Şahin,AK Parti,307960,53.8,EVET
2004yerel,28 Mart 2004,16,Bursa,Tahir Gürhan Akdoğan,CHP,98986,17.29,
2004yerel,28 Mart 2004,16,Bursa,Cevdet Yüce,DYP,68146,11.91,
2004yerel,28 Mart 2004,16,Bursa,Selim Sait Terzioğlu,SP,22058,3.85,
2004yerel,28 Mart 2004,16,Bursa,Fevzi Zırhlıoğlu,MHP,20171,3.52,
2004yerel,28 Mart 2004,16,Bursa,Zülfikar Yüksel,GP,17641,3.08,
2004yerel,28 Mart 2004,16,Bursa,Ali Arabacı,DSP,13012,2.27,
2004yerel,28 Mart 2004,16,Bursa,Mehmet Murat Kaçar,SHP,9530,1.66,
2004yerel,28 Mart 2004,16,Bursa,Mustafa Erkut Varol,ANAP,6019,1.05,
2004yerel,28 Mart 2004,16,Bursa,Ahmet Yıldız,BBP,2725,0.48,
2004yerel,28 Mart 2004,16,Bursa,Mehmet Zeki Garaçoğlu,BTP,2379,0.42,
2004yerel,28 Mart 2004,16,Bursa,Gökhan Filiz,ATP,1089,0.19,
2004yerel,28 Mart 2004,16,Bursa,Mehmet Kuzugil,TKP,1062,0.19,
2004yerel,28 Mart 2004,16,Bursa,Serpil ArslanAlinaz Surya AksakalGülcan Taşkıran,Bağımsız,846,0.15,
2004yerel,28 Mart 2004,16,Bursa,Recep Sazan,MP92,774,0.14,
2004yerel,28 Mart 2004,17,Çanakkale,Ülgür Gökhan,CHP,16033,42.4,EVET
2004yerel,28 Mart 2004,17,Çanakkale,Murat Efe,AK Parti,13483,35.66,
2004yerel,28 Mart 2004,17,Çanakkale,Bünyamin Nami Tonka,DYP,2141,5.66,
2004yerel,28 Mart 2004,17,Çanakkale,Reşat Duran,MHP,1506,3.98,
2004yerel,28 Mart 2004,17,Çanakkale,Nihat İbrahim Terzioğlu,GP,1153,3.05,
2004yerel,28 Mart 2004,17,Çanakkale,Kıvanç Karadeniz,DSP,410,1.08,
2004yerel,28 Mart 2004,17,Çanakkale,Turgut Haskan,ÖDP,289,0.76,
2004yerel,28 Mart 2004,17,Çanakkale,Nail Babacan,ANAP,248,0.66,
2004yerel,28 Mart 2004,17,Çanakkale,Esma Sabaz,YTP02,177,0.47,
2004yerel,28 Mart 2004,17,Çanakkale,Yılmaz Sakal,SP,91,0.24,
2004yerel,28 Mart 2004,17,Çanakkale,Sadık Bakır,BBP,88,0.23,
2004yerel,28 Mart 2004,17,Çanakkale,Tulgay Atasavar,TKP,61,0.16,
2004yerel,28 Mart 2004,17,Çanakkale,Halil Aydın,İP,52,0.14,
2004yerel,28 Mart 2004,17,Çanakkale,İsmail Uysal,BTP,48,0.13,
2004yerel,28 Mart 2004,30,Hakkari,Metin Tekçe,SHP,11040,61.45,EVET
2004yerel,28 Mart 2004,30,Hakkari,Abdülmuttalip Özbek,AK Parti,5622,31.29,
2004yerel,28 Mart 2004,30,Hakkari,Osman Taş,GP,315,1.75,
2004yerel,28 Mart 2004,30,Hakkari,Faysal Ölmen,MHP,250,1.39,
2004yerel,28 Mart 2004,30,Hakkari,Remzi Çiçek,SP,225,1.25,
2004yerel,28 Mart 2004,30,Hakkari,Rahmi Can,CHP,200,1.11,
2004yerel,28 Mart 2004,30,Hakkari,Hamza Zariç,DSP,150,0.83,
2004yerel,28 Mart 2004,30,Hakkari,Mehmet İnekçialioğulları,BTP,74,0.41,
2004yerel,28 Mart 2004,30,Hakkari,Tuncay Yavuz,TKP,46,0.26,
2004yerel,28 Mart 2004,30,Hakkari,Hıdır Badem,İP,45,0.25,
2004yerel,28 Mart 2004,71,Kırıkkale,Veli Korkmaz,AK Parti,31292,36.83,EVET
2004yerel,28 Mart 2004,71,Kırıkkale,Mahir Yılmaz,DYP,19776,23.28,
2004yerel,28 Mart 2004,71,Kırıkkale,Mustafa Pekdoğan,MHP,16617,19.56,
2004yerel,28 Mart 2004,71,Kırıkkale,Ümit Yurtkuran,SP,7371,8.68,
2004yerel,28 Mart 2004,71,Kırıkkale,Makbule Şenses Altuner,CHP,3810,4.48,
2004yerel,28 Mart 2004,71,Kırıkkale,Karaca Pehlivanlı,GP,731,0.86,
2004yerel,28 Mart 2004,71,Kırıkkale,Bülent Aydoslu,BBP,572,0.67,
2004yerel,28 Mart 2004,71,Kırıkkale,İlhan Özder,DSP,198,0.23,
2004yerel,28 Mart 2004,71,Kırıkkale,Sait Acaroğlu,BTP,187,0.22,
2004yerel,28 Mart 2004,71,Kırıkkale,Bilinmiyor,TKP,111,0.13,
2004yerel,28 Mart 2004,40,Kırşehir,Halim Çakır,AK Parti,13350,31.41,EVET
2004yerel,28 Mart 2004,40,Kırşehir,Ramazan Dede,ANAP,812,1.91,
2004yerel,28 Mart 2004,40,Kırşehir,Ahmet Sungur,DSP,665,1.56,
2004yerel,28 Mart 2004,40,Kırşehir,Arif Ekici,MHP,11640,27.38,
2004yerel,28 Mart 2004,40,Kırşehir,Yıldırım Kaya,SHP,6496,15.28,
2004yerel,28 Mart 2004,40,Kırşehir,Levent Akça,CHP,4787,11.26,
2004yerel,28 Mart 2004,40,Kırşehir,Hayati Şahin,DYP,1080,2.54,
2004yerel,28 Mart 2004,40,Kırşehir,Mahmut Bektaş,SP,348,0.82,
2004yerel,28 Mart 2004,40,Kırşehir,Ömer Bozkurt,GP,156,0.37,
2004yerel,28 Mart 2004,40,Kırşehir,Yahya Yılmaz,BTP,67,0.16,
2004yerel,28 Mart 2004,40,Kırşehir,Tuncay Baran,TKP,59,0.14,
2004yerel,28 Mart 2004,40,Kırşehir,Ferhat Yıldırım,İP,52,0.12,
2004yerel,28 Mart 2004,48,Muğla,Ahmet Doğu,AK Parti,6045,22.55,
2004yerel,28 Mart 2004,48,Muğla,Osman Gürün,CHP,10511,39.21,EVET
2004yerel,28 Mart 2004,48,Muğla,Süleyman Şükrü Zeybek,DYP,6080,22.68,
2004yerel,28 Mart 2004,48,Muğla,Rıza Hilal Köseoğlu,GP,533,1.99,
2004yerel,28 Mart 2004,48,Muğla,İhsan Kafadar,MHP,475,1.77,
2004yerel,28 Mart 2004,48,Muğla,Ahmet Köstem,DSP,246,0.92,
2004yerel,28 Mart 2004,48,Muğla,Erol Dural,BBP,212,0.79,
2004yerel,28 Mart 2004,48,Muğla,Cem Sinan Kaya,EMEP,102,0.38,
2004yerel,28 Mart 2004,48,Muğla,Mehmet Vahit Göçügenci,İP,65,0.24,
2004yerel,28 Mart 2004,48,Muğla,Sebahattin Koçar,SP,46,0.17,
2004yerel,28 Mart 2004,48,Muğla,Ayhan Karahan,TKP,44,0.16,
2004yerel,28 Mart 2004,48,Muğla,Serkan Takmaz,BTP,28,0.1,
2004yerel,28 Mart 2004,51,Niğde,Orhan Babacan,AK Parti,10684,21.35,
2004yerel,28 Mart 2004,51,Niğde,Nadi Özdamar,CHP,8923,17.83,
2004yerel,28 Mart 2004,51,Niğde,Hasan Hüseyin Akkuş,DYP,1044,2.09,
2004yerel,28 Mart 2004,51,Niğde,Kudret Gülpınar,SP,913,1.82,
2004yerel,28 Mart 2004,51,Niğde,Mümin İnan,MHP,13657,27.29,EVET
2004yerel,28 Mart 2004,51,Niğde,Rahim Altınkaya,BBP,229,0.46,
2004yerel,28 Mart 2004,51,Niğde,Semire Mıçoğlu,EMEP,178,0.36,
2004yerel,28 Mart 2004,51,Niğde,Abdullah Özer,GP,118,0.24,
2004yerel,28 Mart 2004,51,Niğde,Ali Hayri Güven,DSP,91,0.18,
2004yerel,28 Mart 2004,51,Niğde,Ali Yurdagül,TKP,83,0.17,
2004yerel,28 Mart 2004,51,Niğde,Nazmi Yürük,İP,82,0.16,
2004yerel,28 Mart 2004,51,Niğde,Ali Kemal Şimşek,BTP,44,0.09,
2004yerel,28 Mart 2004,60,Tokat,Adnan Çiçek,AK Parti,23115,42.48,EVET
2004yerel,28 Mart 2004,60,Tokat,Nizamettin Aydın,SP,16772,30.83,
2004yerel,28 Mart 2004,60,Tokat,Ahmet Tanrıverdi,MHP,2928,5.38,
2004yerel,28 Mart 2004,60,Tokat,Erdal Kiran,DSP,781,1.44,
2004yerel,28 Mart 2004,60,Tokat,Rıfat İşeri,CHP,4384,8.06,
2004yerel,28 Mart 2004,60,Tokat,Mustafa Kuşakoğlu,DYP,571,1.05,
2004yerel,28 Mart 2004,60,Tokat,Tevfik Genç,BBP,515,0.95,
2004yerel,28 Mart 2004,60,Tokat,Tayyar Şahin,GP,264,0.49,
2004yerel,28 Mart 2004,60,Tokat,Hasan Hüseyin Adıgüzel,BTP,122,0.22,
2004yerel,28 Mart 2004,60,Tokat,Yaşar Gençay,Bağımsız,85,0.16,
2004yerel,28 Mart 2004,60,Tokat,Muhsin Koç,EMEP,43,0.08,
2004yerel,28 Mart 2004,60,Tokat,Bilinmiyor,TKP,37,0.07,
2004yerel,28 Mart 2004,61,Trabzon,Mazhar Yıldırımhan,AK Parti,26240,31.42,
2004yerel,28 Mart 2004,61,Trabzon,Mehmet Volkan Canalioğlu,CHP,26612,31.87,EVET
2004yerel,28 Mart 2004,61,Trabzon,Mahmut Çizmecioğlu,SP,10152,12.16,
2004yerel,28 Mart 2004,61,Trabzon,Mustafa Yılmaz Odabaş,MHP,4980,5.96,
2004yerel,28 Mart 2004,61,Trabzon,Avni Akkan,DYP,2565,3.07,
2004yerel,28 Mart 2004,61,Trabzon,Fahrettin Aksoy,ANAP,826,0.99,
2004yerel,28 Mart 2004,61,Trabzon,Bülent Gürsoytrak,BTP,645,0.77,
2004yerel,28 Mart 2004,61,Trabzon,Zühal Akyüzlü,SHP,500,0.6,
2004yerel,28 Mart 2004,61,Trabzon,Selçuk Şahinler,DSP,385,0.46,
2004yerel,28 Mart 2004,61,Trabzon,Aydın Kahraman,GP,374,0.45,
2004yerel,28 Mart 2004,61,Trabzon,Ali Kemal Hacısalihoğlu,BBP,297,0.36,
2004yerel,28 Mart 2004,61,Trabzon,Mehmet Ali Sezer,Bağımsız,255,0.31,
2004yerel,28 Mart 2004,61,Trabzon,Vahittin Omar,İP,69,0.08,
2004yerel,28 Mart 2004,61,Trabzon,Arif Hikmet Basa,TKP,65,0.08,
2004yerel,28 Mart 2004,31,Hatay,İris Şengül Şentürk,CHP,24159,25.08,
2004yerel,28 Mart 2004,31,Hatay,Mehmet Yeloğlu,AK Parti,32662,33.9,EVET
2004yerel,28 Mart 2004,31,Hatay,Remzi Reyhanioğlu,SHP,3067,3.18,
2004yerel,28 Mart 2004,31,Hatay,Adnan Dağıstanlı,DYP,3220,3.34,
2004yerel,28 Mart 2004,31,Hatay,Ahmet Fuat Aslan,MHP,3114,3.23,
2004yerel,28 Mart 2004,31,Hatay,Zeki Berber,SP,522,0.54,
2004yerel,28 Mart 2004,31,Hatay,Ayten Bolat,GP,476,0.49,
2004yerel,28 Mart 2004,31,Hatay,Nejat Seçkin,ANAP,466,0.48,
2004yerel,28 Mart 2004,31,Hatay,Nevin Zeytineli,BBP,399,0.41,
2004yerel,28 Mart 2004,31,Hatay,Halef Tiftikçi,YTP02,330,0.34,
2004yerel,28 Mart 2004,31,Hatay,Erdinç Say,BTP,210,0.22,
2004yerel,28 Mart 2004,31,Hatay,Mustafa Şenol,EMEP,180,0.19,
2004yerel,28 Mart 2004,31,Hatay,Zeki Aykul,DSP,112,0.12,
2004yerel,28 Mart 2004,31,Hatay,Nergis Örs,TKP,95,0.1,
2004yerel,28 Mart 2004,31,Hatay,Muhsin Çobanoğlu,Bağımsız,85,0.09,
2004yerel,28 Mart 2004,31,Hatay,Edip Hadimoğulları,İP,51,0.05,
2004yerel,28 Mart 2004,3,Afyonkarahisar,Abdullah Kaptan,AK Parti,30740,42.46,EVET
2004yerel,28 Mart 2004,3,Afyonkarahisar,Hayrettin Barut,MHP,20833,28.78,
2004yerel,28 Mart 2004,3,Afyonkarahisar,Memduh Kuş,Bağımsız,837,1.16,
2004yerel,28 Mart 2004,3,Afyonkarahisar,Mehmet Çetin Alpı,DYP,3149,4.35,
2004yerel,28 Mart 2004,3,Afyonkarahisar,Murat Bilgili,CHP,2950,4.07,
2004yerel,28 Mart 2004,3,Afyonkarahisar,İsmail Yalçınkaya,SP,1232,1.7,
2004yerel,28 Mart 2004,3,Afyonkarahisar,Mehmet Acar,GP,988,1.36,
2004yerel,28 Mart 2004,3,Afyonkarahisar,İsmail Ekşi,ANAP,276,0.38,
2004yerel,28 Mart 2004,3,Afyonkarahisar,Memiş Coşkun,DSP,240,0.33,
2004yerel,28 Mart 2004,3,Afyonkarahisar,Murat Avcı,BTP,110,0.15,
2004yerel,28 Mart 2004,3,Afyonkarahisar,Mehmet Karanlık,İP,88,0.12,
2004yerel,28 Mart 2004,3,Afyonkarahisar,Evren Demircan,TKP,44,0.06,
1999yerel,18 Nisan 1999,2,Adıyaman,Mehmet Sait Aktaş,HADEP,4665,8.32,
1999yerel,18 Nisan 1999,2,Adıyaman,Abdurrahman Karayılan,DYP,7874,14.05,
1999yerel,18 Nisan 1999,2,Adıyaman,Abdülkadir Kırmızı,FP,14632,26.1,EVET
1999yerel,18 Nisan 1999,2,Adıyaman,Şevket Gürsoy,CHP,11972,21.36,
1999yerel,18 Nisan 1999,2,Adıyaman,Yasin Akbaş,BBP,5129,9.15,
1999yerel,18 Nisan 1999,2,Adıyaman,Abdullah Yalçın,ANAP,3851,6.87,
1999yerel,18 Nisan 1999,2,Adıyaman,Sait Karakuş,MHP,3104,5.54,
1999yerel,18 Nisan 1999,2,Adıyaman,Abdurrahman Abacı,DSP,1275,2.27,
1999yerel,18 Nisan 1999,2,Adıyaman,Abuzer Fatih Adıyaman,MP92,635,1.13,
1999yerel,18 Nisan 1999,2,Adıyaman,Hüseyin Tutal,BP,575,1.03,
1999yerel,18 Nisan 1999,2,Adıyaman,Abdurrahman Başsürücü,Bağımsız,274,0.49,
1999yerel,18 Nisan 1999,2,Adıyaman,Mahmut Arslan,DEMTP,183,0.33,
1999yerel,18 Nisan 1999,4,Ağrı,Hüseyin Yılmaz,HADEP,4245,19.62,EVET
1999yerel,18 Nisan 1999,4,Ağrı,İhsan Akbulut,MHP,3355,15.5,
1999yerel,18 Nisan 1999,4,Ağrı,Kerim Yıldız,CHP,3012,13.92,
1999yerel,18 Nisan 1999,4,Ağrı,Süleyman Erim,FP,2930,13.54,
1999yerel,18 Nisan 1999,4,Ağrı,Nurettin Kahraman,DYP,2312,10.68,
1999yerel,18 Nisan 1999,4,Ağrı,Hikmet Erdem,ANAP,1783,8.24,
1999yerel,18 Nisan 1999,4,Ağrı,Bilinmiyor,DEMTP,1387,6.41,
1999yerel,18 Nisan 1999,4,Ağrı,Kamil Yıldırım Hatunoğlu,BBP,1199,5.54,
1999yerel,18 Nisan 1999,4,Ağrı,İbrahim Demir,DSP,1042,4.82,
1999yerel,18 Nisan 1999,4,Ağrı,Bilinmiyor,BP,174,0.8,
1999yerel,18 Nisan 1999,4,Ağrı,Bilinmiyor,MP92,108,0.5,
1999yerel,18 Nisan 1999,4,Ağrı,Bilinmiyor,DvBP,93,0.43,
1999yerel,18 Nisan 1999,1,Adana,Aytaç Durak,ANAP,126605,26.4,EVET
1999yerel,18 Nisan 1999,1,Adana,Ayhan Sarıoğlu,DSP,96105,20.04,
1999yerel,18 Nisan 1999,1,Adana,Alper Pişkin,MHP,71789,14.97,
1999yerel,18 Nisan 1999,1,Adana,Mehmet Ziya Yergök,CHP,53448,11.15,
1999yerel,18 Nisan 1999,1,Adana,İbrahim Ertan Yülek,FP,52463,10.94,
1999yerel,18 Nisan 1999,1,Adana,Süleyman Kılıç,HADEP,41823,8.72,
1999yerel,18 Nisan 1999,1,Adana,Serdar Öztekin,DYP,19980,4.17,
1999yerel,18 Nisan 1999,1,Adana,Kazım Çetin,Bağımsız,5009,1.04,
1999yerel,18 Nisan 1999,1,Adana,Yaşar Gökoğlu,ÖDP,2815,0.59,
1999yerel,18 Nisan 1999,1,Adana,Orhan Şendağ,DEMTP,2452,0.51,
1999yerel,18 Nisan 1999,1,Adana,Mehmet Büyüknacar,BBP,1356,0.28,
1999yerel,18 Nisan 1999,1,Adana,Tankut Erkal,DP,977,0.2,
1999yerel,18 Nisan 1999,1,Adana,Fevzi Türkyılmaz,BP,929,0.19,
1999yerel,18 Nisan 1999,1,Adana,Muhsin Tüfekçioğlu,MP92,919,0.19,
1999yerel,18 Nisan 1999,1,Adana,Hanife Türkmen,EMEP,738,0.15,
1999yerel,18 Nisan 1999,1,Adana,Serpil Sayıcı,LDP,706,0.15,
1999yerel,18 Nisan 1999,1,Adana,Mustafa Güneysu,İP,664,0.14,
1999yerel,18 Nisan 1999,1,Adana,İhsan Erdem,DvBP,497,0.1,
1999yerel,18 Nisan 1999,1,Adana,Vahit Atam,SİP,283,0.06,
1999yerel,18 Nisan 1999,3,Afyonkarahisar,Ali İhsan Özer,ANAP,6807,10.54,
1999yerel,18 Nisan 1999,3,Afyonkarahisar,Hayrettin Barut,MHP,17121,26.51,EVET
1999yerel,18 Nisan 1999,3,Afyonkarahisar,İbrahim Hakkı Aşkar,FP,10889,16.86,
1999yerel,18 Nisan 1999,3,Afyonkarahisar,Mustafa Ceyhan,DSP,7088,10.97,
1999yerel,18 Nisan 1999,3,Afyonkarahisar,Mehmet Sami Hancıoğlu,DEMTP,6140,9.51,
1999yerel,18 Nisan 1999,3,Afyonkarahisar,Abdurrahman Balpınar,DYP,3570,5.53,
1999yerel,18 Nisan 1999,3,Afyonkarahisar,Nimet Kaynar,CHP,2170,3.36,
1999yerel,18 Nisan 1999,3,Afyonkarahisar,Mahmut Torba,BBP,867,1.34,
1999yerel,18 Nisan 1999,3,Afyonkarahisar,Himmmet Kasal,MP92,303,0.47,
1999yerel,18 Nisan 1999,3,Afyonkarahisar,Selim Kılınç,LDP,91,0.14,
1999yerel,18 Nisan 1999,3,Afyonkarahisar,Neriman Ulubeli,İP,76,0.12,
1999yerel,18 Nisan 1999,5,Amasya,Ömer Eliaçık,ANAP,4975,13.8,
1999yerel,18 Nisan 1999,5,Amasya,Hakkı Göztaş,CHP,5104,14.16,
1999yerel,18 Nisan 1999,5,Amasya,Hamza Albayrak,FP,7115,19.74,
1999yerel,18 Nisan 1999,5,Amasya,Hüseyin Baş,MHP,7971,22.11,EVET
1999yerel,18 Nisan 1999,5,Amasya,Metin Dal,DYP,2893,8.03,
1999yerel,18 Nisan 1999,5,Amasya,Mustafa Hatipoğlu,BBP,2813,7.8,
1999yerel,18 Nisan 1999,5,Amasya,Turgay Yazıcı,DSP,1962,5.44,
1999yerel,18 Nisan 1999,5,Amasya,Metin Kara,BP,156,0.43,
1999yerel,18 Nisan 1999,5,Amasya,İsmail Arslan,EMEP,91,0.25,
1999yerel,18 Nisan 1999,68,Aksaray,Osman Ertuğrul,MHP,20652,35.48,EVET
1999yerel,18 Nisan 1999,68,Aksaray,Rasim Gül,ANAP,1694,2.91,
1999yerel,18 Nisan 1999,68,Aksaray,İbrahim Tekeli,DSP,1643,2.82,
1999yerel,18 Nisan 1999,68,Aksaray,Muhammet Taki Tatlıpınar,DYP,1517,2.61,
1999yerel,18 Nisan 1999,68,Aksaray,Seyit Temel,BBP,2328,4.0,
1999yerel,18 Nisan 1999,68,Aksaray,Memiş Akın,CHP,8873,15.24,
1999yerel,18 Nisan 1999,68,Aksaray,Ahmet Er,FP,7832,13.46,
1999yerel,18 Nisan 1999,68,Aksaray,Ali Ünal,MP92,309,0.53,
1999yerel,18 Nisan 1999,68,Aksaray,Süleyman Yörük,İP,65,0.11,
1999yerel,18 Nisan 1999,6,Ankara,İbrahim Melih Gökçek,FP,541515,33.79,EVET
1999yerel,18 Nisan 1999,6,Ankara,Murat Karayalçın,CHP,512083,31.95,
1999yerel,18 Nisan 1999,6,Ankara,Hüseyin Erdem,MHP,189400,11.82,
1999yerel,18 Nisan 1999,6,Ankara,Doğan Taşdelen,DSP,169490,10.58,
1999yerel,18 Nisan 1999,6,Ankara,Vahit Erdem,ANAP,106540,6.65,
1999yerel,18 Nisan 1999,6,Ankara,Halil Şıvgın,DYP,42128,2.63,
1999yerel,18 Nisan 1999,6,Ankara,Emine Mısır,HADEP,9631,0.6,
1999yerel,18 Nisan 1999,6,Ankara,Lütfü Şehsuvaroğlu,BBP,9312,0.58,
1999yerel,18 Nisan 1999,6,Ankara,Ali Yiğit,ÖDP,6315,0.39,
1999yerel,18 Nisan 1999,6,Ankara,Arif Sinan Ülgen,DEMTP,3620,0.23,
1999yerel,18 Nisan 1999,6,Ankara,Fatma Avcı,LDP,2611,0.16,
1999yerel,18 Nisan 1999,6,Ankara,Şazeli Çügen,MP92,2375,0.15,
1999yerel,18 Nisan 1999,6,Ankara,Kemal Ataman,BP,2194,0.14,
1999yerel,18 Nisan 1999,6,Ankara,İlknur Kalan,İP,1706,0.11,
1999yerel,18 Nisan 1999,6,Ankara,Ali Uluk,EMEP,1691,0.11,
1999yerel,18 Nisan 1999,6,Ankara,Ali Saral,YDP,1021,0.06,
1999yerel,18 Nisan 1999,6,Ankara,Sedat Cengiz,SİP,896,0.06,
1999yerel,18 Nisan 1999,75,Ardahan,Teoman Güngör,DSP,1678,27.72,EVET
1999yerel,18 Nisan 1999,75,Ardahan,Fatih Yılmaz,DYP,1457,24.07,
1999yerel,18 Nisan 1999,75,Ardahan,Mikail Kayatürk,ANAP,926,15.3,
1999yerel,18 Nisan 1999,75,Ardahan,Latif Şah Sural,CHP,555,9.17,
1999yerel,18 Nisan 1999,75,Ardahan,Metin Çakmak,MHP,485,8.01,
1999yerel,18 Nisan 1999,75,Ardahan,İbrahim Avşar,FP,347,5.73,
1999yerel,18 Nisan 1999,75,Ardahan,Tuncer Sarıkaya,ÖDP,233,3.85,
1999yerel,18 Nisan 1999,75,Ardahan,Dicle Yılmaz,HADEP,161,2.66,
1999yerel,18 Nisan 1999,75,Ardahan,Erkan Şahmar,Bağımsız,145,2.4,
1999yerel,18 Nisan 1999,75,Ardahan,Vural Evliyaoğlu,BP,28,0.46,
1999yerel,18 Nisan 1999,75,Ardahan,Bilinmiyor,DEMTP,25,0.41,
1999yerel,18 Nisan 1999,75,Ardahan,Mehmet Toprak,BBP,14,0.23,
1999yerel,18 Nisan 1999,7,Antalya,Bekir Kumbul,CHP,57275,21.95,EVET
1999yerel,18 Nisan 1999,7,Antalya,Hasan Subaşı,DYP,48521,18.59,
1999yerel,18 Nisan 1999,7,Antalya,Osman Güven,DSP,48347,18.52,
1999yerel,18 Nisan 1999,7,Antalya,Hasan Moğol,MHP,44893,17.2,
1999yerel,18 Nisan 1999,7,Antalya,Talha Görgülü,ANAP,28813,11.04,
1999yerel,18 Nisan 1999,7,Antalya,Burhan Kılıç,FP,17544,6.72,
1999yerel,18 Nisan 1999,7,Antalya,Mehmet Gündüz,HADEP,10463,4.01,
1999yerel,18 Nisan 1999,7,Antalya,Volkan Yunusoğlu,DEMTP,1277,0.49,
1999yerel,18 Nisan 1999,7,Antalya,Servet Akar,ÖDP,1169,0.45,
1999yerel,18 Nisan 1999,7,Antalya,Tayfun Şekerci,BBP,928,0.36,
1999yerel,18 Nisan 1999,7,Antalya,Sadettin Gündüz,MP92,544,0.21,
1999yerel,18 Nisan 1999,7,Antalya,Süleyman Akbaş,BP,494,0.19,
1999yerel,18 Nisan 1999,7,Antalya,Bayram Atasoy,İP,306,0.12,
1999yerel,18 Nisan 1999,7,Antalya,Azimet Han,SİP,231,0.09,
1999yerel,18 Nisan 1999,7,Antalya,Raif Öztürk,EMEP,184,0.07,
1999yerel,18 Nisan 1999,8,Artvin,Emin Özgün,CHP,3279,30.86,EVET
1999yerel,18 Nisan 1999,8,Artvin,Seracettin Yazan,DYP,2028,19.09,
1999yerel,18 Nisan 1999,8,Artvin,Kadir Halvaşi,ANAP,1839,17.31,
1999yerel,18 Nisan 1999,8,Artvin,İlter Özcan,FP,1501,14.13,
1999yerel,18 Nisan 1999,8,Artvin,Sıtkı Kahvecioğlu,DSP,980,9.22,
1999yerel,18 Nisan 1999,8,Artvin,Yaşar Yıldız,MHP,899,8.46,
1999yerel,18 Nisan 1999,8,Artvin,Mahmut Zeytinci,ÖDP,88,0.83,
1999yerel,18 Nisan 1999,8,Artvin,Ayhan Demirhan,İP,12,0.11,
1999yerel,18 Nisan 1999,74,Bartın,Muhammed Rıza Yalçınkaya,DSP,6744,31.96,EVET
1999yerel,18 Nisan 1999,74,Bartın,Yakup Ulupınar,FP,1239,5.87,
1999yerel,18 Nisan 1999,74,Bartın,Cemal Akın,MHP,4376,20.74,
1999yerel,18 Nisan 1999,74,Bartın,Avni Çelebi,ANAP,3295,15.61,
1999yerel,18 Nisan 1999,74,Bartın,Yavuz Erkmen,DYP,2671,12.66,
1999yerel,18 Nisan 1999,74,Bartın,Mehmet Yıldırmak,CHP,1176,5.57,
1999yerel,18 Nisan 1999,74,Bartın,Ayşe Sevtap Uzun,ÖDP,204,0.97,
1999yerel,18 Nisan 1999,74,Bartın,Bilal Konuk,BBP,48,0.23,
1999yerel,18 Nisan 1999,74,Bartın,Vedat Özdemir,MP92,29,0.14,
1999yerel,18 Nisan 1999,9,Aydın,Zafer Galip Keçelioğlu,DYP,16425,21.31,
1999yerel,18 Nisan 1999,9,Aydın,Hüseyin Aksu,ANAP,27594,35.81,EVET
1999yerel,18 Nisan 1999,9,Aydın,Şuayip Yeğen,FP,3478,4.51,
1999yerel,18 Nisan 1999,9,Aydın,Nusret Ünal,MHP,9937,12.89,
1999yerel,18 Nisan 1999,9,Aydın,Yaşar Günay,DSP,9039,11.73,
1999yerel,18 Nisan 1999,9,Aydın,Sema Vurgun,CHP,3612,4.69,
1999yerel,18 Nisan 1999,9,Aydın,Faruk Yalçın,HADEP,1876,2.43,
1999yerel,18 Nisan 1999,9,Aydın,Mehmet Sedat Sağel,DEMTP,415,0.54,
1999yerel,18 Nisan 1999,9,Aydın,Yusuf Kolkanat,BBP,310,0.4,
1999yerel,18 Nisan 1999,9,Aydın,Abdullah Nalıncı,ÖDP,278,0.36,
1999yerel,18 Nisan 1999,9,Aydın,Abdurrahman Saran,EMEP,194,0.25,
1999yerel,18 Nisan 1999,9,Aydın,Ramazan Karaca,LDP,135,0.18,
1999yerel,18 Nisan 1999,9,Aydın,Şinasi Ayaz,BP,114,0.15,
1999yerel,18 Nisan 1999,9,Aydın,İsmail Yardımcı,MP92,90,0.12,
1999yerel,18 Nisan 1999,10,Balıkesir,Sami Gökdeniz,DYP,19657,17.15,
1999yerel,18 Nisan 1999,10,Balıkesir,Ziyaettin Tan,ANAP,33344,29.09,EVET
1999yerel,18 Nisan 1999,10,Balıkesir,Ramazan Yoran,FP,15412,13.45,
1999yerel,18 Nisan 1999,10,Balıkesir,İsmail Sarsılmaz,DSP,24998,21.81,
1999yerel,18 Nisan 1999,10,Balıkesir,Ahmet Helvacıgül,MHP,13348,11.65,
1999yerel,18 Nisan 1999,10,Balıkesir,Ömür Mustafa Boyuer,CHP,4021,3.51,
1999yerel,18 Nisan 1999,10,Balıkesir,Süleyman Cengiz Dikici,ÖDP,682,0.6,
1999yerel,18 Nisan 1999,10,Balıkesir,Mehmet Avcuoğlu,BBP,671,0.59,
1999yerel,18 Nisan 1999,10,Balıkesir,Bekir Çalık,BP,350,0.31,
1999yerel,18 Nisan 1999,10,Balıkesir,İdris Doğan,EMEP,335,0.29,
1999yerel,18 Nisan 1999,10,Balıkesir,Necati Ağralı,İP,211,0.18,
1999yerel,18 Nisan 1999,10,Balıkesir,Gürel Ercan,YDP,177,0.15,
1999yerel,18 Nisan 1999,72,Batman,Abdullah Akın,HADEP,40577,57.21,EVET
1999yerel,18 Nisan 1999,72,Batman,Ziver Özdemir,FP,18033,25.42,
1999yerel,18 Nisan 1999,72,Batman,Şehmus Günaydın,DYP,4477,6.31,
1999yerel,18 Nisan 1999,72,Batman,Şerafettin Hamidi,ANAP,4233,5.97,
1999yerel,18 Nisan 1999,72,Batman,Ertan Yıldız,DSP,751,1.06,
1999yerel,18 Nisan 1999,72,Batman,Mehmet Sıddık Terece,CHP,673,0.95,
1999yerel,18 Nisan 1999,72,Batman,Sabri Çoban,MHP,612,0.86,
1999yerel,18 Nisan 1999,72,Batman,Sabri Gezici,DEMTP,529,0.75,
1999yerel,18 Nisan 1999,72,Batman,Abdurrahim Aykut,BBP,447,0.63,
1999yerel,18 Nisan 1999,72,Batman,Mehmet Şah İnsel,BP,286,0.4,
1999yerel,18 Nisan 1999,72,Batman,Abdurrahman Yusufoğlu,DP,106,0.15,
1999yerel,18 Nisan 1999,72,Batman,Aydın Biçici,YDP,106,0.15,
1999yerel,18 Nisan 1999,72,Batman,Nurettin Sönmez,DHP,102,0.14,
1999yerel,18 Nisan 1999,69,Bayburt,Fetani Battal,FP,2660,21.6,
1999yerel,18 Nisan 1999,69,Bayburt,Hükmü Pekmezci,MHP,3534,28.7,EVET
1999yerel,18 Nisan 1999,69,Bayburt,Kemal Köprücü,ANAP,2382,19.35,
1999yerel,18 Nisan 1999,69,Bayburt,Salim Altun,DYP,2301,18.69,
1999yerel,18 Nisan 1999,69,Bayburt,Hikmet Bayramoğlu,DSP,204,1.66,
1999yerel,18 Nisan 1999,69,Bayburt,Şaban Ayan,Bağımsız,156,1.27,
1999yerel,18 Nisan 1999,69,Bayburt,Dursun Ali Daştan,BBP,128,1.04,
1999yerel,18 Nisan 1999,69,Bayburt,Hatibey Pala,DEMTP,35,0.28,
1999yerel,18 Nisan 1999,69,Bayburt,Ali Yılmaz,İP,15,0.12,
1999yerel,18 Nisan 1999,11,Bilecik,Yaşar Tüzün,CHP,5991,41.58,EVET
1999yerel,18 Nisan 1999,11,Bilecik,Sami Akoğlan,MHP,4372,30.34,
1999yerel,18 Nisan 1999,11,Bilecik,İrfan Bayındır,DSP,1551,10.76,
1999yerel,18 Nisan 1999,11,Bilecik,Mehmet Seven,ANAP,967,6.71,
1999yerel,18 Nisan 1999,11,Bilecik,Orhan Şişman,FP,823,5.71,
1999yerel,18 Nisan 1999,11,Bilecik,Yusuf Subaşı,DYP,182,1.26,
1999yerel,18 Nisan 1999,11,Bilecik,Erol Fındık,LDP,30,0.21,
1999yerel,18 Nisan 1999,11,Bilecik,Hasan Aydın,BBP,29,0.2,
1999yerel,18 Nisan 1999,11,Bilecik,Hanife Olgun,İP,9,0.06,
1999yerel,18 Nisan 1999,11,Bilecik,Lütfü Aksu,YDP,8,0.06,
1999yerel,18 Nisan 1999,12,Bingöl,Bedri Tuğ,FP,5290,24.39,
1999yerel,18 Nisan 1999,12,Bingöl,Feyzullah Karaarslan,HADEP,5605,25.84,EVET
1999yerel,18 Nisan 1999,12,Bingöl,Mehmedi Arat,BBP,3362,15.5,
1999yerel,18 Nisan 1999,12,Bingöl,Selim Burakgazi,DYP,2346,10.81,
1999yerel,18 Nisan 1999,12,Bingöl,Sabri Börü,ANAP,1598,7.37,
1999yerel,18 Nisan 1999,12,Bingöl,Saim Kıtay,MHP,1458,6.72,
1999yerel,18 Nisan 1999,12,Bingöl,Mehmet Evran,CHP,507,2.34,
1999yerel,18 Nisan 1999,12,Bingöl,Mustafa İldan,DSP,451,2.08,
1999yerel,18 Nisan 1999,12,Bingöl,Hikmet Alkan,Bağımsız,308,1.42,
1999yerel,18 Nisan 1999,12,Bingöl,Sıddık Sami Feroğlu,DvBP,110,0.51,
1999yerel,18 Nisan 1999,13,Bitlis,Yaşar Buhan,FP,2945,23.37,EVET
1999yerel,18 Nisan 1999,13,Bitlis,Ahmet Muzaffer Geylani,DYP,2891,22.94,
1999yerel,18 Nisan 1999,13,Bitlis,İshak Tepe,HADEP,2179,17.29,
1999yerel,18 Nisan 1999,13,Bitlis,Enver Kandöre,ANAP,1681,13.34,
1999yerel,18 Nisan 1999,13,Bitlis,Niyazi Yılmaz,DEMTP,975,7.74,
1999yerel,18 Nisan 1999,13,Bitlis,Nuh Sait Şerefhanoğlu,CHP,770,6.11,
1999yerel,18 Nisan 1999,13,Bitlis,Mehmet Ali Örnek,DSP,564,4.48,
1999yerel,18 Nisan 1999,13,Bitlis,İhsan Gültekin,MHP,306,2.43,
1999yerel,18 Nisan 1999,13,Bitlis,Medeni Altun,BBP,203,1.61,
1999yerel,18 Nisan 1999,13,Bitlis,Seyithan Uygur,YDP,70,0.56,
1999yerel,18 Nisan 1999,13,Bitlis,Mehmet İlingi,İP,17,0.13,
1999yerel,18 Nisan 1999,14,Bolu,Yüksel Ceylan,DSP,10531,25.8,EVET
1999yerel,18 Nisan 1999,14,Bolu,Necdet Gören,CHP,7681,18.82,
1999yerel,18 Nisan 1999,14,Bolu,Mansur Şen,MHP,7429,18.2,
1999yerel,18 Nisan 1999,14,Bolu,Tahsin Akduman,FP,5877,14.4,
1999yerel,18 Nisan 1999,14,Bolu,Abbas İnceayan,ANAP,4644,11.38,
1999yerel,18 Nisan 1999,14,Bolu,Orhan Dindar,DYP,3874,9.49,
1999yerel,18 Nisan 1999,14,Bolu,Muhsin Kınacı,BBP,292,0.72,
1999yerel,18 Nisan 1999,14,Bolu,Sabahattin Eratalarİbrahim Pekcan,Bağımsız,268,0.66,
1999yerel,18 Nisan 1999,14,Bolu,İlhan Taşdelen,ÖDP,153,0.37,
1999yerel,18 Nisan 1999,14,Bolu,İsmail Bilgin,İP,67,0.16,
1999yerel,18 Nisan 1999,15,Burdur,Sebahattin Akkaya,DYP,9577,27.74,
1999yerel,18 Nisan 1999,15,Burdur,Ahmet Nejdet İlgün,CHP,10513,30.46,EVET
1999yerel,18 Nisan 1999,15,Burdur,Mehmet Gün,DSP,4564,13.22,
1999yerel,18 Nisan 1999,15,Burdur,Ahmet Çakmak,MHP,3283,9.51,
1999yerel,18 Nisan 1999,15,Burdur,Mehmet Özarslan,ANAP,2560,7.42,
1999yerel,18 Nisan 1999,15,Burdur,Ahmet Sipahi,FP,2156,6.25,
1999yerel,18 Nisan 1999,15,Burdur,Çetin Bozcu,DEMTP,632,1.83,
1999yerel,18 Nisan 1999,15,Burdur,Hasan Ali Mercan,ÖDP,260,0.75,
1999yerel,18 Nisan 1999,15,Burdur,Sedat Öz,BBP,238,0.69,
1999yerel,18 Nisan 1999,15,Burdur,İbrahim Özev,MP92,128,0.37,
1999yerel,18 Nisan 1999,15,Burdur,Hakkı Kayhan,YDP,29,0.08,
1999yerel,18 Nisan 1999,17,Çanakkale,Nevzat Üzen,ANAP,8147,19.95,
1999yerel,18 Nisan 1999,17,Çanakkale,Zerrin Tırman,DSP,7543,18.47,
1999yerel,18 Nisan 1999,17,Çanakkale,İsmail Özay,CHP,9405,23.03,EVET
1999yerel,18 Nisan 1999,17,Çanakkale,İbrahim Tayfun Uğur,MHP,6918,16.94,
1999yerel,18 Nisan 1999,17,Çanakkale,İsmet Koyuncu,DYP,4788,11.72,
1999yerel,18 Nisan 1999,17,Çanakkale,Kamil Ali Aşkın,FP,1210,2.96,
1999yerel,18 Nisan 1999,17,Çanakkale,Nahit Çakır,ÖDP,192,0.47,
1999yerel,18 Nisan 1999,17,Çanakkale,Refik Yıldırım,BBP,91,0.22,
1999yerel,18 Nisan 1999,17,Çanakkale,Hayrettin Karasi,LDP,68,0.17,
1999yerel,18 Nisan 1999,17,Çanakkale,Ahmet Tükel,YDP,43,0.11,
1999yerel,18 Nisan 1999,16,Bursa,Erdoğan Bilenser,DSP,171157,28.94,EVET
1999yerel,18 Nisan 1999,16,Bursa,Erdem Saker,ANAP,122319,20.68,
1999yerel,18 Nisan 1999,16,Bursa,İsmail Tatlıoğlu,DYP,116231,19.65,
1999yerel,18 Nisan 1999,16,Bursa,Mehmet Semih Pala,FP,94018,15.9,
1999yerel,18 Nisan 1999,16,Bursa,Feyzi Ülgü,MHP,44647,7.55,
1999yerel,18 Nisan 1999,16,Bursa,İsmail Hakkı Sayıoğlu,CHP,15620,2.64,
1999yerel,18 Nisan 1999,16,Bursa,Yıldırım Işık,HADEP,8263,1.4,
1999yerel,18 Nisan 1999,16,Bursa,Abdullah Biçen,DEMTP,4798,0.81,
1999yerel,18 Nisan 1999,16,Bursa,Mehmet Kartal,ÖDP,3779,0.64,
1999yerel,18 Nisan 1999,16,Bursa,Murat Davarcı,LDP,2761,0.47,
1999yerel,18 Nisan 1999,16,Bursa,Ekrem Alfatlı,BBP,2418,0.41,
1999yerel,18 Nisan 1999,16,Bursa,Alinaz Surya Aksakal,Bağımsız,1483,0.25,
1999yerel,18 Nisan 1999,16,Bursa,Abdurrahman Önder,MP92,1040,0.18,
1999yerel,18 Nisan 1999,16,Bursa,Hanefi Urfalı,BP,1001,0.17,
1999yerel,18 Nisan 1999,16,Bursa,Burhan Özen,YDP,721,0.12,
1999yerel,18 Nisan 1999,16,Bursa,Mehmet Alanbel,İP,658,0.11,
1999yerel,18 Nisan 1999,16,Bursa,Mehtap Aydın,SİP,551,0.09,
1999yerel,18 Nisan 1999,18,Çankırı,Ahmet Bukan,MHP,12385,44.49,EVET
1999yerel,18 Nisan 1999,18,Çankırı,Hilmi Astarlı,FP,5767,20.72,
1999yerel,18 Nisan 1999,18,Çankırı,Tuğrul Sidar,DYP,3723,13.37,
1999yerel,18 Nisan 1999,18,Çankırı,Raif Oktay,ANAP,3088,11.09,
1999yerel,18 Nisan 1999,18,Çankırı,Hasan Çetinkaya,DSP,1623,5.83,
1999yerel,18 Nisan 1999,18,Çankırı,İsmet Yalçın,CHP,919,3.3,
1999yerel,18 Nisan 1999,18,Çankırı,İsmail Demirtaş,BBP,211,0.76,
1999yerel,18 Nisan 1999,18,Çankırı,Tuncer Erdem,MP92,56,0.2,
1999yerel,18 Nisan 1999,18,Çankırı,Bilinmiyor,DvBP,39,0.14,
1999yerel,18 Nisan 1999,18,Çankırı,Levent Boduroğlu,YDP,25,0.09,
1999yerel,18 Nisan 1999,19,Çorum,İbrahim Hakkı Özel,DYP,3288,4.09,
1999yerel,18 Nisan 1999,19,Çorum,Ruhi Sungur,ANAP,3207,3.99,
1999yerel,18 Nisan 1999,19,Çorum,Arif Ersoy,FP,24905,30.99,EVET
1999yerel,18 Nisan 1999,19,Çorum,Ömer Ertuğrul Soyocak,CHP,24282,30.22,
1999yerel,18 Nisan 1999,19,Çorum,Mehmet Nusret Çırak,MHP,18105,22.53,
1999yerel,18 Nisan 1999,19,Çorum,Ünal Işık,DSP,3296,4.1,
1999yerel,18 Nisan 1999,19,Çorum,Nihat Argut,BBP,795,0.99,
1999yerel,18 Nisan 1999,19,Çorum,Eyüp Ersoy,EMEP,427,0.53,
1999yerel,18 Nisan 1999,19,Çorum,Mehmet Arslan,ÖDP,397,0.49,
1999yerel,18 Nisan 1999,19,Çorum,Cengiz Boztepe,BP,381,0.47,
1999yerel,18 Nisan 1999,19,Çorum,Metin Karahan,DEMTP,238,0.3,
1999yerel,18 Nisan 1999,19,Çorum,Ferhat Arzuman,İP,159,0.2,
1999yerel,18 Nisan 1999,19,Çorum,Satılmış Bıçakçı,LDP,129,0.16,
1999yerel,18 Nisan 1999,22,Edirne,Cengiz Varnatopu,ANAP,18955,30.6,EVET
1999yerel,18 Nisan 1999,22,Edirne,Sami Çakırlar,DSP,18369,29.66,
1999yerel,18 Nisan 1999,22,Edirne,Hamdi Sedefçi,CHP,13894,22.43,
1999yerel,18 Nisan 1999,22,Edirne,Ali İhsan Gürkaynak,FP,3286,5.31,
1999yerel,18 Nisan 1999,22,Edirne,Sefer Cem Elkut,MHP,3165,5.11,
1999yerel,18 Nisan 1999,22,Edirne,İsmail Üğdül,DYP,2526,4.08,
1999yerel,18 Nisan 1999,22,Edirne,Metin Özaydınlık,ÖDP,849,1.37,
1999yerel,18 Nisan 1999,22,Edirne,Nihat Öztaş,DEMTP,348,0.56,
1999yerel,18 Nisan 1999,22,Edirne,Cengiz Ersöz,BBP,279,0.45,
1999yerel,18 Nisan 1999,22,Edirne,İbrahim Bora Erel,LDP,106,0.17,
1999yerel,18 Nisan 1999,22,Edirne,Muzaffer Arslan,İP,98,0.16,
1999yerel,18 Nisan 1999,22,Edirne,Nurcihan Mutlu,YDP,66,0.11,
1999yerel,18 Nisan 1999,21,Diyarbakır,Feridun Çelik,HADEP,103924,62.48,EVET
1999yerel,18 Nisan 1999,21,Diyarbakır,Ahmet Bilgin,FP,40415,24.3,
1999yerel,18 Nisan 1999,21,Diyarbakır,Mert Nedim Alhas,ANAP,5810,3.49,
1999yerel,18 Nisan 1999,21,Diyarbakır,Mustafa Yakut,DSP,3964,2.38,
1999yerel,18 Nisan 1999,21,Diyarbakır,Baran İnceoğlu,DYP,3771,2.27,
1999yerel,18 Nisan 1999,21,Diyarbakır,Ferda Çiloğlu,CHP,2313,1.39,
1999yerel,18 Nisan 1999,21,Diyarbakır,Mehmet Ali Dündar,MHP,1435,0.86,
1999yerel,18 Nisan 1999,21,Diyarbakır,Refik Karakoç,DvBP,1312,0.79,
1999yerel,18 Nisan 1999,21,Diyarbakır,Cemal Akut,DEMTP,1029,0.62,
1999yerel,18 Nisan 1999,21,Diyarbakır,Bilinmiyor,DP,957,0.58,
1999yerel,18 Nisan 1999,21,Diyarbakır,İsmail Yılmaz,BBP,748,0.45,
1999yerel,18 Nisan 1999,21,Diyarbakır,Bilinmiyor,SİP,266,0.16,
1999yerel,18 Nisan 1999,21,Diyarbakır,Bilinmiyor,DHP,206,0.12,
1999yerel,18 Nisan 1999,21,Diyarbakır,Bayram Yurtçiçek,İP,179,0.11,
1999yerel,18 Nisan 1999,23,Elazığ,Yavuz Kuzgun,MHP,39853,34.7,
1999yerel,18 Nisan 1999,23,Elazığ,Hamza Yanılmaz,FP,47919,41.73,EVET
1999yerel,18 Nisan 1999,23,Elazığ,Tahsin Tuncay,DYP,3037,2.64,
1999yerel,18 Nisan 1999,23,Elazığ,Atilla Atila,CHP,5882,5.12,
1999yerel,18 Nisan 1999,23,Elazığ,Metin Aktaş,HADEP,4364,3.8,
1999yerel,18 Nisan 1999,23,Elazığ,İbrahim Türkbay,DSP,4062,3.54,
1999yerel,18 Nisan 1999,23,Elazığ,Şükrü Kacar,ANAP,3879,3.38,
1999yerel,18 Nisan 1999,23,Elazığ,Lokman Tasalı,BBP,1543,1.34,
1999yerel,18 Nisan 1999,23,Elazığ,Haktan Urhan,YDP,172,0.15,
1999yerel,18 Nisan 1999,20,Denizli,Ziya Tıkıroğlu,ANAP,16133,10.81,
1999yerel,18 Nisan 1999,20,Denizli,Ali Aygören,DYP,29494,19.76,EVET
1999yerel,18 Nisan 1999,20,Denizli,İlker İlhan Ural,DSP,28257,18.93,
1999yerel,18 Nisan 1999,20,Denizli,Ali Filiz,FP,12701,8.51,
1999yerel,18 Nisan 1999,20,Denizli,Ali Marım,CHP,26801,17.96,
1999yerel,18 Nisan 1999,20,Denizli,Ali Vehbi Kabukçu,MHP,13453,9.01,
1999yerel,18 Nisan 1999,20,Denizli,Bilinmiyor,HADEP,2224,1.49,
1999yerel,18 Nisan 1999,20,Denizli,Yaşar Oğuz Ergun,ÖDP,804,0.54,
1999yerel,18 Nisan 1999,20,Denizli,Ali Yoldaş,BBP,513,0.34,
1999yerel,18 Nisan 1999,20,Denizli,İbrahim Araç,LDP,273,0.18,
1999yerel,18 Nisan 1999,20,Denizli,Havane Yüksel,MP92,268,0.18,
1999yerel,18 Nisan 1999,20,Denizli,İrfan Osman Hatipoğlu,İP,220,0.15,
1999yerel,18 Nisan 1999,20,Denizli,Aydın Şenel,YDP,178,0.12,
1999yerel,18 Nisan 1999,24,Erzincan,Muhlis Sağır,ANAP,1585,3.8,
1999yerel,18 Nisan 1999,24,Erzincan,Erkan Karaman,MHP,11175,26.82,EVET
1999yerel,18 Nisan 1999,24,Erzincan,Orhan Bulut,FP,7184,17.24,
1999yerel,18 Nisan 1999,24,Erzincan,Recep Cemil Tanguroğlu,CHP,5057,12.14,
1999yerel,18 Nisan 1999,24,Erzincan,Mahmut Aydın,DSP,1750,4.2,
1999yerel,18 Nisan 1999,24,Erzincan,Şakir Karartı,DYP,5277,12.67,
1999yerel,18 Nisan 1999,24,Erzincan,Kemal Irmak,ÖDP,514,1.23,
1999yerel,18 Nisan 1999,24,Erzincan,Cevdet Topçu,BBP,863,2.07,
1999yerel,18 Nisan 1999,24,Erzincan,Özcan Kağan,DEMTP,102,0.24,
1999yerel,18 Nisan 1999,24,Erzincan,Tuncay Hepoğlu,İP,52,0.12,
1999yerel,18 Nisan 1999,27,Gaziantep,Celal Doğan,CHP,97015,31.97,EVET
1999yerel,18 Nisan 1999,27,Gaziantep,Kahraman Emmioğlu,FP,62220,20.51,
1999yerel,18 Nisan 1999,27,Gaziantep,Ahmet Ejder Özkarslı,MHP,41176,13.57,
1999yerel,18 Nisan 1999,27,Gaziantep,Asım Güzel,DSP,40731,13.42,
1999yerel,18 Nisan 1999,27,Gaziantep,Şerif Büşkülekçi,ANAP,19213,6.33,
1999yerel,18 Nisan 1999,27,Gaziantep,Mehmet Sait Uluğ,HADEP,18755,6.18,
1999yerel,18 Nisan 1999,27,Gaziantep,Ali Yaşar Bingöl,DYP,14519,4.79,
1999yerel,18 Nisan 1999,27,Gaziantep,Eşref Savaş,BBP,3536,1.17,
1999yerel,18 Nisan 1999,27,Gaziantep,Hüseyin Yalçın Çepik,Bağımsız,1773,0.58,
1999yerel,18 Nisan 1999,27,Gaziantep,Mehmet Ramiz Ak,DEMTP,1004,0.33,
1999yerel,18 Nisan 1999,27,Gaziantep,Mustafa Fahri Atacan,ÖDP,970,0.32,
1999yerel,18 Nisan 1999,27,Gaziantep,Ali Galip Emrullahoğlu,MP92,924,0.3,
1999yerel,18 Nisan 1999,27,Gaziantep,Hüseyin Bülbül,İP,505,0.17,
1999yerel,18 Nisan 1999,27,Gaziantep,Hüseyin Özdemir,EMEP,430,0.14,
1999yerel,18 Nisan 1999,27,Gaziantep,Kenan Özyaşar,YDP,406,0.13,
1999yerel,18 Nisan 1999,27,Gaziantep,Özcan Aşan,SİP,242,0.08,
1999yerel,18 Nisan 1999,25,Erzurum,Mahmut Uykusuz,MHP,43626,36.4,EVET
1999yerel,18 Nisan 1999,25,Erzurum,Mustafa Bilgen,FP,31390,26.19,
1999yerel,18 Nisan 1999,25,Erzurum,Mehmet Ali Ünal,DYP,22871,19.08,
1999yerel,18 Nisan 1999,25,Erzurum,Avni Dursun,ANAP,7078,5.91,
1999yerel,18 Nisan 1999,25,Erzurum,Şevki Şenel Özerli,DSP,4942,4.12,
1999yerel,18 Nisan 1999,25,Erzurum,Muhyettin Aksak,BBP,4241,3.54,
1999yerel,18 Nisan 1999,25,Erzurum,Tuncer Aktaş,CHP,3625,3.02,
1999yerel,18 Nisan 1999,25,Erzurum,Fahrettin Öksüz,LDP,998,0.83,
1999yerel,18 Nisan 1999,25,Erzurum,Bilinmiyor,YDP,536,0.45,
1999yerel,18 Nisan 1999,25,Erzurum,Ahmet Öz,DEMTP,309,0.26,
1999yerel,18 Nisan 1999,25,Erzurum,Veli Sivaslı,İP,229,0.19,
1999yerel,18 Nisan 1999,26,Eskişehir,Yılmaz Büyükerşen,DSP,116979,42.88,EVET
1999yerel,18 Nisan 1999,26,Eskişehir,Orhan Soydaş,DYP,65012,23.83,
1999yerel,18 Nisan 1999,26,Eskişehir,Safa Halaç,ANAP,26087,9.56,
1999yerel,18 Nisan 1999,26,Eskişehir,Adnan Ercan,FP,25267,9.26,
1999yerel,18 Nisan 1999,26,Eskişehir,Namık Kemal Özgül,MHP,23195,8.5,
1999yerel,18 Nisan 1999,26,Eskişehir,Abdülkadir Adar,CHP,10281,3.77,
1999yerel,18 Nisan 1999,26,Eskişehir,Sezai Aksoy,DEMTP,1602,0.59,
1999yerel,18 Nisan 1999,26,Eskişehir,Yusuf Ziya Gürlü,BBP,1022,0.37,
1999yerel,18 Nisan 1999,26,Eskişehir,Muammer Yavaş,HADEP,907,0.33,
1999yerel,18 Nisan 1999,26,Eskişehir,Saffet Uygur,ÖDP,906,0.33,
1999yerel,18 Nisan 1999,26,Eskişehir,Beytullah Uslu,DP,597,0.22,
1999yerel,18 Nisan 1999,26,Eskişehir,Hüseyin Demirok,MP92,467,0.17,
1999yerel,18 Nisan 1999,26,Eskişehir,Selahattin Öter,İP,269,0.1,
1999yerel,18 Nisan 1999,26,Eskişehir,Nail Güvenç,SİP,221,0.08,
1999yerel,18 Nisan 1999,30,Hakkari,Hüseyin Ümit,HADEP,9312,55.78,EVET
1999yerel,18 Nisan 1999,30,Hakkari,Abdurrahman Keskin,ANAP,3521,21.09,
1999yerel,18 Nisan 1999,30,Hakkari,Bülent Çallı,DYP,1915,11.47,
1999yerel,18 Nisan 1999,30,Hakkari,Edip Turgut,FP,997,5.97,
1999yerel,18 Nisan 1999,30,Hakkari,Servet Taş,CHP,513,3.07,
1999yerel,18 Nisan 1999,30,Hakkari,Bedri Çallı,DSP,393,2.35,
1999yerel,18 Nisan 1999,30,Hakkari,Bilinmiyor,DvBP,43,0.26,
1999yerel,18 Nisan 1999,29,Gümüşhane,Sebahattin Varan,FP,2882,23.8,
1999yerel,18 Nisan 1999,29,Gümüşhane,Mustafa Canlı,MHP,3847,31.77,EVET
1999yerel,18 Nisan 1999,29,Gümüşhane,Naim Ağaç,DYP,1998,16.5,
1999yerel,18 Nisan 1999,29,Gümüşhane,İsmail Akçay,ANAP,1575,13.01,
1999yerel,18 Nisan 1999,29,Gümüşhane,Atilla Aydın,DSP,817,6.75,
1999yerel,18 Nisan 1999,29,Gümüşhane,Osman Uzunosmanoğlu,CHP,427,3.53,
1999yerel,18 Nisan 1999,29,Gümüşhane,Han Arzu Karaman,İP,7,0.06,
1999yerel,18 Nisan 1999,28,Giresun,Alpaslan Unat,ANAP,4722,12.84,
1999yerel,18 Nisan 1999,28,Giresun,Mehmet Işık,CHP,11140,30.3,EVET
1999yerel,18 Nisan 1999,28,Giresun,Ali Temür,FP,9450,25.7,
1999yerel,18 Nisan 1999,28,Giresun,İsmail Şefik,DSP,3861,10.5,
1999yerel,18 Nisan 1999,28,Giresun,Ahmet Kaya,MHP,2814,7.65,
1999yerel,18 Nisan 1999,28,Giresun,Salih Yılmaz,DYP,2052,5.58,
1999yerel,18 Nisan 1999,28,Giresun,Mehmet Ali Güney,DEMTP,1039,2.83,
1999yerel,18 Nisan 1999,28,Giresun,Hasan Şencan,BBP,425,1.16,
1999yerel,18 Nisan 1999,28,Giresun,Kayhan Oksal,ÖDP,123,0.33,
1999yerel,18 Nisan 1999,28,Giresun,Erol Genç,LDP,105,0.29,
1999yerel,18 Nisan 1999,28,Giresun,Mustafa Nebioğlu,YDP,47,0.13,
1999yerel,18 Nisan 1999,32,Isparta,Yusuf Ziya Günaydın,MHP,27187,38.97,EVET
1999yerel,18 Nisan 1999,32,Isparta,Zekeriya Acar,DEMTP,401,0.57,
1999yerel,18 Nisan 1999,32,Isparta,Mehmet Aybatılı,DYP,21363,30.63,
1999yerel,18 Nisan 1999,32,Isparta,Hasan Önal,FP,6540,9.38,
1999yerel,18 Nisan 1999,32,Isparta,Çetin Mehmet Büyükvanlı,ANAP,5672,8.13,
1999yerel,18 Nisan 1999,32,Isparta,İbrahim İşler,DSP,3795,5.44,
1999yerel,18 Nisan 1999,32,Isparta,Mehmet Zengin,CHP,2210,3.17,
1999yerel,18 Nisan 1999,32,Isparta,Asuman Doğu,Bağımsız,1072,1.54,
1999yerel,18 Nisan 1999,32,Isparta,Halil Yeşilyayla,BBP,540,0.77,
1999yerel,18 Nisan 1999,32,Isparta,Ali İhsan Başat,MP92,189,0.27,
1999yerel,18 Nisan 1999,32,Isparta,Sadettin Köklü,LDP,121,0.17,
1999yerel,18 Nisan 1999,34,İstanbul,Ali Müfit Gürtuna,FP,1202050,27.52,EVET
1999yerel,18 Nisan 1999,34,İstanbul,Ali Talip Özdemir,ANAP,977920,22.38,
1999yerel,18 Nisan 1999,34,İstanbul,Zekeriya Temizel,DSP,882923,20.21,
1999yerel,18 Nisan 1999,34,İstanbul,Adnan Polat,CHP,607895,13.91,
1999yerel,18 Nisan 1999,34,İstanbul,Ahmet Vefik Alp,MHP,320734,7.34,
1999yerel,18 Nisan 1999,34,İstanbul,Yalçın Özer,DYP,165114,3.78,
1999yerel,18 Nisan 1999,34,İstanbul,Veli Haydar Güleç,HADEP,114339,2.62,
1999yerel,18 Nisan 1999,34,İstanbul,Vicdan Baykara,ÖDP,23864,0.55,
1999yerel,18 Nisan 1999,34,İstanbul,Ahmet Lütfi Akkuş,BBP,23010,0.53,
1999yerel,18 Nisan 1999,34,İstanbul,Ayşe Kızılöz Özlü,LDP,9995,0.23,
1999yerel,18 Nisan 1999,34,İstanbul,Hayri Gürkan,BP,8754,0.2,
1999yerel,18 Nisan 1999,34,İstanbul,Doğudan Bayülgen,DEMTP,7232,0.17,
1999yerel,18 Nisan 1999,34,İstanbul,Memet Kılınçaslan,EMEP,5729,0.13,
1999yerel,18 Nisan 1999,34,İstanbul,Ünal Erdoğan,İP,5072,0.12,
1999yerel,18 Nisan 1999,34,İstanbul,İbrahim Kumaş,MP92,4462,0.1,
1999yerel,18 Nisan 1999,34,İstanbul,Bağımsızlar,Bağımsız,3850,0.09,
1999yerel,18 Nisan 1999,34,İstanbul,Ercan Vuralkan,SİP,2864,0.07,
1999yerel,18 Nisan 1999,34,İstanbul,Ahmet Rüştü Çelebi,YDP,2849,0.07,
1999yerel,18 Nisan 1999,76,Iğdır,Reşat Başkara,ANAP,1285,6.86,
1999yerel,18 Nisan 1999,76,Iğdır,Yusuf Karasu,BP,447,2.38,
1999yerel,18 Nisan 1999,76,Iğdır,Nurettin Aras,MHP,6845,36.52,EVET
1999yerel,18 Nisan 1999,76,Iğdır,Hasan Alagöz,HADEP,5955,31.77,
1999yerel,18 Nisan 1999,76,Iğdır,Ali Ekber Yeşil,DYP,1426,7.61,
1999yerel,18 Nisan 1999,76,Iğdır,Zeki Aras,FP,551,2.94,
1999yerel,18 Nisan 1999,76,Iğdır,Necdet Yılmaz,DSP,475,2.53,
1999yerel,18 Nisan 1999,76,Iğdır,Ekrem Baydar,CHP,434,2.32,
1999yerel,18 Nisan 1999,76,Iğdır,Bilinmiyor,BBP,65,0.35,
1999yerel,18 Nisan 1999,33,Mersin,Macit Özcan,DSP,41726,19.35,EVET
1999yerel,18 Nisan 1999,33,Mersin,Şefik Zengin,CHP,39758,18.44,
1999yerel,18 Nisan 1999,33,Mersin,Erdal Yaldızlı,MHP,39213,18.19,
1999yerel,18 Nisan 1999,33,Mersin,Alaeddin Erdoğan,HADEP,37693,17.48,
1999yerel,18 Nisan 1999,33,Mersin,Mehmet Adnan Özçelik,ANAP,27380,12.7,
1999yerel,18 Nisan 1999,33,Mersin,Cafer Uzunkaya,FP,14000,6.49,
1999yerel,18 Nisan 1999,33,Mersin,İsmet Akol,DYP,9829,4.56,
1999yerel,18 Nisan 1999,33,Mersin,Osman Yılmaz,ÖDP,1288,0.6,
1999yerel,18 Nisan 1999,33,Mersin,Yaşar Karadağ,BP,1004,0.47,
1999yerel,18 Nisan 1999,33,Mersin,Zeki Kılıç,DEMTP,984,0.46,
1999yerel,18 Nisan 1999,33,Mersin,Caner Öztürk,BBP,816,0.38,
1999yerel,18 Nisan 1999,33,Mersin,Fikret Adıgüzel,MP92,620,0.29,
1999yerel,18 Nisan 1999,33,Mersin,Oğuz Demirsoy,DEĞTP,341,0.16,
1999yerel,18 Nisan 1999,33,Mersin,Yusuf Çelik,İP,309,0.14,
1999yerel,18 Nisan 1999,33,Mersin,Mehmet Taşçı,EMEP,281,0.13,
1999yerel,18 Nisan 1999,33,Mersin,Bilinmiyor,DvBP,203,0.09,
1999yerel,18 Nisan 1999,33,Mersin,Özgür Daşlı,SİP,170,0.08,
1999yerel,18 Nisan 1999,35,İzmir,Ahmet Piriştina,DSP,367553,30.47,EVET
1999yerel,18 Nisan 1999,35,İzmir,Kutlu Aktaş,ANAP,230673,19.13,
1999yerel,18 Nisan 1999,35,İzmir,Yüksel Çakmur,CHP,217337,18.02,
1999yerel,18 Nisan 1999,35,İzmir,Burhan Özfatura,DYP,197169,16.35,
1999yerel,18 Nisan 1999,35,İzmir,Melih İnan,MHP,82140,6.81,
1999yerel,18 Nisan 1999,35,İzmir,Hüseyin Topal,HADEP,45559,3.78,
1999yerel,18 Nisan 1999,35,İzmir,Kamil Duman,FP,41200,3.42,
1999yerel,18 Nisan 1999,35,İzmir,Nurettin Akbaş,ÖDP,7470,0.62,
1999yerel,18 Nisan 1999,35,İzmir,Şefik Kayhan,LDP,2785,0.23,
1999yerel,18 Nisan 1999,35,İzmir,Gülnihal Atakal,BP,2451,0.2,
1999yerel,18 Nisan 1999,35,İzmir,Mustafa Ülkü Caner,DEMTP,2285,0.19,
1999yerel,18 Nisan 1999,35,İzmir,Burhan Hoşbaş,EMEP,2115,0.18,
1999yerel,18 Nisan 1999,35,İzmir,Hüseyin Cimşit,DP,2099,0.17,
1999yerel,18 Nisan 1999,35,İzmir,Ali Karşılayan,İP,1712,0.14,
1999yerel,18 Nisan 1999,35,İzmir,Mevlüt Eren,MP92,1288,0.11,
1999yerel,18 Nisan 1999,35,İzmir,Mehmet Melik ÖzmenHatice BükeySıtkı Atila Miman,Bağımsız,1219,0.1,
1999yerel,18 Nisan 1999,35,İzmir,Uğur Sultan,SİP,1036,0.09,
1999yerel,18 Nisan 1999,46,Kahramanmaraş,Mehmet Bağrıaçık,DYP,19106,17.21,
1999yerel,18 Nisan 1999,46,Kahramanmaraş,Hanefi Mahçiçek,FP,36109,32.52,EVET
1999yerel,18 Nisan 1999,46,Kahramanmaraş,Mehmet Sabancı,ANAP,10955,9.87,
1999yerel,18 Nisan 1999,46,Kahramanmaraş,Kemal Yavuz,BBP,2923,2.63,
1999yerel,18 Nisan 1999,46,Kahramanmaraş,Mustafa Daşçı,MHP,26193,23.59,
1999yerel,18 Nisan 1999,46,Kahramanmaraş,Gürbüz Ertuğrul,DSP,1822,1.64,
1999yerel,18 Nisan 1999,46,Kahramanmaraş,Ramazan Buğrul,CHP,1491,1.34,
1999yerel,18 Nisan 1999,46,Kahramanmaraş,Ahmet Erşan,DEMTP,242,0.22,
1999yerel,18 Nisan 1999,46,Kahramanmaraş,Murat Yılmaz,MP92,224,0.2,
1999yerel,18 Nisan 1999,46,Kahramanmaraş,Hayri Ufakmercimek,YDP,197,0.18,
1999yerel,18 Nisan 1999,46,Kahramanmaraş,Mehmet Taşkesen,İP,189,0.17,
1999yerel,18 Nisan 1999,46,Kahramanmaraş,A. Mete Önen,LDP,129,0.12,
1999yerel,18 Nisan 1999,70,Karaman,Ahmet Ertuğrul,DSP,556,7.67,
1999yerel,18 Nisan 1999,70,Karaman,Neriman Köse,CHP,851,11.74,
1999yerel,18 Nisan 1999,70,Karaman,Derviş Mehmet Ceylan,FP,714,9.85,
1999yerel,18 Nisan 1999,70,Karaman,Hikmet Altın,ANAP,3661,50.5,EVET
1999yerel,18 Nisan 1999,70,Karaman,Şerafettin Serin,MHP,622,8.58,
1999yerel,18 Nisan 1999,36,Kars,Naif Alibeyoğlu,ANAP,6296,26.34,EVET
1999yerel,18 Nisan 1999,36,Kars,Tuncay Mutluer,MHP,5196,21.74,
1999yerel,18 Nisan 1999,36,Kars,Selahattin Filtekin,CHP,5030,21.05,
1999yerel,18 Nisan 1999,36,Kars,Sabri Koç,DSP,3153,13.19,
1999yerel,18 Nisan 1999,36,Kars,Musa Haliloğlu,FP,1373,5.75,
1999yerel,18 Nisan 1999,36,Kars,Tuncer Bakırhan,HADEP,1334,5.58,
1999yerel,18 Nisan 1999,36,Kars,Turan Çelebi,DYP,1012,4.23,
1999yerel,18 Nisan 1999,36,Kars,Kasım Kadirhan,ÖDP,199,0.83,
1999yerel,18 Nisan 1999,36,Kars,Zihni Koçu,LDP,135,0.56,
1999yerel,18 Nisan 1999,36,Kars,Ahmet Sametoğlu,BBP,105,0.44,
1999yerel,18 Nisan 1999,36,Kars,Erdal Çetinkaya,BP,66,0.28,
1999yerel,18 Nisan 1999,71,Kırıkkale,Murat Yılmazer,FP,20264,24.73,
1999yerel,18 Nisan 1999,71,Kırıkkale,Cemalettin Akdoğan,ANAP,16561,20.21,
1999yerel,18 Nisan 1999,71,Kırıkkale,Mustafa Pekdoğan,MHP,22174,27.06,EVET
1999yerel,18 Nisan 1999,71,Kırıkkale,Ayhan Ersan,DYP,7570,9.24,
1999yerel,18 Nisan 1999,71,Kırıkkale,Eftal Sarısu,DSP,7051,8.61,
1999yerel,18 Nisan 1999,71,Kırıkkale,Mustafa Yılmaz,CHP,2670,3.26,
1999yerel,18 Nisan 1999,71,Kırıkkale,Köksal Elidemir,BBP,2542,3.1,
1999yerel,18 Nisan 1999,71,Kırıkkale,Murat Karadağ,DEMTP,184,0.22,
1999yerel,18 Nisan 1999,71,Kırıkkale,Üçler Demirtaş,İP,141,0.17,
1999yerel,18 Nisan 1999,71,Kırıkkale,Namık Kemal Mutlu,YDP,141,0.17,
1999yerel,18 Nisan 1999,38,Kayseri,Mehmet Özhaseki,FP,96289,39.0,EVET
1999yerel,18 Nisan 1999,38,Kayseri,Halit Erkiletlioğlu,MHP,65581,26.56,
1999yerel,18 Nisan 1999,38,Kayseri,Ali İhsan Alçı,DSP,38828,15.72,
1999yerel,18 Nisan 1999,38,Kayseri,Hami Kıranatlıoğlu,ANAP,12728,5.15,
1999yerel,18 Nisan 1999,38,Kayseri,Mehmet Bekarlar,DYP,11996,4.86,
1999yerel,18 Nisan 1999,38,Kayseri,Mesut Ay,CHP,11701,4.74,
1999yerel,18 Nisan 1999,38,Kayseri,Ömer Uzunoğlu,BBP,4977,2.02,
1999yerel,18 Nisan 1999,38,Kayseri,İshak Tacar,HADEP,2396,0.97,
1999yerel,18 Nisan 1999,38,Kayseri,Ali Aydın,MP92,638,0.26,
1999yerel,18 Nisan 1999,38,Kayseri,Mustafa Ulukaya,DEMTP,511,0.21,
1999yerel,18 Nisan 1999,38,Kayseri,Mehmet Arslan,ÖDP,430,0.17,
1999yerel,18 Nisan 1999,38,Kayseri,Halil Sevinç Oyman,İP,262,0.11,
1999yerel,18 Nisan 1999,38,Kayseri,Recep İşlertaş,YDP,243,0.1,
1999yerel,18 Nisan 1999,38,Kayseri,Afet Alp,EMEP,189,0.08,
1999yerel,18 Nisan 1999,38,Kayseri,Bilinmiyor,SİP,157,0.06,
1999yerel,18 Nisan 1999,39,Kırklareli,Kemal Kayat,ANAP,3199,11.68,
1999yerel,18 Nisan 1999,39,Kırklareli,Cengiz Bağdan,MHP,6329,23.1,EVET
1999yerel,18 Nisan 1999,39,Kırklareli,Kadir Gökçe,CHP,5019,18.32,
1999yerel,18 Nisan 1999,39,Kırklareli,Yüksel Bilcen,DSP,4957,18.09,
1999yerel,18 Nisan 1999,39,Kırklareli,Hasan Buzol,DYP,4930,18.0,
1999yerel,18 Nisan 1999,39,Kırklareli,Aydın Karakoç,ÖDP,859,3.14,
1999yerel,18 Nisan 1999,39,Kırklareli,Emin Çıtakoğlu,FP,506,1.85,
1999yerel,18 Nisan 1999,39,Kırklareli,Teoman Üstündağ,BP,158,0.58,
1999yerel,18 Nisan 1999,39,Kırklareli,Muzaffer Altınbaş,DEMTP,74,0.27,
1999yerel,18 Nisan 1999,39,Kırklareli,Salih Yılmaz,BBP,61,0.22,
1999yerel,18 Nisan 1999,39,Kırklareli,Hüseyin Tanrıkulu,EMEP,24,0.09,
1999yerel,18 Nisan 1999,39,Kırklareli,Güleser Baskın,İP,20,0.07,
1999yerel,18 Nisan 1999,39,Kırklareli,Eyüp Turan Dönmez,YDP,12,0.04,
1999yerel,18 Nisan 1999,40,Kırşehir,Metin Çobanoğlu,MHP,13791,33.01,EVET
1999yerel,18 Nisan 1999,40,Kırşehir,Sevim Özdemir,ANAP,2005,4.8,
1999yerel,18 Nisan 1999,40,Kırşehir,Ali Çıbık,Bağımsız,326,0.78,
1999yerel,18 Nisan 1999,40,Kırşehir,Cahit Gürses,CHP,10212,24.44,
1999yerel,18 Nisan 1999,40,Kırşehir,Hasan Eraslan,FP,5499,13.16,
1999yerel,18 Nisan 1999,40,Kırşehir,Rasim Özdemir,DSP,3588,8.59,
1999yerel,18 Nisan 1999,40,Kırşehir,Coşkun Mahmutoğlu,DYP,1547,3.7,
1999yerel,18 Nisan 1999,40,Kırşehir,Hamit Dede,HADEP,921,2.2,
1999yerel,18 Nisan 1999,40,Kırşehir,Ersan Şahin,ÖDP,339,0.81,
1999yerel,18 Nisan 1999,40,Kırşehir,Hasan Coşkun,BBP,271,0.65,
1999yerel,18 Nisan 1999,40,Kırşehir,Döndü Özbilen,EMEP,86,0.21,
1999yerel,18 Nisan 1999,40,Kırşehir,Sahir Köşker,BP,59,0.14,
1999yerel,18 Nisan 1999,40,Kırşehir,Fatma Helvacıoğlu,DEĞTP,42,0.1,
1999yerel,18 Nisan 1999,40,Kırşehir,Sacit Ata,İP,36,0.09,
1999yerel,18 Nisan 1999,78,Karabük,Enver Tümen,DYP,12131,24.93,EVET
1999yerel,18 Nisan 1999,78,Karabük,Dursun Altıparmak,ANAP,10448,21.47,
1999yerel,18 Nisan 1999,78,Karabük,Mustafa Çelenli,FP,9084,18.67,
1999yerel,18 Nisan 1999,78,Karabük,Kemal Arslan,DSP,7314,15.03,
1999yerel,18 Nisan 1999,78,Karabük,Şahin Karataş,MHP,6619,13.6,
1999yerel,18 Nisan 1999,78,Karabük,Öner Kölemenoğlu,CHP,1992,4.09,
1999yerel,18 Nisan 1999,78,Karabük,Erdoğan Şenol,BBP,413,0.85,
1999yerel,18 Nisan 1999,78,Karabük,Osman Natıroğlu,DEMTP,283,0.58,
1999yerel,18 Nisan 1999,78,Karabük,Sadettin Bilgin,ÖDP,257,0.53,
1999yerel,18 Nisan 1999,78,Karabük,Bilinmiyor,MP92,118,0.24,
1999yerel,18 Nisan 1999,37,Kastamonu,Turhan Topçuoğlu,MHP,9614,29.1,EVET
1999yerel,18 Nisan 1999,37,Kastamonu,Ender Karahasanoğlu,DSP,8364,25.32,
1999yerel,18 Nisan 1999,37,Kastamonu,Kayhan Yaman,DYP,6807,20.61,
1999yerel,18 Nisan 1999,37,Kastamonu,Hakkı Güngör,ANAP,4202,12.72,
1999yerel,18 Nisan 1999,37,Kastamonu,Erdoğan Soydan,FP,2759,8.35,
1999yerel,18 Nisan 1999,37,Kastamonu,Faruk Nuhoğlu,CHP,804,2.43,
1999yerel,18 Nisan 1999,37,Kastamonu,Numan Eski,DEMTP,263,0.8,
1999yerel,18 Nisan 1999,37,Kastamonu,Burhan Selim Yanık,ÖDP,142,0.43,
1999yerel,18 Nisan 1999,37,Kastamonu,Mehmet Tükmen,MP92,79,0.24,
1999yerel,18 Nisan 1999,41,Kocaeli,Mehmet Sefa Sirmen,CHP,46747,40.23,EVET
1999yerel,18 Nisan 1999,41,Kocaeli,Necati Çelik,FP,31359,26.98,
1999yerel,18 Nisan 1999,41,Kocaeli,Haşmet Daştan,DSP,12809,11.02,
1999yerel,18 Nisan 1999,41,Kocaeli,Hayrettin Uzun,DYP,9101,7.83,
1999yerel,18 Nisan 1999,41,Kocaeli,Halil İbrahim Artvinli,ANAP,7454,6.41,
1999yerel,18 Nisan 1999,41,Kocaeli,Şanbaz Yıldız,MHP,6304,5.42,
1999yerel,18 Nisan 1999,41,Kocaeli,Mustafa Soydabaş,BBP,797,0.69,
1999yerel,18 Nisan 1999,41,Kocaeli,Ramazan Bilginer,HADEP,690,0.59,
1999yerel,18 Nisan 1999,41,Kocaeli,Uğurcan Koçak,ÖDP,375,0.32,
1999yerel,18 Nisan 1999,41,Kocaeli,Hüseyin Avni Abanoz,MP92,300,0.26,
1999yerel,18 Nisan 1999,41,Kocaeli,Hasan Varış,EMEP,108,0.09,
1999yerel,18 Nisan 1999,41,Kocaeli,Şermin Marangoz,SİP,89,0.08,
1999yerel,18 Nisan 1999,41,Kocaeli,Mehmet Zülküf Bayrak,İP,80,0.07,
1999yerel,18 Nisan 1999,43,Kütahya,Taner Taşer,ANAP,12247,13.74,
1999yerel,18 Nisan 1999,43,Kütahya,Ahmet Baysan,DYP,18191,20.41,
1999yerel,18 Nisan 1999,43,Kütahya,Süleyman Canan,FP,24872,27.9,EVET
1999yerel,18 Nisan 1999,43,Kütahya,Tacettin Demirer,MHP,16007,17.96,
1999yerel,18 Nisan 1999,43,Kütahya,Süleyman Topçu,DSP,10530,11.81,
1999yerel,18 Nisan 1999,43,Kütahya,Ömer Cantürk,CHP,2653,2.98,
1999yerel,18 Nisan 1999,43,Kütahya,Nihat Çakır,DEMTP,1362,1.53,
1999yerel,18 Nisan 1999,43,Kütahya,Bekir Terlemez,BBP,1286,1.44,
1999yerel,18 Nisan 1999,43,Kütahya,Ahmet Uçar,MP92,276,0.31,
1999yerel,18 Nisan 1999,43,Kütahya,Fehim Gören,LDP,215,0.24,
1999yerel,18 Nisan 1999,43,Kütahya,Ali Eskiyolcu,İP,117,0.13,
1999yerel,18 Nisan 1999,43,Kütahya,Ahmet Bilgili,YDP,115,0.13,
1999yerel,18 Nisan 1999,42,Konya,Mustafa Özkafa,FP,150515,48.54,EVET
1999yerel,18 Nisan 1999,42,Konya,Kâmil Uğurlu,MHP,82008,26.44,
1999yerel,18 Nisan 1999,42,Konya,Ahmet Kart,DYP,30630,9.88,
1999yerel,18 Nisan 1999,42,Konya,Sermet Öten,DSP,15537,5.01,
1999yerel,18 Nisan 1999,42,Konya,Beyazidi Bestami İnan,ANAP,12801,4.13,
1999yerel,18 Nisan 1999,42,Konya,Hüseyin Çakır,CHP,6320,2.04,
1999yerel,18 Nisan 1999,42,Konya,Mehmet Yaman,BBP,5008,1.61,
1999yerel,18 Nisan 1999,42,Konya,Süleyman İslambay,HADEP,3703,1.19,
1999yerel,18 Nisan 1999,42,Konya,Ahmet Kara,MP92,1073,0.35,
1999yerel,18 Nisan 1999,42,Konya,Fazıl Cömert,DEMTP,969,0.31,
1999yerel,18 Nisan 1999,42,Konya,Osman Ceylan,LDP,491,0.16,
1999yerel,18 Nisan 1999,42,Konya,Ethem Keş,ÖDP,414,0.13,
1999yerel,18 Nisan 1999,42,Konya,Latife Keskin,İP,388,0.13,
1999yerel,18 Nisan 1999,42,Konya,Sevim Algan,SİP,259,0.08,
1999yerel,18 Nisan 1999,44,Malatya,Mustafa Karaman,Bağımsız,2490,1.82,
1999yerel,18 Nisan 1999,44,Malatya,Münir Doğan Ölmeztoprak,DYP,7564,5.51,
1999yerel,18 Nisan 1999,44,Malatya,Hayrettin Abacı,CHP,14697,10.71,
1999yerel,18 Nisan 1999,44,Malatya,Ahmet Münir Erkal,FP,41355,30.15,
1999yerel,18 Nisan 1999,44,Malatya,Mehmet Yaşar Çerçi,MHP,46135,33.63,EVET
1999yerel,18 Nisan 1999,44,Malatya,Fatih Dulkadiroğlu,DSP,5476,3.99,
1999yerel,18 Nisan 1999,44,Malatya,Azmi Özhan,ANAP,5183,3.78,
1999yerel,18 Nisan 1999,44,Malatya,Mustafa Türk,HADEP,1836,1.34,
1999yerel,18 Nisan 1999,44,Malatya,Olcay İçer,BBP,1592,1.16,
1999yerel,18 Nisan 1999,44,Malatya,Basri Ardağ,ÖDP,716,0.52,
1999yerel,18 Nisan 1999,44,Malatya,Turan Doğan,MP92,256,0.19,
1999yerel,18 Nisan 1999,44,Malatya,İbrahim Toprak,İP,228,0.17,
1999yerel,18 Nisan 1999,44,Malatya,Hüseyin Kocaman,EMEP,177,0.13,
1999yerel,18 Nisan 1999,44,Malatya,Vahap Göğen,YDP,123,0.09,
1999yerel,18 Nisan 1999,44,Malatya,Yusuf Aksaç,DEMTP,2,0.0,
1999yerel,18 Nisan 1999,44,Malatya,Bilinmiyor,BP,1,0.0,
1999yerel,18 Nisan 1999,47,Mardin,Veysi Atay Bakırcı,FP,3596,14.4,
1999yerel,18 Nisan 1999,47,Mardin,Abdülkadir Tutaşı,DYP,6501,26.04,EVET
1999yerel,18 Nisan 1999,47,Mardin,Cemal Veske,HADEP,5712,22.88,
1999yerel,18 Nisan 1999,47,Mardin,Kılay Falay,DSP,2722,10.9,
1999yerel,18 Nisan 1999,47,Mardin,Hasan Bingül,ANAP,1742,6.98,
1999yerel,18 Nisan 1999,47,Mardin,Mehmet Şakir Öngüç,DEMTP,1511,6.05,
1999yerel,18 Nisan 1999,47,Mardin,Mehmet Emin Hazar,CHP,441,1.77,
1999yerel,18 Nisan 1999,47,Mardin,Ahmet Erdem,MHP,203,0.81,
1999yerel,18 Nisan 1999,47,Mardin,Muhsin Aydın,BBP,184,0.74,
1999yerel,18 Nisan 1999,47,Mardin,Cihan Baykara,LDP,31,0.12,
1999yerel,18 Nisan 1999,47,Mardin,Veysi Taşpınar,YDP,27,0.11,
1999yerel,18 Nisan 1999,45,Manisa,Bülent Kar,DYP,15796,14.0,
1999yerel,18 Nisan 1999,45,Manisa,Adil Aygül,ANAP,25927,22.98,EVET
1999yerel,18 Nisan 1999,45,Manisa,Azmi Açıkdil,MHP,19574,17.35,
1999yerel,18 Nisan 1999,45,Manisa,Abidin Yatkın,DSP,22617,20.05,
1999yerel,18 Nisan 1999,45,Manisa,İhsan Şahin,CHP,3492,3.1,
1999yerel,18 Nisan 1999,45,Manisa,Ahmet Sağın,HADEP,8577,7.6,
1999yerel,18 Nisan 1999,45,Manisa,Mehmet İlban,FP,7774,6.89,
1999yerel,18 Nisan 1999,45,Manisa,Muzaffer Gülsuyu,DEMTP,1243,1.1,
1999yerel,18 Nisan 1999,45,Manisa,Nevzat Şahan,BBP,625,0.55,
1999yerel,18 Nisan 1999,45,Manisa,İmran Çakır,ÖDP,370,0.33,
1999yerel,18 Nisan 1999,45,Manisa,Hasan Hepdurluk,LDP,319,0.28,
1999yerel,18 Nisan 1999,45,Manisa,Necip Bal,MP92,232,0.21,
1999yerel,18 Nisan 1999,45,Manisa,Şanise Daş,EMEP,172,0.15,
1999yerel,18 Nisan 1999,48,Muğla,Orhan Seyfi Terzibaşıoğlu,DYP,3567,13.73,
1999yerel,18 Nisan 1999,48,Muğla,Hayati Nizamoğlu,ANAP,6187,23.81,
1999yerel,18 Nisan 1999,48,Muğla,Osman Gürün,CHP,8856,34.08,EVET
1999yerel,18 Nisan 1999,48,Muğla,Arif Oskay,DSP,2699,10.39,
1999yerel,18 Nisan 1999,48,Muğla,İlyas Aydın,MHP,1684,6.48,
1999yerel,18 Nisan 1999,48,Muğla,Abdülsamet Kaplama,FP,312,1.2,
1999yerel,18 Nisan 1999,48,Muğla,İbrahim Yağlu,HADEP,258,0.99,
1999yerel,18 Nisan 1999,48,Muğla,Ferhan Ercan,ÖDP,123,0.47,
1999yerel,18 Nisan 1999,48,Muğla,Memiş Hüner Yağcıoğlu,DEMTP,103,0.4,
1999yerel,18 Nisan 1999,48,Muğla,Osman Küçük,İP,40,0.15,
1999yerel,18 Nisan 1999,79,Kilis,Ekrem Çetin,DSP,8809,30.44,EVET
1999yerel,18 Nisan 1999,79,Kilis,İlhami Toprak,MHP,6372,22.02,
1999yerel,18 Nisan 1999,79,Kilis,Mustafa Tohumcu,DYP,6341,21.91,
1999yerel,18 Nisan 1999,79,Kilis,Hasan Kara,FP,4484,15.5,
1999yerel,18 Nisan 1999,79,Kilis,Fahri Hatabay,ANAP,1649,5.7,
1999yerel,18 Nisan 1999,79,Kilis,Şenel Uçar,CHP,990,3.42,
1999yerel,18 Nisan 1999,79,Kilis,Bilinmiyor,BBP,199,0.69,
1999yerel,18 Nisan 1999,79,Kilis,Bilinmiyor,MP92,91,0.31,
1999yerel,18 Nisan 1999,49,Muş,Necat Dikmen,DSP,863,4.44,
1999yerel,18 Nisan 1999,49,Muş,Ahmet Özdemir,ANAP,728,3.74,
1999yerel,18 Nisan 1999,49,Muş,Musa Şimşek,FP,3111,16.0,
1999yerel,18 Nisan 1999,49,Muş,Alparslan Uğraş,CHP,391,2.01,
1999yerel,18 Nisan 1999,49,Muş,Şerafettin Yatıcı,MHP,3531,18.16,EVET
1999yerel,18 Nisan 1999,49,Muş,Mehmet İpek,HADEP,2859,14.7,
1999yerel,18 Nisan 1999,49,Muş,Şakir Koç,DYP,2438,12.54,
1999yerel,18 Nisan 1999,49,Muş,Basri Avcı,BBP,1932,9.93,
1999yerel,18 Nisan 1999,49,Muş,Maşallah Subaşı,Bağımsız,195,1.0,
1999yerel,18 Nisan 1999,49,Muş,Bilinmiyor,DP,167,0.86,
1999yerel,18 Nisan 1999,49,Muş,Perişan Koç,İP,46,0.24,
1999yerel,18 Nisan 1999,51,Niğde,Mümin İnan,MHP,10740,21.72,EVET
1999yerel,18 Nisan 1999,51,Niğde,Orhan Taciroğlu,DYP,5332,10.78,
1999yerel,18 Nisan 1999,51,Niğde,Erdoğan Özegen,FP,6939,14.03,
1999yerel,18 Nisan 1999,51,Niğde,Hakkı Şengezer,ANAP,1206,2.44,
1999yerel,18 Nisan 1999,51,Niğde,Mustafa Soylu,CHP,5934,12.0,
1999yerel,18 Nisan 1999,51,Niğde,Mehmet Dişçekici,DSP,3204,6.48,
1999yerel,18 Nisan 1999,51,Niğde,Feride Yaşar,ÖDP,100,0.2,
1999yerel,18 Nisan 1999,51,Niğde,Arif Savaş,EMEP,67,0.14,
1999yerel,18 Nisan 1999,51,Niğde,Yavuz Malkoç,İP,43,0.09,
1999yerel,18 Nisan 1999,51,Niğde,Ali Osman Altıparmak,YDP,32,0.06,
1999yerel,18 Nisan 1999,50,Nevşehir,Ali Şerit,MHP,8423,24.31,
1999yerel,18 Nisan 1999,50,Nevşehir,Yalçın Demir,FP,9050,26.12,EVET
1999yerel,18 Nisan 1999,50,Nevşehir,Hazım Karakaya,DYP,6941,20.03,
1999yerel,18 Nisan 1999,50,Nevşehir,Ramazan Küçük,ANAP,3525,10.17,
1999yerel,18 Nisan 1999,50,Nevşehir,Belma Zorlu,CHP,1278,3.69,
1999yerel,18 Nisan 1999,50,Nevşehir,Emir Kabaktepe,BBP,574,1.66,
1999yerel,18 Nisan 1999,50,Nevşehir,Necmi Çevirgen,MP92,90,0.26,
1999yerel,18 Nisan 1999,50,Nevşehir,Recep Demirtaş,ÖDP,74,0.21,
1999yerel,18 Nisan 1999,50,Nevşehir,Elife Güven,İP,63,0.18,
1999yerel,18 Nisan 1999,52,Ordu,Fikret Türkyılmaz,ANAP,13085,29.11,EVET
1999yerel,18 Nisan 1999,52,Ordu,Seyit Torun,CHP,10135,22.55,
1999yerel,18 Nisan 1999,52,Ordu,Neşet Özmen,DSP,7202,16.02,
1999yerel,18 Nisan 1999,52,Ordu,Hüsnü Yücel,MHP,6428,14.3,
1999yerel,18 Nisan 1999,52,Ordu,Engin Tekintaş,FP,4124,9.17,
1999yerel,18 Nisan 1999,52,Ordu,Perran Katırcıoğlu,DYP,2533,5.63,
1999yerel,18 Nisan 1999,52,Ordu,Enis Ayar,ÖDP,440,0.98,
1999yerel,18 Nisan 1999,52,Ordu,Eyüp Camcı,BBP,437,0.97,
1999yerel,18 Nisan 1999,52,Ordu,Erol Kurucu,DEMTP,262,0.58,
1999yerel,18 Nisan 1999,52,Ordu,Bahri Özdoğru,Bağımsız,145,0.32,
1999yerel,18 Nisan 1999,52,Ordu,Temel N. Yılmaz,İP,88,0.2,
1999yerel,18 Nisan 1999,52,Ordu,Ali Sezer,YDP,74,0.16,
1999yerel,18 Nisan 1999,80,Osmaniye,Memilli Kırıkkanat,MHP,24430,39.45,EVET
1999yerel,18 Nisan 1999,80,Osmaniye,Mustafa İpek,DYP,6521,10.53,
1999yerel,18 Nisan 1999,80,Osmaniye,Mehmet Gürbüz,FP,15539,25.09,
1999yerel,18 Nisan 1999,80,Osmaniye,Alaaddin Ala,CHP,5111,8.25,
1999yerel,18 Nisan 1999,80,Osmaniye,Süleyman Başdoğan,DSP,3168,5.12,
1999yerel,18 Nisan 1999,80,Osmaniye,Millet Hüseyin Besen,ANAP,2627,4.24,
1999yerel,18 Nisan 1999,80,Osmaniye,Emrullah Şakar,HADEP,1775,2.87,
1999yerel,18 Nisan 1999,80,Osmaniye,Ali Koza,BBP,1025,1.66,
1999yerel,18 Nisan 1999,80,Osmaniye,Turhan Alibekiroğlu,DEMTP,468,0.76,
1999yerel,18 Nisan 1999,80,Osmaniye,Mustafa Sungur,MP92,188,0.3,
1999yerel,18 Nisan 1999,80,Osmaniye,Bahri Çolpan,BP,132,0.21,
1999yerel,18 Nisan 1999,80,Osmaniye,Mehmet Oktay Tanyeli,İP,108,0.17,
1999yerel,18 Nisan 1999,80,Osmaniye,Abdülkerim Gürbüz,YDP,23,0.04,
1999yerel,18 Nisan 1999,53,Rize,Abdulkadir Kart,FP,10134,29.06,
1999yerel,18 Nisan 1999,53,Rize,Hızır Hop,ANAP,15645,44.87,EVET
1999yerel,18 Nisan 1999,53,Rize,İbrahim Barış,DSP,1826,5.24,
1999yerel,18 Nisan 1999,53,Rize,Mahmut Şevket Tuzcuoğlu,DYP,1732,4.97,
1999yerel,18 Nisan 1999,53,Rize,Köksal Hapeloğlu,MHP,1690,4.85,
1999yerel,18 Nisan 1999,53,Rize,Selman Memişoğlu,CHP,871,2.5,
1999yerel,18 Nisan 1999,53,Rize,Ali Çemberci,BBP,218,0.63,
1999yerel,18 Nisan 1999,53,Rize,Osman Erdal Nurik,DEMTP,128,0.37,
1999yerel,18 Nisan 1999,53,Rize,Hasan Basri Ergüven,ÖDP,112,0.32,
1999yerel,18 Nisan 1999,56,Siirt,Mehmet Selim Özalp,HADEP,11546,38.62,EVET
1999yerel,18 Nisan 1999,56,Siirt,İzzettin İlçin,DYP,9055,30.29,
1999yerel,18 Nisan 1999,56,Siirt,Mehmet Fahri Çeliker,ANAP,2659,8.89,
1999yerel,18 Nisan 1999,56,Siirt,Mervan Gül,FP,2571,8.6,
1999yerel,18 Nisan 1999,56,Siirt,Ekrem Bilek,CHP,2316,7.75,
1999yerel,18 Nisan 1999,56,Siirt,Zeki Barın,DSP,777,2.6,
1999yerel,18 Nisan 1999,56,Siirt,Aslan Tükenmez,MHP,547,1.83,
1999yerel,18 Nisan 1999,56,Siirt,Mehmet Ayhan Özgen,DEMTP,257,0.86,
1999yerel,18 Nisan 1999,56,Siirt,Öner Ergenç,BBP,120,0.4,
1999yerel,18 Nisan 1999,56,Siirt,Nimet Özer,LDP,49,0.16,
1999yerel,18 Nisan 1999,55,Samsun,Yusuf Ziya Yılmaz,ANAP,48330,27.97,EVET
1999yerel,18 Nisan 1999,55,Samsun,Muzaffer Önder,CHP,42080,24.35,
1999yerel,18 Nisan 1999,55,Samsun,Cemal Yılmaz Demir,FP,37831,21.89,
1999yerel,18 Nisan 1999,55,Samsun,Metin Saraçoğlu,MHP,23543,13.63,
1999yerel,18 Nisan 1999,55,Samsun,Yalçın Yanar,DYP,13037,7.54,
1999yerel,18 Nisan 1999,55,Samsun,Hasan Tamalı,DEMTP,3322,1.92,
1999yerel,18 Nisan 1999,55,Samsun,Altan Biricik,BBP,1746,1.01,
1999yerel,18 Nisan 1999,55,Samsun,Selçuk Aksoy,ÖDP,1090,0.63,
1999yerel,18 Nisan 1999,55,Samsun,Yıldız Karalı,LDP,939,0.54,
1999yerel,18 Nisan 1999,55,Samsun,Nihat Semiz,MP92,333,0.19,
1999yerel,18 Nisan 1999,55,Samsun,Mahmut Sarıkaya,İP,299,0.17,
1999yerel,18 Nisan 1999,55,Samsun,Bilinmiyor,SİP,240,0.14,
1999yerel,18 Nisan 1999,63,Şanlıurfa,Mehmet Selçuk Polat,ANAP,9517,9.69,
1999yerel,18 Nisan 1999,63,Şanlıurfa,Ahmet Bahçivan,FP,39468,40.2,EVET
1999yerel,18 Nisan 1999,63,Şanlıurfa,Sabahattin Cevheri,DYP,16964,17.28,
1999yerel,18 Nisan 1999,63,Şanlıurfa,Bozan Yücel,HADEP,13891,14.15,
1999yerel,18 Nisan 1999,63,Şanlıurfa,Gaffari Arslan,MHP,5127,5.22,
1999yerel,18 Nisan 1999,63,Şanlıurfa,İbrahim Turgut,DSP,3221,3.28,
1999yerel,18 Nisan 1999,63,Şanlıurfa,İbrahim Okuyan,CHP,2124,2.16,
1999yerel,18 Nisan 1999,63,Şanlıurfa,Abdülkadir Karakeçili,DEMTP,2093,2.13,
1999yerel,18 Nisan 1999,63,Şanlıurfa,Mehmet Acı,BBP,1784,1.82,
1999yerel,18 Nisan 1999,63,Şanlıurfa,Ömer Hurma,MP92,416,0.42,
1999yerel,18 Nisan 1999,63,Şanlıurfa,Sabri Olgun,DEĞTP,279,0.28,
1999yerel,18 Nisan 1999,63,Şanlıurfa,Lütfi Çimen,İP,219,0.22,
1999yerel,18 Nisan 1999,63,Şanlıurfa,Şerif Kızılelma,YDP,213,0.22,
1999yerel,18 Nisan 1999,59,Tekirdağ,Osman Tabak,ANAP,15313,28.06,EVET
1999yerel,18 Nisan 1999,59,Tekirdağ,Tufan Yıldırım,DYP,9948,18.23,
1999yerel,18 Nisan 1999,59,Tekirdağ,Melih Foçalıgil,CHP,2968,5.44,
1999yerel,18 Nisan 1999,59,Tekirdağ,Engin Denizci,DSP,13292,24.36,
1999yerel,18 Nisan 1999,59,Tekirdağ,İsmet Destereci,MHP,5446,9.98,
1999yerel,18 Nisan 1999,59,Tekirdağ,Ahmet Aygün,FP,3597,6.59,
1999yerel,18 Nisan 1999,59,Tekirdağ,Zeynel İren,DEMTP,678,1.24,
1999yerel,18 Nisan 1999,59,Tekirdağ,Aydemir Özanlı,HADEP,586,1.07,
1999yerel,18 Nisan 1999,59,Tekirdağ,Turgut Erdem,ÖDP,444,0.81,
1999yerel,18 Nisan 1999,59,Tekirdağ,İsmet Şani,BBP,161,0.3,
1999yerel,18 Nisan 1999,59,Tekirdağ,Sevda Gencer,İP,48,0.09,
1999yerel,18 Nisan 1999,59,Tekirdağ,Mehmet Melekenoğlu,YDP,36,0.07,
1999yerel,18 Nisan 1999,58,Sivas,Turan Uygun,DYP,4235,3.68,
1999yerel,18 Nisan 1999,58,Sivas,Osman Seçilmiş,FP,46154,40.12,EVET
1999yerel,18 Nisan 1999,58,Sivas,Ömer Osman İlbeyoğlu,ANAP,2442,2.12,
1999yerel,18 Nisan 1999,58,Sivas,İlhan Bayar,BBP,34019,29.58,
1999yerel,18 Nisan 1999,58,Sivas,Naki Hocaoğlu,MHP,12620,10.97,
1999yerel,18 Nisan 1999,58,Sivas,Metin Karadeniz,CHP,6946,6.04,
1999yerel,18 Nisan 1999,58,Sivas,Sadık Yıldırım,DSP,5314,4.62,
1999yerel,18 Nisan 1999,58,Sivas,Erdem Özden,ÖDP,718,0.62,
1999yerel,18 Nisan 1999,58,Sivas,Ali Aktaş,MP92,423,0.37,
1999yerel,18 Nisan 1999,58,Sivas,Selahattin Çaşkurlu,DEMTP,372,0.32,
1999yerel,18 Nisan 1999,58,Sivas,Gazi Karakuş,LDP,150,0.13,
1999yerel,18 Nisan 1999,61,Trabzon,İskender Önal,ANAP,26595,28.47,
1999yerel,18 Nisan 1999,61,Trabzon,Asım Aykan,FP,29591,31.68,EVET
1999yerel,18 Nisan 1999,61,Trabzon,Halim Uğur Şatıroğlu,DYP,3741,4.01,
1999yerel,18 Nisan 1999,61,Trabzon,Sibel Suiçmez,DSP,10641,11.39,
1999yerel,18 Nisan 1999,61,Trabzon,Yaşar Keskin,MHP,9529,10.2,
1999yerel,18 Nisan 1999,61,Trabzon,Müslüm Tokgöz,CHP,4659,4.99,
1999yerel,18 Nisan 1999,61,Trabzon,Ali Karpuzoğlu,BBP,432,0.46,
1999yerel,18 Nisan 1999,61,Trabzon,Ali Kuluğ,ÖDP,392,0.42,
1999yerel,18 Nisan 1999,61,Trabzon,Şenol Demet,MP92,206,0.22,
1999yerel,18 Nisan 1999,61,Trabzon,Yüksel Kalaycı,DEĞTP,141,0.15,
1999yerel,18 Nisan 1999,61,Trabzon,Sedat Bozkurt,LDP,138,0.15,
1999yerel,18 Nisan 1999,61,Trabzon,Mehmet Bayraktar,İP,121,0.13,
1999yerel,18 Nisan 1999,62,Tunceli,Hasan Korkmaz,CHP,2513,25.57,EVET
1999yerel,18 Nisan 1999,62,Tunceli,Musa Kullu,HADEP,2436,24.79,
1999yerel,18 Nisan 1999,62,Tunceli,Metin Turan,EMEP,1447,14.72,
1999yerel,18 Nisan 1999,62,Tunceli,Kazım Kaya,BP,1199,12.2,
1999yerel,18 Nisan 1999,62,Tunceli,Seyfi Kılıç,DYP,853,8.68,
1999yerel,18 Nisan 1999,62,Tunceli,İbrahim Aşkın,DSP,505,5.14,
1999yerel,18 Nisan 1999,62,Tunceli,Ali Demir,FP,496,5.05,
1999yerel,18 Nisan 1999,62,Tunceli,Talat Esmer,MHP,157,1.6,
1999yerel,18 Nisan 1999,62,Tunceli,Hüsniye Güney,ANAP,102,1.04,
1999yerel,18 Nisan 1999,62,Tunceli,Nazım Ataş,İP,75,0.76,
1999yerel,18 Nisan 1999,62,Tunceli,Emine Demirbaş,DEMTP,45,0.46,
1999yerel,18 Nisan 1999,57,Sinop,Hamza İnce,ANAP,3721,23.37,EVET
1999yerel,18 Nisan 1999,57,Sinop,Zeki Yılmazer,Bağımsız,3691,23.18,
1999yerel,18 Nisan 1999,57,Sinop,Ali Karagülle,CHP,2690,16.89,
1999yerel,18 Nisan 1999,57,Sinop,Basri Koç,DSP,1947,12.23,
1999yerel,18 Nisan 1999,57,Sinop,Rasim Akliman,MHP,1769,11.11,
1999yerel,18 Nisan 1999,57,Sinop,Hikmet Karaduman,DYP,1141,7.17,
1999yerel,18 Nisan 1999,57,Sinop,Gültekin Çetin,FP,428,2.69,
1999yerel,18 Nisan 1999,57,Sinop,Recep Özcan,DEMTP,378,2.37,
1999yerel,18 Nisan 1999,57,Sinop,Hidayet Uysal,İP,40,0.25,
1999yerel,18 Nisan 1999,65,Van,Şahabettin Özarslaner,HADEP,32404,43.74,EVET
1999yerel,18 Nisan 1999,65,Van,Aydın Talay,FP,24678,33.31,
1999yerel,18 Nisan 1999,65,Van,Ahmet Çayırlı,MHP,3343,4.51,
1999yerel,18 Nisan 1999,65,Van,Selahaddin Direk,DYP,3114,4.2,
1999yerel,18 Nisan 1999,65,Van,İbrahim Ekmekçi,DSP,2712,3.66,
1999yerel,18 Nisan 1999,65,Van,İbrahim Sungur,ANAP,2472,3.34,
1999yerel,18 Nisan 1999,65,Van,Abdullah Bayram,CHP,1510,2.04,
1999yerel,18 Nisan 1999,65,Van,Halis Bayramoğlu,BBP,964,1.3,
1999yerel,18 Nisan 1999,65,Van,İzzet Kütükoğlu,MP92,624,0.84,
1999yerel,18 Nisan 1999,65,Van,Tayyip Kızılyıldız,DvBP,419,0.57,
1999yerel,18 Nisan 1999,65,Van,Celal Gümüşkaya,LDP,210,0.28,
1999yerel,18 Nisan 1999,65,Van,Aydın Erdemiş,İP,166,0.22,
1999yerel,18 Nisan 1999,77,Yalova,Yakup Bilgin Koçal,ANAP,10690,24.3,EVET
1999yerel,18 Nisan 1999,77,Yalova,Temel Coşkun,FP,8881,20.19,
1999yerel,18 Nisan 1999,77,Yalova,Nurullah Yılmaz,DSP,7440,16.91,
1999yerel,18 Nisan 1999,77,Yalova,İbrahim Uzun,DYP,7079,16.09,
1999yerel,18 Nisan 1999,77,Yalova,Cengiz Koçal,CHP,4993,11.35,
1999yerel,18 Nisan 1999,77,Yalova,Sinan Bozoğlu,MHP,3100,7.05,
1999yerel,18 Nisan 1999,77,Yalova,Emine Benli,HADEP,971,2.21,
1999yerel,18 Nisan 1999,77,Yalova,Ömer Sağlam,BBP,278,0.63,
1999yerel,18 Nisan 1999,77,Yalova,Fikret Karacan,ÖDP,239,0.54,
1999yerel,18 Nisan 1999,77,Yalova,Semiha Özgür,BP,127,0.29,
1999yerel,18 Nisan 1999,77,Yalova,Ramazan Baydoğan,YDP,109,0.25,
1999yerel,18 Nisan 1999,77,Yalova,İlyas Levent,İP,87,0.2,
1999yerel,18 Nisan 1999,66,Yozgat,Salih Aplak,DYP,1131,4.15,
1999yerel,18 Nisan 1999,66,Yozgat,Mehmet Erdemir,MHP,10687,39.25,EVET
1999yerel,18 Nisan 1999,66,Yozgat,Yusuf Başer,FP,6033,22.16,
1999yerel,18 Nisan 1999,66,Yozgat,Aslan Adanur,DEMTP,198,0.73,
1999yerel,18 Nisan 1999,66,Yozgat,Tahsin Fırat Çeliker,ANAP,3569,13.11,
1999yerel,18 Nisan 1999,66,Yozgat,Hayrullah Başer,MP92,2688,9.87,
1999yerel,18 Nisan 1999,66,Yozgat,Kubilay Duygu,BBP,875,3.21,
1999yerel,18 Nisan 1999,66,Yozgat,Yakup Nurdoğdu,DSP,674,2.48,
1999yerel,18 Nisan 1999,66,Yozgat,Halit Tanrıverdi,CHP,477,1.75,
1999yerel,18 Nisan 1999,66,Yozgat,Mustafa Kılıçaslan,İP,29,0.11,
1999yerel,18 Nisan 1999,67,Zonguldak,İsmail Eşref,DSP,30534,43.93,EVET
1999yerel,18 Nisan 1999,67,Zonguldak,Secaattin Gonca,DYP,5534,7.96,
1999yerel,18 Nisan 1999,67,Zonguldak,Ali Bektaş,CHP,5303,7.63,
1999yerel,18 Nisan 1999,67,Zonguldak,Şahin Kalça,FP,4804,6.91,
1999yerel,18 Nisan 1999,67,Zonguldak,Muhteşem Güven,MHP,4555,6.55,
1999yerel,18 Nisan 1999,67,Zonguldak,Etem Malkoç,ANAP,3879,5.58,
1999yerel,18 Nisan 1999,67,Zonguldak,Arif Yeşiltepe,ÖDP,462,0.66,
1999yerel,18 Nisan 1999,67,Zonguldak,Resul Yavuz,BBP,385,0.55,
1999yerel,18 Nisan 1999,67,Zonguldak,Fahri Konmuş,LDP,136,0.2,
1999yerel,18 Nisan 1999,67,Zonguldak,Emine Demir,MP92,117,0.17,
1999yerel,18 Nisan 1999,67,Zonguldak,Niyazi Işık,İP,116,0.17,
1999yerel,18 Nisan 1999,67,Zonguldak,Urgay Çimen,SİP,70,0.1,
1999yerel,18 Nisan 1999,67,Zonguldak,Hüseyin Ercan,YDP,40,0.06,
1999yerel,18 Nisan 1999,64,Uşak,Hilmi Yeşilçiçek,ANAP,5445,7.77,
1999yerel,18 Nisan 1999,64,Uşak,Ali Erdoğan,MHP,26615,37.97,EVET
1999yerel,18 Nisan 1999,64,Uşak,Ender Karagül,DSP,13007,18.56,
1999yerel,18 Nisan 1999,64,Uşak,Fuat Yılmaz,CHP,9238,13.18,
1999yerel,18 Nisan 1999,64,Uşak,Erhan Akçay,DYP,6310,9.0,
1999yerel,18 Nisan 1999,64,Uşak,Ömer Dinler,FP,4908,7.0,
1999yerel,18 Nisan 1999,64,Uşak,Zafer Yülüklü,DEMTP,1563,2.23,
1999yerel,18 Nisan 1999,64,Uşak,Mehmet Çetin,ÖDP,891,1.27,
1999yerel,18 Nisan 1999,64,Uşak,Hüseyin İmamoğlu,BBP,502,0.72,
1999yerel,18 Nisan 1999,64,Uşak,Mustafa Yeldanlı,Bağımsız,294,0.42,
1999yerel,18 Nisan 1999,64,Uşak,Ziyaettin Yılmaz,İP,168,0.24,
1999yerel,18 Nisan 1999,73,Şırnak,Mehmet Beşir Tatar,DYP,3315,28.78,
1999yerel,18 Nisan 1999,73,Şırnak,Sait Namdar,ANAP,3788,32.89,EVET
1999yerel,18 Nisan 1999,73,Şırnak,Cengizhan Uysal,DSP,1975,17.15,
1999yerel,18 Nisan 1999,73,Şırnak,Mehmet Sıddık Balkan,CHP,1107,9.61,
1999yerel,18 Nisan 1999,73,Şırnak,Adnan Tatar,FP,512,4.45,
1999yerel,18 Nisan 1999,73,Şırnak,Melkan Uysal,DEMTP,177,1.54,
1999yerel,18 Nisan 1999,60,Tokat,Nizamettin Aydın,FP,15594,29.87,EVET
1999yerel,18 Nisan 1999,60,Tokat,Gürsel Somuncu,BBP,5272,10.1,
1999yerel,18 Nisan 1999,60,Tokat,Hüdayi Sayıbaş,ANAP,5585,10.7,
1999yerel,18 Nisan 1999,60,Tokat,Mustafa Alan,DYP,3051,5.84,
1999yerel,18 Nisan 1999,60,Tokat,Ali Galip Füsunoğlu,CHP,2912,5.58,
1999yerel,18 Nisan 1999,60,Tokat,İzzet Şahin,MHP,13295,25.47,
1999yerel,18 Nisan 1999,60,Tokat,Mehmet Akif Cerit,DSP,2441,4.68,
1999yerel,18 Nisan 1999,60,Tokat,Bedri Ünlü,DEMTP,223,0.43,
1999yerel,18 Nisan 1999,60,Tokat,Hasan Yılmaz,MP92,166,0.32,
1999yerel,18 Nisan 1999,60,Tokat,Yusuf İpek,ÖDP,133,0.25,
1999yerel,18 Nisan 1999,31,Hatay,İris Şengül Şentürk,CHP,17265,19.14,EVET
1999yerel,18 Nisan 1999,31,Hatay,Bekir Karabacak,ANAP,16493,18.29,
1999yerel,18 Nisan 1999,31,Hatay,Aytaç Kınay,DYP,6906,7.66,
1999yerel,18 Nisan 1999,31,Hatay,Selahattin Altınöz,BP,784,0.87,
1999yerel,18 Nisan 1999,31,Hatay,Sadullah Ergin,FP,13278,14.72,
1999yerel,18 Nisan 1999,31,Hatay,Mehmet Kalkan,MHP,9434,10.46,
1999yerel,18 Nisan 1999,31,Hatay,Mehmet Kahramanoğulları,DSP,2029,2.25,
1999yerel,18 Nisan 1999,31,Hatay,Musa Konak,DEMTP,732,0.81,
1999yerel,18 Nisan 1999,31,Hatay,Fatoş Yener,HADEP,481,0.53,
1999yerel,18 Nisan 1999,31,Hatay,Mehmet Çolak,ÖDP,368,0.41,
1999yerel,18 Nisan 1999,31,Hatay,Ali Aslan,İP,61,0.07,
1999yerel,18 Nisan 1999,31,Hatay,Bilinmiyor,DEĞTP,47,0.05,
1999yerel,18 Nisan 1999,31,Hatay,Bilinmiyor,YDP,37,0.04,
1999yerel,18 Nisan 1999,31,Hatay,Bilinmiyor,DP,10,0.01,
1999yerel,18 Nisan 1999,31,Hatay,Cavide Alçın,EMEP,9,0.01,
1999yerel,18 Nisan 1999,31,Hatay,Bilinmiyor,MP92,7,0.01,
1999yerel,18 Nisan 1999,31,Hatay,Ahmet Çağlar,BBP,3,0.0,
1999yerel,18 Nisan 1999,31,Hatay,Bilinmiyor,LDP,1,0.0,
1999yerel,18 Nisan 1999,54,Sakarya,Aziz Duran,FP,36678,30.09,EVET
1999yerel,18 Nisan 1999,54,Sakarya,Duygu Atasoy,DYP,7733,6.34,
1999yerel,18 Nisan 1999,54,Sakarya,Erkal Etçioğlu,ANAP,14171,11.63,
1999yerel,18 Nisan 1999,54,Sakarya,Ünal Ozan,CHP,18921,15.52,
1999yerel,18 Nisan 1999,54,Sakarya,Ahmet Çubuk,DSP,12877,10.56,
1999yerel,18 Nisan 1999,54,Sakarya,Orhan Ünver,MHP,10056,8.25,
1999yerel,18 Nisan 1999,54,Sakarya,Ali Şimşek,BBP,561,0.46,
1999yerel,18 Nisan 1999,54,Sakarya,Hüseyin Genç,ÖDP,290,0.24,
1999yerel,18 Nisan 1999,54,Sakarya,Salih Kızılkaya,DEMTP,266,0.22,
1999yerel,18 Nisan 1999,54,Sakarya,Kayhan Ünüvar,BP,189,0.16,
1999yerel,18 Nisan 1999,54,Sakarya,Sabri Deşiş,İP,147,0.12,
1999yerel,18 Nisan 1999,54,Sakarya,Aydın Arslan,MP92,144,0.12,
1999yerel,18 Nisan 1999,54,Sakarya,Kenan Candar,YDP,127,0.1,
1999yerel,18 Nisan 1999,54,Sakarya,Kızbes Aydın,EMEP,76,0.06,
1994yerel,27 Mart 1994,4,Ağrı,Zeki Başaran,RP,6138,31.05,EVET
1994yerel,27 Mart 1994,4,Ağrı,Kemal Yıldırım,ANAP,4241,21.45,
1994yerel,27 Mart 1994,4,Ağrı,Nizamettin Gökçe,MHP,2726,13.79,
1994yerel,27 Mart 1994,4,Ağrı,Kerim Yıldız,SHP,2678,13.55,
1994yerel,27 Mart 1994,4,Ağrı,Fevzi Bulut,CHP,2285,11.56,
1994yerel,27 Mart 1994,4,Ağrı,İsmet Hilmi Balcı,DYP,1586,8.02,
1994yerel,27 Mart 1994,4,Ağrı,Gültekin Kaya,İP,114,0.58,
1994yerel,27 Mart 1994,3,Afyonkarahisar,Erdal Akar,ANAP,19716,32.69,EVET
1994yerel,27 Mart 1994,3,Afyonkarahisar,Refik Gürel,SHP,1470,2.44,
1994yerel,27 Mart 1994,3,Afyonkarahisar,Mehmet Sami Hancıoğlu,DYP,15324,25.41,
1994yerel,27 Mart 1994,3,Afyonkarahisar,Ali Telek,RP,8809,14.61,
1994yerel,27 Mart 1994,3,Afyonkarahisar,Yılmaz Kasap,MHP,3370,5.59,
1994yerel,27 Mart 1994,3,Afyonkarahisar,Bilal Karkuş,DSP,1856,3.08,
1994yerel,27 Mart 1994,3,Afyonkarahisar,Namık Aydeniz,CHP,714,1.18,
1994yerel,27 Mart 1994,3,Afyonkarahisar,Mehmet Gök,Bağımsız,317,0.53,
1994yerel,27 Mart 1994,3,Afyonkarahisar,Mevlüt Işık,BBP,225,0.37,
1994yerel,27 Mart 1994,3,Afyonkarahisar,Mehmet Emin Ertürk,MP92,215,0.36,
1994yerel,27 Mart 1994,3,Afyonkarahisar,Nazım Topçu,İP,61,0.1,
1994yerel,27 Mart 1994,5,Amasya,Süleyman Taşdemir,DYP,4175,12.6,
1994yerel,27 Mart 1994,5,Amasya,Arif Gündüz Türem,CHP,4063,12.27,
1994yerel,27 Mart 1994,5,Amasya,Cihan Sancak,SHP,2777,8.38,
1994yerel,27 Mart 1994,5,Amasya,Ömer Eliaçık,ANAP,6346,19.16,
1994yerel,27 Mart 1994,5,Amasya,Ahmet Çekin,MHP,6725,20.3,EVET
1994yerel,27 Mart 1994,5,Amasya,Ali Çetin,RP,5362,16.19,
1994yerel,27 Mart 1994,5,Amasya,Ali Kurt,BBP,720,2.17,
1994yerel,27 Mart 1994,5,Amasya,Sadi Kapçak,YDP,61,0.18,
1994yerel,27 Mart 1994,5,Amasya,Satılmış Hokka,İP,55,0.17,
1994yerel,27 Mart 1994,6,Ankara,İbrahim Melih Gökçek,RP,393623,27.36,EVET
1994yerel,27 Mart 1994,6,Ankara,Korel Göymen,SHP,387152,26.91,
1994yerel,27 Mart 1994,6,Ankara,Rüştü Yüce,ANAP,268519,18.66,
1994yerel,27 Mart 1994,6,Ankara,Kemal Çevik,DYP,119824,8.33,
1994yerel,27 Mart 1994,6,Ankara,Ömer Faruk Sırakaya,DSP,111740,7.77,
1994yerel,27 Mart 1994,6,Ankara,Hüseyin Cevizoğlu,MHP,104304,7.25,
1994yerel,27 Mart 1994,6,Ankara,Ali Dinçer,CHP,30082,2.09,
1994yerel,27 Mart 1994,6,Ankara,Yusuf Okumuş,BBP,8649,0.6,
1994yerel,27 Mart 1994,6,Ankara,Tahsin Serdaroğlu,MP92,5727,0.4,
1994yerel,27 Mart 1994,6,Ankara,Ülkü Orbay,SBP,3413,0.24,
1994yerel,27 Mart 1994,6,Ankara,Hasan Yalçın,İP,3023,0.21,
1994yerel,27 Mart 1994,6,Ankara,Ahmet Kodal,YDP,2756,0.19,
1994yerel,27 Mart 1994,68,Aksaray,Beyhan Gürün,DYP,2129,4.17,
1994yerel,27 Mart 1994,68,Aksaray,İsmet Sarı,SHP,2206,4.32,
1994yerel,27 Mart 1994,68,Aksaray,Ahmet Er,RP,9625,18.86,EVET
1994yerel,27 Mart 1994,68,Aksaray,Refik Karabatak,ANAP,6658,13.05,
1994yerel,27 Mart 1994,68,Aksaray,Memiş Akın,CHP,9083,17.8,
1994yerel,27 Mart 1994,68,Aksaray,Yasin Köse,MHP,8762,17.17,
1994yerel,27 Mart 1994,68,Aksaray,Mehmet Özdemir,BBP,4026,7.89,
1994yerel,27 Mart 1994,68,Aksaray,Ali Ünal,MP92,267,0.52,
1994yerel,27 Mart 1994,68,Aksaray,Üzeyir Taktuk,YDP,96,0.19,
1994yerel,27 Mart 1994,68,Aksaray,Süleyman Yörük,İP,78,0.15,
1994yerel,27 Mart 1994,7,Antalya,Hasan Subaşı,DYP,71325,33.21,EVET
1994yerel,27 Mart 1994,7,Antalya,Oktay Öner,ANAP,40895,19.04,
1994yerel,27 Mart 1994,7,Antalya,Erdem Arman,CHP,22164,10.32,
1994yerel,27 Mart 1994,7,Antalya,Turhan Atasever,MHP,20717,9.65,
1994yerel,27 Mart 1994,7,Antalya,Beltan Göksel,RP,19442,9.05,
1994yerel,27 Mart 1994,7,Antalya,Özcan Uçar,SHP,18382,8.56,
1994yerel,27 Mart 1994,7,Antalya,Ahmet Sancar Sayın,DSP,18351,8.54,
1994yerel,27 Mart 1994,7,Antalya,İsmail Duygulu,SBP,840,0.39,
1994yerel,27 Mart 1994,7,Antalya,Muttalip Uslu,MP92,796,0.37,
1994yerel,27 Mart 1994,7,Antalya,Ali Baki Sarıca,BBP,641,0.3,
1994yerel,27 Mart 1994,7,Antalya,Mehmet Asım Atay,YDP,621,0.29,
1994yerel,27 Mart 1994,7,Antalya,Bayram Atasoy,İP,601,0.28,
1994yerel,27 Mart 1994,75,Ardahan,Mikail Kayatürk,DYP,1528,26.59,EVET
1994yerel,27 Mart 1994,75,Ardahan,Salih Aktürk,SHP,1099,19.13,
1994yerel,27 Mart 1994,75,Ardahan,Teoman Güngör,CHP,973,16.93,
1994yerel,27 Mart 1994,75,Ardahan,Şefik Öktem,ANAP,915,15.92,
1994yerel,27 Mart 1994,75,Ardahan,Mustafa Yılmaz,DP,616,10.72,
1994yerel,27 Mart 1994,75,Ardahan,Fevzi Yılmaz,DSP,292,5.08,
1994yerel,27 Mart 1994,75,Ardahan,Sürmeli Yıldız,RP,199,3.46,
1994yerel,27 Mart 1994,75,Ardahan,Adil Aksoy,MHP,114,1.98,
1994yerel,27 Mart 1994,75,Ardahan,Şenel Gökçe,İP,10,0.17,
1994yerel,27 Mart 1994,1,Adana,Aytaç Durak,ANAP,126829,31.52,EVET
1994yerel,27 Mart 1994,1,Adana,Mehmet Selahattin Çolak,SHP,70121,17.43,
1994yerel,27 Mart 1994,1,Adana,Şitai Çığ,DSP,53636,13.33,
1994yerel,27 Mart 1994,1,Adana,Polat Sabancı,DYP,45434,11.29,
1994yerel,27 Mart 1994,1,Adana,İbrahim Ertan Yülek,RP,44709,11.11,
1994yerel,27 Mart 1994,1,Adana,Hasan Şimşek,MHP,34034,8.46,
1994yerel,27 Mart 1994,1,Adana,Kazım Çetin,CHP,20480,5.09,
1994yerel,27 Mart 1994,1,Adana,Ali Turan,Bağımsız,2225,0.55,
1994yerel,27 Mart 1994,1,Adana,Yaşar Gökoğlu,SBP,1167,0.29,
1994yerel,27 Mart 1994,1,Adana,Ferit Işık,İP,1036,0.26,
1994yerel,27 Mart 1994,1,Adana,Şükrü Işık,BBP,1016,0.25,
1994yerel,27 Mart 1994,1,Adana,İdris Taşpınar,MP92,967,0.24,
1994yerel,27 Mart 1994,1,Adana,Mehmet Ceylan,YDP,713,0.18,
1994yerel,27 Mart 1994,10,Balıkesir,Selçuk Kabakçı,ANAP,24132,23.23,
1994yerel,27 Mart 1994,10,Balıkesir,Sami Gökdeniz,DYP,29865,28.75,EVET
1994yerel,27 Mart 1994,10,Balıkesir,Cengiz Yücel Özek,RP,13891,13.37,
1994yerel,27 Mart 1994,10,Balıkesir,Tarık Tüze,DSP,7623,7.34,
1994yerel,27 Mart 1994,10,Balıkesir,Feridun&nbsp;YükselirMustafa Kurtay,Bağımsız,7315,7.04,
1994yerel,27 Mart 1994,10,Balıkesir,Mehmet Kaya,SHP,7068,6.8,
1994yerel,27 Mart 1994,10,Balıkesir,Önder Kırlı,CHP,6088,5.86,
1994yerel,27 Mart 1994,10,Balıkesir,Rahmi Göçer,MHP,4289,4.13,
1994yerel,27 Mart 1994,10,Balıkesir,Kaya Ovacık,DP,890,0.86,
1994yerel,27 Mart 1994,10,Balıkesir,Mehmet Avcıoğlu,BBP,661,0.64,
1994yerel,27 Mart 1994,10,Balıkesir,Necati Ağralı,İP,546,0.53,
1994yerel,27 Mart 1994,10,Balıkesir,Gürel Ercan,YDP,357,0.34,
1994yerel,27 Mart 1994,74,Bartın,Mehmet Oğuz Pir,ANAP,5430,30.04,EVET
1994yerel,27 Mart 1994,74,Bartın,Rufi Yılmaz,DYP,2996,16.58,
1994yerel,27 Mart 1994,74,Bartın,Hüseyin Fahri Fırıncıoğlu,Bağımsız,3949,21.85,
1994yerel,27 Mart 1994,74,Bartın,Metin Ulukavak,SHP,2275,12.59,
1994yerel,27 Mart 1994,74,Bartın,Sinan Öztabak,RP,1240,6.86,
1994yerel,27 Mart 1994,74,Bartın,Ahmet Altındal,DSP,789,4.37,
1994yerel,27 Mart 1994,74,Bartın,Adnan Balta,MHP,619,3.42,
1994yerel,27 Mart 1994,74,Bartın,Şeref Yıldız,CHP,322,1.78,
1994yerel,27 Mart 1994,74,Bartın,Bilinmiyor,BBP,95,0.53,
1994yerel,27 Mart 1994,74,Bartın,Ali Osman İnce,İP,43,0.24,
1994yerel,27 Mart 1994,72,Batman,Salih Gök,RP,14058,34.01,EVET
1994yerel,27 Mart 1994,72,Batman,Ataullah Hamidi,ANAP,13485,32.62,
1994yerel,27 Mart 1994,72,Batman,Faris Özdemir,DYP,10486,25.37,
1994yerel,27 Mart 1994,72,Batman,Nurettin Işık,SHP,1362,3.3,
1994yerel,27 Mart 1994,72,Batman,Aydın Biçici,YDP,690,1.67,
1994yerel,27 Mart 1994,72,Batman,Ekrem Direkçi,DP,622,1.5,
1994yerel,27 Mart 1994,72,Batman,Ali Can,MHP,483,1.17,
1994yerel,27 Mart 1994,72,Batman,Metin Aktaş,İP,149,0.36,
1994yerel,27 Mart 1994,11,Bilecik,Refik Kaya,ANAP,3021,24.79,
1994yerel,27 Mart 1994,11,Bilecik,Mustafa Cinoğlu,DYP,3132,25.7,EVET
1994yerel,27 Mart 1994,11,Bilecik,Akın Olcay,SHP,2250,18.46,
1994yerel,27 Mart 1994,11,Bilecik,Tayfur Ün,CHP,1386,11.37,
1994yerel,27 Mart 1994,11,Bilecik,Atıf Bilir,RP,1238,10.16,
1994yerel,27 Mart 1994,11,Bilecik,İsmail Çetin,DSP,419,3.44,
1994yerel,27 Mart 1994,11,Bilecik,Bedri Şirin,MHP,332,2.72,
1994yerel,27 Mart 1994,11,Bilecik,Nihat Sürücü,İP,16,0.13,
1994yerel,27 Mart 1994,69,Bayburt,Yavuz Şahin,RP,3132,27.48,EVET
1994yerel,27 Mart 1994,69,Bayburt,İlhami Tuluk,MHP,2214,19.42,
1994yerel,27 Mart 1994,69,Bayburt,Hasan Timur,ANAP,2666,23.39,
1994yerel,27 Mart 1994,69,Bayburt,Ali Bilen,DYP,2026,17.77,
1994yerel,27 Mart 1994,69,Bayburt,Muhsin Karakahyası,SHP,622,5.46,
1994yerel,27 Mart 1994,69,Bayburt,Bilinmiyor,BBP,124,1.09,
1994yerel,27 Mart 1994,69,Bayburt,Yakup Yalçın,İP,11,0.1,
1994yerel,27 Mart 1994,9,Aydın,Soner Çetin,DYP,16768,25.07,
1994yerel,27 Mart 1994,9,Aydın,Rauf Değirmenci,SHP,5400,8.07,
1994yerel,27 Mart 1994,9,Aydın,Hüseyin Aksu,ANAP,17083,25.54,EVET
1994yerel,27 Mart 1994,9,Aydın,Salih Vural,DP,429,0.64,
1994yerel,27 Mart 1994,9,Aydın,Sema Pişkinsüt,CHP,11162,16.69,
1994yerel,27 Mart 1994,9,Aydın,Ahmet Rıza Acar,RP,7532,11.26,
1994yerel,27 Mart 1994,9,Aydın,Yüksel Telli,MHP,2499,3.74,
1994yerel,27 Mart 1994,9,Aydın,Mustafa Raşit Başkoru,DSP,2263,3.38,
1994yerel,27 Mart 1994,9,Aydın,Bünyamin Esen,BBP,275,0.41,
1994yerel,27 Mart 1994,9,Aydın,Mehmet Pala,YDP,202,0.3,
1994yerel,27 Mart 1994,9,Aydın,Salih Şinasi Yeğen,MP92,115,0.17,
1994yerel,27 Mart 1994,9,Aydın,Haşim Kaya,SBP,113,0.17,
1994yerel,27 Mart 1994,9,Aydın,Vural Eraksoy,İP,87,0.13,
1994yerel,27 Mart 1994,14,Bolu,Necdet Gören,SHP,9069,24.97,EVET
1994yerel,27 Mart 1994,14,Bolu,Yusuf Yaman,ANAP,7756,21.35,
1994yerel,27 Mart 1994,14,Bolu,Saip Garipoğlu,DYP,6108,16.81,
1994yerel,27 Mart 1994,14,Bolu,Mehmet Güner,RP,5275,14.52,
1994yerel,27 Mart 1994,14,Bolu,İbrahim Kuyupınar,MHP,3671,10.11,
1994yerel,27 Mart 1994,14,Bolu,Erkan Tüzün,DSP,2907,8.0,
1994yerel,27 Mart 1994,14,Bolu,Yener Bandakçıoğlu,CHP,1350,3.72,
1994yerel,27 Mart 1994,14,Bolu,Oktay Esen,YDP,109,0.3,
1994yerel,27 Mart 1994,14,Bolu,Bayram Fındıkçı,İP,81,0.22,
1994yerel,27 Mart 1994,15,Burdur,Armağan İlci,SHP,7551,24.25,EVET
1994yerel,27 Mart 1994,15,Burdur,Uğur Şenses,DYP,7054,22.66,
1994yerel,27 Mart 1994,15,Burdur,Yurdanur Akay,DSP,5486,17.62,
1994yerel,27 Mart 1994,15,Burdur,Remzi Yanık,ANAP,4649,14.93,
1994yerel,27 Mart 1994,15,Burdur,Süleyman Arslan,RP,3918,12.59,
1994yerel,27 Mart 1994,15,Burdur,Ali Aksel,MHP,952,3.06,
1994yerel,27 Mart 1994,15,Burdur,Ali Nadir Erol,CHP,739,2.37,
1994yerel,27 Mart 1994,15,Burdur,Ali Zengin,BBP,457,1.47,
1994yerel,27 Mart 1994,15,Burdur,Veli Akşit,Bağımsız,281,0.9,
1994yerel,27 Mart 1994,15,Burdur,Mevlüt Baş,İP,45,0.14,
1994yerel,27 Mart 1994,16,Bursa,Erdem Saker,ANAP,144309,27.81,EVET
1994yerel,27 Mart 1994,16,Bursa,Teoman Özalp,DYP,122200,23.55,
1994yerel,27 Mart 1994,16,Bursa,Rıdvan Erkuş,RP,96113,18.52,
1994yerel,27 Mart 1994,16,Bursa,Ekrem Candeğer,DSP,94228,18.16,
1994yerel,27 Mart 1994,16,Bursa,Mithat Kırayoğlu,SHP,32313,6.23,
1994yerel,27 Mart 1994,16,Bursa,İbrahim Kurt,MHP,16160,3.11,
1994yerel,27 Mart 1994,16,Bursa,Şenay Özeray,CHP,5130,0.99,
1994yerel,27 Mart 1994,16,Bursa,Abdurrahman Önder,MP92,2184,0.42,
1994yerel,27 Mart 1994,16,Bursa,Ahmet Özkul,DP,1534,0.3,
1994yerel,27 Mart 1994,16,Bursa,Veysel Aşkın,BBP,1409,0.27,
1994yerel,27 Mart 1994,16,Bursa,Mehmet Akif Yalın,YDP,1305,0.25,
1994yerel,27 Mart 1994,16,Bursa,Mehmet Alanbel,İP,955,0.18,
1994yerel,27 Mart 1994,16,Bursa,Ayhan Yüksel,SBP,776,0.15,
1994yerel,27 Mart 1994,16,Bursa,Sami Yüksel,Bağımsız,301,0.06,
1994yerel,27 Mart 1994,17,Çanakkale,İsmail Özay,CHP,9943,28.53,EVET
1994yerel,27 Mart 1994,17,Çanakkale,Orhan Uğur,DYP,5559,15.95,
1994yerel,27 Mart 1994,17,Çanakkale,Mümin Kahraman,ANAP,7173,20.58,
1994yerel,27 Mart 1994,17,Çanakkale,Tamer Balçık,SHP,4094,11.75,
1994yerel,27 Mart 1994,17,Çanakkale,Rıdvan Üner,MHP,2865,8.22,
1994yerel,27 Mart 1994,17,Çanakkale,Turgut Çamer,DSP,1914,5.49,
1994yerel,27 Mart 1994,17,Çanakkale,Yalçın Öz,RP,1143,3.28,
1994yerel,27 Mart 1994,17,Çanakkale,Turgut Haskan,SBP,91,0.26,
1994yerel,27 Mart 1994,17,Çanakkale,Osman Ayhan,YDP,91,0.26,
1994yerel,27 Mart 1994,17,Çanakkale,Binnur Zuhat Yokuş,İP,48,0.14,
1994yerel,27 Mart 1994,12,Bingöl,Selahattin Aydar,RP,7712,39.98,EVET
1994yerel,27 Mart 1994,12,Bingöl,Selahattin Altunbay,DYP,3842,19.91,
1994yerel,27 Mart 1994,12,Bingöl,Selahattin Kaya,SHP,3632,18.83,
1994yerel,27 Mart 1994,12,Bingöl,Ahmet Budan,ANAP,2048,10.62,
1994yerel,27 Mart 1994,12,Bingöl,Reşit Özmen,MHP,1555,8.06,
1994yerel,27 Mart 1994,12,Bingöl,Muammer Çolakoğlu,BBP,241,1.25,
1994yerel,27 Mart 1994,12,Bingöl,Recep Yazıcı,DP,225,1.17,
1994yerel,27 Mart 1994,12,Bingöl,Düzgün Çaynak,İP,37,0.19,
1994yerel,27 Mart 1994,18,Çankırı,Ahmet Bukan,MHP,9138,35.46,EVET
1994yerel,27 Mart 1994,18,Çankırı,Raif Oktay,DYP,5973,23.18,
1994yerel,27 Mart 1994,18,Çankırı,Hilmi Astarlı,RP,5185,20.12,
1994yerel,27 Mart 1994,18,Çankırı,Mustafa Kale,ANAP,3483,13.52,
1994yerel,27 Mart 1994,18,Çankırı,İsmail Alaçam,SHP,700,2.72,
1994yerel,27 Mart 1994,18,Çankırı,Seyfettin Mahiroğlu,BBP,413,1.6,
1994yerel,27 Mart 1994,18,Çankırı,Kani Çağlar,DSP,409,1.59,
1994yerel,27 Mart 1994,18,Çankırı,Hayati Çağlayan,DP,235,0.91,
1994yerel,27 Mart 1994,18,Çankırı,Murat Demir,CHP,150,0.58,
1994yerel,27 Mart 1994,18,Çankırı,Hüseyin Erkul,YDP,43,0.17,
1994yerel,27 Mart 1994,18,Çankırı,Gülizar Kızılçeç,İP,42,0.16,
1994yerel,27 Mart 1994,21,Diyarbakır,Ahmet Bilgin,RP,31865,36.92,EVET
1994yerel,27 Mart 1994,21,Diyarbakır,Nurettin Dilek,ANAP,18826,21.81,
1994yerel,27 Mart 1994,21,Diyarbakır,İnayet Yaka,DYP,13691,15.86,
1994yerel,27 Mart 1994,21,Diyarbakır,Vahit Yiğit,SHP,12588,14.59,
1994yerel,27 Mart 1994,21,Diyarbakır,Fikri Aksay,MHP,3755,4.35,
1994yerel,27 Mart 1994,21,Diyarbakır,Nevzat Güven,CHP,1846,2.14,
1994yerel,27 Mart 1994,21,Diyarbakır,Bilinmiyor,Bağımsız,1837,2.13,
1994yerel,27 Mart 1994,21,Diyarbakır,Servet Kakı,YDP,674,0.78,
1994yerel,27 Mart 1994,21,Diyarbakır,Kenan Hamzaoğulları,BBP,672,0.78,
1994yerel,27 Mart 1994,21,Diyarbakır,Mehmet Bedri Gültekin,İP,548,0.63,
1994yerel,27 Mart 1994,22,Edirne,Hamdi Sedefçi,CHP,18595,31.26,EVET
1994yerel,27 Mart 1994,22,Edirne,Feyzullah Cihanser Erel,DYP,10211,17.16,
1994yerel,27 Mart 1994,22,Edirne,Zeki Geliş,ANAP,8961,15.06,
1994yerel,27 Mart 1994,22,Edirne,Sabri Taşkın,DSP,7267,12.22,
1994yerel,27 Mart 1994,22,Edirne,Nihat Altınöz,MHP,4911,8.26,
1994yerel,27 Mart 1994,22,Edirne,Bilgin Paçarız,SHP,4306,7.24,
1994yerel,27 Mart 1994,22,Edirne,Mustafa İriş,RP,4229,7.11,
1994yerel,27 Mart 1994,22,Edirne,Selim Solmaz,Bağımsız,655,1.1,
1994yerel,27 Mart 1994,22,Edirne,Hasan Erkovan,BBP,139,0.23,
1994yerel,27 Mart 1994,22,Edirne,Mahmut Sarıkaya,İP,114,0.19,
1994yerel,27 Mart 1994,22,Edirne,Ahmet Çolakoğlu,YDP,101,0.17,
1994yerel,27 Mart 1994,19,Çorum,Necdet Diken,ANAP,15830,23.3,
1994yerel,27 Mart 1994,19,Çorum,Arif Ersoy,RP,23121,34.02,EVET
1994yerel,27 Mart 1994,19,Çorum,Feridun AyvazoğluÇorum İl Seçim Kurulu'nun 07.03.1994 tarih ve 1994/10 sayılı kararı ile ölen SHP Çorum Belediye Başkan Adayı Turhan Kılıçcıoğlu'nun yerine aday olarak kabul edildi.,SHP,20982,30.88,
1994yerel,27 Mart 1994,19,Çorum,Mustafa Daldal,DYP,2826,4.16,
1994yerel,27 Mart 1994,19,Çorum,Fahri Azkur,MHP,1829,2.69,
1994yerel,27 Mart 1994,19,Çorum,Atilla Soyocak,DSP,1201,1.77,
1994yerel,27 Mart 1994,19,Çorum,Ertuğrul Akkaya,CHP,960,1.41,
1994yerel,27 Mart 1994,19,Çorum,Mahmut Atalay,BBP,715,1.05,
1994yerel,27 Mart 1994,19,Çorum,Rüstem Eren,Bağımsız,101,0.15,
1994yerel,27 Mart 1994,19,Çorum,Mehmet Patlar,İP,96,0.14,
1994yerel,27 Mart 1994,24,Erzincan,Naci Terzi,RP,7751,21.86,
1994yerel,27 Mart 1994,24,Erzincan,Bayram Turan Özdemir,SHP,5106,14.4,
1994yerel,27 Mart 1994,24,Erzincan,Osman Keskin,BBP,608,1.72,
1994yerel,27 Mart 1994,24,Erzincan,Talip Kaban,MHP,10765,30.37,EVET
1994yerel,27 Mart 1994,24,Erzincan,Adnan Ercan,ANAP,5510,15.54,
1994yerel,27 Mart 1994,24,Erzincan,Orhan Keskin,DYP,1580,4.46,
1994yerel,27 Mart 1994,24,Erzincan,Niyazi Ünsal,CHP,616,1.74,
1994yerel,27 Mart 1994,24,Erzincan,İbrahim Keskin,DSP,448,1.26,
1994yerel,27 Mart 1994,24,Erzincan,Hüseyin Çakan,İP,98,0.28,
1994yerel,27 Mart 1994,25,Erzurum,Ersan Gemalmaz,RP,41965,37.49,EVET
1994yerel,27 Mart 1994,25,Erzurum,Cezmi Polat,MHP,28370,25.34,
1994yerel,27 Mart 1994,25,Erzurum,Necati Güllülü,ANAP,23775,21.24,
1994yerel,27 Mart 1994,25,Erzurum,Atamer Yarol,DYP,9643,8.61,
1994yerel,27 Mart 1994,25,Erzurum,Muammer Cindilli,BBP,1978,1.77,
1994yerel,27 Mart 1994,25,Erzurum,Şemsettin Kalaycıoğlu,SHP,1838,1.64,
1994yerel,27 Mart 1994,25,Erzurum,Hüseyin Çelebioğlu,DSP,1516,1.35,
1994yerel,27 Mart 1994,25,Erzurum,Kemal İnandı,YDP,991,0.89,
1994yerel,27 Mart 1994,25,Erzurum,Lütfü Altınok,MP92,593,0.53,
1994yerel,27 Mart 1994,25,Erzurum,Abdülmecit Erdoğdu,CHP,575,0.51,
1994yerel,27 Mart 1994,25,Erzurum,Necati Bölükbaşı,DP,486,0.43,
1994yerel,27 Mart 1994,25,Erzurum,Veli Sıvaslı,İP,212,0.19,
1994yerel,27 Mart 1994,27,Gaziantep,Celal Doğan,SHP,70466,27.62,EVET
1994yerel,27 Mart 1994,27,Gaziantep,Kahraman Emmioğlu,RP,69817,27.37,
1994yerel,27 Mart 1994,27,Gaziantep,Ahmet Ata Aksu,ANAP,37042,14.52,
1994yerel,27 Mart 1994,27,Gaziantep,Ali Şahindal,DYP,26350,10.33,
1994yerel,27 Mart 1994,27,Gaziantep,Mehmet Ay,MHP,19067,7.47,
1994yerel,27 Mart 1994,27,Gaziantep,Coşkun Koçak,DSP,16534,6.48,
1994yerel,27 Mart 1994,27,Gaziantep,Esat Kaya Turgay,CHP,9866,3.87,
1994yerel,27 Mart 1994,27,Gaziantep,Fevzi Koçoğlu,BBP,1731,0.68,
1994yerel,27 Mart 1994,27,Gaziantep,Türkiz Türkmen,YDP,1366,0.54,
1994yerel,27 Mart 1994,27,Gaziantep,Sıtkı Kepkep,DP,1073,0.42,
1994yerel,27 Mart 1994,27,Gaziantep,Mehmet Emrullah Emrullahoğlu,MP92,1003,0.39,
1994yerel,27 Mart 1994,27,Gaziantep,Zeki Keskin,İP,798,0.31,
1994yerel,27 Mart 1994,28,Giresun,Mehmet Larçın,ANAP,10540,31.8,EVET
1994yerel,27 Mart 1994,28,Giresun,Mehmet Işık,SHP,9370,28.27,
1994yerel,27 Mart 1994,28,Giresun,İdris Günaydın,RP,6022,18.17,
1994yerel,27 Mart 1994,28,Giresun,Seçkin Aksoy,DYP,4080,12.31,
1994yerel,27 Mart 1994,28,Giresun,Mehmet Karamustafaoğlu,CHP,1234,3.72,
1994yerel,27 Mart 1994,28,Giresun,Ersun Bozali,DSP,826,2.49,
1994yerel,27 Mart 1994,28,Giresun,İbrahim Dizdar,MHP,706,2.13,
1994yerel,27 Mart 1994,28,Giresun,Hasan Gündoğan,BBP,311,0.94,
1994yerel,27 Mart 1994,28,Giresun,Aziz Koçal,İP,55,0.17,
1994yerel,27 Mart 1994,29,Gümüşhane,Naim Ağaç,DYP,3140,30.12,EVET
1994yerel,27 Mart 1994,29,Gümüşhane,Halil İbrahim Çetinkaya,ANAP,2203,21.13,
1994yerel,27 Mart 1994,29,Gümüşhane,Abdurrahman Ağaç,MHP,2098,20.12,
1994yerel,27 Mart 1994,29,Gümüşhane,Yalçın Kurt,RP,1917,18.39,
1994yerel,27 Mart 1994,29,Gümüşhane,Ahmet Soner Bilgiç,SHP,1048,10.05,
1994yerel,27 Mart 1994,29,Gümüşhane,Ali Doğan,İP,19,0.18,
1994yerel,27 Mart 1994,30,Hakkari,Abdurrahman Keskin,SHP,3490,34.99,EVET
1994yerel,27 Mart 1994,30,Hakkari,Fevzi Özbek,ANAP,2571,25.77,
1994yerel,27 Mart 1994,30,Hakkari,Ahmet Mühürdaroğlu,DYP,2406,24.12,
1994yerel,27 Mart 1994,30,Hakkari,Edip Gürsel Erol,RP,1464,14.68,
1994yerel,27 Mart 1994,30,Hakkari,Sait Karahan,İP,44,0.44,
1994yerel,27 Mart 1994,26,Eskişehir,Aydın Arat,DYP,52665,20.5,EVET
1994yerel,27 Mart 1994,26,Eskişehir,Sadi Nebrekli,DSP,52128,20.29,
1994yerel,27 Mart 1994,26,Eskişehir,Sadık Rıdvan Karluk,ANAP,49045,19.09,
1994yerel,27 Mart 1994,26,Eskişehir,Nihat Bilgiç,RP,35615,13.86,
1994yerel,27 Mart 1994,26,Eskişehir,Abdülkadir Adar,SHP,26984,10.5,
1994yerel,27 Mart 1994,26,Eskişehir,Zeki Ünal,CHP,21371,8.32,
1994yerel,27 Mart 1994,26,Eskişehir,Sabri Tetik,MHP,13131,5.11,
1994yerel,27 Mart 1994,26,Eskişehir,Sezai Aksoy,Bağımsız,2933,1.14,
1994yerel,27 Mart 1994,26,Eskişehir,Mehmet Emin Özdemir,MP92,930,0.36,
1994yerel,27 Mart 1994,26,Eskişehir,Osman Recep Dönmez,YDP,704,0.27,
1994yerel,27 Mart 1994,26,Eskişehir,Musa Eker,BBP,546,0.21,
1994yerel,27 Mart 1994,26,Eskişehir,Cemal Küçükbaş,SBP,438,0.17,
1994yerel,27 Mart 1994,26,Eskişehir,Memduh Canbey,İP,429,0.17,
1994yerel,27 Mart 1994,33,Mersin,Hüseyin Okan Merzeci,ANAP,65879,37.28,EVET
1994yerel,27 Mart 1994,33,Mersin,Ali Kaya Mutlu,SHP,41531,23.5,
1994yerel,27 Mart 1994,33,Mersin,Mehmet Reşit Gediz,DYP,19628,11.11,
1994yerel,27 Mart 1994,33,Mersin,Birman Türüt,RP,14184,8.03,
1994yerel,27 Mart 1994,33,Mersin,Yüksel Burkutoğlu,CHP,13972,7.91,
1994yerel,27 Mart 1994,33,Mersin,Hikmet Ergün,DSP,9817,5.56,
1994yerel,27 Mart 1994,33,Mersin,Cahit Tekelioğlu,MHP,9037,5.11,
1994yerel,27 Mart 1994,33,Mersin,Mircan Fırat,DP,842,0.48,
1994yerel,27 Mart 1994,33,Mersin,Yusuf Çelik,İP,591,0.33,
1994yerel,27 Mart 1994,33,Mersin,Cengiz Gür,BBP,481,0.27,
1994yerel,27 Mart 1994,33,Mersin,Süleyman Uysal,MP92,371,0.21,
1994yerel,27 Mart 1994,33,Mersin,Mehmet Ali Berber,YDP,365,0.21,
1994yerel,27 Mart 1994,34,İstanbul,Recep Tayyip Erdoğan,RP,973704,25.19,EVET
1994yerel,27 Mart 1994,34,İstanbul,İlhan Kesici,ANAP,855897,22.14,
1994yerel,27 Mart 1994,34,İstanbul,Ömer Zülfü Livaneli,SHP,784693,20.3,
1994yerel,27 Mart 1994,34,İstanbul,Bedrettin Dalan,DYP,597461,15.46,
1994yerel,27 Mart 1994,34,İstanbul,Necdet Özkan,DSP,478612,12.38,
1994yerel,27 Mart 1994,34,İstanbul,Ahmet Vefik Alp,MHP,72121,1.87,
1994yerel,27 Mart 1994,34,İstanbul,Ertuğrul Günay,CHP,54028,1.4,
1994yerel,27 Mart 1994,34,İstanbul,Ahmet Hamdi Turgut,BBP,13662,0.35,
1994yerel,27 Mart 1994,34,İstanbul,Mustafa Ferit Edibali,MP92,12294,0.32,
1994yerel,27 Mart 1994,34,İstanbul,Hasan Celal Güzel,YDP,7979,0.21,
1994yerel,27 Mart 1994,34,İstanbul,Arslan Başer Kafaoğlu,SBP,7075,0.18,
1994yerel,27 Mart 1994,34,İstanbul,Arslan Kılıç,İP,5215,0.13,
1994yerel,27 Mart 1994,34,İstanbul,*,Bağımsız,2388,0.06,
1994yerel,27 Mart 1994,32,Isparta,Mehmet Aybatılı,DYP,23845,36.39,EVET
1994yerel,27 Mart 1994,32,Isparta,Ziya Zeynelgil,ANAP,12732,19.43,
1994yerel,27 Mart 1994,32,Isparta,Birol Tortop,RP,11547,17.62,
1994yerel,27 Mart 1994,32,Isparta,Mustafa Artan,MHP,11498,17.55,
1994yerel,27 Mart 1994,32,Isparta,Necdet Halıcı,SHP,2910,4.44,
1994yerel,27 Mart 1994,32,Isparta,Tamer Tokuç,CHP,875,1.34,
1994yerel,27 Mart 1994,32,Isparta,Erdoğan Yeşilyayla,BBP,624,0.95,
1994yerel,27 Mart 1994,32,Isparta,Mehmet Ali Tüfekli,İP,168,0.26,
1994yerel,27 Mart 1994,46,Kahramanmaraş,Fatih Mehmet Gemci,DYP,17422,18.15,
1994yerel,27 Mart 1994,46,Kahramanmaraş,Hacı Ali Özal,ANAP,28739,29.93,
1994yerel,27 Mart 1994,46,Kahramanmaraş,Ali Sezal,RP,29040,30.25,EVET
1994yerel,27 Mart 1994,46,Kahramanmaraş,Muharrem Erantepli,BBP,2256,2.35,
1994yerel,27 Mart 1994,46,Kahramanmaraş,Edip Özbaş,MHP,6310,6.57,
1994yerel,27 Mart 1994,46,Kahramanmaraş,Alaaddin Çiftarslan,SHP,2336,2.43,
1994yerel,27 Mart 1994,46,Kahramanmaraş,Cahit Baştürk,DSP,911,0.95,
1994yerel,27 Mart 1994,46,Kahramanmaraş,Yurdaer Karpuzoğlu,CHP,442,0.46,
1994yerel,27 Mart 1994,46,Kahramanmaraş,Mehmet Gölcü,MP92,224,0.23,
1994yerel,27 Mart 1994,46,Kahramanmaraş,Ahmet Rüştü Çelebi,YDP,191,0.2,
1994yerel,27 Mart 1994,46,Kahramanmaraş,Ali Yağrı,İP,142,0.15,
1994yerel,27 Mart 1994,46,Kahramanmaraş,Bilinmiyor,SBP,120,0.12,
1994yerel,27 Mart 1994,36,Kars,Tuncay Mutluer,MHP,7987,31.77,EVET
1994yerel,27 Mart 1994,36,Kars,Selahattin Filtekin,SHP,5634,22.41,
1994yerel,27 Mart 1994,36,Kars,İsmail Medet Alibeyoğlu,DYP,3924,15.61,
1994yerel,27 Mart 1994,36,Kars,Fevzi Kaya,ANAP,3813,15.17,
1994yerel,27 Mart 1994,36,Kars,Mustafa Önk,RP,1828,7.27,
1994yerel,27 Mart 1994,36,Kars,Muzaffer Selçuk,CHP,1618,6.44,
1994yerel,27 Mart 1994,36,Kars,Bilinmiyor,BBP,229,0.91,
1994yerel,27 Mart 1994,36,Kars,İsmet Arslan,İP,109,0.43,
1994yerel,27 Mart 1994,37,Kastamonu,Süleyman Yücel,MHP,7415,25.02,EVET
1994yerel,27 Mart 1994,37,Kastamonu,Faruk Nuhoğlu,SHP,5881,19.85,
1994yerel,27 Mart 1994,37,Kastamonu,Yılmaz Ekmekçi,DYP,5378,18.15,
1994yerel,27 Mart 1994,37,Kastamonu,Fethi Acar,ANAP,4063,13.71,
1994yerel,27 Mart 1994,37,Kastamonu,İsmail Çiftçi,DSP,3724,12.57,
1994yerel,27 Mart 1994,37,Kastamonu,Rafet Yazıcıoğlu,RP,1789,6.04,
1994yerel,27 Mart 1994,37,Kastamonu,Sabri Tığlı,CHP,1113,3.76,
1994yerel,27 Mart 1994,37,Kastamonu,Şerafettin Özköse,YDP,189,0.64,
1994yerel,27 Mart 1994,37,Kastamonu,Orhan Bal,İP,79,0.27,
1994yerel,27 Mart 1994,38,Kayseri,Şükrü Karatepe,RP,68665,31.04,EVET
1994yerel,27 Mart 1994,38,Kayseri,Durdu Özer,MHP,56546,25.56,
1994yerel,27 Mart 1994,38,Kayseri,Şevket Bahçecioğlu,ANAP,33800,15.28,
1994yerel,27 Mart 1994,38,Kayseri,Niyazi Bahçecioğlu,SHP,27747,12.54,
1994yerel,27 Mart 1994,38,Kayseri,Arif Doğan,DYP,16882,7.63,
1994yerel,27 Mart 1994,38,Kayseri,Ali Demirçelik,DSP,8773,3.97,
1994yerel,27 Mart 1994,38,Kayseri,Mehmet Sağıroğlu,CHP,5368,2.43,
1994yerel,27 Mart 1994,38,Kayseri,Kemal Tekden,BBP,1413,0.64,
1994yerel,27 Mart 1994,38,Kayseri,Ali Taşçı,YDP,937,0.42,
1994yerel,27 Mart 1994,38,Kayseri,Sami Gönan,MP92,733,0.33,
1994yerel,27 Mart 1994,38,Kayseri,Haydar Çağlar,İP,338,0.15,
1994yerel,27 Mart 1994,71,Kırıkkale,Cemalettin Akdoğan,ANAP,16362,20.08,EVET
1994yerel,27 Mart 1994,71,Kırıkkale,Hayati Karayol,MHP,12518,15.36,
1994yerel,27 Mart 1994,71,Kırıkkale,Yaşar Yılmaz,SHP,12132,14.89,
1994yerel,27 Mart 1994,71,Kırıkkale,Kemal Albayrak,RP,16006,19.64,
1994yerel,27 Mart 1994,71,Kırıkkale,Mahir Yılmaz,BBP,10074,12.36,
1994yerel,27 Mart 1994,71,Kırıkkale,Hacı Doğan Develioğlu,DYP,7860,9.65,
1994yerel,27 Mart 1994,71,Kırıkkale,Sadettin Çil,DSP,1278,1.57,
1994yerel,27 Mart 1994,71,Kırıkkale,Mehmet Özkan,YDP,1058,1.3,
1994yerel,27 Mart 1994,71,Kırıkkale,Cafer Şahin,CHP,1050,1.29,
1994yerel,27 Mart 1994,71,Kırıkkale,Hamza Ay,MP92,258,0.32,
1994yerel,27 Mart 1994,71,Kırıkkale,Mehmet Nuri Aytekin,İP,167,0.2,
1994yerel,27 Mart 1994,39,Kırklareli,Orhan Buzol,ANAP,6224,24.02,
1994yerel,27 Mart 1994,39,Kırklareli,Erdal Aktarı,DYP,3957,15.27,
1994yerel,27 Mart 1994,39,Kırklareli,Kadir Gökçe,SHP,7143,27.57,EVET
1994yerel,27 Mart 1994,39,Kırklareli,Necdet Leylak,MHP,2394,9.24,
1994yerel,27 Mart 1994,39,Kırklareli,Namık Kemal Oskay,DSP,1843,7.11,
1994yerel,27 Mart 1994,39,Kırklareli,Mehmet Tuna Soykan,CHP,1348,5.2,
1994yerel,27 Mart 1994,39,Kırklareli,Turan Akın,RP,751,2.9,
1994yerel,27 Mart 1994,39,Kırklareli,Gürkan Oras,Bağımsız,614,2.37,
1994yerel,27 Mart 1994,39,Kırklareli,Eyüp Turan Dönmez,YDP,45,0.17,
1994yerel,27 Mart 1994,39,Kırklareli,Mustafa Işıksal,DP,43,0.17,
1994yerel,27 Mart 1994,39,Kırklareli,Cezmi Kumbar,BBP,32,0.12,
1994yerel,27 Mart 1994,39,Kırklareli,Baki Yalçın,İP,25,0.1,
1994yerel,27 Mart 1994,40,Kırşehir,Cahit Gürses,SHP,9015,25.0,
1994yerel,27 Mart 1994,40,Kırşehir,Erdal Ahat,ANAP,5919,16.42,
1994yerel,27 Mart 1994,40,Kırşehir,Arslan Salman,DYP,1739,4.82,
1994yerel,27 Mart 1994,40,Kırşehir,Metin Çobanoğlu,MHP,9713,26.94,EVET
1994yerel,27 Mart 1994,40,Kırşehir,Halim Çakır,RP,4463,12.38,
1994yerel,27 Mart 1994,40,Kırşehir,Gazanfer Ekerbiçer,DSP,1706,4.73,
1994yerel,27 Mart 1994,40,Kırşehir,Mustafa Erdem,CHP,959,2.66,
1994yerel,27 Mart 1994,40,Kırşehir,Ramazan Halıcı,İP,82,0.23,
1994yerel,27 Mart 1994,40,Kırşehir,Aydın Duman,YDP,63,0.17,
1994yerel,27 Mart 1994,41,Kocaeli,Mehmet Sefa Sirmen,SHP,31487,30.48,EVET
1994yerel,27 Mart 1994,41,Kocaeli,Osman Pepe,RP,26688,25.83,
1994yerel,27 Mart 1994,41,Kocaeli,Meral Akşener,DYP,20440,19.79,
1994yerel,27 Mart 1994,41,Kocaeli,İsmet Genç,ANAP,10087,9.76,
1994yerel,27 Mart 1994,41,Kocaeli,Yetkin Saner,DSP,8966,8.68,
1994yerel,27 Mart 1994,41,Kocaeli,Erol Köse,CHP,2477,2.4,
1994yerel,27 Mart 1994,41,Kocaeli,Ömer Vehbi Engiz,MHP,2043,1.98,
1994yerel,27 Mart 1994,41,Kocaeli,Necmettin Hücümen,DP,340,0.33,
1994yerel,27 Mart 1994,41,Kocaeli,Mehmet Korkmaz,BBP,286,0.28,
1994yerel,27 Mart 1994,41,Kocaeli,Mehmet Günaydın,YDP,206,0.2,
1994yerel,27 Mart 1994,41,Kocaeli,Hüseyin Avni Abanoz,MP92,180,0.17,
1994yerel,27 Mart 1994,41,Kocaeli,Kamil Dede,İP,110,0.11,
1994yerel,27 Mart 1994,43,Kütahya,Nurettin M. Işıklı,DYP,18251,23.72,
1994yerel,27 Mart 1994,43,Kütahya,Süleyman Canan,RP,24000,31.19,EVET
1994yerel,27 Mart 1994,43,Kütahya,Taner Taşer,ANAP,19503,25.35,
1994yerel,27 Mart 1994,43,Kütahya,İsmail Planalı,DSP,6210,8.07,
1994yerel,27 Mart 1994,43,Kütahya,Osman Barut,MHP,2448,3.18,
1994yerel,27 Mart 1994,43,Kütahya,Tahsin Çokan,SHP,1896,2.46,
1994yerel,27 Mart 1994,43,Kütahya,İdris Çağlar,DP,1686,2.19,
1994yerel,27 Mart 1994,43,Kütahya,Mehmet Tekin,BBP,1163,1.51,
1994yerel,27 Mart 1994,43,Kütahya,Mehmet Günyüz,CHP,712,0.93,
1994yerel,27 Mart 1994,43,Kütahya,Ahmet Ağras,YDP,223,0.29,
1994yerel,27 Mart 1994,43,Kütahya,Mehmet Pınar,MP92,206,0.27,
1994yerel,27 Mart 1994,43,Kütahya,Rahmi Kayak,SBP,194,0.25,
1994yerel,27 Mart 1994,43,Kütahya,Fahrettin Gülerce,İP,108,0.14,
1994yerel,27 Mart 1994,44,Malatya,Abdullah Cahit Kavuk,DYP,7770,5.96,
1994yerel,27 Mart 1994,44,Malatya,Abuzer Kılıç,Bağımsız,2317,1.78,
1994yerel,27 Mart 1994,44,Malatya,Kadir Değirmenci,SHP,23218,17.79,
1994yerel,27 Mart 1994,44,Malatya,Ahmet Münir Erkal,RP,50796,38.93,EVET
1994yerel,27 Mart 1994,44,Malatya,Erdem Seyhan Semercioğlu,ANAP,27957,21.43,
1994yerel,27 Mart 1994,44,Malatya,Hasan Yılmaz,MHP,5019,3.85,
1994yerel,27 Mart 1994,44,Malatya,Cevat Antepli,DSP,2382,1.83,
1994yerel,27 Mart 1994,44,Malatya,Zuhal İpekçi,CHP,1862,1.43,
1994yerel,27 Mart 1994,44,Malatya,Necati Karabay,BBP,1768,1.36,
1994yerel,27 Mart 1994,44,Malatya,Bayram Alaattin Özsoy,MP92,676,0.52,
1994yerel,27 Mart 1994,44,Malatya,Bilal Sürgeç,YDP,439,0.34,
1994yerel,27 Mart 1994,44,Malatya,Hasan Kayaş,İP,152,0.12,
1994yerel,27 Mart 1994,47,Mardin,Abdülkadir Tutaşı,DYP,6324,31.61,EVET
1994yerel,27 Mart 1994,47,Mardin,Fehmi Ayanoğlu,RP,5058,25.28,
1994yerel,27 Mart 1994,47,Mardin,Abdülkerim Ağırakçe,SHP,3880,19.39,
1994yerel,27 Mart 1994,47,Mardin,Ali İhsan Ensari,ANAP,3204,16.01,
1994yerel,27 Mart 1994,47,Mardin,Bilinmiyor,MHP,412,2.06,
1994yerel,27 Mart 1994,47,Mardin,Fidan Kanat,YDP,91,0.45,
1994yerel,27 Mart 1994,47,Mardin,Mustafa Birçek,İP,46,0.23,
1994yerel,27 Mart 1994,48,Muğla,Ramazan Özdemir,ANAP,6155,26.15,
1994yerel,27 Mart 1994,48,Muğla,Taşkın Bilginer,DYP,5711,24.27,
1994yerel,27 Mart 1994,48,Muğla,Orhan Çakır,SHP,6611,28.09,EVET
1994yerel,27 Mart 1994,48,Muğla,Tufan Doğu,CHP,1395,5.93,
1994yerel,27 Mart 1994,48,Muğla,İhsan Özgen,DSP,1031,4.38,
1994yerel,27 Mart 1994,48,Muğla,Gıyaseddin Coşkun,MHP,457,1.94,
1994yerel,27 Mart 1994,48,Muğla,Mehmet Nil Hıdır,RP,452,1.92,
1994yerel,27 Mart 1994,48,Muğla,Mehmet Vahit Göçügenci,İP,86,0.37,
1994yerel,27 Mart 1994,48,Muğla,Senem Çalışır,YDP,51,0.22,
1994yerel,27 Mart 1994,50,Nevşehir,Yahya Yılmaz,ANAP,4934,16.27,
1994yerel,27 Mart 1994,50,Nevşehir,Taner Erdoğan,DYP,8741,28.82,
1994yerel,27 Mart 1994,50,Nevşehir,Yalçın Demir,RP,11833,39.02,EVET
1994yerel,27 Mart 1994,50,Nevşehir,Cengiz Demir,DSP,300,0.99,
1994yerel,27 Mart 1994,50,Nevşehir,Hüseyin Çetin,CHP,157,0.52,
1994yerel,27 Mart 1994,50,Nevşehir,Recep Tükel,BBP,142,0.47,
1994yerel,27 Mart 1994,50,Nevşehir,Güven Gündüz,YDP,56,0.18,
1994yerel,27 Mart 1994,50,Nevşehir,Yunus Altıkulaç,İP,30,0.1,
1994yerel,27 Mart 1994,51,Niğde,İrfan Bahar,DYP,2356,5.88,
1994yerel,27 Mart 1994,51,Niğde,Osman Yıldız,RP,5266,13.14,
1994yerel,27 Mart 1994,51,Niğde,Ahmet Oğuz Özmen,SHP,8965,22.37,EVET
1994yerel,27 Mart 1994,51,Niğde,Kemal Gökdemir,ANAP,1198,2.99,
1994yerel,27 Mart 1994,51,Niğde,Orhan Taciroğlu,MHP,8083,20.17,
1994yerel,27 Mart 1994,51,Niğde,Nail Gündüz,CHP,680,1.7,
1994yerel,27 Mart 1994,51,Niğde,Yaşar Çamur,DSP,395,0.99,
1994yerel,27 Mart 1994,51,Niğde,Hacı Murat Göl,BBP,238,0.59,
1994yerel,27 Mart 1994,51,Niğde,Mehmet Emin Akyüz,İP,88,0.22,
1994yerel,27 Mart 1994,52,Ordu,Fikret Türkyılmaz,ANAP,14087,34.59,EVET
1994yerel,27 Mart 1994,52,Ordu,Neşet Özmen,SHP,7468,18.34,
1994yerel,27 Mart 1994,52,Ordu,Kazım Türkmen,CHP,6167,15.14,
1994yerel,27 Mart 1994,52,Ordu,Güner Sağra,DYP,5253,12.9,
1994yerel,27 Mart 1994,52,Ordu,Cemal Enginyurt,MHP,2601,6.39,
1994yerel,27 Mart 1994,52,Ordu,Hüseyin Olgun Akın,RP,2425,5.95,
1994yerel,27 Mart 1994,52,Ordu,Halit Kahraman,DSP,2131,5.23,
1994yerel,27 Mart 1994,52,Ordu,Şirin Ersoy,BBP,320,0.79,
1994yerel,27 Mart 1994,52,Ordu,Osman Gül,SBP,214,0.53,
1994yerel,27 Mart 1994,52,Ordu,Temel N. Yılmaz,İP,62,0.15,
1994yerel,27 Mart 1994,45,Manisa,Selahattin Canuyar,DYP,22369,23.25,
1994yerel,27 Mart 1994,45,Manisa,Adil Aygül,ANAP,23221,24.13,EVET
1994yerel,27 Mart 1994,45,Manisa,Bülent Arınç,RP,18782,19.52,
1994yerel,27 Mart 1994,45,Manisa,Mehmet Öncel Günhan,SHP,12035,12.51,
1994yerel,27 Mart 1994,45,Manisa,Hasan Emekli,DSP,5132,5.33,
1994yerel,27 Mart 1994,45,Manisa,İsmail Özdağlar,MHP,5110,5.31,
1994yerel,27 Mart 1994,45,Manisa,Mehmet Sefa Önatlı,CHP,1985,2.06,
1994yerel,27 Mart 1994,45,Manisa,Ertuğrul Dayıoğlu,DP,1378,1.43,
1994yerel,27 Mart 1994,45,Manisa,Süleyman Erdoğan,BBP,493,0.51,
1994yerel,27 Mart 1994,45,Manisa,Mahmut Ali Nalbantoğlu,SBP,281,0.29,
1994yerel,27 Mart 1994,45,Manisa,Ayhan Ünsal,YDP,241,0.25,
1994yerel,27 Mart 1994,45,Manisa,İsmail Durna,İP,144,0.15,
1994yerel,27 Mart 1994,53,Rize,Şevki Yılmaz,RP,11740,35.76,EVET
1994yerel,27 Mart 1994,53,Rize,Ömer Bayar,SHP,2520,7.68,
1994yerel,27 Mart 1994,53,Rize,Kenan Bıyık,ANAP,10258,31.24,
1994yerel,27 Mart 1994,53,Rize,Oğuz Tiryaki,DYP,3321,10.12,
1994yerel,27 Mart 1994,53,Rize,Turan Aslan Mercan,MHP,558,1.7,
1994yerel,27 Mart 1994,53,Rize,Recep Kemal Atakan,DSP,503,1.53,
1994yerel,27 Mart 1994,53,Rize,Turgut Karafazlı,CHP,375,1.14,
1994yerel,27 Mart 1994,53,Rize,Hızır Dil,BBP,301,0.92,
1994yerel,27 Mart 1994,53,Rize,Metin Sina Kan,İP,80,0.24,
1994yerel,27 Mart 1994,53,Rize,Mustafa Salih Sırtlı,YDP,60,0.18,
1994yerel,27 Mart 1994,49,Muş,Aydın Korkmaz,DYP,1955,10.8,
1994yerel,27 Mart 1994,49,Muş,Nurettin Yıldırak,ANAP,1486,8.21,
1994yerel,27 Mart 1994,49,Muş,Abdülkadir Turan,RP,6522,36.04,EVET
1994yerel,27 Mart 1994,49,Muş,Şerafettin Yatıcı,MHP,3038,16.79,
1994yerel,27 Mart 1994,49,Muş,Gıyasettin Güresmer,DP,1061,5.86,
1994yerel,27 Mart 1994,49,Muş,Vahdettin Değirmenci,SHP,405,2.24,
1994yerel,27 Mart 1994,49,Muş,Sait Demir,BBP,356,1.97,
1994yerel,27 Mart 1994,49,Muş,Cemal Aydın,İP,40,0.22,
1994yerel,27 Mart 1994,57,Sinop,Ali Karagülle,SHP,4889,32.17,EVET
1994yerel,27 Mart 1994,57,Sinop,Hamza İnce,ANAP,4668,30.72,
1994yerel,27 Mart 1994,57,Sinop,Nezih Çalışkan,DYP,1738,11.44,
1994yerel,27 Mart 1994,57,Sinop,Vedat Ekici,DSP,1058,6.96,
1994yerel,27 Mart 1994,57,Sinop,Nuri Başar,RP,1020,6.71,
1994yerel,27 Mart 1994,57,Sinop,Yüksel Tuğcu,CHP,861,5.67,
1994yerel,27 Mart 1994,57,Sinop,Munise Ozan,MHP,529,3.48,
1994yerel,27 Mart 1994,57,Sinop,Rifat Baş,DP,228,1.5,
1994yerel,27 Mart 1994,57,Sinop,Nihat Önder,SBP,178,1.17,
1994yerel,27 Mart 1994,57,Sinop,Emine Namver,İP,27,0.18,
1994yerel,27 Mart 1994,63,Şanlıurfa,Salih Suruç,ANAP,14448,18.87,
1994yerel,27 Mart 1994,63,Şanlıurfa,Ahmet Bahçivan,RP,33844,44.2,EVET
1994yerel,27 Mart 1994,63,Şanlıurfa,Uğur Esat Akgöl,DYP,18985,24.79,
1994yerel,27 Mart 1994,63,Şanlıurfa,Adnan Güllüoğlu,SHP,4485,5.86,
1994yerel,27 Mart 1994,63,Şanlıurfa,Mehmet Emin Badem,DSP,1108,1.45,
1994yerel,27 Mart 1994,63,Şanlıurfa,Mehmet Türkmen,MHP,901,1.18,
1994yerel,27 Mart 1994,63,Şanlıurfa,Halil Hamalı,BBP,741,0.97,
1994yerel,27 Mart 1994,63,Şanlıurfa,Seyithan Çiftçi,DP,610,0.8,
1994yerel,27 Mart 1994,63,Şanlıurfa,Ömer Hurma,MP92,345,0.45,
1994yerel,27 Mart 1994,63,Şanlıurfa,Mehmet Sevimli,İP,130,0.17,
1994yerel,27 Mart 1994,58,Sivas,Temel Karamollaoğlu,RP,41908,38.19,EVET
1994yerel,27 Mart 1994,58,Sivas,Hasan Bölücek,BBP,33467,30.49,
1994yerel,27 Mart 1994,58,Sivas,Bekir Timurboğa,DYP,23986,21.86,
1994yerel,27 Mart 1994,58,Sivas,Erdoğan Yücel,ANAP,5760,5.25,
1994yerel,27 Mart 1994,58,Sivas,Mehmet Sakarya,MHP,1587,1.45,
1994yerel,27 Mart 1994,58,Sivas,Kutsi Cantürk,DSP,1450,1.32,
1994yerel,27 Mart 1994,58,Sivas,Mustafa Coşkun,MP92,688,0.63,
1994yerel,27 Mart 1994,58,Sivas,Ahmet Arslangümüş,YDP,226,0.21,
1994yerel,27 Mart 1994,58,Sivas,Haldun Çubukçu,İP,190,0.17,
1994yerel,27 Mart 1994,58,Sivas,Bilinmiyor,Bağımsız,108,0.1,
1994yerel,27 Mart 1994,59,Tekirdağ,Beytullah Demir,DYP,11230,23.19,
1994yerel,27 Mart 1994,59,Tekirdağ,Osman Tabak,ANAP,11581,23.92,EVET
1994yerel,27 Mart 1994,59,Tekirdağ,Fevzi Aytekin,DSP,8230,17.0,
1994yerel,27 Mart 1994,59,Tekirdağ,Figen Öngör,SHP,6726,13.89,
1994yerel,27 Mart 1994,59,Tekirdağ,Necdet Atabek,RP,4386,9.06,
1994yerel,27 Mart 1994,59,Tekirdağ,Hayati Küçük,CHP,1902,3.93,
1994yerel,27 Mart 1994,59,Tekirdağ,Yüksel Eral,MHP,1898,3.92,
1994yerel,27 Mart 1994,59,Tekirdağ,Cevdet Sabuncu,Bağımsız,171,0.35,
1994yerel,27 Mart 1994,59,Tekirdağ,İsmail Hakkı Çırak,BBP,101,0.21,
1994yerel,27 Mart 1994,59,Tekirdağ,Rıdvan Çakmak,YDP,89,0.18,
1994yerel,27 Mart 1994,59,Tekirdağ,Taşkın Tanman,İP,49,0.1,
1994yerel,27 Mart 1994,73,Şırnak,Mehmet Beşir Tatar,ANAP,4055,55.09,EVET
1994yerel,27 Mart 1994,73,Şırnak,Yusuf Uğur,SHP,1398,18.99,
1994yerel,27 Mart 1994,73,Şırnak,Ömer Hazar,DYP,837,11.37,
1994yerel,27 Mart 1994,73,Şırnak,Abdurrahman Tatar,RP,594,8.07,
1994yerel,27 Mart 1994,73,Şırnak,Reşit Tatar,MHP,216,2.93,
1994yerel,27 Mart 1994,73,Şırnak,Belli Sultan,YDP,138,1.87,
1994yerel,27 Mart 1994,73,Şırnak,Ata Kuran,BBP,95,1.29,
1994yerel,27 Mart 1994,73,Şırnak,Guri Benzer,İP,28,0.38,
1994yerel,27 Mart 1994,60,Tokat,Hüdayi Sayıbaş,ANAP,9335,19.67,
1994yerel,27 Mart 1994,60,Tokat,Sıtkı Ulaşoğlu,DYP,8026,16.91,
1994yerel,27 Mart 1994,60,Tokat,Nizamettin Aydın,RP,14516,30.58,EVET
1994yerel,27 Mart 1994,60,Tokat,Nilgün Ersoy,SHP,6539,13.78,
1994yerel,27 Mart 1994,60,Tokat,Sermet Doğan Koç,MHP,4463,9.4,
1994yerel,27 Mart 1994,60,Tokat,Tevfik Genç,BBP,1673,3.52,
1994yerel,27 Mart 1994,60,Tokat,Zeki Altıngövde,DSP,567,1.19,
1994yerel,27 Mart 1994,60,Tokat,Mustafa Yılmaz,MP92,187,0.39,
1994yerel,27 Mart 1994,60,Tokat,Ahmet Demir,YDP,114,0.24,
1994yerel,27 Mart 1994,60,Tokat,Timur Koçak,İP,73,0.15,
1994yerel,27 Mart 1994,61,Trabzon,Orhan Karakullukçu,ANAP,20244,26.76,
1994yerel,27 Mart 1994,61,Trabzon,Asım Aykan,RP,22606,29.88,EVET
1994yerel,27 Mart 1994,61,Trabzon,Atay Aktuğ,CHP,9761,12.9,
1994yerel,27 Mart 1994,61,Trabzon,Ali Akar,DYP,8031,10.61,
1994yerel,27 Mart 1994,61,Trabzon,Ömer Adnan Ertem,MHP,6318,8.35,
1994yerel,27 Mart 1994,61,Trabzon,Muharrem Çavuşoğlu,DSP,3189,4.21,
1994yerel,27 Mart 1994,61,Trabzon,Orhan İlarslan,SHP,3186,4.21,
1994yerel,27 Mart 1994,61,Trabzon,Cemal Binler,BBP,330,0.44,
1994yerel,27 Mart 1994,61,Trabzon,Şahin Kölemen,YDP,238,0.31,
1994yerel,27 Mart 1994,61,Trabzon,Musa Yavuzyılmaz,SBP,180,0.24,
1994yerel,27 Mart 1994,61,Trabzon,Murat Yıldırım,MP92,154,0.2,
1994yerel,27 Mart 1994,61,Trabzon,Turan Kaya,İP,76,0.1,
1994yerel,27 Mart 1994,62,Tunceli,Mazlum Arslan,SHP,3783,54.78,EVET
1994yerel,27 Mart 1994,62,Tunceli,Ali Erdoğan,DYP,1084,15.7,
1994yerel,27 Mart 1994,62,Tunceli,Hüseyin Söylemez,ANAP,883,12.79,
1994yerel,27 Mart 1994,62,Tunceli,Mehmet Hedef,DSP,374,5.42,
1994yerel,27 Mart 1994,62,Tunceli,Bekir Gündoğan,CHP,254,3.68,
1994yerel,27 Mart 1994,62,Tunceli,Sadrettin Kaya,MHP,243,3.52,
1994yerel,27 Mart 1994,62,Tunceli,Mehmet Ali Öncü,RP,191,2.77,
1994yerel,27 Mart 1994,62,Tunceli,Bilinmiyor,BBP,40,0.58,
1994yerel,27 Mart 1994,62,Tunceli,Ali Tacar,Bağımsız,27,0.39,
1994yerel,27 Mart 1994,64,Uşak,Erhan Akçay,DYP,12248,20.02,EVET
1994yerel,27 Mart 1994,64,Uşak,Orhan Erdoğmuş,ANAP,11772,19.24,
1994yerel,27 Mart 1994,64,Uşak,Ümit İnceefe,DSP,10967,17.93,
1994yerel,27 Mart 1994,64,Uşak,Ömer Dinler,RP,10088,16.49,
1994yerel,27 Mart 1994,64,Uşak,Ali Künek,SHP,8602,14.06,
1994yerel,27 Mart 1994,64,Uşak,Baki Kantar,MHP,3302,5.4,
1994yerel,27 Mart 1994,64,Uşak,Karar Koray Atak,CHP,2504,4.09,
1994yerel,27 Mart 1994,64,Uşak,Cafer Çankaya,BBP,902,1.47,
1994yerel,27 Mart 1994,64,Uşak,Ahmet Coşkun,Bağımsız,340,0.56,
1994yerel,27 Mart 1994,64,Uşak,Gürcan Sağcan,İP,267,0.44,
1994yerel,27 Mart 1994,64,Uşak,Muzaffer Yalçın,YDP,144,0.24,
1994yerel,27 Mart 1994,67,Zonguldak,Yüksel Aytaç,SHP,10953,15.13,
1994yerel,27 Mart 1994,67,Zonguldak,Zeki Çakan,ANAP,20765,28.69,EVET
1994yerel,27 Mart 1994,67,Zonguldak,Şahin Demirtaş,DYP,5643,7.8,
1994yerel,27 Mart 1994,67,Zonguldak,Ali Gören,DSP,9878,13.65,
1994yerel,27 Mart 1994,67,Zonguldak,Necmettin Aydın,RP,7463,10.31,
1994yerel,27 Mart 1994,67,Zonguldak,Canpolat Pamay,CHP,1344,1.86,
1994yerel,27 Mart 1994,67,Zonguldak,Mehmet Bektaş,MHP,539,0.74,
1994yerel,27 Mart 1994,67,Zonguldak,Ahmet Kurt,BBP,323,0.45,
1994yerel,27 Mart 1994,67,Zonguldak,Mehmet Yılmaz,SBP,215,0.3,
1994yerel,27 Mart 1994,67,Zonguldak,Niyazi Işık,İP,195,0.27,
1994yerel,27 Mart 1994,67,Zonguldak,Ferhat Özenç,MP92,134,0.19,
1994yerel,27 Mart 1994,65,Van,Aydın Talay,RP,20765,42.21,EVET
1994yerel,27 Mart 1994,65,Van,Zeki Kurt,ANAP,13641,27.73,
1994yerel,27 Mart 1994,65,Van,Halit Suvar,SHP,4940,10.04,
1994yerel,27 Mart 1994,65,Van,Orhan Türkoğlu,MHP,3264,6.63,
1994yerel,27 Mart 1994,65,Van,Ömer Gülüştür,DYP,3015,6.13,
1994yerel,27 Mart 1994,65,Van,Mustafa Göral,YDP,1231,2.5,
1994yerel,27 Mart 1994,65,Van,Fahri Solmaz,DSP,890,1.81,
1994yerel,27 Mart 1994,65,Van,Mevlüt Bucak,CHP,724,1.47,
1994yerel,27 Mart 1994,65,Van,Mustafa Budak,DP,489,0.99,
1994yerel,27 Mart 1994,65,Van,Yusuf Arıkanoğlu,İP,241,0.49,
1994yerel,27 Mart 1994,66,Yozgat,Mehmet Erdemir,MHP,10684,43.78,EVET
1994yerel,27 Mart 1994,66,Yozgat,Kazım Arslan,RP,5445,22.31,
1994yerel,27 Mart 1994,66,Yozgat,Dursun Özdöl,ANAP,4171,17.09,
1994yerel,27 Mart 1994,66,Yozgat,Kenan Eroğlu,DYP,1439,5.9,
1994yerel,27 Mart 1994,66,Yozgat,Harun Kurt,SHP,1334,5.47,
1994yerel,27 Mart 1994,66,Yozgat,Yusuf Bahri Civelek,Bağımsız,527,2.16,
1994yerel,27 Mart 1994,66,Yozgat,Ali Rüzgar,BBP,462,1.89,
1994yerel,27 Mart 1994,66,Yozgat,Kadir Doğan,DSP,231,0.95,
1994yerel,27 Mart 1994,66,Yozgat,Haydar Onay,İP,56,0.23,
1994yerel,27 Mart 1994,66,Yozgat,Murat Sekman,YDP,53,0.22,
1994yerel,27 Mart 1994,2,Adıyaman,Şevket Gürsoy,SHP,9274,19.37,
1994yerel,27 Mart 1994,2,Adıyaman,Abdulkadir Kırmızı,RP,16691,34.87,EVET
1994yerel,27 Mart 1994,2,Adıyaman,Mehmet Erdem,ANAP,10179,21.26,
1994yerel,27 Mart 1994,2,Adıyaman,Mustafa Kocabıyık,DYP,5017,10.48,
1994yerel,27 Mart 1994,2,Adıyaman,Mehmet Derviş Kılınçkaya,MHP,3767,7.87,
1994yerel,27 Mart 1994,2,Adıyaman,Celal Tırpan,BBP,735,1.54,
1994yerel,27 Mart 1994,2,Adıyaman,Hacı Mehmet Bekir,CHP,669,1.4,
1994yerel,27 Mart 1994,2,Adıyaman,Burak Binzet,DSP,649,1.36,
1994yerel,27 Mart 1994,2,Adıyaman,Zeki Tunç,İP,110,0.23,
1994yerel,27 Mart 1994,8,Artvin,Seracettin Yazan,DYP,3274,31.24,EVET
1994yerel,27 Mart 1994,8,Artvin,Şefik Demir,ANAP,2300,21.95,
1994yerel,27 Mart 1994,8,Artvin,Kadir Halvaşi,SHP,2009,19.17,
1994yerel,27 Mart 1994,8,Artvin,Emin Özgün,CHP,1540,14.69,
1994yerel,27 Mart 1994,8,Artvin,Habip Düzcan,RP,745,7.11,
1994yerel,27 Mart 1994,8,Artvin,Hasan Fahri Torun,MHP,382,3.65,
1994yerel,27 Mart 1994,8,Artvin,İsmail Akbulut,DSP,157,1.5,
1994yerel,27 Mart 1994,8,Artvin,Bilinmiyor,BBP,35,0.33,
1994yerel,27 Mart 1994,8,Artvin,Yasemin Özyurt,YDP,22,0.21,
1994yerel,27 Mart 1994,8,Artvin,Halil Alkan,İP,16,0.15,
1994yerel,27 Mart 1994,13,Bitlis,Yaşar Buhan,RP,3363,28.9,EVET
1994yerel,27 Mart 1994,13,Bitlis,Hasan Şerefhanoğlu,SHP,2784,23.93,
1994yerel,27 Mart 1994,13,Bitlis,Ahmet Muzaffer Geylani,DYP,2554,21.95,
1994yerel,27 Mart 1994,13,Bitlis,Mirza Irmak,ANAP,1590,13.66,
1994yerel,27 Mart 1994,13,Bitlis,Hamza Uğurlu,MHP,759,6.52,
1994yerel,27 Mart 1994,13,Bitlis,Mehmet Geboloğlu,CHP,242,2.08,
1994yerel,27 Mart 1994,13,Bitlis,Hikmet Tuncel,DSP,212,1.82,
1994yerel,27 Mart 1994,13,Bitlis,Fikret Uyğan,Bağımsız,102,0.88,
1994yerel,27 Mart 1994,13,Bitlis,Hüsamettin Kurultay,İP,30,0.26,
1994yerel,27 Mart 1994,20,Denizli,Ali Yavuzçehre,ANAP,21250,16.71,
1994yerel,27 Mart 1994,20,Denizli,Mehmet Kocabay,DYP,22608,17.78,
1994yerel,27 Mart 1994,20,Denizli,Hamdi Erol,SHP,7710,6.06,
1994yerel,27 Mart 1994,20,Denizli,Ali Marım,CHP,34063,26.79,EVET
1994yerel,27 Mart 1994,20,Denizli,Ramazan Yenidede,RP,19305,15.18,
1994yerel,27 Mart 1994,20,Denizli,Halil Derici,DSP,9456,7.44,
1994yerel,27 Mart 1994,20,Denizli,İlhan Öznur,MHP,3463,2.72,
1994yerel,27 Mart 1994,20,Denizli,Mehmet Efe,BBP,475,0.37,
1994yerel,27 Mart 1994,20,Denizli,Turgut Özkan,YDP,385,0.3,
1994yerel,27 Mart 1994,20,Denizli,Zekeriya Akyol,Bağımsız,336,0.26,
1994yerel,27 Mart 1994,20,Denizli,Mustafa Güleç,İP,253,0.2,
1994yerel,27 Mart 1994,20,Denizli,Nebi Ebci,SBP,210,0.17,
1994yerel,27 Mart 1994,23,Elazığ,Hamza Yanılmaz,RP,35487,33.55,EVET
1994yerel,27 Mart 1994,23,Elazığ,Faris Aksakal,DYP,7254,6.86,
1994yerel,27 Mart 1994,23,Elazığ,Hikmet Behçet Susmaz,MHP,31093,29.4,
1994yerel,27 Mart 1994,23,Elazığ,Halis Yerlikaya,SHP,13944,13.18,
1994yerel,27 Mart 1994,23,Elazığ,Ali Koç,ANAP,7222,6.83,
1994yerel,27 Mart 1994,23,Elazığ,Zülfü Canpolat,BBP,5755,5.44,
1994yerel,27 Mart 1994,23,Elazığ,Ethem Gülbay,DSP,1311,1.24,
1994yerel,27 Mart 1994,23,Elazığ,Tekin Ulgur,İP,434,0.41,
1994yerel,27 Mart 1994,76,Iğdır,Reşat Başkara,Bağımsız,1447,11.19,
1994yerel,27 Mart 1994,76,Iğdır,Ali Asker Aşırım,DYP,5053,39.08,EVET
1994yerel,27 Mart 1994,76,Iğdır,Ali Ağrı,ANAP,3209,24.82,
1994yerel,27 Mart 1994,76,Iğdır,Abdulvahap Akar,RP,1213,9.38,
1994yerel,27 Mart 1994,76,Iğdır,Tevfik Özdemir,SHP,414,3.2,
1994yerel,27 Mart 1994,76,Iğdır,Mehmet Bakış,MHP,346,2.68,
1994yerel,27 Mart 1994,76,Iğdır,Bilinmiyor,BBP,85,0.66,
1994yerel,27 Mart 1994,76,Iğdır,Celal Ersoy,İP,37,0.29,
1994yerel,27 Mart 1994,35,İzmir,Burhan Özfatura,DYP,294647,27.77,EVET
1994yerel,27 Mart 1994,35,İzmir,Yüksel Çakmur,SHP,281721,26.55,
1994yerel,27 Mart 1994,35,İzmir,Işın Çelebi,ANAP,208607,19.66,
1994yerel,27 Mart 1994,35,İzmir,Ayla Selışık Tamar,DSP,159394,15.02,
1994yerel,27 Mart 1994,35,İzmir,Süleyman Akdemir,RP,74120,6.98,
1994yerel,27 Mart 1994,35,İzmir,Süha Baykal,CHP,26909,2.54,
1994yerel,27 Mart 1994,35,İzmir,Güner Eliçin,SBP,3121,0.29,
1994yerel,27 Mart 1994,35,İzmir,Erdal Çırpanlı,DP,2825,0.27,
1994yerel,27 Mart 1994,35,İzmir,Mevlüt Evrim,MP92,2776,0.26,
1994yerel,27 Mart 1994,35,İzmir,Mesut ÇelebiKanber Öztürk,Bağımsız,2678,0.25,
1994yerel,27 Mart 1994,35,İzmir,Mahir Korkmaz Yüceler,YDP,2221,0.21,
1994yerel,27 Mart 1994,35,İzmir,Adil Arslan,İP,2165,0.2,
1994yerel,27 Mart 1994,70,Karaman,Süleyman Göcer,SHP,1368,3.0,
1994yerel,27 Mart 1994,70,Karaman,Mehmet Kamil Özgünay,DYP,1635,3.59,
1994yerel,27 Mart 1994,70,Karaman,Yaşar Evcen,CHP,12977,28.48,EVET
1994yerel,27 Mart 1994,70,Karaman,Ahmet Koçak,RP,12582,27.61,
1994yerel,27 Mart 1994,70,Karaman,Mehmet Pembeci,MHP,7601,16.68,
1994yerel,27 Mart 1994,70,Karaman,Mehmet Bahattin Özel,ANAP,5149,11.3,
1994yerel,27 Mart 1994,70,Karaman,Tahir Şahin,DSP,937,2.06,
1994yerel,27 Mart 1994,70,Karaman,Muzaffer Bayçöl,DP,297,0.65,
1994yerel,27 Mart 1994,70,Karaman,Ahmet Saygı,İP,67,0.15,
1994yerel,27 Mart 1994,70,Karaman,Nedim Akbal,YDP,65,0.14,
1994yerel,27 Mart 1994,42,Konya,Halil Ürün,RP,130353,48.92,EVET
1994yerel,27 Mart 1994,42,Konya,Ahmet Alkan,ANAP,86956,32.63,
1994yerel,27 Mart 1994,42,Konya,Muzaffer Ayaslıer,MHP,21058,7.9,
1994yerel,27 Mart 1994,42,Konya,Mustafa Akmeşe,DYP,11202,4.2,
1994yerel,27 Mart 1994,42,Konya,Veysel Güler,DSP,5173,1.94,
1994yerel,27 Mart 1994,42,Konya,İsmail Ünsal,SHP,4971,1.87,
1994yerel,27 Mart 1994,42,Konya,Ahmet Ulusoy,MP92,2580,0.97,
1994yerel,27 Mart 1994,42,Konya,İsmail Hakkı Şahin,BBP,1605,0.6,
1994yerel,27 Mart 1994,42,Konya,Bekir Yetiştirici,CHP,1190,0.45,
1994yerel,27 Mart 1994,42,Konya,Mustafa Bayraktar,YDP,781,0.29,
1994yerel,27 Mart 1994,42,Konya,İlhan Kırıt,İP,316,0.12,
1994yerel,27 Mart 1994,42,Konya,Mesut Aytekin,Bağımsız,299,0.11,
1994yerel,27 Mart 1994,55,Samsun,Muzaffer Önder,CHP,52147,31.96,EVET
1994yerel,27 Mart 1994,55,Samsun,İsmail Uyanık,DYP,30422,18.64,
1994yerel,27 Mart 1994,55,Samsun,Kemal Vehbi Gül,RP,27631,16.93,
1994yerel,27 Mart 1994,55,Samsun,Mehmet Kemal Ünsal,ANAP,21815,13.37,
1994yerel,27 Mart 1994,55,Samsun,Ayhan Keskin,MHP,13470,8.26,
1994yerel,27 Mart 1994,55,Samsun,İsmet Kocaman,DSP,7806,4.78,
1994yerel,27 Mart 1994,55,Samsun,Sadi Subaşı,SHP,7070,4.33,
1994yerel,27 Mart 1994,55,Samsun,Mehmet Karabacak,BBP,970,0.59,
1994yerel,27 Mart 1994,55,Samsun,Rıfat Yılmaz,MP92,754,0.46,
1994yerel,27 Mart 1994,55,Samsun,Hüseyin Güngör,SBP,467,0.29,
1994yerel,27 Mart 1994,55,Samsun,Tuncer Erdal,YDP,361,0.22,
1994yerel,27 Mart 1994,55,Samsun,Hasan Ortatepe,İP,255,0.16,
1994yerel,27 Mart 1994,56,Siirt,Mehmet Fahri Çeliker,RP,10099,45.4,EVET
1994yerel,27 Mart 1994,56,Siirt,Abdülkadir Çeliktuğ,DYP,4225,18.99,
1994yerel,27 Mart 1994,56,Siirt,Ekrem Bilek,SHP,4219,18.97,
1994yerel,27 Mart 1994,56,Siirt,Fevzi Sevgili,ANAP,2191,9.85,
1994yerel,27 Mart 1994,56,Siirt,Tekin Öztanık,MHP,775,3.48,
1994yerel,27 Mart 1994,56,Siirt,Ruşen Tükenmez,BBP,331,1.49,
1994yerel,27 Mart 1994,56,Siirt,Nimet Yıldırım,CHP,218,0.98,
1994yerel,27 Mart 1994,56,Siirt,Yüksel Osmanoğlu,YDP,112,0.5,
1994yerel,27 Mart 1994,56,Siirt,İsmet Öğütücü,İP,76,0.34,
1994yerel,27 Mart 1994,31,Hatay,Abdullah Öner Miski,SHP,17862,22.13,
1994yerel,27 Mart 1994,31,Hatay,Yahya Bulğurcu,DYP,13868,17.19,
1994yerel,27 Mart 1994,31,Hatay,Mehmet Şükrü Güçlü,CHP,3083,3.82,
1994yerel,27 Mart 1994,31,Hatay,Bekir Karabacak,ANAP,18163,22.51,EVET
1994yerel,27 Mart 1994,31,Hatay,Abdullah Şensöz,RP,5435,6.74,
1994yerel,27 Mart 1994,31,Hatay,Fevzi Yertut,MHP,1795,2.22,
1994yerel,27 Mart 1994,31,Hatay,Firuzan Asfuroğlu,DSP,395,0.49,
1994yerel,27 Mart 1994,31,Hatay,Mehmet Güral Tacirlioğlu,YDP,177,0.22,
1994yerel,27 Mart 1994,31,Hatay,İbiş Örün,MP92,170,0.21,
1994yerel,27 Mart 1994,31,Hatay,Servet Akgöl,DP,119,0.15,
1994yerel,27 Mart 1994,31,Hatay,Fuat Terzi,İP,96,0.12,
1994yerel,27 Mart 1994,54,Sakarya,Cevat Uncuoğlu,ANAP,18833,16.29,
1994yerel,27 Mart 1994,54,Sakarya,Fethi Sarıoğlu,DYP,10826,9.36,
1994yerel,27 Mart 1994,54,Sakarya,Aziz Duran,RP,31712,27.43,EVET
1994yerel,27 Mart 1994,54,Sakarya,Ünal Ozan,SHP,23949,20.71,
1994yerel,27 Mart 1994,54,Sakarya,Efraim Dikmen,DSP,4684,4.05,
1994yerel,27 Mart 1994,54,Sakarya,Ali Rıza Acartürk,MHP,3203,2.77,
1994yerel,27 Mart 1994,54,Sakarya,Selçuk Gedikli,CHP,2558,2.21,
1994yerel,27 Mart 1994,54,Sakarya,Nurullah İn,BBP,350,0.3,
1994yerel,27 Mart 1994,54,Sakarya,Erkan Şengör,DP,195,0.17,
1994yerel,27 Mart 1994,54,Sakarya,Kemal Ağralı,İP,177,0.15,
1989yerel,26 Mart 1989,4,Ağrı,Fevzi Bulut,SHP,3185,27.38,EVET
1989yerel,26 Mart 1989,4,Ağrı,Nurettin Kahraman,DYP,2169,18.65,
1989yerel,26 Mart 1989,4,Ağrı,Kemal Yıldırım,DSP,2082,17.9,
1989yerel,26 Mart 1989,4,Ağrı,Hikmet Erdem,ANAP,1623,13.95,
1989yerel,26 Mart 1989,4,Ağrı,Süleyman Erim,RP,1619,13.92,
1989yerel,26 Mart 1989,4,Ağrı,Murat Şevkatli,Bağımsız,391,3.36,
1989yerel,26 Mart 1989,4,Ağrı,Necmettin Alpaslan,MHP,311,2.67,
1989yerel,26 Mart 1989,4,Ağrı,Nurettin Taner,IDP,251,2.16,
1989yerel,26 Mart 1989,3,Afyonkarahisar,Erdal Akar,ANAP,10264,23.79,
1989yerel,26 Mart 1989,3,Afyonkarahisar,Mehmet Sami Hancıoğlu,DYP,17305,40.11,EVET
1989yerel,26 Mart 1989,3,Afyonkarahisar,Necip Taşpınar,SHP,4957,11.49,
1989yerel,26 Mart 1989,3,Afyonkarahisar,Abdurrahman Kundak,RP,1872,4.34,
1989yerel,26 Mart 1989,3,Afyonkarahisar,Akif Öztürk,DSP,1472,3.41,
1989yerel,26 Mart 1989,3,Afyonkarahisar,İsmail Diker,IDP,956,2.22,
1989yerel,26 Mart 1989,3,Afyonkarahisar,İsmail Bırtıl,MHP,822,1.91,
1989yerel,26 Mart 1989,1,Adana,Mehmet Selahattin Çolak,SHP,112556,40.13,EVET
1989yerel,26 Mart 1989,1,Adana,Aytaç Durak,ANAP,80810,28.81,
1989yerel,26 Mart 1989,1,Adana,Uğur Aksöz,DYP,53113,18.94,
1989yerel,26 Mart 1989,1,Adana,Mustafa Duysak,DSP,16770,5.98,
1989yerel,26 Mart 1989,1,Adana,Süleyman Çalışkan,RP,12933,4.61,
1989yerel,26 Mart 1989,1,Adana,Mustafa Yılmazer,MHP,2899,1.03,
1989yerel,26 Mart 1989,1,Adana,Haluk Ün,IDP,1420,0.51,
1989yerel,26 Mart 1989,2,Adıyaman,Şevket Gürsoy,SHP,8102,27.26,EVET
1989yerel,26 Mart 1989,2,Adıyaman,Mehmet Gürlevik,DYP,7201,24.23,
1989yerel,26 Mart 1989,2,Adıyaman,Ahmet Doğan,RP,6450,21.7,
1989yerel,26 Mart 1989,2,Adıyaman,Mehmet Ertem,ANAP,5885,19.8,
1989yerel,26 Mart 1989,2,Adıyaman,Selçuk Gökçek,MHP,1143,3.85,
1989yerel,26 Mart 1989,2,Adıyaman,Yusuf Yetiş,IDP,943,3.17,
1989yerel,26 Mart 1989,6,Ankara,Murat Karayalçın,SHP,474349,44.16,EVET
1989yerel,26 Mart 1989,6,Ankara,Şükrü Sezar Aygen,DYP,218893,20.38,
1989yerel,26 Mart 1989,6,Ankara,Mehmet Altınsoy,ANAP,216485,20.15,
1989yerel,26 Mart 1989,6,Ankara,Oğuzhan Asiltürk,RP,62968,5.86,
1989yerel,26 Mart 1989,6,Ankara,Necmi Çiftçi,DSP,53776,5.01,
1989yerel,26 Mart 1989,6,Ankara,Abdülhadi Toplu,MHP,41694,3.88,
1989yerel,26 Mart 1989,6,Ankara,Sami Gönen,IDP,5554,0.52,
1989yerel,26 Mart 1989,6,Ankara,Seyit Nurettin Yeniay,Bağımsız,533,0.05,
1989yerel,26 Mart 1989,9,Aydın,Cevat Aldemir,DYP,16729,35.4,EVET
1989yerel,26 Mart 1989,9,Aydın,Emin Yaşar,SHP,13245,28.03,
1989yerel,26 Mart 1989,9,Aydın,Nevzat Biçer,ANAP,10224,21.64,
1989yerel,26 Mart 1989,9,Aydın,Tevfik Özalp,RP,2537,5.37,
1989yerel,26 Mart 1989,9,Aydın,Kemal Bayraktar,DSP,1740,3.68,
1989yerel,26 Mart 1989,9,Aydın,Kazım Gönel,MHP,585,1.24,
1989yerel,26 Mart 1989,9,Aydın,Salih Şinasi Yeğen,IDP,185,0.39,
1989yerel,26 Mart 1989,5,Amasya,Zafer Atakan,SHP,6551,25.71,
1989yerel,26 Mart 1989,5,Amasya,Ömer Kabakçı,DYP,9380,36.81,EVET
1989yerel,26 Mart 1989,5,Amasya,Mustafa Hatipoğlu,ANAP,5473,21.48,
1989yerel,26 Mart 1989,5,Amasya,Sadık Yenilmez,DSP,294,1.15,
1989yerel,26 Mart 1989,5,Amasya,Cengiz Erdem,RP,977,3.83,
1989yerel,26 Mart 1989,5,Amasya,Ömer Aksoy,MHP,574,2.25,
1989yerel,26 Mart 1989,5,Amasya,Hakkı Çıtır,IDP,121,0.47,
1989yerel,26 Mart 1989,10,Balıkesir,Sami Gökdeniz,DYP,29266,38.93,EVET
1989yerel,26 Mart 1989,10,Balıkesir,Orhan Sür,SHP,22675,30.16,
1989yerel,26 Mart 1989,10,Balıkesir,Ziyaettin Tan,ANAP,15625,20.78,
1989yerel,26 Mart 1989,10,Balıkesir,Muzaffer Kavuş,RP,3840,5.11,
1989yerel,26 Mart 1989,10,Balıkesir,Merih Tekin,DSP,1979,2.63,
1989yerel,26 Mart 1989,10,Balıkesir,Mehmet Avcıoğlu,MHP,976,1.3,
1989yerel,26 Mart 1989,10,Balıkesir,Şakir Albayrak,IDP,245,0.33,
1989yerel,26 Mart 1989,10,Balıkesir,Ramazan Çağıl,Bağımsız,40,0.05,
1989yerel,26 Mart 1989,11,Bilecik,Akın Olcay,SHP,3736,44.71,EVET
1989yerel,26 Mart 1989,11,Bilecik,Nihat Serttaş,DYP,2375,28.42,
1989yerel,26 Mart 1989,11,Bilecik,Zeki Yalçınkaya,ANAP,1357,16.24,
1989yerel,26 Mart 1989,11,Bilecik,Galip Yanar,DSP,509,6.09,
1989yerel,26 Mart 1989,11,Bilecik,Mustafa Karabulut,RP,190,2.27,
1989yerel,26 Mart 1989,11,Bilecik,Ertuğrul Açıkgöz,MHP,190,2.27,
1989yerel,26 Mart 1989,12,Bingöl,Selahattin Kaya,SHP,2502,24.83,EVET
1989yerel,26 Mart 1989,12,Bingöl,Gıyasettin Dursun,DYP,2392,23.74,
1989yerel,26 Mart 1989,12,Bingöl,Kazım Ataoğlu,Bağımsız,2338,23.2,
1989yerel,26 Mart 1989,12,Bingöl,Mirbey Ertuğrul,ANAP,1619,16.07,
1989yerel,26 Mart 1989,12,Bingöl,Rıza Bazancir,RP,1027,10.19,
1989yerel,26 Mart 1989,12,Bingöl,Nihat Elçi Susmaz,MHP,199,1.97,
1989yerel,26 Mart 1989,7,Antalya,Hasan Subaşı,DYP,52287,37.44,EVET
1989yerel,26 Mart 1989,7,Antalya,Metin Kasapoğlu,ANAP,25982,18.6,
1989yerel,26 Mart 1989,7,Antalya,Halil Sarılar,Bağımsız,364,0.26,
1989yerel,26 Mart 1989,7,Antalya,Malik Günal,SHP,45117,32.3,
1989yerel,26 Mart 1989,7,Antalya,Bayazıt Büyükyıldırım,DSP,5135,3.68,
1989yerel,26 Mart 1989,7,Antalya,Hüseyin Yumakoğulları,RP,4277,3.06,
1989yerel,26 Mart 1989,7,Antalya,Ramazan Dağlı,MHP,1644,1.18,
1989yerel,26 Mart 1989,7,Antalya,Alaattin Atılgan,IDP,648,0.46,
1989yerel,26 Mart 1989,13,Bitlis,Ahmet Muzaffer Geylani,ANAP,5385,51.75,EVET
1989yerel,26 Mart 1989,13,Bitlis,Zeynettin Avcil,SHP,3439,33.05,
1989yerel,26 Mart 1989,13,Bitlis,Yaşar Buhan,RP,649,6.24,
1989yerel,26 Mart 1989,13,Bitlis,Kamil İlbay,DYP,527,5.06,
1989yerel,26 Mart 1989,13,Bitlis,Cemalettin Tan,DSP,331,3.18,
1989yerel,26 Mart 1989,13,Bitlis,Yusuf Akyol,MHP,74,0.71,
1989yerel,26 Mart 1989,14,Bolu,Necdet Gören,SHP,9685,43.75,EVET
1989yerel,26 Mart 1989,14,Bolu,Ayhan Seval,DYP,5894,26.63,
1989yerel,26 Mart 1989,14,Bolu,Abdullah Münir Çağavi,ANAP,4939,22.31,
1989yerel,26 Mart 1989,14,Bolu,Mustafa Yünlüoğlu,RP,853,3.85,
1989yerel,26 Mart 1989,14,Bolu,Atilla Kaygusuz,DSP,475,2.15,
1989yerel,26 Mart 1989,14,Bolu,Mehmet Çelik,MHP,289,1.31,
1989yerel,26 Mart 1989,15,Burdur,Necdet Erkazancı,DYP,6524,25.33,
1989yerel,26 Mart 1989,15,Burdur,Metin Gürdal,ANAP,5786,22.46,
1989yerel,26 Mart 1989,15,Burdur,Armağan İlci,SHP,8447,32.79,EVET
1989yerel,26 Mart 1989,15,Burdur,Metin Say,DSP,1523,5.91,
1989yerel,26 Mart 1989,15,Burdur,Halil Ayan,RP,1343,5.21,
1989yerel,26 Mart 1989,15,Burdur,İbrahim Keleş,MHP,567,2.2,
1989yerel,26 Mart 1989,15,Burdur,Ramazan Uz,IDP,146,0.57,
1989yerel,26 Mart 1989,17,Çanakkale,İsmail Özay,SHP,13118,55.44,EVET
1989yerel,26 Mart 1989,17,Çanakkale,İsmet Muhtaroğlu,ANAP,5230,22.1,
1989yerel,26 Mart 1989,17,Çanakkale,Serdar Sayın,DYP,4243,17.93,
1989yerel,26 Mart 1989,17,Çanakkale,Yüksel Cesur,DSP,351,1.48,
1989yerel,26 Mart 1989,17,Çanakkale,Mustafa Reşit Gürşen,RP,342,1.45,
1989yerel,26 Mart 1989,17,Çanakkale,Mustafa Sıtkı Tuncer,MHP,276,1.17,
1989yerel,26 Mart 1989,17,Çanakkale,Kadir Yavşan,IDP,102,0.43,
1989yerel,26 Mart 1989,19,Çorum,Turhan Kılıçcıoğlu,SHP,16038,34.83,EVET
1989yerel,26 Mart 1989,19,Çorum,Necdet Diken,ANAP,13561,29.45,
1989yerel,26 Mart 1989,19,Çorum,Aslan Adnan Türkoğlu,DYP,10267,22.29,
1989yerel,26 Mart 1989,19,Çorum,Davut Güney,RP,3665,7.96,
1989yerel,26 Mart 1989,19,Çorum,İhsan Çorbacıoğlu,DSP,1178,2.56,
1989yerel,26 Mart 1989,19,Çorum,Nihat Argut,MHP,1033,2.24,
1989yerel,26 Mart 1989,19,Çorum,İlyas Damar,IDP,309,0.67,
1989yerel,26 Mart 1989,21,Diyarbakır,Turgut Atalay,SHP,18498,25.45,EVET
1989yerel,26 Mart 1989,21,Diyarbakır,Abdulbaki Erdoğmuş,RP,15327,21.08,
1989yerel,26 Mart 1989,21,Diyarbakır,Hüseyin Tayfun,DSP,12533,17.24,
1989yerel,26 Mart 1989,21,Diyarbakır,Refik Karakoç,Bağımsız,12457,17.14,
1989yerel,26 Mart 1989,21,Diyarbakır,Felat Cemiloğlu,ANAP,7997,11.0,
1989yerel,26 Mart 1989,21,Diyarbakır,Mehmet Siraç Anık,DYP,4662,6.41,
1989yerel,26 Mart 1989,21,Diyarbakır,Mehmet Refet Eke,MHP,721,0.99,
1989yerel,26 Mart 1989,22,Edirne,Hamdi Sedefçi,SHP,15313,42.68,EVET
1989yerel,26 Mart 1989,22,Edirne,İbrahim Ay,ANAP,7021,19.57,
1989yerel,26 Mart 1989,22,Edirne,Şevki Arman,DYP,6181,17.23,
1989yerel,26 Mart 1989,22,Edirne,Ali Ayağ,Bağımsız,2864,7.98,
1989yerel,26 Mart 1989,22,Edirne,Ahmet Şahin,DSP,2774,7.73,
1989yerel,26 Mart 1989,22,Edirne,Şener Yüzer,RP,1579,4.4,
1989yerel,26 Mart 1989,22,Edirne,Ahmet Aktaş,IDP,148,0.41,
1989yerel,26 Mart 1989,23,Elazığ,Mehmet Hanifi Çekmen,RP,12921,19.97,
1989yerel,26 Mart 1989,23,Elazığ,Ahmet Eflatun,ANAP,7778,12.02,
1989yerel,26 Mart 1989,23,Elazığ,Ali Düzyol,SHP,11589,17.91,
1989yerel,26 Mart 1989,23,Elazığ,Hikmet Behçet Susmaz,MHP,13528,20.9,EVET
1989yerel,26 Mart 1989,23,Elazığ,Şükrü Kacar,DYP,12592,19.46,
1989yerel,26 Mart 1989,23,Elazığ,Abdülkadir Şaşmaz,Bağımsız,2702,4.18,
1989yerel,26 Mart 1989,23,Elazığ,Gazi Dengiz,IDP,474,0.73,
1989yerel,26 Mart 1989,23,Elazığ,Şinasi Durmuş,DSP,461,0.71,
1989yerel,26 Mart 1989,16,Bursa,Teoman Özalp,DYP,103893,32.15,EVET
1989yerel,26 Mart 1989,16,Bursa,Mithat Kırayoğlu,SHP,79016,24.45,
1989yerel,26 Mart 1989,16,Bursa,Korhan Durusoy,ANAP,62983,19.49,
1989yerel,26 Mart 1989,16,Bursa,Baha Erim,DSP,41376,12.81,
1989yerel,26 Mart 1989,16,Bursa,Murat Çilesiz,RP,27787,8.6,
1989yerel,26 Mart 1989,16,Bursa,Rahmi Kurtkaya,MHP,5905,1.83,
1989yerel,26 Mart 1989,16,Bursa,Mustafa Noyan,IDP,1959,0.61,
1989yerel,26 Mart 1989,16,Bursa,Fahriye Güney,Bağımsız,202,0.06,
1989yerel,26 Mart 1989,18,Çankırı,Raif Oktay,DYP,7759,41.93,EVET
1989yerel,26 Mart 1989,18,Çankırı,Sabit Uysal,MHP,4496,24.3,
1989yerel,26 Mart 1989,18,Çankırı,Mustafa Kale,ANAP,2926,15.81,
1989yerel,26 Mart 1989,18,Çankırı,Mehmet Akman,RP,1726,9.33,
1989yerel,26 Mart 1989,18,Çankırı,Abdurrahman Yeşildal,SHP,1508,8.15,
1989yerel,26 Mart 1989,18,Çankırı,Bayram Kekeç,IDP,90,0.49,
1989yerel,26 Mart 1989,24,Erzincan,Talip Kaban,MHP,7761,27.75,EVET
1989yerel,26 Mart 1989,24,Erzincan,Muzaffer Çakır,DYP,7303,26.12,
1989yerel,26 Mart 1989,24,Erzincan,Turan Özmumcu,SHP,6792,24.29,
1989yerel,26 Mart 1989,24,Erzincan,Atilla Pınar,ANAP,4335,15.5,
1989yerel,26 Mart 1989,24,Erzincan,Bekir Yıldız Tornacı,RP,1212,4.33,
1989yerel,26 Mart 1989,24,Erzincan,Orhan Özdal,DSP,561,2.01,
1989yerel,26 Mart 1989,26,Eskişehir,Selami Vardar,SHP,79767,42.89,EVET
1989yerel,26 Mart 1989,26,Eskişehir,Muhittin Yılmaz,DYP,51869,27.89,
1989yerel,26 Mart 1989,26,Eskişehir,Fethi Heper,ANAP,35396,19.03,
1989yerel,26 Mart 1989,26,Eskişehir,Selim Ateş,RP,7193,3.87,
1989yerel,26 Mart 1989,26,Eskişehir,Ahmet Sapmaz,DSP,7175,3.86,
1989yerel,26 Mart 1989,26,Eskişehir,Tekinalp Oktar,MHP,2170,1.17,
1989yerel,26 Mart 1989,26,Eskişehir,Ertuğrul Şakar,IDP,1405,0.76,
1989yerel,26 Mart 1989,26,Eskişehir,Afet Oyal,Bağımsız,63,0.03,
1989yerel,26 Mart 1989,25,Erzurum,Necati Güllülü,ANAP,9761,13.03,
1989yerel,26 Mart 1989,25,Erzurum,Mehmet Ali Ünal,DYP,26773,35.74,EVET
1989yerel,26 Mart 1989,25,Erzurum,Lütfü Esengün,RP,16814,22.44,
1989yerel,26 Mart 1989,25,Erzurum,Ömer Haluk Pirimoğlu,MHP,13703,18.29,
1989yerel,26 Mart 1989,25,Erzurum,Şenol Mızrak,SHP,4648,6.2,
1989yerel,26 Mart 1989,25,Erzurum,Kadir Dumlu,DSP,2133,2.85,
1989yerel,26 Mart 1989,25,Erzurum,Lütfü Altınok,IDP,598,0.8,
1989yerel,26 Mart 1989,27,Gaziantep,Celal Doğan,SHP,69323,41.49,EVET
1989yerel,26 Mart 1989,27,Gaziantep,Mehmet Batallı,DYP,52407,31.37,
1989yerel,26 Mart 1989,27,Gaziantep,Mehmet Necati Kanalıcı,ANAP,22406,13.41,
1989yerel,26 Mart 1989,27,Gaziantep,Enver Bakırcı,RP,11815,7.07,
1989yerel,26 Mart 1989,27,Gaziantep,Cahit Bayram,DSP,6264,3.75,
1989yerel,26 Mart 1989,27,Gaziantep,Mehmet Timur,MHP,3743,2.24,
1989yerel,26 Mart 1989,27,Gaziantep,Ali Galip Emrullahoğlu,IDP,1098,0.66,
1989yerel,26 Mart 1989,27,Gaziantep,Cafer Aydın,Bağımsız,30,0.02,
1989yerel,26 Mart 1989,30,Hakkari,Şükrü Çallı,ANAP,3154,42.86,EVET
1989yerel,26 Mart 1989,30,Hakkari,Abdurrahman Keskin,SHP,3070,41.72,
1989yerel,26 Mart 1989,30,Hakkari,Sami Çetin,DYP,1019,13.85,
1989yerel,26 Mart 1989,30,Hakkari,Remzi Çiçek,RP,66,0.9,
1989yerel,26 Mart 1989,30,Hakkari,Ahmet Şen,MHP,34,0.46,
1989yerel,26 Mart 1989,30,Hakkari,Mikail İlçin,IDP,16,0.22,
1989yerel,26 Mart 1989,28,Giresun,Mehmet Işık,SHP,10100,41.82,EVET
1989yerel,26 Mart 1989,28,Giresun,Mehmet Bulut,RP,5535,22.92,
1989yerel,26 Mart 1989,28,Giresun,Mehmet Larçın,ANAP,4481,18.55,
1989yerel,26 Mart 1989,28,Giresun,Halil Akbaşlı,DYP,3076,12.74,
1989yerel,26 Mart 1989,28,Giresun,İhsan Doğan,MHP,554,2.29,
1989yerel,26 Mart 1989,28,Giresun,Mustafa Mumcu,DSP,294,1.22,
1989yerel,26 Mart 1989,28,Giresun,Murat Durukan,IDP,110,0.46,
1989yerel,26 Mart 1989,34,İstanbul,Nurettin Sözen,SHP,818756,35.95,EVET
1989yerel,26 Mart 1989,34,İstanbul,Bedrettin Dalan,ANAP,594845,26.12,
1989yerel,26 Mart 1989,34,İstanbul,Vural Arıkan,DYP,315591,13.86,
1989yerel,26 Mart 1989,34,İstanbul,Mukbil Zırtıloğlu,DSP,278294,12.22,
1989yerel,26 Mart 1989,34,İstanbul,Bahri Zengin,RP,238745,10.48,
1989yerel,26 Mart 1989,34,İstanbul,Ziyattin Alturan,MHP,22278,0.98,
1989yerel,26 Mart 1989,34,İstanbul,Yıldırım Kemal Akıncı,IDP,7241,0.32,
1989yerel,26 Mart 1989,34,İstanbul,Hıdır Hokka,Bağımsız,1614,0.07,
1989yerel,26 Mart 1989,29,Gümüşhane,Naim Ağaç,DYP,2827,40.05,EVET
1989yerel,26 Mart 1989,29,Gümüşhane,Bahtiyar Daltaban,SHP,1643,23.28,
1989yerel,26 Mart 1989,29,Gümüşhane,Halil İbrahim Çetinkaya,ANAP,1289,18.26,
1989yerel,26 Mart 1989,29,Gümüşhane,Yaşar Koç,MHP,757,10.72,
1989yerel,26 Mart 1989,29,Gümüşhane,Sinan Akıncı,RP,370,5.24,
1989yerel,26 Mart 1989,29,Gümüşhane,Ahmet Aytaç,DSP,173,2.45,
1989yerel,26 Mart 1989,46,Kahramanmaraş,Hacı Ali Özal,ANAP,9947,15.69,
1989yerel,26 Mart 1989,46,Kahramanmaraş,Ali Sezal,RP,17910,28.26,EVET
1989yerel,26 Mart 1989,46,Kahramanmaraş,Selahattin Karademir,DYP,17316,27.32,
1989yerel,26 Mart 1989,46,Kahramanmaraş,Ökkeş Kenger,MHP,13466,21.24,
1989yerel,26 Mart 1989,46,Kahramanmaraş,Emin Gürpınar,SHP,3430,5.41,
1989yerel,26 Mart 1989,46,Kahramanmaraş,Mehmet Taşkesen,DSP,433,0.68,
1989yerel,26 Mart 1989,46,Kahramanmaraş,Mehmet Gölcü,IDP,221,0.35,
1989yerel,26 Mart 1989,36,Kars,Selahattin Filtekin,SHP,8999,44.89,EVET
1989yerel,26 Mart 1989,36,Kars,Turan Çelebi,ANAP,7983,39.83,
1989yerel,26 Mart 1989,36,Kars,Şahmettin Karabulutlu,DSP,1863,9.29,
1989yerel,26 Mart 1989,36,Kars,Asım Dereçiçek,DYP,479,2.39,
1989yerel,26 Mart 1989,36,Kars,Kerem Avşar,RP,315,1.57,
1989yerel,26 Mart 1989,36,Kars,Aydemir Karabatak,MHP,267,1.33,
1989yerel,26 Mart 1989,36,Kars,Cahit Kaya,IDP,139,0.69,
1989yerel,26 Mart 1989,37,Kastamonu,Faruk Nuhoğlu,SHP,7263,36.18,EVET
1989yerel,26 Mart 1989,37,Kastamonu,Mete Tufan,DYP,6089,30.33,
1989yerel,26 Mart 1989,37,Kastamonu,Yunus Taşkapılı,ANAP,2260,11.26,
1989yerel,26 Mart 1989,37,Kastamonu,Ali Büyükşen,MHP,1673,8.33,
1989yerel,26 Mart 1989,37,Kastamonu,Erhan Memişoğlu,DSP,1389,6.92,
1989yerel,26 Mart 1989,37,Kastamonu,Celal Kuşoğlu,RP,761,3.79,
1989yerel,26 Mart 1989,37,Kastamonu,Metin Kabasakal,Bağımsız,552,2.75,
1989yerel,26 Mart 1989,37,Kastamonu,Sıtkı Börekçi,IDP,90,0.45,
1989yerel,26 Mart 1989,38,Kayseri,Niyazi Bahçecioğlu,SHP,38836,27.75,EVET
1989yerel,26 Mart 1989,38,Kayseri,Hüsamettin Çetinbulut,ANAP,37059,26.48,
1989yerel,26 Mart 1989,38,Kayseri,Mehmet Selçuk Mehmetbeyoğlu,DYP,32230,23.03,
1989yerel,26 Mart 1989,38,Kayseri,Mustafa Yemlihalıoğlu,RP,15216,10.87,
1989yerel,26 Mart 1989,38,Kayseri,Alim Gerçel,MHP,9118,6.52,
1989yerel,26 Mart 1989,38,Kayseri,Halef Baykal,DSP,6589,4.71,
1989yerel,26 Mart 1989,38,Kayseri,Ali Aydın,IDP,904,0.65,
1989yerel,26 Mart 1989,39,Kırklareli,Hasan Buzol,ANAP,3900,20.45,
1989yerel,26 Mart 1989,39,Kırklareli,Kadir Gökçe,SHP,5297,27.77,EVET
1989yerel,26 Mart 1989,39,Kırklareli,Kemal Kayat,DYP,5056,26.51,
1989yerel,26 Mart 1989,39,Kırklareli,Namık Kemal Oskay,DSP,2655,13.92,
1989yerel,26 Mart 1989,39,Kırklareli,Kemal Şar,RP,294,1.54,
1989yerel,26 Mart 1989,39,Kırklareli,Numan Haydar Kırkoyun,MHP,174,0.91,
1989yerel,26 Mart 1989,39,Kırklareli,Nermin Tan,Bağımsız,145,0.76,
1989yerel,26 Mart 1989,39,Kırklareli,Sezai Kırbaş,IDP,58,0.3,
1989yerel,26 Mart 1989,40,Kırşehir,Cahit Gürses,SHP,9794,17.75,EVET
1989yerel,26 Mart 1989,40,Kırşehir,İzzet Yıldırım,ANAP,7828,14.18,
1989yerel,26 Mart 1989,40,Kırşehir,Nevzat Özşahin,DSP,1316,2.38,
1989yerel,26 Mart 1989,40,Kırşehir,Mustafa Kemal Hotomaroğlu,DYP,4168,7.55,
1989yerel,26 Mart 1989,40,Kırşehir,Dursun Özdemir,MHP,5009,9.08,
1989yerel,26 Mart 1989,40,Kırşehir,Halit Demirel,RP,2482,4.5,
1989yerel,26 Mart 1989,40,Kırşehir,Durmuş Karadağ,SosP,262,0.47,
1989yerel,26 Mart 1989,43,Kütahya,Halil İbrahim Özkaraca,DYP,27778,53.16,EVET
1989yerel,26 Mart 1989,43,Kütahya,Oral Kiper,ANAP,9473,18.13,
1989yerel,26 Mart 1989,43,Kütahya,Süleyman Canan,RP,6017,11.51,
1989yerel,26 Mart 1989,43,Kütahya,Emin Karaa,SHP,5888,11.27,
1989yerel,26 Mart 1989,43,Kütahya,Ahmet Atan,DSP,1802,3.45,
1989yerel,26 Mart 1989,43,Kütahya,Ahmet Karadeniz,MHP,754,1.44,
1989yerel,26 Mart 1989,43,Kütahya,Hacı Koçak,IDP,484,0.93,
1989yerel,26 Mart 1989,43,Kütahya,İsmail Planalı,Bağımsız,46,0.09,
1989yerel,26 Mart 1989,44,Malatya,Fuat Ercişli,SHP,24854,27.72,
1989yerel,26 Mart 1989,44,Malatya,Ahmet Münir Erkal,ANAP,38478,42.92,EVET
1989yerel,26 Mart 1989,44,Malatya,Mehmet Naci Şavata,RP,9898,11.04,
1989yerel,26 Mart 1989,44,Malatya,Cumali Pak,MHP,5729,6.39,
1989yerel,26 Mart 1989,44,Malatya,Şerafettin Arpacı,DYP,5477,6.11,
1989yerel,26 Mart 1989,44,Malatya,Abuzer Çiftehan,DSP,2055,2.29,
1989yerel,26 Mart 1989,44,Malatya,Hamza Akgül,IDP,660,0.74,
1989yerel,26 Mart 1989,44,Malatya,Recai Özkan,Bağımsız,133,0.15,
1989yerel,26 Mart 1989,47,Mardin,Nihat Gülseren,DYP,2180,15.07,
1989yerel,26 Mart 1989,47,Mardin,Abdullatif Aydın Saraçoğlu,SHP,5161,35.67,EVET
1989yerel,26 Mart 1989,47,Mardin,Mehmet Beşir Hamidi,RP,2582,17.85,
1989yerel,26 Mart 1989,47,Mardin,Ali İhsan Ensari,ANAP,2293,15.85,
1989yerel,26 Mart 1989,47,Mardin,Ramazan Dal,DSP,1274,8.81,
1989yerel,26 Mart 1989,47,Mardin,Mehmet Irmak,MHP,127,0.88,
1989yerel,26 Mart 1989,45,Manisa,Mehmet Öncel Günhan,SHP,21302,31.62,
1989yerel,26 Mart 1989,45,Manisa,Zafer Ünal,DYP,22406,33.25,EVET
1989yerel,26 Mart 1989,45,Manisa,Oktay Görgün,ANAP,10873,16.14,
1989yerel,26 Mart 1989,45,Manisa,Arif Çipiloğlu,RP,6612,9.81,
1989yerel,26 Mart 1989,45,Manisa,Ekrem Altun,DSP,2023,3.0,
1989yerel,26 Mart 1989,45,Manisa,Mehmet Tatlıcı,MHP,652,0.97,
1989yerel,26 Mart 1989,45,Manisa,Osman Akoral,IDP,257,0.38,
1989yerel,26 Mart 1989,48,Muğla,Hamdi Yücel Gürsoy,ANAP,4534,25.71,
1989yerel,26 Mart 1989,48,Muğla,Orhan Çakır,SHP,7578,42.97,EVET
1989yerel,26 Mart 1989,48,Muğla,Kubilay Toprakçı,DYP,2789,15.82,
1989yerel,26 Mart 1989,48,Muğla,Gazi Çakır,DSP,543,3.08,
1989yerel,26 Mart 1989,48,Muğla,Cengiz Kantarcı,RP,262,1.49,
1989yerel,26 Mart 1989,48,Muğla,Bayram Taşel,MHP,116,0.66,
1989yerel,26 Mart 1989,48,Muğla,Mesut Şimşek,IDP,45,0.26,
1989yerel,26 Mart 1989,50,Nevşehir,Muzaffer Doğan,RP,3155,12.39,
1989yerel,26 Mart 1989,50,Nevşehir,Nejdet Ersan,DYP,10042,39.42,EVET
1989yerel,26 Mart 1989,50,Nevşehir,Necmi Cantekin,ANAP,4850,19.04,
1989yerel,26 Mart 1989,50,Nevşehir,Selahattin Davarcı,SHP,1320,5.18,
1989yerel,26 Mart 1989,50,Nevşehir,Kürşat Karakaya,MHP,396,1.55,
1989yerel,26 Mart 1989,50,Nevşehir,Raşit Özdemir,DSP,250,0.98,
1989yerel,26 Mart 1989,50,Nevşehir,Bayram Yılmaz,IDP,88,0.35,
1989yerel,26 Mart 1989,52,Ordu,Kazım Türkmen,SHP,10451,36.62,EVET
1989yerel,26 Mart 1989,52,Ordu,Celal Şahin,ANAP,3545,12.42,
1989yerel,26 Mart 1989,52,Ordu,Ahmet Kırca,DSP,7612,26.67,
1989yerel,26 Mart 1989,52,Ordu,Halit Kahraman,DYP,5103,17.88,
1989yerel,26 Mart 1989,52,Ordu,Recep Gökalp,RP,770,2.7,
1989yerel,26 Mart 1989,52,Ordu,Orhan Gümüş,MHP,456,1.6,
1989yerel,26 Mart 1989,52,Ordu,Necati Kırış,IDP,154,0.54,
1989yerel,26 Mart 1989,53,Rize,Memiş Ali Usta,DYP,7332,28.78,EVET
1989yerel,26 Mart 1989,53,Rize,Ziya Mandev,SHP,2406,9.45,
1989yerel,26 Mart 1989,53,Rize,Ayhan Hacıfazlıoğlu,ANAP,3726,14.63,
1989yerel,26 Mart 1989,53,Rize,Şevki Yılmaz,RP,4851,19.04,
1989yerel,26 Mart 1989,53,Rize,Ömer Bayar,DSP,3237,12.71,
1989yerel,26 Mart 1989,53,Rize,İlyas Aydın Ekşioğlu,MHP,227,0.89,
1989yerel,26 Mart 1989,55,Samsun,Muzaffer Önder,SHP,44002,38.55,EVET
1989yerel,26 Mart 1989,55,Samsun,Ekrem Samangül,DYP,38585,33.8,
1989yerel,26 Mart 1989,55,Samsun,Ruhat Çetinkaya,ANAP,15179,13.3,
1989yerel,26 Mart 1989,55,Samsun,Ali Türkmen,RP,7032,6.16,
1989yerel,26 Mart 1989,55,Samsun,İrfan Öztürk,DSP,5574,4.88,
1989yerel,26 Mart 1989,55,Samsun,Sebahattin Taşkın,MHP,3315,2.9,
1989yerel,26 Mart 1989,55,Samsun,Mehmet Karabacak,IDP,466,0.41,
1989yerel,26 Mart 1989,57,Sinop,Ali Karagülle,SHP,4462,40.3,EVET
1989yerel,26 Mart 1989,57,Sinop,Selahattin Gökdağ,DSP,2754,24.87,
1989yerel,26 Mart 1989,57,Sinop,Aydın Atakan,ANAP,2495,22.53,
1989yerel,26 Mart 1989,57,Sinop,Bedri Kayıkçıoğlu,DYP,1007,9.1,
1989yerel,26 Mart 1989,57,Sinop,Hüseyin Cavit Üçüncüoğlu,RP,340,3.07,
1989yerel,26 Mart 1989,57,Sinop,Sami Özsalcı,Bağımsız,14,0.13,
1989yerel,26 Mart 1989,51,Niğde,İrfan Bahar,DYP,4585,14.6,
1989yerel,26 Mart 1989,51,Niğde,Ahmet Oğuz Özmen,SHP,8436,26.86,EVET
1989yerel,26 Mart 1989,51,Niğde,Ferudun Zeren,ANAP,2312,7.36,
1989yerel,26 Mart 1989,51,Niğde,Mustafa Memiş,DSP,515,1.64,
1989yerel,26 Mart 1989,51,Niğde,Mustafa Hatipoğlu,RP,2740,8.72,
1989yerel,26 Mart 1989,51,Niğde,Orhan Taciroğlu,MHP,2014,6.41,
1989yerel,26 Mart 1989,63,Şanlıurfa,İbrahim Halil Çelik,RP,17026,37.0,EVET
1989yerel,26 Mart 1989,63,Şanlıurfa,Mehmet Alagöz,SHP,11373,24.71,
1989yerel,26 Mart 1989,63,Şanlıurfa,Kadri Erdoğan,DYP,7994,17.37,
1989yerel,26 Mart 1989,63,Şanlıurfa,Mahmut Kaplan,ANAP,6961,15.13,
1989yerel,26 Mart 1989,63,Şanlıurfa,Hacı Suphi Yedikardeş,DSP,2221,4.83,
1989yerel,26 Mart 1989,63,Şanlıurfa,Ömer Hurma,IDP,442,0.96,
1989yerel,26 Mart 1989,59,Tekirdağ,Tufan Yıldırım,ANAP,6147,20.14,
1989yerel,26 Mart 1989,59,Tekirdağ,Beytullah Demir,DYP,9728,31.87,
1989yerel,26 Mart 1989,59,Tekirdağ,Cemal Ünlüsaraç,SHP,10691,35.02,EVET
1989yerel,26 Mart 1989,59,Tekirdağ,Veyis Sezen,DSP,1490,4.88,
1989yerel,26 Mart 1989,59,Tekirdağ,Nurettin Aslantaş,RP,1282,4.2,
1989yerel,26 Mart 1989,59,Tekirdağ,Ali Balcı,IDP,77,0.25,
1989yerel,26 Mart 1989,59,Tekirdağ,Ali Rıza Deniz,Bağımsız,31,0.1,
1989yerel,26 Mart 1989,60,Tokat,İsmet Saraçoğlu,DYP,11220,34.21,EVET
1989yerel,26 Mart 1989,60,Tokat,Yusuf İpek,RP,4316,13.16,
1989yerel,26 Mart 1989,60,Tokat,Hasan Utku,Bağımsız,466,1.42,
1989yerel,26 Mart 1989,60,Tokat,Hüdayi Sayıbaş,ANAP,6725,20.5,
1989yerel,26 Mart 1989,60,Tokat,Ali Galip Özcan,SHP,5883,17.94,
1989yerel,26 Mart 1989,60,Tokat,Süreyya Karan,MHP,2382,7.26,
1989yerel,26 Mart 1989,60,Tokat,Gürsel Şahinoğlu,DSP,462,1.41,
1989yerel,26 Mart 1989,60,Tokat,İbrahim Kumaş,IDP,284,0.87,
1989yerel,26 Mart 1989,61,Trabzon,Atay Aktuğ,SHP,18154,38.53,EVET
1989yerel,26 Mart 1989,61,Trabzon,Ahmet Yıldırım,DYP,12162,25.81,
1989yerel,26 Mart 1989,61,Trabzon,Orhan Karakullukçu,ANAP,8156,17.31,
1989yerel,26 Mart 1989,61,Trabzon,Mustafa Özdaş,RP,3596,7.63,
1989yerel,26 Mart 1989,61,Trabzon,Volkan Metintaş,DSP,2931,6.22,
1989yerel,26 Mart 1989,61,Trabzon,İlhan Soydan,MHP,1315,2.79,
1989yerel,26 Mart 1989,61,Trabzon,Oğuzhan Sarı,IDP,218,0.46,
1989yerel,26 Mart 1989,64,Uşak,Ali Künek,SHP,15515,37.83,EVET
1989yerel,26 Mart 1989,64,Uşak,Hakkı Yağcı,DYP,13399,32.67,
1989yerel,26 Mart 1989,64,Uşak,Mehmet Pehlivan,ANAP,7761,18.92,
1989yerel,26 Mart 1989,64,Uşak,Celal Yılmaz,RP,2159,5.26,
1989yerel,26 Mart 1989,64,Uşak,Ramazan Sevinç,DSP,1209,2.95,
1989yerel,26 Mart 1989,64,Uşak,Ahmet Özyiğit,MHP,798,1.95,
1989yerel,26 Mart 1989,64,Uşak,Rıza Çiğdem,IDP,176,0.43,
1989yerel,26 Mart 1989,65,Van,Fethullah Erbaş,RP,9482,26.56,EVET
1989yerel,26 Mart 1989,65,Van,Mustafa Kaçmaz,DYP,9426,26.4,
1989yerel,26 Mart 1989,65,Van,İhsan Ece,DSP,6052,16.95,
1989yerel,26 Mart 1989,65,Van,Hamit Acar,SHP,4462,12.5,
1989yerel,26 Mart 1989,65,Van,Mustafa Çohaz,ANAP,3047,8.54,
1989yerel,26 Mart 1989,65,Van,Zeki Kurt,IDP,2741,7.68,
1989yerel,26 Mart 1989,65,Van,Nihat Öztürk,MHP,457,1.28,
1989yerel,26 Mart 1989,65,Van,Mustafa Dikici,Bağımsız,33,0.09,
1989yerel,26 Mart 1989,66,Yozgat,Mehmet Erdemir,MHP,9064,49.16,EVET
1989yerel,26 Mart 1989,66,Yozgat,Süleyman Çınarer,ANAP,3799,20.6,
1989yerel,26 Mart 1989,66,Yozgat,Harun Kurt,SHP,1512,8.2,
1989yerel,26 Mart 1989,66,Yozgat,Ahmet Hamdi Lekesiz,RP,1447,7.85,
1989yerel,26 Mart 1989,66,Yozgat,Ömer Turan,DYP,1324,7.18,
1989yerel,26 Mart 1989,66,Yozgat,Yusuf Bahri Civelek,IDP,1016,5.51,
1989yerel,26 Mart 1989,66,Yozgat,Mustafa Güven,DSP,277,1.5,
1989yerel,26 Mart 1989,67,Zonguldak,Yüksel Aytaç,SHP,14234,23.9,EVET
1989yerel,26 Mart 1989,67,Zonguldak,Zeki Çakan,ANAP,10608,17.81,
1989yerel,26 Mart 1989,67,Zonguldak,Ali Uzun,DYP,14029,23.56,
1989yerel,26 Mart 1989,67,Zonguldak,Hüseyin Öztek,DSP,6895,11.58,
1989yerel,26 Mart 1989,67,Zonguldak,Necmettin Aydın,RP,3213,5.4,
1989yerel,26 Mart 1989,67,Zonguldak,Turgut Köse,MHP,340,0.57,
1989yerel,26 Mart 1989,67,Zonguldak,Rahmi Tanrıkulu,IDP,268,0.45,
1989yerel,26 Mart 1989,62,Tunceli,Mehmet Kocademir,Bağımsız,2745,48.7,EVET
1989yerel,26 Mart 1989,62,Tunceli,Hasan Korkmaz,SHP,2136,37.9,
1989yerel,26 Mart 1989,62,Tunceli,Dursun Demirtaş,DSP,451,8.0,
1989yerel,26 Mart 1989,62,Tunceli,Hüseyin Söylemez,ANAP,150,2.66,
1989yerel,26 Mart 1989,62,Tunceli,Adil Seyrek,RP,57,1.01,
1989yerel,26 Mart 1989,62,Tunceli,Bahattin Bağışlı,MHP,51,0.9,
1989yerel,26 Mart 1989,62,Tunceli,Hıdır Takat,DYP,46,0.82,
1989yerel,26 Mart 1989,8,Artvin,Kadir Halvaşi,SHP,3342,41.58,EVET
1989yerel,26 Mart 1989,8,Artvin,Seracettin Yazan,DYP,2372,29.51,
1989yerel,26 Mart 1989,8,Artvin,Yılmaz Azizağaoğlu,ANAP,1935,24.08,
1989yerel,26 Mart 1989,8,Artvin,Kenan Soysal,RP,217,2.7,
1989yerel,26 Mart 1989,8,Artvin,Temel Demirci,DSP,171,2.13,
1989yerel,26 Mart 1989,20,Denizli,Ali Acar,ANAP,17065,19.79,
1989yerel,26 Mart 1989,20,Denizli,Haluk Müftüler,DYP,29105,33.74,
1989yerel,26 Mart 1989,20,Denizli,Ali Marım,SHP,31246,36.23,EVET
1989yerel,26 Mart 1989,20,Denizli,Nuri Hıra,DSP,2049,2.38,
1989yerel,26 Mart 1989,20,Denizli,Mehmet Çetin,RP,1779,2.06,
1989yerel,26 Mart 1989,20,Denizli,Mehmet Güzin,MHP,663,0.77,
1989yerel,26 Mart 1989,20,Denizli,Kadir Elçin,IDP,319,0.37,
1989yerel,26 Mart 1989,32,Isparta,Altan Raşit Civan,DYP,31843,65.61,EVET
1989yerel,26 Mart 1989,32,Isparta,Mesut Ayan,ANAP,6477,13.35,
1989yerel,26 Mart 1989,32,Isparta,Hüseyin Sofulu,SHP,4261,8.78,
1989yerel,26 Mart 1989,32,Isparta,Meksan Türkkahraman,RP,2236,4.61,
1989yerel,26 Mart 1989,32,Isparta,Mustafa Artan,MHP,1278,2.63,
1989yerel,26 Mart 1989,32,Isparta,Sait Yıldırım,IDP,256,0.53,
1989yerel,26 Mart 1989,35,İzmir,Yüksel Çakmur,SHP,365980,52.4,EVET
1989yerel,26 Mart 1989,35,İzmir,Burhan Özfatura,ANAP,169672,24.29,
1989yerel,26 Mart 1989,35,İzmir,Orhan Erdil,DYP,97183,13.92,
1989yerel,26 Mart 1989,35,İzmir,Mustafa Yiğit,DSP,39186,5.61,
1989yerel,26 Mart 1989,35,İzmir,Şevket Kazan,RP,18815,2.69,
1989yerel,26 Mart 1989,35,İzmir,Nurettin Sarumuratoğlu,MHP,5326,0.76,
1989yerel,26 Mart 1989,35,İzmir,Erkan Özsaatçılar,IDP,2227,0.32,
1989yerel,26 Mart 1989,42,Konya,Halil Ürün,RP,76621,41.66,EVET
1989yerel,26 Mart 1989,42,Konya,İbrahim Baz,DYP,44568,24.23,
1989yerel,26 Mart 1989,42,Konya,Ahmet Öksüz,ANAP,31091,16.91,
1989yerel,26 Mart 1989,42,Konya,Şahin Koç,SHP,15294,8.32,
1989yerel,26 Mart 1989,42,Konya,Ekrem Çağlayan,MHP,8033,4.37,
1989yerel,26 Mart 1989,42,Konya,Namık Kemal Erdem,DSP,7282,3.96,
1989yerel,26 Mart 1989,42,Konya,Ahmet Kara,IDP,1022,0.56,
1989yerel,26 Mart 1989,49,Muş,Necati Kalsın,DYP,4024,37.37,EVET
1989yerel,26 Mart 1989,49,Muş,Abdülkadir Turan,RP,4019,37.32,
1989yerel,26 Mart 1989,49,Muş,Cihat Karasu,ANAP,1388,12.89,
1989yerel,26 Mart 1989,49,Muş,Kadri Sabuncuoğlu,SHP,1099,10.21,
1989yerel,26 Mart 1989,49,Muş,İsmet Özkan,DSP,225,2.09,
1989yerel,26 Mart 1989,49,Muş,Cevdet Özmen,Bağımsız,13,0.12,
1989yerel,26 Mart 1989,56,Siirt,Ekrem Bilek,SHP,5656,33.67,EVET
1989yerel,26 Mart 1989,56,Siirt,Fahri Çeliker,ANAP,4745,28.25,
1989yerel,26 Mart 1989,56,Siirt,Mehmet Emin Aydın,RP,4146,24.68,
1989yerel,26 Mart 1989,56,Siirt,Abdülkadir Çeliktuğ,DYP,1417,8.44,
1989yerel,26 Mart 1989,56,Siirt,Nedim Kayra,DSP,554,3.3,
1989yerel,26 Mart 1989,56,Siirt,Abdulvahap Armut,MHP,272,1.62,
1989yerel,26 Mart 1989,56,Siirt,Fikri Yeşilbaş,Bağımsız,8,0.05,
1989yerel,26 Mart 1989,58,Sivas,Temel Karamollaoğlu,RP,27985,36.35,EVET
1989yerel,26 Mart 1989,58,Sivas,Süleyman Çanka,SHP,20789,27.0,
1989yerel,26 Mart 1989,58,Sivas,Bekir Timurboğa,ANAP,16299,21.17,
1989yerel,26 Mart 1989,58,Sivas,Ömer Faruk Çınargil,MHP,5832,7.57,
1989yerel,26 Mart 1989,58,Sivas,Necmettin İlbay,DYP,3571,4.64,
1989yerel,26 Mart 1989,58,Sivas,İlhan Akgül,DSP,1682,2.18,
1989yerel,26 Mart 1989,58,Sivas,Ömer Polat,IDP,746,0.97,
1989yerel,26 Mart 1989,58,Sivas,Ethem Özbay,Bağımsız,89,0.12,
1989yerel,26 Mart 1989,31,Hatay,Bülent Halefoğlu,DYP,8740,18.44,
1989yerel,26 Mart 1989,31,Hatay,Mehmet Şükrü Güçlü,SHP,17516,36.95,EVET
1989yerel,26 Mart 1989,31,Hatay,Mahmut Alpagot,ANAP,15849,33.43,
1989yerel,26 Mart 1989,31,Hatay,İsmail Hakkı Kumru,RP,953,2.01,
1989yerel,26 Mart 1989,31,Hatay,Turgut Neşeli,MHP,716,1.51,
1989yerel,26 Mart 1989,31,Hatay,Nuri Maksutoğlu,DSP,633,1.34,
1989yerel,26 Mart 1989,31,Hatay,Ali Özhanoğlu,Bağımsız,34,0.07,
1989yerel,26 Mart 1989,41,Kocaeli,Mehmet Sefa Sirmen,SHP,33239,32.16,EVET
1989yerel,26 Mart 1989,41,Kocaeli,İsmail Kalkandelen,DYP,29513,28.55,
1989yerel,26 Mart 1989,41,Kocaeli,Yetkin Saner,DSP,15199,14.71,
1989yerel,26 Mart 1989,41,Kocaeli,Necati Gençoğlu,ANAP,13534,13.09,
1989yerel,26 Mart 1989,41,Kocaeli,Nevzat Kor,RP,9628,9.32,
1989yerel,26 Mart 1989,41,Kocaeli,Kemal Köse,MHP,1743,1.69,
1989yerel,26 Mart 1989,41,Kocaeli,Ömer Baysan,IDP,482,0.47,
1989yerel,26 Mart 1989,41,Kocaeli,Bilinmiyor,Bağımsız,19,0.02,
1989yerel,26 Mart 1989,33,Mersin,Ali Kaya Mutlu,SHP,61008,46.5,EVET
1989yerel,26 Mart 1989,33,Mersin,Hüseyin Okan Merzeci,ANAP,37691,28.73,
1989yerel,26 Mart 1989,33,Mersin,Edip Eren,DYP,8479,6.46,
1989yerel,26 Mart 1989,33,Mersin,Mehmet Emin Aydınbaş,RP,6843,5.22,
1989yerel,26 Mart 1989,33,Mersin,Veysel Karani Sözen,DSP,4396,3.35,
1989yerel,26 Mart 1989,33,Mersin,Mustafa Ongun,MHP,1438,1.1,
1989yerel,26 Mart 1989,33,Mersin,Üzeyir Eryıldız,IDP,454,0.35,
1989yerel,26 Mart 1989,33,Mersin,Kemal Öztürk,Bağımsız,48,0.04,
1989yerel,26 Mart 1989,54,Sakarya,Erkal Etçioğlu,ANAP,12873,15.75,
1989yerel,26 Mart 1989,54,Sakarya,Ünal Ozan,SHP,25245,30.89,EVET
1989yerel,26 Mart 1989,54,Sakarya,Ali Cevat Güven,DYP,20005,24.48,
1989yerel,26 Mart 1989,54,Sakarya,Ekrem Yüce,RP,7650,9.36,
1989yerel,26 Mart 1989,54,Sakarya,Zeki Balçın,DSP,3174,3.88,
1989yerel,26 Mart 1989,54,Sakarya,Yaşar Altındal,MHP,914,1.12,
1989yerel,26 Mart 1989,54,Sakarya,Aydın Arslan,IDP,209,0.26,
1984yerel,25 Mart 1984,2,Adıyaman,Mehmet Erdem,MDP,4638,26.36,EVET
1984yerel,25 Mart 1984,2,Adıyaman,Mehmet Sait Akgün,ANAP,3737,21.24,
1984yerel,25 Mart 1984,2,Adıyaman,Mustafa Kemal Kocatürk,DYP,3195,18.16,
1984yerel,25 Mart 1984,2,Adıyaman,Şevket Gürsoy,HP,3047,17.32,
1984yerel,25 Mart 1984,2,Adıyaman,Mahmut Tunç,SODEP,1713,9.74,
1984yerel,25 Mart 1984,2,Adıyaman,Mehmet Sait Bereket,RP,1266,7.19,
1984yerel,25 Mart 1984,5,Amasya,Mustafa Hatipoğlu,ANAP,10843,56.38,EVET
1984yerel,25 Mart 1984,5,Amasya,Arif Gündüz Türem,SODEP,5505,28.63,
1984yerel,25 Mart 1984,5,Amasya,Osman Uzun,HP,628,3.27,
1984yerel,25 Mart 1984,5,Amasya,Ahmet Kazancı,DYP,710,3.69,
1984yerel,25 Mart 1984,5,Amasya,Doğan Saraçoğlu,RP,387,2.01,
1984yerel,25 Mart 1984,5,Amasya,Mustafa Dede,MDP,199,1.03,
1984yerel,25 Mart 1984,3,Afyonkarahisar,Erdal Akar,ANAP,17453,49.93,EVET
1984yerel,25 Mart 1984,3,Afyonkarahisar,Mehmet Özutku,DYP,2417,6.91,
1984yerel,25 Mart 1984,3,Afyonkarahisar,Ali Cevat Güven,MDP,3493,9.99,
1984yerel,25 Mart 1984,3,Afyonkarahisar,Ziya Tiryakioğlu,SODEP,2539,7.26,
1984yerel,25 Mart 1984,3,Afyonkarahisar,Yılmaz Çarkgil,HP,2315,6.62,
1984yerel,25 Mart 1984,3,Afyonkarahisar,Osman Hazer,RP,1235,3.53,
1984yerel,25 Mart 1984,3,Afyonkarahisar,Ali Oğuz,Bağımsız,1133,3.24,
1984yerel,25 Mart 1984,7,Antalya,Yener Ulusoy,ANAP,44454,48.63,EVET
1984yerel,25 Mart 1984,7,Antalya,Ahmet Doğan Egel,DYP,14780,16.17,
1984yerel,25 Mart 1984,7,Antalya,Rıfat Hamit Günal,SODEP,19090,20.88,
1984yerel,25 Mart 1984,7,Antalya,Aktan Güra,HP,4681,5.12,
1984yerel,25 Mart 1984,7,Antalya,Mahmut Kamil Akdemir,MDP,3365,3.68,
1984yerel,25 Mart 1984,7,Antalya,Zeki Büyüközer,RP,2010,2.2,
1984yerel,25 Mart 1984,7,Antalya,Selahattin Tonguç,Bağımsız,197,0.22,
1984yerel,25 Mart 1984,6,Ankara,Mehmet Altınsoy,ANAP,391975,53.17,EVET
1984yerel,25 Mart 1984,6,Ankara,Vedat Ali Dalokay,SODEP,243354,33.01,
1984yerel,25 Mart 1984,6,Ankara,Turhan Temuçin,HP,32278,4.38,
1984yerel,25 Mart 1984,6,Ankara,Mehmet Gölhan,DYP,30034,4.07,
1984yerel,25 Mart 1984,6,Ankara,Hüseyin Erdal,RP,20167,2.74,
1984yerel,25 Mart 1984,6,Ankara,Cemil Erkök,MDP,18240,2.47,
1984yerel,25 Mart 1984,6,Ankara,Bilinmiyor,Bağımsız,1162,0.16,
1984yerel,25 Mart 1984,4,Ağrı,Hikmet Erdem,ANAP,3420,39.4,EVET
1984yerel,25 Mart 1984,4,Ağrı,A. Baki Erarslan,MDP,3212,37.0,
1984yerel,25 Mart 1984,4,Ağrı,Nurettin Kahraman,RP,1332,15.34,
1984yerel,25 Mart 1984,4,Ağrı,Cemil Özmenağrı,SODEP,410,4.72,
1984yerel,25 Mart 1984,4,Ağrı,Kemal Altun,DYP,307,3.54,
1984yerel,25 Mart 1984,9,Aydın,Suat Zileli,DYP,6139,14.1,
1984yerel,25 Mart 1984,9,Aydın,Nevzat Biçer,ANAP,15943,36.61,EVET
1984yerel,25 Mart 1984,9,Aydın,Fikret Toksöz,SODEP,9172,21.06,
1984yerel,25 Mart 1984,9,Aydın,Salih Zeki Özdemir,MDP,2869,6.59,
1984yerel,25 Mart 1984,9,Aydın,Aydın Küçükırmak,HP,1700,3.9,
1984yerel,25 Mart 1984,9,Aydın,Halit Kılıç,RP,890,2.04,
1984yerel,25 Mart 1984,9,Aydın,Mehmet Erbey,Bağımsız,817,1.88,
1984yerel,25 Mart 1984,10,Balıkesir,Ziyaettin Tan,ANAP,30163,50.04,EVET
1984yerel,25 Mart 1984,10,Balıkesir,Sami Sözat,DYP,9398,15.59,
1984yerel,25 Mart 1984,10,Balıkesir,Ekrem Balıbek,SODEP,10754,17.84,
1984yerel,25 Mart 1984,10,Balıkesir,Hüseyin Baştuz,MDP,5809,9.64,
1984yerel,25 Mart 1984,10,Balıkesir,Süleyman Abacıgil,HP,2161,3.59,
1984yerel,25 Mart 1984,10,Balıkesir,Muhammet Zeki Aktaş,RP,1637,2.72,
1984yerel,25 Mart 1984,12,Bingöl,Mehmet Sıtkı Börü,ANAP,2241,31.16,EVET
1984yerel,25 Mart 1984,12,Bingöl,Selahattin Kaya,SODEP,1912,26.58,
1984yerel,25 Mart 1984,12,Bingöl,Hacı Hilmi&nbsp;Elçi,DYP,1446,20.1,
1984yerel,25 Mart 1984,12,Bingöl,Faik Ertuğrul,HP,681,9.47,
1984yerel,25 Mart 1984,12,Bingöl,Halit Aydoğdu,MDP,457,6.35,
1984yerel,25 Mart 1984,12,Bingöl,Şakir Sav,RP,456,6.34,
1984yerel,25 Mart 1984,13,Bitlis,Ahmet Muzaffer Geylani,SODEP,2680,36.05,EVET
1984yerel,25 Mart 1984,13,Bitlis,Adil Yandın,ANAP,2257,30.36,
1984yerel,25 Mart 1984,13,Bitlis,Mehmet Kumaşçıoğlu,DYP,1624,21.84,
1984yerel,25 Mart 1984,13,Bitlis,Fikret Uygar,MDP,533,7.17,
1984yerel,25 Mart 1984,13,Bitlis,İrfan Eren,RP,318,4.28,
1984yerel,25 Mart 1984,13,Bitlis,Bilinmiyor,Bağımsız,23,0.31,
1984yerel,25 Mart 1984,14,Bolu,Muzaffer Süreyya Işın,ANAP,8147,49.08,EVET
1984yerel,25 Mart 1984,14,Bolu,Necdet Gören,SODEP,4895,29.49,
1984yerel,25 Mart 1984,14,Bolu,Rıfat Ersoy,MDP,1171,7.06,
1984yerel,25 Mart 1984,14,Bolu,Necmettin Hamarat,HP,1138,6.86,
1984yerel,25 Mart 1984,14,Bolu,Bülent Dinçtürk,DYP,822,4.95,
1984yerel,25 Mart 1984,14,Bolu,İsmail Hakkı Demiresen,RP,403,2.43,
1984yerel,25 Mart 1984,14,Bolu,Mehmet Çelik,Bağımsız,22,0.13,
1984yerel,25 Mart 1984,16,Bursa,Ekrem Barışık,ANAP,116466,47.57,EVET
1984yerel,25 Mart 1984,16,Bursa,Nurettin Aşan,SODEP,47543,19.42,
1984yerel,25 Mart 1984,16,Bursa,Ali Faruk Akman,DYP,26402,10.78,
1984yerel,25 Mart 1984,16,Bursa,Vedat Atabek,HP,22349,9.13,
1984yerel,25 Mart 1984,16,Bursa,Ümit Karabayrak,MDP,16175,6.61,
1984yerel,25 Mart 1984,16,Bursa,Abdülkerim Şebik,RP,10947,4.47,
1984yerel,25 Mart 1984,16,Bursa,Mehmet Çelik,Bağımsız,830,0.34,
1984yerel,25 Mart 1984,17,Çanakkale,Orhan Uğur,ANAP,5126,28.33,EVET
1984yerel,25 Mart 1984,17,Çanakkale,Arif Erensoy,DYP,4666,25.78,
1984yerel,25 Mart 1984,17,Çanakkale,Reşat Tabak,Bağımsız,4249,23.48,
1984yerel,25 Mart 1984,17,Çanakkale,İzzet Melih Dilmaç,SODEP,2881,15.92,
1984yerel,25 Mart 1984,17,Çanakkale,Faruk Semizoğlu,MDP,1175,6.49,
1984yerel,25 Mart 1984,18,Çankırı,Mustafa Kale,ANAP,8355,61.07,EVET
1984yerel,25 Mart 1984,18,Çankırı,Hasan Aydınlı,SODEP,2662,19.46,
1984yerel,25 Mart 1984,18,Çankırı,Hasan Çivitçioğlu,DYP,1370,10.01,
1984yerel,25 Mart 1984,18,Çankırı,Mustafa Usta,MDP,936,6.84,
1984yerel,25 Mart 1984,18,Çankırı,Celal Yurdunkulu,RP,359,2.62,
1984yerel,25 Mart 1984,20,Denizli,Ziya Tıkıroğlu,ANAP,19591,34.21,EVET
1984yerel,25 Mart 1984,20,Denizli,Yüksel Kaşıkçı,DYP,16528,28.86,
1984yerel,25 Mart 1984,20,Denizli,Ahmet Çor,Bağımsız,445,0.78,
1984yerel,25 Mart 1984,20,Denizli,Mehmet Korkutalp,SODEP,10910,19.05,
1984yerel,25 Mart 1984,20,Denizli,İsmail Sığış,HP,4762,8.32,
1984yerel,25 Mart 1984,20,Denizli,Ali Dartanel,MDP,1306,2.28,
1984yerel,25 Mart 1984,20,Denizli,Adem Turgut,RP,1026,1.79,
1984yerel,25 Mart 1984,19,Çorum,Necdet Diken,ANAP,11539,36.75,EVET
1984yerel,25 Mart 1984,19,Çorum,Kemal Demirer,MDP,5804,18.49,
1984yerel,25 Mart 1984,19,Çorum,Mehmet Samsunlu,HP,5567,17.73,
1984yerel,25 Mart 1984,19,Çorum,Fevzi Bilan,SODEP,5295,16.86,
1984yerel,25 Mart 1984,19,Çorum,Sadi Zelveci,DYP,1704,5.43,
1984yerel,25 Mart 1984,19,Çorum,Feyzullah Kıyıklık,RP,1488,4.74,
1984yerel,25 Mart 1984,21,Diyarbakır,Nurettin Dilek,ANAP,14262,26.17,EVET
1984yerel,25 Mart 1984,21,Diyarbakır,Turgut Atalay,SODEP,13169,24.17,
1984yerel,25 Mart 1984,21,Diyarbakır,Mehmet Kahraman,HP,6644,12.19,
1984yerel,25 Mart 1984,21,Diyarbakır,Ömer Önen,Bağımsız,3301,6.06,
1984yerel,25 Mart 1984,21,Diyarbakır,Recep Hakeri,DYP,2859,5.25,
1984yerel,25 Mart 1984,21,Diyarbakır,Hüsnü Kaya,RP,2647,4.86,
1984yerel,25 Mart 1984,21,Diyarbakır,Mehmet Taşer,MDP,1266,2.32,
1984yerel,25 Mart 1984,23,Elazığ,Mustafa Temizer,ANAP,29115,55.13,EVET
1984yerel,25 Mart 1984,23,Elazığ,İhsan Kuzu,RP,3646,6.9,
1984yerel,25 Mart 1984,23,Elazığ,Şükrü Kacar,SODEP,11082,20.98,
1984yerel,25 Mart 1984,23,Elazığ,Kenan Aksın,MDP,4282,8.11,
1984yerel,25 Mart 1984,23,Elazığ,Fariz Aksakal,DYP,1680,3.18,
1984yerel,25 Mart 1984,23,Elazığ,Mürşit Öztürk,HP,976,1.85,
1984yerel,25 Mart 1984,23,Elazığ,Dursun Uçar,Bağımsız,584,1.11,
1984yerel,25 Mart 1984,22,Edirne,İbrahim Ay,ANAP,14351,45.23,EVET
1984yerel,25 Mart 1984,22,Edirne,Güngör Mazlum,SODEP,9343,29.45,
1984yerel,25 Mart 1984,22,Edirne,Ali Pirko,HP,3326,10.48,
1984yerel,25 Mart 1984,22,Edirne,Naci Uzer,DYP,2653,8.36,
1984yerel,25 Mart 1984,22,Edirne,Şener Yüzer,RP,1054,3.32,
1984yerel,25 Mart 1984,22,Edirne,Nejat Tuncver,MDP,1001,3.15,
1984yerel,25 Mart 1984,24,Erzincan,Adnan Ercan,ANAP,13109,60.44,EVET
1984yerel,25 Mart 1984,24,Erzincan,Turan Özmumcu,SODEP,5455,25.15,
1984yerel,25 Mart 1984,24,Erzincan,Ramiz Öztürk,DYP,1741,8.03,
1984yerel,25 Mart 1984,24,Erzincan,Selahattin Sezgin,MDP,499,2.3,
1984yerel,25 Mart 1984,24,Erzincan,Yılmaz Bayat,RP,472,2.18,
1984yerel,25 Mart 1984,24,Erzincan,Hüsamettin Yıldırım,HP,252,1.16,
1984yerel,25 Mart 1984,24,Erzincan,Halit Köprülü,Bağımsız,101,0.47,
1984yerel,25 Mart 1984,26,Eskişehir,Sezai Aksoy,ANAP,73528,46.97,EVET
1984yerel,25 Mart 1984,26,Eskişehir,Aytaç Çınar,SODEP,32922,21.03,
1984yerel,25 Mart 1984,26,Eskişehir,Fethi Yılmaz Sezer,DYP,16528,10.56,
1984yerel,25 Mart 1984,26,Eskişehir,Haydar Yüksel İçbilen,HP,14396,9.2,
1984yerel,25 Mart 1984,26,Eskişehir,Abdullah Akbıyık,RP,8087,5.17,
1984yerel,25 Mart 1984,26,Eskişehir,Nursel Bolel,MDP,7666,4.9,
1984yerel,25 Mart 1984,26,Eskişehir,Bilinmiyor,Bağımsız,649,0.41,
1984yerel,25 Mart 1984,29,Gümüşhane,Yalçın Kurt,ANAP,2188,42.81,EVET
1984yerel,25 Mart 1984,29,Gümüşhane,Aydın Bostancı,SODEP,1439,28.15,
1984yerel,25 Mart 1984,29,Gümüşhane,Aziz Bayraktar,DYP,987,19.31,
1984yerel,25 Mart 1984,29,Gümüşhane,Ahmet Erkan Kocatürk,Bağımsız,241,4.72,
1984yerel,25 Mart 1984,29,Gümüşhane,Ali Erdoğdu,HP,106,2.07,
1984yerel,25 Mart 1984,27,Gaziantep,Mehmet Ömer Arpacıoğlu,ANAP,49889,40.3,EVET
1984yerel,25 Mart 1984,27,Gaziantep,Esat Kaya Turgay,SODEP,36284,29.31,
1984yerel,25 Mart 1984,27,Gaziantep,Sefer Başkaya,HP,18669,15.08,
1984yerel,25 Mart 1984,27,Gaziantep,Aykut Kuranel,DYP,7288,5.89,
1984yerel,25 Mart 1984,27,Gaziantep,Erdoğan Özateş,RP,7241,5.85,
1984yerel,25 Mart 1984,27,Gaziantep,Nizamettin Karslıgil,MDP,3418,2.76,
1984yerel,25 Mart 1984,27,Gaziantep,Feyzi Yonucuoğlu,Bağımsız,373,0.3,
1984yerel,25 Mart 1984,32,Isparta,Ziya Zeynelgil,ANAP,19404,51.67,EVET
1984yerel,25 Mart 1984,32,Isparta,Fuat Uyar,DYP,13009,34.64,
1984yerel,25 Mart 1984,32,Isparta,Halil Öztürk,RP,1351,3.6,
1984yerel,25 Mart 1984,32,Isparta,Nuri Bodur,SODEP,2271,6.05,
1984yerel,25 Mart 1984,28,Giresun,Mehmet Larçın,ANAP,8538,46.33,EVET
1984yerel,25 Mart 1984,28,Giresun,Nevzat Şensoy,SODEP,6778,36.78,
1984yerel,25 Mart 1984,28,Giresun,Mehmet Ergun Göksel,DYP,1247,6.77,
1984yerel,25 Mart 1984,28,Giresun,Hacı Süleyman Turan,RP,712,3.86,
1984yerel,25 Mart 1984,28,Giresun,Yusuf Kenan Konal,HP,694,3.77,
1984yerel,25 Mart 1984,28,Giresun,Saffet Beyazıtoğlu,MDP,459,2.49,
1984yerel,25 Mart 1984,34,İstanbul,Bedrettin Dalan,ANAP,939190,49.69,EVET
1984yerel,25 Mart 1984,34,İstanbul,Korel Göymen,SODEP,496723,26.28,
1984yerel,25 Mart 1984,34,İstanbul,Niyazi Yurtseven,HP,181136,9.58,
1984yerel,25 Mart 1984,34,İstanbul,Hasan Aksay,RP,88249,4.67,
1984yerel,25 Mart 1984,34,İstanbul,Ahmet Hüsamettin Cindoruk,DYP,88052,4.66,
1984yerel,25 Mart 1984,34,İstanbul,Erdoğan Celasun,MDP,87945,4.65,
1984yerel,25 Mart 1984,34,İstanbul,*,Bağımsız,8705,0.46,
1984yerel,25 Mart 1984,35,İzmir,Burhan Özfatura,ANAP,279456,47.95,EVET
1984yerel,25 Mart 1984,35,İzmir,İhsan Alyanak,SODEP,190569,32.7,
1984yerel,25 Mart 1984,35,İzmir,Engin Aydın,HP,41005,7.04,
1984yerel,25 Mart 1984,35,İzmir,Orhan Erdil,MDP,32069,5.5,
1984yerel,25 Mart 1984,35,İzmir,Hayri Yorgancıoğlu,DYP,26310,4.51,
1984yerel,25 Mart 1984,35,İzmir,Mehmet Adil Aktuğ,RP,11095,1.9,
1984yerel,25 Mart 1984,35,İzmir,Hüsnü Mençe,Bağımsız,2275,0.39,
1984yerel,25 Mart 1984,46,Kahramanmaraş,Hacı Ali Özal,ANAP,25175,53.94,EVET
1984yerel,25 Mart 1984,46,Kahramanmaraş,Ahmet Uncu,DYP,9712,20.81,
1984yerel,25 Mart 1984,46,Kahramanmaraş,Mehmet Parlakyiğit,SODEP,4952,10.61,
1984yerel,25 Mart 1984,46,Kahramanmaraş,Rifat Bülbül,RP,4909,10.52,
1984yerel,25 Mart 1984,46,Kahramanmaraş,Mehmet Mesut Can,MDP,969,2.08,
1984yerel,25 Mart 1984,46,Kahramanmaraş,Mehmet Kanat,HP,681,1.46,
1984yerel,25 Mart 1984,46,Kahramanmaraş,Mehmet Taşkesen,Bağımsız,273,0.58,
1984yerel,25 Mart 1984,36,Kars,Selahattin Filtekin,SODEP,5602,33.88,EVET
1984yerel,25 Mart 1984,36,Kars,Nurettin Kurtoğlu,ANAP,4363,26.38,
1984yerel,25 Mart 1984,36,Kars,Turan Çelebi,DYP,2812,17.0,
1984yerel,25 Mart 1984,36,Kars,Sabri Koç,HP,1728,10.45,
1984yerel,25 Mart 1984,36,Kars,Mustafa Ercan,MDP,769,4.65,
1984yerel,25 Mart 1984,36,Kars,Ahmet Dinç,RP,656,3.97,
1984yerel,25 Mart 1984,36,Kars,Zihni Koçu,Bağımsız,607,3.67,
1984yerel,25 Mart 1984,37,Kastamonu,Ali Köse,ANAP,8298,50.06,EVET
1984yerel,25 Mart 1984,37,Kastamonu,Mehmet Yıldırım,SODEP,5160,31.13,
1984yerel,25 Mart 1984,37,Kastamonu,Saim Dravor,MDP,1220,7.36,
1984yerel,25 Mart 1984,37,Kastamonu,Sabri Oğuz Kantaroğlu,DYP,1014,6.12,
1984yerel,25 Mart 1984,37,Kastamonu,Abdurrahman Temizdal,HP,885,5.34,
1984yerel,25 Mart 1984,40,Kırşehir,Hakkı Göçen,ANAP,7354,40.72,EVET
1984yerel,25 Mart 1984,40,Kırşehir,Hasan Coşkun,DYP,2248,12.45,
1984yerel,25 Mart 1984,40,Kırşehir,Yaşar Yükselen,SODEP,4010,22.21,
1984yerel,25 Mart 1984,40,Kırşehir,Hulusi Altıntaş,HP,1224,6.78,
1984yerel,25 Mart 1984,40,Kırşehir,Kayhan Baycan,RP,910,5.04,
1984yerel,25 Mart 1984,40,Kırşehir,Naci Selçuk,MDP,635,3.52,
1984yerel,25 Mart 1984,40,Kırşehir,Orhan Baycan,Bağımsız,327,1.81,
1984yerel,25 Mart 1984,42,Konya,İbrahim Nurullahoğlu,DYP,9639,6.61,
1984yerel,25 Mart 1984,42,Konya,Ahmet Öksüz,ANAP,78793,54.05,EVET
1984yerel,25 Mart 1984,42,Konya,Refik Küçükaytan,MDP,5476,3.76,
1984yerel,25 Mart 1984,42,Konya,Ahmet Yamaner,SODEP,17398,11.93,
1984yerel,25 Mart 1984,42,Konya,Abit Kıvrak,RP,24354,16.71,
1984yerel,25 Mart 1984,42,Konya,Abidin Topuz,HP,4710,3.23,
1984yerel,25 Mart 1984,42,Konya,Halil Harman,Bağımsız,1231,0.84,
1984yerel,25 Mart 1984,39,Kırklareli,Nazmi Tunçay,ANAP,2952,17.5,
1984yerel,25 Mart 1984,39,Kırklareli,Ali Nazmi Üstündağ,SODEP,4721,27.98,EVET
1984yerel,25 Mart 1984,39,Kırklareli,Nihat Toktar,DYP,3217,19.07,
1984yerel,25 Mart 1984,39,Kırklareli,Ahmet Denktaş,Bağımsız,2205,13.07,
1984yerel,25 Mart 1984,39,Kırklareli,Mustafa Karaca,HP,1495,8.86,
1984yerel,25 Mart 1984,39,Kırklareli,Refik Yolageldi,MDP,576,3.41,
1984yerel,25 Mart 1984,44,Malatya,Erdem Seyhan Semercioğlu,ANAP,36681,52.33,EVET
1984yerel,25 Mart 1984,44,Malatya,Mehmet Ekici,SODEP,16308,23.27,
1984yerel,25 Mart 1984,44,Malatya,Mehmet Naci Şavata,RP,6714,9.58,
1984yerel,25 Mart 1984,44,Malatya,Vahap Derinkök,HP,2881,4.11,
1984yerel,25 Mart 1984,44,Malatya,Hamdi Özer,DYP,2498,3.56,
1984yerel,25 Mart 1984,44,Malatya,Bahattin Atilla,MDP,2165,3.09,
1984yerel,25 Mart 1984,44,Malatya,Nurettin Polat,Bağımsız,472,0.67,
1984yerel,25 Mart 1984,43,Kütahya,Oral Kiper,ANAP,25979,58.54,EVET
1984yerel,25 Mart 1984,43,Kütahya,Murat Mesut Sevdin,SODEP,5795,13.06,
1984yerel,25 Mart 1984,43,Kütahya,Kemal Özer,DYP,5084,11.46,
1984yerel,25 Mart 1984,43,Kütahya,Rafet Özevren,MDP,2693,6.07,
1984yerel,25 Mart 1984,43,Kütahya,Mehmet Hacıbekiroğlu,RP,2258,5.09,
1984yerel,25 Mart 1984,43,Kütahya,Ayten Korkut,HP,1846,4.16,
1984yerel,25 Mart 1984,43,Kütahya,Abdullah Kuş,Bağımsız,294,0.66,
1984yerel,25 Mart 1984,47,Mardin,Ali İhsan Ensari,ANAP,3709,33.74,EVET
1984yerel,25 Mart 1984,47,Mardin,Edip Servet Devrimci,SODEP,2605,23.69,
1984yerel,25 Mart 1984,47,Mardin,Kemal AdakVeysi BisenAhmet Cemil Mataracı,Bağımsız,2013,18.31,
1984yerel,25 Mart 1984,47,Mardin,Mehmet Şefik Aybar,DYP,1037,9.43,
1984yerel,25 Mart 1984,47,Mardin,Edip Bilbay,MDP,792,7.2,
1984yerel,25 Mart 1984,47,Mardin,Fikret Yurdanur Altuğ,HP,478,4.35,
1984yerel,25 Mart 1984,49,Muş,Abdülkadir Turan,ANAP,2129,31.4,EVET
1984yerel,25 Mart 1984,49,Muş,Necati Kalsın,Bağımsız,936,13.81,
1984yerel,25 Mart 1984,49,Muş,Hayrettin Aykan,RP,933,13.76,
1984yerel,25 Mart 1984,49,Muş,Bayram Göç,DYP,728,10.74,
1984yerel,25 Mart 1984,49,Muş,Adnan Tuzcu,SODEP,381,5.62,
1984yerel,25 Mart 1984,49,Muş,Kutbettin Arı,MDP,346,5.1,
1984yerel,25 Mart 1984,49,Muş,Ekrem Güngör,HP,293,4.32,
1984yerel,25 Mart 1984,51,Niğde,Nizamettin Ungan,ANAP,3934,18.77,
1984yerel,25 Mart 1984,51,Niğde,Yaşar Germiyanoğlu,SODEP,3758,17.93,
1984yerel,25 Mart 1984,51,Niğde,Ferudun Zeren,MDP,4263,20.34,EVET
1984yerel,25 Mart 1984,51,Niğde,Mehmet Benli,HP,743,3.55,
1984yerel,25 Mart 1984,51,Niğde,Emin Özcan Altuncu,DYP,1902,9.08,
1984yerel,25 Mart 1984,51,Niğde,Ali Kaytancı,RP,1331,6.35,
1984yerel,25 Mart 1984,51,Niğde,Şaban Erdoğan,Bağımsız,211,1.01,
1984yerel,25 Mart 1984,52,Ordu,Kazım Türkmen,SODEP,6615,31.76,EVET
1984yerel,25 Mart 1984,52,Ordu,Hasan Kılıç,ANAP,6300,30.25,
1984yerel,25 Mart 1984,52,Ordu,Halit Kahraman,DYP,5846,28.07,
1984yerel,25 Mart 1984,52,Ordu,Orhan Akata,HP,438,2.1,
1984yerel,25 Mart 1984,52,Ordu,Cemal Oral,RP,362,1.74,
1984yerel,25 Mart 1984,52,Ordu,Rıza Şimşek,MDP,321,1.54,
1984yerel,25 Mart 1984,52,Ordu,Orhan Eroğlu,Bağımsız,114,0.55,
1984yerel,25 Mart 1984,45,Manisa,Muzaffer Ertuğrul Dayıoğlu,ANAP,26724,53.85,EVET
1984yerel,25 Mart 1984,45,Manisa,Ümit Canuyar,DYP,9598,19.34,
1984yerel,25 Mart 1984,45,Manisa,Turan Balkan,MDP,2486,5.01,
1984yerel,25 Mart 1984,45,Manisa,Kemal Tuncer,SODEP,7046,14.2,
1984yerel,25 Mart 1984,45,Manisa,Hasan Akgör,HP,2325,4.69,
1984yerel,25 Mart 1984,53,Rize,Bülent Koç,ANAP,6554,35.83,EVET
1984yerel,25 Mart 1984,53,Rize,Şevket Kambur,DYP,2888,15.79,
1984yerel,25 Mart 1984,53,Rize,Mehmet Ekrem Bayraktaroğlu,SODEP,4134,22.6,
1984yerel,25 Mart 1984,53,Rize,Orhan Satır,HP,780,4.26,
1984yerel,25 Mart 1984,53,Rize,Saim Öztürk,RP,590,3.23,
1984yerel,25 Mart 1984,53,Rize,Osman Erdal Nurik,Bağımsız,98,0.54,
1984yerel,25 Mart 1984,56,Siirt,Mahmut Çalapkulu,ANAP,4057,33.52,EVET
1984yerel,25 Mart 1984,56,Siirt,Bahri Çeliker,DYP,2878,23.78,
1984yerel,25 Mart 1984,56,Siirt,Muzaffer Batur,RP,2313,19.11,
1984yerel,25 Mart 1984,56,Siirt,Mehmet Erdal Koyuncu,SODEP,1584,13.09,
1984yerel,25 Mart 1984,56,Siirt,Necdet Danış,MDP,1105,9.13,
1984yerel,25 Mart 1984,56,Siirt,Eflatun Böke,HP,168,1.39,
1984yerel,25 Mart 1984,57,Sinop,Aydın Atakan,ANAP,3139,38.85,EVET
1984yerel,25 Mart 1984,57,Sinop,Selahattin Gökdağ,Bağımsız,1685,20.85,
1984yerel,25 Mart 1984,57,Sinop,Cevat Akkaya,SODEP,1604,19.85,
1984yerel,25 Mart 1984,57,Sinop,Abdi Konukçu,HP,1247,15.43,
1984yerel,25 Mart 1984,57,Sinop,Ali Orhan Oğuzülgen,DYP,405,5.01,
1984yerel,25 Mart 1984,58,Sivas,Bekir Timurboğa,ANAP,36030,59.57,EVET
1984yerel,25 Mart 1984,58,Sivas,Süleyman Çanka,SODEP,12870,21.28,
1984yerel,25 Mart 1984,58,Sivas,Osman Seçilmiş,RP,6201,10.25,
1984yerel,25 Mart 1984,58,Sivas,Burhanettin Yurdagül,HP,2419,4.0,
1984yerel,25 Mart 1984,58,Sivas,Selahattin Tutan,MDP,1487,2.46,
1984yerel,25 Mart 1984,58,Sivas,Celal Kayacan,DYP,1267,2.09,
1984yerel,25 Mart 1984,58,Sivas,Mustafa Kemal Haraççı,Bağımsız,211,0.35,
1984yerel,25 Mart 1984,59,Tekirdağ,Mahmut Çağlıyurt,ANAP,10442,44.0,EVET
1984yerel,25 Mart 1984,59,Tekirdağ,Burhan Karaevli,SODEP,6645,28.0,
1984yerel,25 Mart 1984,59,Tekirdağ,Erol Erdoğan,DYP,3235,13.63,
1984yerel,25 Mart 1984,59,Tekirdağ,Mehmet Yaman,HP,1537,6.48,
1984yerel,25 Mart 1984,59,Tekirdağ,Salih İnal,MDP,877,3.7,
1984yerel,25 Mart 1984,59,Tekirdağ,Yılmaz Karatün,RP,815,3.43,
1984yerel,25 Mart 1984,59,Tekirdağ,Recep Erbil,Bağımsız,183,0.77,
1984yerel,25 Mart 1984,60,Tokat,Hüdayi Sayıbaş,ANAP,11872,48.69,EVET
1984yerel,25 Mart 1984,60,Tokat,Mesrur Gürgenç,DYP,5059,20.75,
1984yerel,25 Mart 1984,60,Tokat,Ömer Faruk Ercins,SODEP,4016,16.47,
1984yerel,25 Mart 1984,60,Tokat,Mustafa Küçükyazıcı,RP,2682,11.0,
1984yerel,25 Mart 1984,60,Tokat,Hasan Dimdik,HP,754,3.09,
1984yerel,25 Mart 1984,55,Samsun,Kemal Vehbi Gül,ANAP,35135,43.29,EVET
1984yerel,25 Mart 1984,55,Samsun,Muzaffer Önder,SODEP,28019,34.52,
1984yerel,25 Mart 1984,55,Samsun,İzzet Altuntaş,DYP,12997,16.01,
1984yerel,25 Mart 1984,55,Samsun,Ali Türkmen,RP,2707,3.34,
1984yerel,25 Mart 1984,55,Samsun,Cahit Ünal Köktan,HP,2302,2.84,
1984yerel,25 Mart 1984,64,Uşak,Şenol Öztop,ANAP,12433,38.81,EVET
1984yerel,25 Mart 1984,64,Uşak,Mustafa Çalıkoğlu,SODEP,9531,29.75,
1984yerel,25 Mart 1984,64,Uşak,Turgut Kalelioğlu,DYP,4900,15.29,
1984yerel,25 Mart 1984,64,Uşak,Hasan Ağaoğlu,HP,2175,6.79,
1984yerel,25 Mart 1984,64,Uşak,Şadi Dağgezen,RP,1975,6.16,
1984yerel,25 Mart 1984,64,Uşak,Kadir Erdağ,MDP,887,2.77,
1984yerel,25 Mart 1984,64,Uşak,Ahmet Özkerem,Bağımsız,138,0.43,
1984yerel,25 Mart 1984,61,Trabzon,Orhan Karakullukçu,ANAP,19069,48.83,EVET
1984yerel,25 Mart 1984,61,Trabzon,Durukal Çulha,SODEP,8644,22.13,
1984yerel,25 Mart 1984,61,Trabzon,Sefer Özgür,HP,5652,14.47,
1984yerel,25 Mart 1984,61,Trabzon,Ömer Öztürk,DYP,2730,6.99,
1984yerel,25 Mart 1984,61,Trabzon,Mustafa Özdaş,RP,1830,4.69,
1984yerel,25 Mart 1984,61,Trabzon,Hasan Ataç,MDP,1128,2.89,
1984yerel,25 Mart 1984,66,Yozgat,Cemil Çiçek,ANAP,8417,64.22,EVET
1984yerel,25 Mart 1984,66,Yozgat,Yaşar Erbaz,RP,1735,13.24,
1984yerel,25 Mart 1984,66,Yozgat,Saim Nedim Korkmaz,SODEP,1648,12.57,
1984yerel,25 Mart 1984,66,Yozgat,Ünal Allıoğlu,DYP,688,5.25,
1984yerel,25 Mart 1984,66,Yozgat,Müfit Arper,HP,263,2.01,
1984yerel,25 Mart 1984,66,Yozgat,Fehmi Akça,MDP,257,1.96,
1984yerel,25 Mart 1984,66,Yozgat,Yaşar Eryaşar,Bağımsız,99,0.76,
1984yerel,25 Mart 1984,67,Zonguldak,Zeki Çakan,ANAP,16969,34.27,EVET
1984yerel,25 Mart 1984,67,Zonguldak,Yılmaz Kayhan,SODEP,13783,27.83,
1984yerel,25 Mart 1984,67,Zonguldak,Mustafa Altunbaş,HP,5825,11.76,
1984yerel,25 Mart 1984,67,Zonguldak,Süleyman Kılıç,DYP,3632,7.33,
1984yerel,25 Mart 1984,67,Zonguldak,Rıfkı Esengül,RP,1917,3.87,
1984yerel,25 Mart 1984,67,Zonguldak,Rauf Acar,MDP,1234,2.49,
1984yerel,25 Mart 1984,65,Van,Mustafa Çohaz,RP,5265,23.13,EVET
1984yerel,25 Mart 1984,65,Van,İskender Ertuş,Bağımsız,4148,18.23,
1984yerel,25 Mart 1984,65,Van,Mustafa Budak,MDP,3403,14.95,
1984yerel,25 Mart 1984,65,Van,Hurşit Altaylı,SODEP,3249,14.28,
1984yerel,25 Mart 1984,65,Van,Murat Demiray Şaşıhüseyinoğlu,ANAP,3118,13.7,
1984yerel,25 Mart 1984,65,Van,Mehmet Ali Güldal,HP,2197,9.65,
1984yerel,25 Mart 1984,65,Van,Bahattin Türkoğlu,DYP,1378,6.06,
1984yerel,25 Mart 1984,62,Tunceli,Hasan Korkmaz,SODEP,1381,35.84,EVET
1984yerel,25 Mart 1984,62,Tunceli,Veli Aytaç,Bağımsız,764,19.83,
1984yerel,25 Mart 1984,62,Tunceli,Mustafa Söylemez,ANAP,726,18.84,
1984yerel,25 Mart 1984,62,Tunceli,Veli Yeşil,HP,166,4.31,
1984yerel,25 Mart 1984,62,Tunceli,Aslan Koç,DYP,69,1.79,
1984yerel,25 Mart 1984,1,Adana,Aytaç Durak,ANAP,93985,43.17,EVET
1984yerel,25 Mart 1984,1,Adana,Muhittin Yalçın,SODEP,78547,36.08,
1984yerel,25 Mart 1984,1,Adana,Abdullah Kütküt,HP,19415,8.92,
1984yerel,25 Mart 1984,1,Adana,Mehmet Aydemir,RP,9959,4.57,
1984yerel,25 Mart 1984,1,Adana,Mehmet Fatih Özgür,DYP,7055,3.24,
1984yerel,25 Mart 1984,1,Adana,Erol Erk,MDP,6685,3.07,
1984yerel,25 Mart 1984,1,Adana,Hikmet Tayfur,Bağımsız,2051,0.94,
1984yerel,25 Mart 1984,8,Artvin,Kadir Halvaşi,SODEP,2302,39.05,EVET
1984yerel,25 Mart 1984,8,Artvin,Şefik Demir,ANAP,2153,36.52,
1984yerel,25 Mart 1984,8,Artvin,Bilgen Varan,DYP,678,11.5,
1984yerel,25 Mart 1984,8,Artvin,Süleyman Yıldırım,MDP,581,9.86,
1984yerel,25 Mart 1984,8,Artvin,Bilinmiyor,RP,181,3.07,
1984yerel,25 Mart 1984,11,Bilecik,Mehmet Seven,ANAP,3881,60.3,EVET
1984yerel,25 Mart 1984,11,Bilecik,Hasan Yanık,SODEP,2196,34.12,
1984yerel,25 Mart 1984,11,Bilecik,İhsan Nuri Ertürk,DYP,194,3.01,
1984yerel,25 Mart 1984,11,Bilecik,Süleyman Balta,MDP,109,1.69,
1984yerel,25 Mart 1984,11,Bilecik,Raşit Varol,Bağımsız,56,0.87,
1984yerel,25 Mart 1984,15,Burdur,Ahmet Sayın,DYP,4500,20.96,
1984yerel,25 Mart 1984,15,Burdur,Şükrü Fığlalı,ANAP,6412,29.86,
1984yerel,25 Mart 1984,15,Burdur,Nurhan Çiftçibaşı,SODEP,6798,31.66,EVET
1984yerel,25 Mart 1984,15,Burdur,Ramazan Haydar Erçiftçi,HP,1322,6.16,
1984yerel,25 Mart 1984,15,Burdur,Hüseyin Ağaoğlu,RP,708,3.3,
1984yerel,25 Mart 1984,25,Erzurum,Necati Güllülü,ANAP,34860,56.7,EVET
1984yerel,25 Mart 1984,25,Erzurum,Mehmet Ali Ünal,DYP,12097,19.68,
1984yerel,25 Mart 1984,25,Erzurum,Kıyasettin Temelli,SODEP,5108,8.31,
1984yerel,25 Mart 1984,25,Erzurum,Selahattin Ozan,MDP,4118,6.7,
1984yerel,25 Mart 1984,25,Erzurum,Selahattin Yazıcı,RP,3122,5.08,
1984yerel,25 Mart 1984,25,Erzurum,Murat Özgürler,HP,2179,3.54,
1984yerel,25 Mart 1984,30,Hakkari,Şükrü Çallı,ANAP,1858,40.89,EVET
1984yerel,25 Mart 1984,30,Hakkari,Abdurrahman Keskin,HP,1575,34.66,
1984yerel,25 Mart 1984,30,Hakkari,Remzi Oğuz Kurt,SODEP,879,19.34,
1984yerel,25 Mart 1984,30,Hakkari,Ahmet Şen,Bağımsız,232,5.11,
1984yerel,25 Mart 1984,38,Kayseri,Hüsamettin Çetinbulut,ANAP,53184,42.29,EVET
1984yerel,25 Mart 1984,38,Kayseri,Saffet Külahçı,MDP,2897,2.3,
1984yerel,25 Mart 1984,38,Kayseri,Mustafa Derin,DYP,24881,19.78,
1984yerel,25 Mart 1984,38,Kayseri,Adem Kaya,HP,15884,12.63,
1984yerel,25 Mart 1984,38,Kayseri,Ali İhsan Alçı,SODEP,16605,13.2,
1984yerel,25 Mart 1984,38,Kayseri,Yusuf Bozkurt,RP,3407,2.71,
1984yerel,25 Mart 1984,48,Muğla,Ali Rıza Bozüyük,ANAP,5244,35.34,
1984yerel,25 Mart 1984,48,Muğla,Erman Şahin,SODEP,5649,38.07,EVET
1984yerel,25 Mart 1984,48,Muğla,Yalçın İnan,HP,1271,8.57,
1984yerel,25 Mart 1984,48,Muğla,Hayri Madanoğlu,DYP,857,5.78,
1984yerel,25 Mart 1984,48,Muğla,Kazım Turp,RP,192,1.29,
1984yerel,25 Mart 1984,50,Nevşehir,Yahya Yılmaz,ANAP,6590,34.28,EVET
1984yerel,25 Mart 1984,50,Nevşehir,Hüsamettin Başer,DYP,3022,15.72,
1984yerel,25 Mart 1984,50,Nevşehir,Mustafa Parmaksız,Bağımsız,902,4.69,
1984yerel,25 Mart 1984,50,Nevşehir,Sait Selvi,SODEP,3500,18.2,
1984yerel,25 Mart 1984,50,Nevşehir,Mehmet Elkatmış,RP,2004,10.42,
1984yerel,25 Mart 1984,63,Şanlıurfa,İbrahim Halil Çelik,RP,11379,34.72,EVET
1984yerel,25 Mart 1984,63,Şanlıurfa,Yaşar Göncü,ANAP,7163,21.86,
1984yerel,25 Mart 1984,63,Şanlıurfa,Nafiz Şansal,SODEP,3419,10.43,
1984yerel,25 Mart 1984,63,Şanlıurfa,Samet Atabay,HP,3257,9.94,
1984yerel,25 Mart 1984,63,Şanlıurfa,Sabahattin Cevheri,DYP,2566,7.83,
1984yerel,25 Mart 1984,63,Şanlıurfa,Şükrü Karataş,Bağımsız,2217,6.76,
1984yerel,25 Mart 1984,63,Şanlıurfa,Sinan Şıhanlıoğlu,MDP,1487,4.54,
1984yerel,25 Mart 1984,31,Hatay,Oğuz Uygur,DYP,4133,11.74,
1984yerel,25 Mart 1984,31,Hatay,Mahmut Alpagot,ANAP,15154,43.06,EVET
1984yerel,25 Mart 1984,31,Hatay,Özer Soysan,SODEP,6719,19.09,
1984yerel,25 Mart 1984,31,Hatay,Mehmet Şükrü Güçlü,HP,5148,14.63,
1984yerel,25 Mart 1984,31,Hatay,Cemal Doğanlar,MDP,754,2.14,
1984yerel,25 Mart 1984,31,Hatay,İsmail Hakkı Kumru,RP,724,2.06,
1984yerel,25 Mart 1984,31,Hatay,Uğur Özkan,Bağımsız,106,0.3,
1984yerel,25 Mart 1984,41,Kocaeli,Erol Köse,SODEP,26329,29.27,
1984yerel,25 Mart 1984,41,Kocaeli,Cevdet Bağdat,DYP,8774,9.75,
1984yerel,25 Mart 1984,41,Kocaeli,Necati Gençoğlu,ANAP,30964,34.42,EVET
1984yerel,25 Mart 1984,41,Kocaeli,Nasut Kayalı,MDP,2236,2.49,
1984yerel,25 Mart 1984,41,Kocaeli,Ferhan Şensoy,HP,5187,5.77,
1984yerel,25 Mart 1984,41,Kocaeli,Hüseyin Küçükkeskin,RP,4531,5.04,
1984yerel,25 Mart 1984,41,Kocaeli,Betül Ersoy,Bağımsız,751,0.83,
1984yerel,25 Mart 1984,33,Mersin,Ali Kaya Mutlu,HP,18307,19.62,
1984yerel,25 Mart 1984,33,Mersin,Mehmet Aklan Yürekli,SODEP,24218,25.96,
1984yerel,25 Mart 1984,33,Mersin,Hüseyin Okan Merzeci,ANAP,40076,42.95,EVET
1984yerel,25 Mart 1984,33,Mersin,İlhan Karaçay,DYP,2789,2.99,
1984yerel,25 Mart 1984,33,Mersin,Mehmet Nebil Atahan,RP,1809,1.94,
1984yerel,25 Mart 1984,33,Mersin,Burhan Çıtak,MDP,1624,1.74,
1984yerel,25 Mart 1984,33,Mersin,Şerafettin Yağcıoğlu,Bağımsız,712,0.76,
1984yerel,25 Mart 1984,54,Sakarya,Erkal Etçioğlu,ANAP,25419,38.17,EVET
1984yerel,25 Mart 1984,54,Sakarya,Ünal Ozan,SODEP,18283,27.45,
1984yerel,25 Mart 1984,54,Sakarya,Ahmet Neidim,DYP,7666,11.51,
1984yerel,25 Mart 1984,54,Sakarya,Hasan Hadi Dinçer,RP,3174,4.77,
1984yerel,25 Mart 1984,54,Sakarya,Hamdi Özarutan,HP,2426,3.64,
1984yerel,25 Mart 1984,54,Sakarya,Ali Cevat Güven,MDP,2087,3.13,
