secim_yili,secim_tarihi,il_plaka,il_adi,parti,oy,oy_orani,vekil,kazandi_mi
1991,20 Ekim 1991,1,Adana,ANAP,169175,21.22,1,
1991,20 Ekim 1991,1,Adana,DSP,93119,11.68,0,
1991,20 Ekim 1991,1,Adana,DYP,239377,30.02,10,EVET
1991,20 Ekim 1991,1,Adana,RP,117303,14.71,0,
1991,20 Ekim 1991,1,Adana,SHP,176264,22.11,3,
1991,20 Ekim 1991,1,Adana,SosP,3146,0.39,0,
1991,20 Ekim 1991,1,Adana,Bağımsız,390,0.05,0,
1991,20 Ekim 1991,2,Adıyaman,ANAP,34876,20.37,0,
1991,20 Ekim 1991,2,Adıyaman,DSP,3852,2.25,0,
1991,20 Ekim 1991,2,Adıyaman,DYP,42776,24.99,0,
1991,20 Ekim 1991,2,Adıyaman,RP,42770,24.99,0,
1991,20 Ekim 1991,2,Adıyaman,SHP,46632,27.24,4,EVET
1991,20 Ekim 1991,2,Adıyaman,SosP,634,0.37,0,
1991,20 Ekim 1991,3,Afyonkarahisar,ANAP,67635,22.1,2,
1991,20 Ekim 1991,3,Afyonkarahisar,DSP,22414,7.32,0,
1991,20 Ekim 1991,3,Afyonkarahisar,DYP,110757,36.19,4,EVET
1991,20 Ekim 1991,3,Afyonkarahisar,RP,58542,19.13,0,
1991,20 Ekim 1991,3,Afyonkarahisar,SHP,45904,15.0,0,
1991,20 Ekim 1991,3,Afyonkarahisar,SosP,1554,0.51,0,
1991,20 Ekim 1991,4,Ağrı,ANAP,32650,26.63,2,
1991,20 Ekim 1991,4,Ağrı,DSP,3104,2.53,0,
1991,20 Ekim 1991,4,Ağrı,DYP,34618,28.24,2,EVET
1991,20 Ekim 1991,4,Ağrı,RP,27301,22.27,0,
1991,20 Ekim 1991,4,Ağrı,SHP,18848,15.37,0,
1991,20 Ekim 1991,4,Ağrı,SosP,798,0.65,0,
1991,20 Ekim 1991,4,Ağrı,Bağımsız,5502,4.49,0,
1991,20 Ekim 1991,5,Amasya,ANAP,39760,22.99,0,
1991,20 Ekim 1991,5,Amasya,DSP,10526,6.09,0,
1991,20 Ekim 1991,5,Amasya,DYP,42446,24.54,0,
1991,20 Ekim 1991,5,Amasya,RP,34617,20.01,0,
1991,20 Ekim 1991,5,Amasya,SHP,45247,26.16,3,EVET
1991,20 Ekim 1991,5,Amasya,SosP,688,0.4,0,
1991,20 Ekim 1991,6,Ankara,ANAP,375117,23.66,7,
1991,20 Ekim 1991,6,Ankara,DSP,165426,10.43,0,
1991,20 Ekim 1991,6,Ankara,DYP,369249,23.29,7,
1991,20 Ekim 1991,6,Ankara,RP,280027,17.66,2,
1991,20 Ekim 1991,6,Ankara,SHP,391322,24.68,7,EVET
1991,20 Ekim 1991,6,Ankara,SosP,5900,0.37,0,
1991,20 Ekim 1991,6,Ankara,Bağımsız,731,0.05,0,
1991,20 Ekim 1991,7,Antalya,ANAP,100431,20.14,1,
1991,20 Ekim 1991,7,Antalya,DSP,20839,4.18,0,
1991,20 Ekim 1991,7,Antalya,DYP,216096,43.34,6,EVET
1991,20 Ekim 1991,7,Antalya,RP,44129,8.85,0,
1991,20 Ekim 1991,7,Antalya,SHP,115693,23.2,2,
1991,20 Ekim 1991,7,Antalya,SosP,2371,0.48,0,
1991,20 Ekim 1991,8,Artvin,ANAP,29188,27.68,1,
1991,20 Ekim 1991,8,Artvin,DSP,5375,5.1,0,
1991,20 Ekim 1991,8,Artvin,DYP,33124,31.42,1,EVET
1991,20 Ekim 1991,8,Artvin,RP,9366,8.88,0,
1991,20 Ekim 1991,8,Artvin,SHP,27809,26.38,0,
1991,20 Ekim 1991,8,Artvin,SosP,762,0.72,0,
1991,20 Ekim 1991,9,Aydın,ANAP,124065,29.73,2,
1991,20 Ekim 1991,9,Aydın,DSP,40154,9.62,0,
1991,20 Ekim 1991,9,Aydın,DYP,141268,33.85,4,EVET
1991,20 Ekim 1991,9,Aydın,RP,27833,6.67,0,
1991,20 Ekim 1991,9,Aydın,SHP,82411,19.75,0,
1991,20 Ekim 1991,9,Aydın,SosP,1904,0.46,0,
1991,20 Ekim 1991,9,Aydın,Bağımsız,365,0.09,0,
1991,20 Ekim 1991,10,Balıkesir,ANAP,138242,24.8,0,
1991,20 Ekim 1991,10,Balıkesir,DSP,71698,12.86,0,
1991,20 Ekim 1991,10,Balıkesir,DYP,193627,34.74,7,EVET
1991,20 Ekim 1991,10,Balıkesir,RP,56919,10.21,0,
1991,20 Ekim 1991,10,Balıkesir,SHP,95503,17.13,0,
1991,20 Ekim 1991,10,Balıkesir,SosP,2545,0.46,0,
1991,20 Ekim 1991,11,Bilecik,ANAP,24317,25.9,1,
1991,20 Ekim 1991,11,Bilecik,DSP,8737,9.31,0,
1991,20 Ekim 1991,11,Bilecik,DYP,31027,33.05,1,EVET
1991,20 Ekim 1991,11,Bilecik,RP,9637,10.27,0,
1991,20 Ekim 1991,11,Bilecik,SHP,20034,21.34,0,
1991,20 Ekim 1991,11,Bilecik,SosP,296,0.32,0,
1991,20 Ekim 1991,12,Bingöl,ANAP,14297,17.86,0,
1991,20 Ekim 1991,12,Bingöl,DSP,1044,1.3,0,
1991,20 Ekim 1991,12,Bingöl,DYP,22148,27.68,1,
1991,20 Ekim 1991,12,Bingöl,RP,28041,35.04,2,EVET
1991,20 Ekim 1991,12,Bingöl,SHP,14350,17.93,0,
1991,20 Ekim 1991,12,Bingöl,SosP,295,0.37,0,
1991,20 Ekim 1991,13,Bitlis,ANAP,25699,31.28,2,EVET
1991,20 Ekim 1991,13,Bitlis,DSP,2393,2.91,0,
1991,20 Ekim 1991,13,Bitlis,DYP,11503,14.0,0,
1991,20 Ekim 1991,13,Bitlis,RP,23988,29.2,1,
1991,20 Ekim 1991,13,Bitlis,SHP,18014,21.93,0,
1991,20 Ekim 1991,13,Bitlis,SosP,423,0.51,0,
1991,20 Ekim 1991,13,Bitlis,Bağımsız,291,0.35,0,
1991,20 Ekim 1991,14,Bolu,ANAP,78550,28.32,2,
1991,20 Ekim 1991,14,Bolu,DSP,32254,11.63,0,
1991,20 Ekim 1991,14,Bolu,DYP,90314,32.56,3,EVET
1991,20 Ekim 1991,14,Bolu,RP,49969,18.01,0,
1991,20 Ekim 1991,14,Bolu,SHP,25552,9.21,0,
1991,20 Ekim 1991,14,Bolu,SosP,1277,0.46,0,
1991,20 Ekim 1991,15,Burdur,ANAP,28466,21.29,0,
1991,20 Ekim 1991,15,Burdur,DSP,14541,10.87,0,
1991,20 Ekim 1991,15,Burdur,DYP,52001,38.89,3,EVET
1991,20 Ekim 1991,15,Burdur,RP,16389,12.26,0,
1991,20 Ekim 1991,15,Burdur,SHP,21934,16.4,0,
1991,20 Ekim 1991,15,Burdur,SosP,631,0.47,0,
1991,20 Ekim 1991,16,Bursa,ANAP,226286,27.83,4,
1991,20 Ekim 1991,16,Bursa,DSP,119355,14.68,0,
1991,20 Ekim 1991,16,Bursa,DYP,254366,31.28,8,EVET
1991,20 Ekim 1991,16,Bursa,RP,110819,13.63,0,
1991,20 Ekim 1991,16,Bursa,SHP,100341,12.34,0,
1991,20 Ekim 1991,16,Bursa,SosP,3056,0.38,0,
1991,20 Ekim 1991,16,Bursa,Bağımsız,404,0.05,0,
1991,20 Ekim 1991,17,Çanakkale,ANAP,62594,24.67,0,
1991,20 Ekim 1991,17,Çanakkale,DSP,34514,13.6,0,
1991,20 Ekim 1991,17,Çanakkale,DYP,86951,34.27,4,EVET
1991,20 Ekim 1991,17,Çanakkale,RP,16257,6.41,0,
1991,20 Ekim 1991,17,Çanakkale,SHP,52754,20.79,0,
1991,20 Ekim 1991,17,Çanakkale,SosP,1093,0.43,0,
1991,20 Ekim 1991,18,Çankırı,ANAP,27493,25.27,1,
1991,20 Ekim 1991,18,Çankırı,DSP,6379,5.86,0,
1991,20 Ekim 1991,18,Çankırı,DYP,35390,32.53,1,EVET
1991,20 Ekim 1991,18,Çankırı,RP,31886,29.31,1,
1991,20 Ekim 1991,18,Çankırı,SHP,7310,6.72,0,
1991,20 Ekim 1991,18,Çankırı,SosP,571,0.52,0,
1991,20 Ekim 1991,19,Çorum,ANAP,56415,20.08,1,
1991,20 Ekim 1991,19,Çorum,DSP,18165,6.46,0,
1991,20 Ekim 1991,19,Çorum,DYP,61525,21.89,1,
1991,20 Ekim 1991,19,Çorum,RP,78628,27.98,2,EVET
1991,20 Ekim 1991,19,Çorum,SHP,65186,23.2,1,
1991,20 Ekim 1991,19,Çorum,SosP,1360,0.48,0,
1991,20 Ekim 1991,19,Çorum,Bağımsız,229,0.08,0,
1991,20 Ekim 1991,20,Denizli,ANAP,87712,24.42,2,
1991,20 Ekim 1991,20,Denizli,DSP,40052,11.15,0,
1991,20 Ekim 1991,20,Denizli,DYP,127283,35.43,3,EVET
1991,20 Ekim 1991,20,Denizli,RP,26033,7.25,0,
1991,20 Ekim 1991,20,Denizli,SHP,76474,21.29,1,
1991,20 Ekim 1991,20,Denizli,SosP,2041,0.57,0,
1991,20 Ekim 1991,20,Denizli,Bağımsız,368,0.1,0,
1991,20 Ekim 1991,21,Diyarbakır,ANAP,42068,14.02,0,
1991,20 Ekim 1991,21,Diyarbakır,DSP,7779,2.59,0,
1991,20 Ekim 1991,21,Diyarbakır,DYP,60053,20.01,1,
1991,20 Ekim 1991,21,Diyarbakır,RP,36238,12.07,0,
1991,20 Ekim 1991,21,Diyarbakır,SHP,149955,49.97,7,EVET
1991,20 Ekim 1991,21,Diyarbakır,SosP,1616,0.54,0,
1991,20 Ekim 1991,21,Diyarbakır,Bağımsız,2959,0.99,0,
1991,20 Ekim 1991,22,Edirne,ANAP,42011,19.09,0,
1991,20 Ekim 1991,22,Edirne,DSP,55904,25.4,2,
1991,20 Ekim 1991,22,Edirne,DYP,68544,31.14,2,EVET
1991,20 Ekim 1991,22,Edirne,RP,8413,3.82,0,
1991,20 Ekim 1991,22,Edirne,SHP,44806,20.36,0,
1991,20 Ekim 1991,22,Edirne,SosP,815,0.37,0,
1991,20 Ekim 1991,23,Elazığ,ANAP,38005,18.79,0,
1991,20 Ekim 1991,23,Elazığ,DSP,4766,2.36,0,
1991,20 Ekim 1991,23,Elazığ,DYP,68275,33.76,2,EVET
1991,20 Ekim 1991,23,Elazığ,RP,59271,29.31,2,
1991,20 Ekim 1991,23,Elazığ,SHP,31346,15.5,0,
1991,20 Ekim 1991,23,Elazığ,SosP,934,0.46,0,
1991,20 Ekim 1991,24,Erzincan,ANAP,31804,28.88,1,
1991,20 Ekim 1991,24,Erzincan,DSP,2945,2.67,0,
1991,20 Ekim 1991,24,Erzincan,DYP,14144,12.84,0,
1991,20 Ekim 1991,24,Erzincan,RP,24296,22.06,0,
1991,20 Ekim 1991,24,Erzincan,SHP,36744,33.36,2,EVET
1991,20 Ekim 1991,24,Erzincan,SosP,405,0.37,0,
1991,20 Ekim 1991,25,Erzurum,ANAP,62315,19.97,0,
1991,20 Ekim 1991,25,Erzurum,DSP,10556,3.38,0,
1991,20 Ekim 1991,25,Erzurum,DYP,94295,30.22,2,
1991,20 Ekim 1991,25,Erzurum,RP,115794,37.11,5,EVET
1991,20 Ekim 1991,25,Erzurum,SHP,28026,8.98,0,
1991,20 Ekim 1991,25,Erzurum,SosP,1593,0.51,0,
1991,20 Ekim 1991,26,Eskişehir,ANAP,77894,22.65,2,
1991,20 Ekim 1991,26,Eskişehir,DSP,45689,13.28,0,
1991,20 Ekim 1991,26,Eskişehir,DYP,117415,34.14,3,EVET
1991,20 Ekim 1991,26,Eskişehir,RP,35005,10.18,0,
1991,20 Ekim 1991,26,Eskişehir,SHP,67378,19.59,0,
1991,20 Ekim 1991,26,Eskişehir,SosP,1204,0.35,0,
1991,20 Ekim 1991,27,Gaziantep,ANAP,77296,19.25,0,
1991,20 Ekim 1991,27,Gaziantep,DSP,28820,7.18,0,
1991,20 Ekim 1991,27,Gaziantep,DYP,110579,27.53,4,
1991,20 Ekim 1991,27,Gaziantep,RP,71270,17.75,0,
1991,20 Ekim 1991,27,Gaziantep,SHP,112777,28.08,5,EVET
1991,20 Ekim 1991,27,Gaziantep,SosP,1597,0.4,0,
1991,20 Ekim 1991,28,Giresun,ANAP,77024,36.4,4,EVET
1991,20 Ekim 1991,28,Giresun,DSP,13330,6.3,0,
1991,20 Ekim 1991,28,Giresun,DYP,52019,24.58,0,
1991,20 Ekim 1991,28,Giresun,RP,34612,16.36,0,
1991,20 Ekim 1991,28,Giresun,SHP,34057,16.09,0,
1991,20 Ekim 1991,28,Giresun,SosP,1106,0.52,0,
1991,20 Ekim 1991,29,Gümüşhane,ANAP,18091,28.69,1,
1991,20 Ekim 1991,29,Gümüşhane,DSP,2238,3.55,0,
1991,20 Ekim 1991,29,Gümüşhane,DYP,15891,25.2,0,
1991,20 Ekim 1991,29,Gümüşhane,RP,19210,30.46,1,EVET
1991,20 Ekim 1991,29,Gümüşhane,SHP,7522,11.93,0,
1991,20 Ekim 1991,29,Gümüşhane,SosP,230,0.36,0,
1991,20 Ekim 1991,30,Hakkari,ANAP,20813,43.09,1,EVET
1991,20 Ekim 1991,30,Hakkari,DSP,508,1.05,0,
1991,20 Ekim 1991,30,Hakkari,DYP,14329,29.66,1,
1991,20 Ekim 1991,30,Hakkari,RP,3071,6.36,0,
1991,20 Ekim 1991,30,Hakkari,SHP,9214,19.08,0,
1991,20 Ekim 1991,30,Hakkari,SosP,457,0.95,0,
1991,20 Ekim 1991,31,Hatay,ANAP,85754,19.34,0,
1991,20 Ekim 1991,31,Hatay,DSP,27361,6.17,0,
1991,20 Ekim 1991,31,Hatay,DYP,126148,28.46,3,
1991,20 Ekim 1991,31,Hatay,RP,61016,13.76,0,
1991,20 Ekim 1991,31,Hatay,SHP,142246,32.09,5,EVET
1991,20 Ekim 1991,31,Hatay,SosP,1590,0.36,0,
1991,20 Ekim 1991,32,Isparta,ANAP,22533,12.17,0,
1991,20 Ekim 1991,32,Isparta,DSP,5408,2.92,0,
1991,20 Ekim 1991,32,Isparta,DYP,116115,62.72,4,EVET
1991,20 Ekim 1991,32,Isparta,RP,22941,12.39,0,
1991,20 Ekim 1991,32,Isparta,SHP,17694,9.56,0,
1991,20 Ekim 1991,32,Isparta,SosP,775,0.42,0,
1991,20 Ekim 1991,33,Mersin,ANAP,122824,24.0,2,
1991,20 Ekim 1991,33,Mersin,DSP,35018,6.84,0,
1991,20 Ekim 1991,33,Mersin,DYP,163062,31.86,4,EVET
1991,20 Ekim 1991,33,Mersin,RP,44751,8.74,0,
1991,20 Ekim 1991,33,Mersin,SHP,144160,28.17,3,
1991,20 Ekim 1991,33,Mersin,SosP,2262,0.44,0,
1991,20 Ekim 1991,33,Mersin,Bağımsız,641,0.13,0,
1991,20 Ekim 1991,34,İstanbul,ANAP,887986,27.58,33,EVET
1991,20 Ekim 1991,34,İstanbul,DSP,568738,17.66,3,
1991,20 Ekim 1991,34,İstanbul,DYP,607188,18.86,5,
1991,20 Ekim 1991,34,İstanbul,RP,539573,16.76,4,
1991,20 Ekim 1991,34,İstanbul,SHP,607955,18.88,5,
1991,20 Ekim 1991,34,İstanbul,SosP,11939,0.37,0,
1991,20 Ekim 1991,34,İstanbul,Bağımsız,2555,0.08,0,
1991,20 Ekim 1991,35,İzmir,ANAP,344047,25.63,8,
1991,20 Ekim 1991,35,İzmir,DSP,207858,15.48,0,
1991,20 Ekim 1991,35,İzmir,DYP,370965,27.63,7,EVET
1991,20 Ekim 1991,35,İzmir,RP,80297,5.98,0,
1991,20 Ekim 1991,35,İzmir,SHP,329476,24.54,4,
1991,20 Ekim 1991,35,İzmir,SosP,5833,0.43,0,
1991,20 Ekim 1991,35,İzmir,Bağımsız,6490,0.48,0,
1991,20 Ekim 1991,36,Kars,ANAP,39222,16.94,0,
1991,20 Ekim 1991,36,Kars,DSP,39938,17.25,0,
1991,20 Ekim 1991,36,Kars,DYP,62553,27.01,2,
1991,20 Ekim 1991,36,Kars,RP,16405,7.08,0,
1991,20 Ekim 1991,36,Kars,SHP,72215,31.18,3,EVET
1991,20 Ekim 1991,36,Kars,SosP,1679,0.73,0,
1991,20 Ekim 1991,37,Kastamonu,ANAP,55893,25.95,2,
1991,20 Ekim 1991,37,Kastamonu,DSP,33148,15.39,0,
1991,20 Ekim 1991,37,Kastamonu,DYP,78100,36.26,2,EVET
1991,20 Ekim 1991,37,Kastamonu,RP,28423,13.2,0,
1991,20 Ekim 1991,37,Kastamonu,SHP,18099,8.4,0,
1991,20 Ekim 1991,37,Kastamonu,SosP,2037,0.95,0,
1991,20 Ekim 1991,38,Kayseri,ANAP,89421,22.88,0,
1991,20 Ekim 1991,38,Kayseri,DSP,29572,7.57,0,
1991,20 Ekim 1991,38,Kayseri,DYP,85957,22.0,0,
1991,20 Ekim 1991,38,Kayseri,RP,123616,31.64,7,EVET
1991,20 Ekim 1991,38,Kayseri,SHP,61407,15.72,0,
1991,20 Ekim 1991,38,Kayseri,SosP,1474,0.38,0,
1991,20 Ekim 1991,39,Kırklareli,ANAP,43149,25.59,1,
1991,20 Ekim 1991,39,Kırklareli,DSP,28008,16.61,0,
1991,20 Ekim 1991,39,Kırklareli,DYP,45791,27.16,1,EVET
1991,20 Ekim 1991,39,Kırklareli,RP,6324,3.75,0,
1991,20 Ekim 1991,39,Kırklareli,SHP,44835,26.59,1,
1991,20 Ekim 1991,39,Kırklareli,SosP,719,0.43,0,
1991,20 Ekim 1991,39,Kırklareli,Bağımsız,107,0.06,0,
1991,20 Ekim 1991,40,Kırşehir,ANAP,23891,22.3,0,
1991,20 Ekim 1991,40,Kırşehir,DSP,9228,8.62,0,
1991,20 Ekim 1991,40,Kırşehir,DYP,15346,14.33,0,
1991,20 Ekim 1991,40,Kırşehir,RP,25220,23.55,0,
1991,20 Ekim 1991,40,Kırşehir,SHP,33188,30.98,3,EVET
1991,20 Ekim 1991,40,Kırşehir,SosP,439,0.41,0,
1991,20 Ekim 1991,41,Kocaeli,ANAP,86046,19.67,1,
1991,20 Ekim 1991,41,Kocaeli,DSP,66496,15.2,0,
1991,20 Ekim 1991,41,Kocaeli,DYP,111980,25.6,5,EVET
1991,20 Ekim 1991,41,Kocaeli,RP,96910,22.15,1,
1991,20 Ekim 1991,41,Kocaeli,SHP,75185,17.19,0,
1991,20 Ekim 1991,41,Kocaeli,SosP,1531,0.35,0,
1991,20 Ekim 1991,41,Kocaeli,Bağımsız,157,0.04,0,
1991,20 Ekim 1991,42,Konya,ANAP,137521,19.46,1,
1991,20 Ekim 1991,42,Konya,DSP,50831,7.19,0,
1991,20 Ekim 1991,42,Konya,DYP,188139,26.63,6,
1991,20 Ekim 1991,42,Konya,RP,233812,33.09,6,EVET
1991,20 Ekim 1991,42,Konya,SHP,94189,13.33,0,
1991,20 Ekim 1991,42,Konya,SosP,2974,0.42,0,
1991,20 Ekim 1991,42,Konya,Bağımsız,360,0.05,0,
1991,20 Ekim 1991,43,Kütahya,ANAP,73783,25.11,2,
1991,20 Ekim 1991,43,Kütahya,DSP,19746,6.72,0,
1991,20 Ekim 1991,43,Kütahya,DYP,103728,35.3,2,EVET
1991,20 Ekim 1991,43,Kütahya,RP,59507,20.25,1,
1991,20 Ekim 1991,43,Kütahya,SHP,36101,12.29,0,
1991,20 Ekim 1991,43,Kütahya,SosP,1322,0.45,0,
1991,20 Ekim 1991,43,Kütahya,Bağımsız,214,0.07,0,
1991,20 Ekim 1991,44,Malatya,ANAP,109169,41.19,4,EVET
1991,20 Ekim 1991,44,Malatya,DSP,7832,2.95,0,
1991,20 Ekim 1991,44,Malatya,DYP,17434,6.58,0,
1991,20 Ekim 1991,44,Malatya,RP,60431,22.8,1,
1991,20 Ekim 1991,44,Malatya,SHP,69520,26.23,1,
1991,20 Ekim 1991,44,Malatya,SosP,1161,0.44,0,
1991,20 Ekim 1991,45,Manisa,ANAP,138178,23.17,2,
1991,20 Ekim 1991,45,Manisa,DSP,52421,8.79,0,
1991,20 Ekim 1991,45,Manisa,DYP,222953,37.38,7,EVET
1991,20 Ekim 1991,45,Manisa,RP,58877,9.87,0,
1991,20 Ekim 1991,45,Manisa,SHP,122083,20.47,0,
1991,20 Ekim 1991,45,Manisa,SosP,2461,0.41,0,
1991,20 Ekim 1991,45,Manisa,Bağımsız,583,0.1,0,
1991,20 Ekim 1991,46,Kahramanmaraş,ANAP,59336,18.53,0,
1991,20 Ekim 1991,46,Kahramanmaraş,DSP,6317,1.97,0,
1991,20 Ekim 1991,46,Kahramanmaraş,DYP,82684,25.82,1,
1991,20 Ekim 1991,46,Kahramanmaraş,RP,110637,34.54,6,EVET
1991,20 Ekim 1991,46,Kahramanmaraş,SHP,60468,18.88,0,
1991,20 Ekim 1991,46,Kahramanmaraş,SosP,1420,0.44,0,
1991,20 Ekim 1991,47,Mardin,ANAP,31836,18.5,0,
1991,20 Ekim 1991,47,Mardin,DSP,2247,1.31,0,
1991,20 Ekim 1991,47,Mardin,DYP,29577,17.18,0,
1991,20 Ekim 1991,47,Mardin,RP,15069,8.75,0,
1991,20 Ekim 1991,47,Mardin,SHP,92904,53.98,5,EVET
1991,20 Ekim 1991,47,Mardin,SosP,803,0.47,0,
1991,20 Ekim 1991,48,Muğla,ANAP,75960,25.74,1,
1991,20 Ekim 1991,48,Muğla,DSP,18621,6.31,0,
1991,20 Ekim 1991,48,Muğla,DYP,116797,39.58,3,EVET
1991,20 Ekim 1991,48,Muğla,RP,11721,3.97,0,
1991,20 Ekim 1991,48,Muğla,SHP,70935,24.04,1,
1991,20 Ekim 1991,48,Muğla,SosP,1601,0.54,0,
1991,20 Ekim 1991,49,Muş,ANAP,19005,17.19,0,
1991,20 Ekim 1991,49,Muş,DSP,1476,1.34,0,
1991,20 Ekim 1991,49,Muş,DYP,16530,14.95,0,
1991,20 Ekim 1991,49,Muş,RP,26888,24.32,0,
1991,20 Ekim 1991,49,Muş,SHP,46333,41.92,3,EVET
1991,20 Ekim 1991,49,Muş,SosP,511,0.46,0,
1991,20 Ekim 1991,50,Nevşehir,ANAP,27934,22.07,0,
1991,20 Ekim 1991,50,Nevşehir,DSP,8488,6.71,0,
1991,20 Ekim 1991,50,Nevşehir,DYP,36142,28.55,2,EVET
1991,20 Ekim 1991,50,Nevşehir,RP,33541,26.5,1,
1991,20 Ekim 1991,50,Nevşehir,SHP,20169,15.93,0,
1991,20 Ekim 1991,50,Nevşehir,SosP,538,0.43,0,
1991,20 Ekim 1991,51,Niğde,ANAP,24886,20.27,0,
1991,20 Ekim 1991,51,Niğde,DSP,10711,8.73,0,
1991,20 Ekim 1991,51,Niğde,DYP,34653,28.23,3,EVET
1991,20 Ekim 1991,51,Niğde,RP,24557,20.01,0,
1991,20 Ekim 1991,51,Niğde,SHP,27611,22.49,0,
1991,20 Ekim 1991,51,Niğde,SosP,553,0.45,0,
1991,20 Ekim 1991,52,Ordu,ANAP,97673,31.42,4,EVET
1991,20 Ekim 1991,52,Ordu,DSP,49226,15.84,0,
1991,20 Ekim 1991,52,Ordu,DYP,65643,21.12,2,
1991,20 Ekim 1991,52,Ordu,RP,43622,14.03,0,
1991,20 Ekim 1991,52,Ordu,SHP,52917,17.02,0,
1991,20 Ekim 1991,52,Ordu,SosP,2351,0.76,0,
1991,20 Ekim 1991,53,Rize,ANAP,81063,47.64,3,EVET
1991,20 Ekim 1991,53,Rize,DSP,7964,4.68,0,
1991,20 Ekim 1991,53,Rize,DYP,33802,19.87,0,
1991,20 Ekim 1991,53,Rize,RP,33721,19.82,0,
1991,20 Ekim 1991,53,Rize,SHP,13271,7.8,0,
1991,20 Ekim 1991,53,Rize,SosP,647,0.38,0,
1991,20 Ekim 1991,54,Sakarya,ANAP,88244,25.9,2,
1991,20 Ekim 1991,54,Sakarya,DSP,42006,12.33,0,
1991,20 Ekim 1991,54,Sakarya,DYP,95728,28.09,3,EVET
1991,20 Ekim 1991,54,Sakarya,RP,79380,23.3,1,
1991,20 Ekim 1991,54,Sakarya,SHP,34339,10.08,0,
1991,20 Ekim 1991,54,Sakarya,SosP,1329,0.39,0,
1991,20 Ekim 1991,54,Sakarya,Bağımsız,336,0.1,0,
1991,20 Ekim 1991,55,Samsun,ANAP,116655,21.98,2,
1991,20 Ekim 1991,55,Samsun,DSP,71739,13.52,0,
1991,20 Ekim 1991,55,Samsun,DYP,176786,33.32,7,EVET
1991,20 Ekim 1991,55,Samsun,RP,85636,16.14,0,
1991,20 Ekim 1991,55,Samsun,SHP,78618,14.82,0,
1991,20 Ekim 1991,55,Samsun,SosP,2184,0.41,0,
1991,20 Ekim 1991,56,Siirt,ANAP,13297,18.25,0,
1991,20 Ekim 1991,56,Siirt,DSP,1307,1.79,0,
1991,20 Ekim 1991,56,Siirt,DYP,13846,19.01,0,
1991,20 Ekim 1991,56,Siirt,RP,15016,20.61,0,
1991,20 Ekim 1991,56,Siirt,SHP,28894,39.66,3,EVET
1991,20 Ekim 1991,56,Siirt,SosP,334,0.46,0,
1991,20 Ekim 1991,56,Siirt,Bağımsız,293,0.4,0,
1991,20 Ekim 1991,57,Sinop,ANAP,27664,23.26,0,
1991,20 Ekim 1991,57,Sinop,DSP,16713,14.06,0,
1991,20 Ekim 1991,57,Sinop,DYP,31900,26.83,3,EVET
1991,20 Ekim 1991,57,Sinop,RP,16279,13.69,0,
1991,20 Ekim 1991,57,Sinop,SHP,25200,21.19,0,
1991,20 Ekim 1991,57,Sinop,SosP,1375,1.16,0,
1991,20 Ekim 1991,58,Sivas,ANAP,52102,17.72,0,
1991,20 Ekim 1991,58,Sivas,DSP,21255,7.23,0,
1991,20 Ekim 1991,58,Sivas,DYP,39284,13.36,0,
1991,20 Ekim 1991,58,Sivas,RP,112865,38.39,4,EVET
1991,20 Ekim 1991,58,Sivas,SHP,67709,23.03,2,
1991,20 Ekim 1991,58,Sivas,SosP,1337,0.45,0,
1991,20 Ekim 1991,59,Tekirdağ,ANAP,58317,24.56,0,
1991,20 Ekim 1991,59,Tekirdağ,DSP,45510,19.16,0,
1991,20 Ekim 1991,59,Tekirdağ,DYP,72785,30.65,4,EVET
1991,20 Ekim 1991,59,Tekirdağ,RP,11869,5.0,0,
1991,20 Ekim 1991,59,Tekirdağ,SHP,48477,20.41,0,
1991,20 Ekim 1991,59,Tekirdağ,SosP,962,0.41,0,
1991,20 Ekim 1991,60,Tokat,ANAP,58149,19.58,0,
1991,20 Ekim 1991,60,Tokat,DSP,18059,6.08,0,
1991,20 Ekim 1991,60,Tokat,DYP,64522,21.73,1,
1991,20 Ekim 1991,60,Tokat,RP,85929,28.94,3,EVET
1991,20 Ekim 1991,60,Tokat,SHP,69513,23.41,2,
1991,20 Ekim 1991,60,Tokat,SosP,1332,0.45,0,
1991,20 Ekim 1991,61,Trabzon,ANAP,105682,31.56,3,EVET
1991,20 Ekim 1991,61,Trabzon,DSP,39074,11.67,0,
1991,20 Ekim 1991,61,Trabzon,DYP,70448,21.04,1,
1991,20 Ekim 1991,61,Trabzon,RP,74623,22.29,2,
1991,20 Ekim 1991,61,Trabzon,SHP,44125,13.18,0,
1991,20 Ekim 1991,61,Trabzon,SosP,1308,0.39,0,
1991,20 Ekim 1991,61,Trabzon,Bağımsız,173,0.05,0,
1991,20 Ekim 1991,62,Tunceli,ANAP,5226,10.74,0,
1991,20 Ekim 1991,62,Tunceli,DSP,796,1.64,0,
1991,20 Ekim 1991,62,Tunceli,DYP,1671,3.43,0,
1991,20 Ekim 1991,62,Tunceli,RP,2733,5.62,0,
1991,20 Ekim 1991,62,Tunceli,SHP,28222,58.01,2,EVET
1991,20 Ekim 1991,62,Tunceli,SosP,518,1.06,0,
1991,20 Ekim 1991,62,Tunceli,Bağımsız,9574,19.68,0,
1991,20 Ekim 1991,63,Şanlıurfa,ANAP,76270,26.62,2,
1991,20 Ekim 1991,63,Şanlıurfa,DSP,7598,2.65,0,
1991,20 Ekim 1991,63,Şanlıurfa,DYP,89984,31.4,5,EVET
1991,20 Ekim 1991,63,Şanlıurfa,RP,52953,18.48,1,
1991,20 Ekim 1991,63,Şanlıurfa,SHP,59365,20.72,0,
1991,20 Ekim 1991,63,Şanlıurfa,SosP,956,0.33,0,
1991,20 Ekim 1991,64,Uşak,ANAP,35375,24.27,0,
1991,20 Ekim 1991,64,Uşak,DSP,17223,11.82,0,
1991,20 Ekim 1991,64,Uşak,DYP,32993,22.64,0,
1991,20 Ekim 1991,64,Uşak,RP,18738,12.86,0,
1991,20 Ekim 1991,64,Uşak,SHP,40846,28.03,3,EVET
1991,20 Ekim 1991,64,Uşak,SosP,791,0.54,0,
1991,20 Ekim 1991,65,Van,ANAP,50305,26.31,1,
1991,20 Ekim 1991,65,Van,DSP,3379,1.77,0,
1991,20 Ekim 1991,65,Van,DYP,50793,26.57,2,EVET
1991,20 Ekim 1991,65,Van,RP,43098,22.54,1,
1991,20 Ekim 1991,65,Van,SHP,42694,22.33,1,
1991,20 Ekim 1991,65,Van,SosP,1195,0.63,0,
1991,20 Ekim 1991,65,Van,Bağımsız,69,0.04,0,
1991,20 Ekim 1991,66,Yozgat,ANAP,49700,22.99,2,
1991,20 Ekim 1991,66,Yozgat,DSP,10421,4.82,0,
1991,20 Ekim 1991,66,Yozgat,DYP,32798,15.17,0,
1991,20 Ekim 1991,66,Yozgat,RP,85527,39.56,3,EVET
1991,20 Ekim 1991,66,Yozgat,SHP,37135,17.18,0,
1991,20 Ekim 1991,66,Yozgat,SosP,1009,0.47,0,
1991,20 Ekim 1991,67,Zonguldak,ANAP,78496,18.59,0,
1991,20 Ekim 1991,67,Zonguldak,DSP,101746,24.09,1,
1991,20 Ekim 1991,67,Zonguldak,DYP,127205,30.12,6,EVET
1991,20 Ekim 1991,67,Zonguldak,RP,50227,11.89,0,
1991,20 Ekim 1991,67,Zonguldak,SHP,63176,14.96,0,
1991,20 Ekim 1991,67,Zonguldak,SosP,2228,0.53,0,
1991,20 Ekim 1991,68,Aksaray,ANAP,27827,22.78,0,
1991,20 Ekim 1991,68,Aksaray,DSP,7933,6.49,0,
1991,20 Ekim 1991,68,Aksaray,DYP,33990,27.82,2,EVET
1991,20 Ekim 1991,68,Aksaray,RP,32954,26.97,1,
1991,20 Ekim 1991,68,Aksaray,SHP,19128,15.66,0,
1991,20 Ekim 1991,68,Aksaray,SosP,504,0.41,0,
1991,20 Ekim 1991,68,Aksaray,Bağımsız,72,0.06,0,
1991,20 Ekim 1991,69,Bayburt,ANAP,11601,31.79,1,
1991,20 Ekim 1991,69,Bayburt,DSP,1222,3.35,0,
1991,20 Ekim 1991,69,Bayburt,DYP,6965,19.09,0,
1991,20 Ekim 1991,69,Bayburt,RP,14823,40.62,1,EVET
1991,20 Ekim 1991,69,Bayburt,SHP,1816,4.98,0,
1991,20 Ekim 1991,69,Bayburt,SosP,131,0.36,0,
1991,20 Ekim 1991,70,Karaman,ANAP,19540,20.82,0,
1991,20 Ekim 1991,70,Karaman,DSP,7525,8.02,0,
1991,20 Ekim 1991,70,Karaman,DYP,17175,18.3,0,
1991,20 Ekim 1991,70,Karaman,RP,27935,29.76,2,EVET
1991,20 Ekim 1991,70,Karaman,SHP,21336,22.73,0,
1991,20 Ekim 1991,70,Karaman,SosP,522,0.56,0,
1991,20 Ekim 1991,71,Kırıkkale,ANAP,29212,21.15,0,
1991,20 Ekim 1991,71,Kırıkkale,DSP,10610,7.68,0,
1991,20 Ekim 1991,71,Kırıkkale,DYP,37004,26.79,3,EVET
1991,20 Ekim 1991,71,Kırıkkale,RP,30787,22.29,0,
1991,20 Ekim 1991,71,Kırıkkale,SHP,30302,21.94,0,
1991,20 Ekim 1991,71,Kırıkkale,SosP,477,0.35,0,
1991,20 Ekim 1991,72,Batman,ANAP,16164,15.96,0,
1991,20 Ekim 1991,72,Batman,DSP,925,0.91,0,
1991,20 Ekim 1991,72,Batman,DYP,14953,14.76,0,
1991,20 Ekim 1991,72,Batman,RP,15562,15.36,0,
1991,20 Ekim 1991,72,Batman,SHP,53523,52.84,3,EVET
1991,20 Ekim 1991,72,Batman,SosP,356,0.35,0,
1991,20 Ekim 1991,73,Şırnak,ANAP,13222,19.64,0,
1991,20 Ekim 1991,73,Şırnak,DSP,767,1.14,0,
1991,20 Ekim 1991,73,Şırnak,DYP,9828,14.6,0,
1991,20 Ekim 1991,73,Şırnak,RP,1713,2.54,0,
1991,20 Ekim 1991,73,Şırnak,SHP,41297,61.34,3,EVET
1991,20 Ekim 1991,73,Şırnak,SosP,622,0.92,0,
1991,20 Ekim 1991,74,Bartın,ANAP,22176,21.94,0,
1991,20 Ekim 1991,74,Bartın,DSP,25364,25.1,1,
1991,20 Ekim 1991,74,Bartın,DYP,37391,37.0,1,EVET
1991,20 Ekim 1991,74,Bartın,RP,7215,7.14,0,
1991,20 Ekim 1991,74,Bartın,SHP,8488,8.4,0,
1991,20 Ekim 1991,74,Bartın,SosP,612,0.61,0,
1995,24 Aralık 1995,1,Adana,ANAP,157542,16.62,4,
1995,24 Aralık 1995,1,Adana,CHP,74898,7.9,1,
1995,24 Aralık 1995,1,Adana,DSP,178461,18.83,4,EVET
1995,24 Aralık 1995,1,Adana,DYP,165837,17.5,4,
1995,24 Aralık 1995,1,Adana,HADEP,63186,6.67,0,
1995,24 Aralık 1995,1,Adana,İP,2158,0.23,0,
1995,24 Aralık 1995,1,Adana,MHP,136114,14.36,0,
1995,24 Aralık 1995,1,Adana,MP92,3724,0.39,0,
1995,24 Aralık 1995,1,Adana,RP,158680,16.74,4,
1995,24 Aralık 1995,1,Adana,YDH,3354,0.35,0,
1995,24 Aralık 1995,1,Adana,YDP,2389,0.25,0,
1995,24 Aralık 1995,1,Adana,Bağımsız,2337,0.25,0,
1995,24 Aralık 1995,2,Adıyaman,ANAP,29104,14.8,1,
1995,24 Aralık 1995,2,Adıyaman,CHP,21454,10.91,1,
1995,24 Aralık 1995,2,Adıyaman,DSP,5687,2.89,0,
1995,24 Aralık 1995,2,Adıyaman,DYP,36641,18.63,1,
1995,24 Aralık 1995,2,Adıyaman,HADEP,18663,9.49,0,
1995,24 Aralık 1995,2,Adıyaman,İP,491,0.25,0,
1995,24 Aralık 1995,2,Adıyaman,MHP,13257,6.74,0,
1995,24 Aralık 1995,2,Adıyaman,MP92,1692,0.86,0,
1995,24 Aralık 1995,2,Adıyaman,RP,64205,32.65,2,EVET
1995,24 Aralık 1995,2,Adıyaman,YDH,1116,0.57,0,
1995,24 Aralık 1995,2,Adıyaman,YDP,890,0.45,0,
1995,24 Aralık 1995,2,Adıyaman,Bağımsız,3537,1.8,0,
1995,24 Aralık 1995,3,Afyonkarahisar,ANAP,61084,18.18,1,
1995,24 Aralık 1995,3,Afyonkarahisar,CHP,27823,8.28,0,
1995,24 Aralık 1995,3,Afyonkarahisar,DSP,30883,9.19,1,
1995,24 Aralık 1995,3,Afyonkarahisar,DYP,94325,28.07,3,EVET
1995,24 Aralık 1995,3,Afyonkarahisar,HADEP,2475,0.74,0,
1995,24 Aralık 1995,3,Afyonkarahisar,İP,860,0.26,0,
1995,24 Aralık 1995,3,Afyonkarahisar,MHP,39153,11.65,0,
1995,24 Aralık 1995,3,Afyonkarahisar,MP92,2305,0.69,0,
1995,24 Aralık 1995,3,Afyonkarahisar,RP,74918,22.29,2,
1995,24 Aralık 1995,3,Afyonkarahisar,YDH,1161,0.35,0,
1995,24 Aralık 1995,3,Afyonkarahisar,YDP,1503,0.45,0,
1995,24 Aralık 1995,4,Ağrı,ANAP,23669,18.45,1,
1995,24 Aralık 1995,4,Ağrı,CHP,4693,3.66,0,
1995,24 Aralık 1995,4,Ağrı,DSP,2132,1.66,0,
1995,24 Aralık 1995,4,Ağrı,DYP,17503,13.64,1,
1995,24 Aralık 1995,4,Ağrı,HADEP,23025,17.95,0,
1995,24 Aralık 1995,4,Ağrı,İP,284,0.22,0,
1995,24 Aralık 1995,4,Ağrı,MHP,7018,5.47,0,
1995,24 Aralık 1995,4,Ağrı,MP92,1029,0.8,0,
1995,24 Aralık 1995,4,Ağrı,RP,39489,30.78,3,EVET
1995,24 Aralık 1995,4,Ağrı,YDH,1340,1.04,0,
1995,24 Aralık 1995,4,Ağrı,YDP,905,0.71,0,
1995,24 Aralık 1995,4,Ağrı,Bağımsız,7243,5.65,0,
1995,24 Aralık 1995,5,Amasya,ANAP,31468,17.02,1,
1995,24 Aralık 1995,5,Amasya,CHP,32323,17.49,1,
1995,24 Aralık 1995,5,Amasya,DSP,18858,10.2,0,
1995,24 Aralık 1995,5,Amasya,DYP,31459,17.02,1,
1995,24 Aralık 1995,5,Amasya,HADEP,1805,0.98,0,
1995,24 Aralık 1995,5,Amasya,İP,313,0.17,0,
1995,24 Aralık 1995,5,Amasya,MHP,22476,12.16,0,
1995,24 Aralık 1995,5,Amasya,MP92,771,0.42,0,
1995,24 Aralık 1995,5,Amasya,RP,43203,23.37,1,EVET
1995,24 Aralık 1995,5,Amasya,YDH,583,0.32,0,
1995,24 Aralık 1995,5,Amasya,YDP,593,0.32,0,
1995,24 Aralık 1995,5,Amasya,Bağımsız,1237,0.67,0,
1995,24 Aralık 1995,6,Ankara,ANAP,399513,21.68,8,EVET
1995,24 Aralık 1995,6,Ankara,CHP,311701,16.92,5,
1995,24 Aralık 1995,6,Ankara,DSP,261707,14.2,4,
1995,24 Aralık 1995,6,Ankara,DYP,242135,13.14,4,
1995,24 Aralık 1995,6,Ankara,HADEP,46506,2.52,0,
1995,24 Aralık 1995,6,Ankara,İP,5011,0.27,0,
1995,24 Aralık 1995,6,Ankara,MHP,169682,9.21,0,
1995,24 Aralık 1995,6,Ankara,MP92,7333,0.4,0,
1995,24 Aralık 1995,6,Ankara,RP,385966,20.95,7,
1995,24 Aralık 1995,6,Ankara,YDH,7281,0.4,0,
1995,24 Aralık 1995,6,Ankara,YDP,4256,0.23,0,
1995,24 Aralık 1995,6,Ankara,Bağımsız,4359,0.24,0,
1995,24 Aralık 1995,7,Antalya,ANAP,91881,14.7,2,
1995,24 Aralık 1995,7,Antalya,CHP,145189,23.23,3,
1995,24 Aralık 1995,7,Antalya,DSP,42702,6.83,1,
1995,24 Aralık 1995,7,Antalya,DYP,166368,26.62,3,EVET
1995,24 Aralık 1995,7,Antalya,HADEP,11641,1.86,0,
1995,24 Aralık 1995,7,Antalya,İP,1502,0.24,0,
1995,24 Aralık 1995,7,Antalya,MHP,76348,12.21,0,
1995,24 Aralık 1995,7,Antalya,MP92,2852,0.46,0,
1995,24 Aralık 1995,7,Antalya,RP,83363,13.34,1,
1995,24 Aralık 1995,7,Antalya,YDH,2339,0.37,0,
1995,24 Aralık 1995,7,Antalya,YDP,1683,0.27,0,
1995,24 Aralık 1995,7,Antalya,Bağımsız,120,0.02,0,
1995,24 Aralık 1995,8,Artvin,ANAP,29499,28.27,1,EVET
1995,24 Aralık 1995,8,Artvin,CHP,16167,15.5,1,
1995,24 Aralık 1995,8,Artvin,DSP,9755,9.35,0,
1995,24 Aralık 1995,8,Artvin,DYP,23687,22.7,1,
1995,24 Aralık 1995,8,Artvin,HADEP,1529,1.47,0,
1995,24 Aralık 1995,8,Artvin,İP,264,0.25,0,
1995,24 Aralık 1995,8,Artvin,MHP,6681,6.4,0,
1995,24 Aralık 1995,8,Artvin,MP92,526,0.5,0,
1995,24 Aralık 1995,8,Artvin,RP,15188,14.56,0,
1995,24 Aralık 1995,8,Artvin,YDH,424,0.41,0,
1995,24 Aralık 1995,8,Artvin,YDP,785,0.75,0,
1995,24 Aralık 1995,9,Aydın,ANAP,105224,22.46,2,
1995,24 Aralık 1995,9,Aydın,CHP,48533,10.36,1,
1995,24 Aralık 1995,9,Aydın,DSP,75510,16.12,1,
1995,24 Aralık 1995,9,Aydın,DYP,135591,28.94,3,EVET
1995,24 Aralık 1995,9,Aydın,HADEP,15026,3.21,0,
1995,24 Aralık 1995,9,Aydın,İP,1001,0.21,0,
1995,24 Aralık 1995,9,Aydın,MHP,41063,8.76,0,
1995,24 Aralık 1995,9,Aydın,MP92,1722,0.37,0,
1995,24 Aralık 1995,9,Aydın,RP,40694,8.69,1,
1995,24 Aralık 1995,9,Aydın,YDH,1661,0.35,0,
1995,24 Aralık 1995,9,Aydın,YDP,2227,0.48,0,
1995,24 Aralık 1995,9,Aydın,Bağımsız,998,0.21,0,
1995,24 Aralık 1995,10,Balıkesir,ANAP,120509,19.52,2,
1995,24 Aralık 1995,10,Balıkesir,CHP,57075,9.25,1,
1995,24 Aralık 1995,10,Balıkesir,DSP,120864,19.58,2,
1995,24 Aralık 1995,10,Balıkesir,DYP,178961,28.99,3,EVET
1995,24 Aralık 1995,10,Balıkesir,HADEP,6382,1.03,0,
1995,24 Aralık 1995,10,Balıkesir,İP,1265,0.2,0,
1995,24 Aralık 1995,10,Balıkesir,MHP,33820,5.48,0,
1995,24 Aralık 1995,10,Balıkesir,MP92,2148,0.35,0,
1995,24 Aralık 1995,10,Balıkesir,RP,92662,15.01,1,
1995,24 Aralık 1995,10,Balıkesir,YDH,2209,0.36,0,
1995,24 Aralık 1995,10,Balıkesir,YDP,2264,0.37,0,
1995,24 Aralık 1995,10,Balıkesir,Bağımsız,207,0.03,0,
1995,24 Aralık 1995,11,Bilecik,ANAP,17027,16.57,0,
1995,24 Aralık 1995,11,Bilecik,CHP,10794,10.5,0,
1995,24 Aralık 1995,11,Bilecik,DSP,17206,16.74,1,
1995,24 Aralık 1995,11,Bilecik,DYP,33169,32.27,1,EVET
1995,24 Aralık 1995,11,Bilecik,HADEP,712,0.69,0,
1995,24 Aralık 1995,11,Bilecik,İP,132,0.13,0,
1995,24 Aralık 1995,11,Bilecik,MHP,6638,6.46,0,
1995,24 Aralık 1995,11,Bilecik,MP92,341,0.33,0,
1995,24 Aralık 1995,11,Bilecik,RP,16295,15.85,0,
1995,24 Aralık 1995,11,Bilecik,YDH,318,0.31,0,
1995,24 Aralık 1995,11,Bilecik,YDP,327,0.32,0,
1995,24 Aralık 1995,12,Bingöl,ANAP,11187,14.44,0,
1995,24 Aralık 1995,12,Bingöl,CHP,4033,5.21,0,
1995,24 Aralık 1995,12,Bingöl,DSP,809,1.04,0,
1995,24 Aralık 1995,12,Bingöl,DYP,9913,12.8,0,
1995,24 Aralık 1995,12,Bingöl,HADEP,5519,7.12,0,
1995,24 Aralık 1995,12,Bingöl,İP,111,0.14,0,
1995,24 Aralık 1995,12,Bingöl,MHP,4192,5.41,0,
1995,24 Aralık 1995,12,Bingöl,MP92,434,0.56,0,
1995,24 Aralık 1995,12,Bingöl,RP,40062,51.72,3,EVET
1995,24 Aralık 1995,12,Bingöl,YDH,812,1.05,0,
1995,24 Aralık 1995,12,Bingöl,YDP,233,0.3,0,
1995,24 Aralık 1995,13,Bitlis,ANAP,18638,23.21,1,
1995,24 Aralık 1995,13,Bitlis,CHP,1977,2.46,0,
1995,24 Aralık 1995,13,Bitlis,DSP,2213,2.76,0,
1995,24 Aralık 1995,13,Bitlis,DYP,12190,15.18,1,
1995,24 Aralık 1995,13,Bitlis,HADEP,8046,10.02,0,
1995,24 Aralık 1995,13,Bitlis,İP,129,0.16,0,
1995,24 Aralık 1995,13,Bitlis,MHP,6065,7.55,0,
1995,24 Aralık 1995,13,Bitlis,MP92,445,0.55,0,
1995,24 Aralık 1995,13,Bitlis,RP,23361,29.09,2,EVET
1995,24 Aralık 1995,13,Bitlis,YDH,1471,1.83,0,
1995,24 Aralık 1995,13,Bitlis,YDP,472,0.59,0,
1995,24 Aralık 1995,13,Bitlis,Bağımsız,4694,5.85,0,
1995,24 Aralık 1995,14,Bolu,ANAP,71398,23.64,2,
1995,24 Aralık 1995,14,Bolu,CHP,15913,5.27,0,
1995,24 Aralık 1995,14,Bolu,DSP,54234,17.96,1,
1995,24 Aralık 1995,14,Bolu,DYP,54668,18.1,1,
1995,24 Aralık 1995,14,Bolu,HADEP,3035,1.0,0,
1995,24 Aralık 1995,14,Bolu,İP,586,0.19,0,
1995,24 Aralık 1995,14,Bolu,MHP,16588,5.49,0,
1995,24 Aralık 1995,14,Bolu,MP92,2237,0.74,0,
1995,24 Aralık 1995,14,Bolu,RP,80319,26.59,2,EVET
1995,24 Aralık 1995,14,Bolu,YDH,1716,0.57,0,
1995,24 Aralık 1995,14,Bolu,YDP,1650,0.55,0,
1995,24 Aralık 1995,15,Burdur,ANAP,31259,21.68,1,
1995,24 Aralık 1995,15,Burdur,CHP,14862,10.31,0,
1995,24 Aralık 1995,15,Burdur,DSP,23634,16.39,1,
1995,24 Aralık 1995,15,Burdur,DYP,38042,26.39,1,EVET
1995,24 Aralık 1995,15,Burdur,HADEP,1409,0.98,0,
1995,24 Aralık 1995,15,Burdur,İP,356,0.25,0,
1995,24 Aralık 1995,15,Burdur,MHP,12917,8.96,0,
1995,24 Aralık 1995,15,Burdur,MP92,1077,0.75,0,
1995,24 Aralık 1995,15,Burdur,RP,19304,13.39,0,
1995,24 Aralık 1995,15,Burdur,YDH,752,0.52,0,
1995,24 Aralık 1995,15,Burdur,YDP,684,0.47,0,
1995,24 Aralık 1995,16,Bursa,ANAP,215920,21.72,3,
1995,24 Aralık 1995,16,Bursa,CHP,58353,5.87,1,
1995,24 Aralık 1995,16,Bursa,DSP,210010,21.13,3,
1995,24 Aralık 1995,16,Bursa,DYP,244831,24.63,4,EVET
1995,24 Aralık 1995,16,Bursa,HADEP,13572,1.37,0,
1995,24 Aralık 1995,16,Bursa,İP,1702,0.17,0,
1995,24 Aralık 1995,16,Bursa,MHP,53794,5.41,0,
1995,24 Aralık 1995,16,Bursa,MP92,3411,0.34,0,
1995,24 Aralık 1995,16,Bursa,RP,187077,18.82,3,
1995,24 Aralık 1995,16,Bursa,YDH,3166,0.32,0,
1995,24 Aralık 1995,16,Bursa,YDP,2846,0.29,0,
1995,24 Aralık 1995,16,Bursa,Bağımsız,815,0.08,0,
1995,24 Aralık 1995,17,Çanakkale,ANAP,57365,21.16,1,
1995,24 Aralık 1995,17,Çanakkale,CHP,30383,11.21,1,
1995,24 Aralık 1995,17,Çanakkale,DSP,49705,18.33,1,
1995,24 Aralık 1995,17,Çanakkale,DYP,84641,31.22,2,EVET
1995,24 Aralık 1995,17,Çanakkale,HADEP,2367,0.87,0,
1995,24 Aralık 1995,17,Çanakkale,İP,558,0.21,0,
1995,24 Aralık 1995,17,Çanakkale,MHP,15322,5.65,0,
1995,24 Aralık 1995,17,Çanakkale,MP92,1381,0.51,0,
1995,24 Aralık 1995,17,Çanakkale,RP,27188,10.03,0,
1995,24 Aralık 1995,17,Çanakkale,YDH,1331,0.49,0,
1995,24 Aralık 1995,17,Çanakkale,YDP,1076,0.4,0,
1995,24 Aralık 1995,17,Çanakkale,Bağımsız,157,0.06,0,
1995,24 Aralık 1995,18,Çankırı,ANAP,21983,21.51,1,
1995,24 Aralık 1995,18,Çankırı,CHP,4670,4.57,0,
1995,24 Aralık 1995,18,Çankırı,DSP,5394,5.28,0,
1995,24 Aralık 1995,18,Çankırı,DYP,20134,19.7,1,
1995,24 Aralık 1995,18,Çankırı,HADEP,1043,1.02,0,
1995,24 Aralık 1995,18,Çankırı,İP,252,0.25,0,
1995,24 Aralık 1995,18,Çankırı,MHP,19134,18.72,0,
1995,24 Aralık 1995,18,Çankırı,MP92,750,0.73,0,
1995,24 Aralık 1995,18,Çankırı,RP,27861,27.26,1,EVET
1995,24 Aralık 1995,18,Çankırı,YDH,447,0.44,0,
1995,24 Aralık 1995,18,Çankırı,YDP,569,0.56,0,
1995,24 Aralık 1995,18,Çankırı,Bağımsız,68,0.07,0,
1995,24 Aralık 1995,19,Çorum,ANAP,41041,13.6,1,
1995,24 Aralık 1995,19,Çorum,CHP,57987,19.22,1,
1995,24 Aralık 1995,19,Çorum,DSP,16138,5.35,0,
1995,24 Aralık 1995,19,Çorum,DYP,47453,15.73,1,
1995,24 Aralık 1995,19,Çorum,HADEP,2603,0.86,0,
1995,24 Aralık 1995,19,Çorum,İP,786,0.26,0,
1995,24 Aralık 1995,19,Çorum,MHP,34768,11.53,0,
1995,24 Aralık 1995,19,Çorum,MP92,1719,0.57,0,
1995,24 Aralık 1995,19,Çorum,RP,92056,30.52,3,EVET
1995,24 Aralık 1995,19,Çorum,YDH,1132,0.38,0,
1995,24 Aralık 1995,19,Çorum,YDP,1140,0.38,0,
1995,24 Aralık 1995,19,Çorum,Bağımsız,5168,1.71,0,
1995,24 Aralık 1995,20,Denizli,ANAP,85053,20.39,1,
1995,24 Aralık 1995,20,Denizli,CHP,55779,13.37,1,
1995,24 Aralık 1995,20,Denizli,DSP,61070,14.64,1,
1995,24 Aralık 1995,20,Denizli,DYP,127874,30.66,3,EVET
1995,24 Aralık 1995,20,Denizli,HADEP,5851,1.4,0,
1995,24 Aralık 1995,20,Denizli,İP,1298,0.31,0,
1995,24 Aralık 1995,20,Denizli,MHP,30586,7.33,0,
1995,24 Aralık 1995,20,Denizli,MP92,2480,0.59,0,
1995,24 Aralık 1995,20,Denizli,RP,43257,10.37,1,
1995,24 Aralık 1995,20,Denizli,YDH,2338,0.56,0,
1995,24 Aralık 1995,20,Denizli,YDP,1980,0.47,0,
1995,24 Aralık 1995,21,Diyarbakır,ANAP,45612,13.86,3,
1995,24 Aralık 1995,21,Diyarbakır,CHP,6501,1.98,0,
1995,24 Aralık 1995,21,Diyarbakır,DSP,8643,2.63,0,
1995,24 Aralık 1995,21,Diyarbakır,DYP,35754,10.87,2,
1995,24 Aralık 1995,21,Diyarbakır,HADEP,152772,46.44,0,EVET
1995,24 Aralık 1995,21,Diyarbakır,İP,729,0.22,0,
1995,24 Aralık 1995,21,Diyarbakır,MHP,6349,1.93,0,
1995,24 Aralık 1995,21,Diyarbakır,MP92,1742,0.53,0,
1995,24 Aralık 1995,21,Diyarbakır,RP,62049,18.86,5,
1995,24 Aralık 1995,21,Diyarbakır,YDH,5182,1.58,0,
1995,24 Aralık 1995,21,Diyarbakır,YDP,2342,0.71,0,
1995,24 Aralık 1995,21,Diyarbakır,Bağımsız,1620,0.49,0,
1995,24 Aralık 1995,22,Edirne,ANAP,33803,14.27,0,
1995,24 Aralık 1995,22,Edirne,CHP,29060,12.27,0,
1995,24 Aralık 1995,22,Edirne,DSP,80037,33.79,2,EVET
1995,24 Aralık 1995,22,Edirne,DYP,68602,28.96,2,
1995,24 Aralık 1995,22,Edirne,HADEP,1958,0.83,0,
1995,24 Aralık 1995,22,Edirne,İP,441,0.19,0,
1995,24 Aralık 1995,22,Edirne,MHP,8987,3.79,0,
1995,24 Aralık 1995,22,Edirne,MP92,467,0.2,0,
1995,24 Aralık 1995,22,Edirne,RP,12583,5.31,0,
1995,24 Aralık 1995,22,Edirne,YDH,708,0.3,0,
1995,24 Aralık 1995,22,Edirne,YDP,658,0.28,0,
1995,24 Aralık 1995,23,Elazığ,ANAP,27458,12.01,0,
1995,24 Aralık 1995,23,Elazığ,CHP,18061,7.9,0,
1995,24 Aralık 1995,23,Elazığ,DSP,4308,1.88,0,
1995,24 Aralık 1995,23,Elazığ,DYP,55121,24.1,2,
1995,24 Aralık 1995,23,Elazığ,HADEP,8948,3.91,0,
1995,24 Aralık 1995,23,Elazığ,İP,376,0.16,0,
1995,24 Aralık 1995,23,Elazığ,MHP,15734,6.88,0,
1995,24 Aralık 1995,23,Elazığ,MP92,1232,0.54,0,
1995,24 Aralık 1995,23,Elazığ,RP,95948,41.95,3,EVET
1995,24 Aralık 1995,23,Elazığ,YDH,857,0.37,0,
1995,24 Aralık 1995,23,Elazığ,YDP,671,0.29,0,
1995,24 Aralık 1995,23,Elazığ,Bağımsız,135,0.06,0,
1995,24 Aralık 1995,24,Erzincan,ANAP,10772,10.45,0,
1995,24 Aralık 1995,24,Erzincan,CHP,27729,26.89,2,
1995,24 Aralık 1995,24,Erzincan,DSP,1883,1.83,0,
1995,24 Aralık 1995,24,Erzincan,DYP,10327,10.02,0,
1995,24 Aralık 1995,24,Erzincan,HADEP,1188,1.15,0,
1995,24 Aralık 1995,24,Erzincan,İP,269,0.26,0,
1995,24 Aralık 1995,24,Erzincan,MHP,15240,14.78,0,
1995,24 Aralık 1995,24,Erzincan,MP92,594,0.58,0,
1995,24 Aralık 1995,24,Erzincan,RP,33532,32.52,2,EVET
1995,24 Aralık 1995,24,Erzincan,YDH,246,0.24,0,
1995,24 Aralık 1995,24,Erzincan,YDP,195,0.19,0,
1995,24 Aralık 1995,24,Erzincan,Bağımsız,1571,1.52,0,
1995,24 Aralık 1995,25,Erzurum,ANAP,49571,15.28,1,
1995,24 Aralık 1995,25,Erzurum,CHP,14794,4.56,0,
1995,24 Aralık 1995,25,Erzurum,DSP,9544,2.94,0,
1995,24 Aralık 1995,25,Erzurum,DYP,50606,15.6,2,
1995,24 Aralık 1995,25,Erzurum,HADEP,19103,5.89,0,
1995,24 Aralık 1995,25,Erzurum,İP,560,0.17,0,
1995,24 Aralık 1995,25,Erzurum,MHP,45315,13.97,0,
1995,24 Aralık 1995,25,Erzurum,MP92,1839,0.57,0,
1995,24 Aralık 1995,25,Erzurum,RP,125882,38.81,5,EVET
1995,24 Aralık 1995,25,Erzurum,YDH,1120,0.35,0,
1995,24 Aralık 1995,25,Erzurum,YDP,1821,0.56,0,
1995,24 Aralık 1995,25,Erzurum,Bağımsız,4166,1.28,0,
1995,24 Aralık 1995,26,Eskişehir,ANAP,61180,15.83,1,
1995,24 Aralık 1995,26,Eskişehir,CHP,42494,11.0,0,
1995,24 Aralık 1995,26,Eskişehir,DSP,96175,24.89,2,EVET
1995,24 Aralık 1995,26,Eskişehir,DYP,89508,23.17,2,
1995,24 Aralık 1995,26,Eskişehir,HADEP,2821,0.73,0,
1995,24 Aralık 1995,26,Eskişehir,İP,718,0.19,0,
1995,24 Aralık 1995,26,Eskişehir,MHP,34267,8.87,0,
1995,24 Aralık 1995,26,Eskişehir,MP92,1306,0.34,0,
1995,24 Aralık 1995,26,Eskişehir,RP,56079,14.51,1,
1995,24 Aralık 1995,26,Eskişehir,YDH,1537,0.4,0,
1995,24 Aralık 1995,26,Eskişehir,YDP,1030,0.27,0,
1995,24 Aralık 1995,27,Gaziantep,ANAP,71857,17.07,2,
1995,24 Aralık 1995,27,Gaziantep,CHP,44108,10.48,1,
1995,24 Aralık 1995,27,Gaziantep,DSP,68413,16.25,2,
1995,24 Aralık 1995,27,Gaziantep,DYP,57678,13.7,1,
1995,24 Aralık 1995,27,Gaziantep,HADEP,28075,6.67,0,
1995,24 Aralık 1995,27,Gaziantep,İP,905,0.22,0,
1995,24 Aralık 1995,27,Gaziantep,MHP,42637,10.13,0,
1995,24 Aralık 1995,27,Gaziantep,MP92,1789,0.43,0,
1995,24 Aralık 1995,27,Gaziantep,RP,100286,23.83,3,EVET
1995,24 Aralık 1995,27,Gaziantep,YDH,2973,0.71,0,
1995,24 Aralık 1995,27,Gaziantep,YDP,1812,0.43,0,
1995,24 Aralık 1995,27,Gaziantep,Bağımsız,1059,0.25,0,
1995,24 Aralık 1995,28,Giresun,ANAP,80307,37.71,3,EVET
1995,24 Aralık 1995,28,Giresun,CHP,19826,9.31,0,
1995,24 Aralık 1995,28,Giresun,DSP,19617,9.21,0,
1995,24 Aralık 1995,28,Giresun,DYP,30030,14.1,1,
1995,24 Aralık 1995,28,Giresun,HADEP,2902,1.36,0,
1995,24 Aralık 1995,28,Giresun,İP,412,0.19,0,
1995,24 Aralık 1995,28,Giresun,MHP,10497,4.93,0,
1995,24 Aralık 1995,28,Giresun,MP92,1787,0.84,0,
1995,24 Aralık 1995,28,Giresun,RP,45338,21.29,1,
1995,24 Aralık 1995,28,Giresun,YDH,1066,0.5,0,
1995,24 Aralık 1995,28,Giresun,YDP,1369,0.64,0,
1995,24 Aralık 1995,29,Gümüşhane,ANAP,15914,25.84,1,
1995,24 Aralık 1995,29,Gümüşhane,CHP,4508,7.32,0,
1995,24 Aralık 1995,29,Gümüşhane,DSP,1690,2.74,0,
1995,24 Aralık 1995,29,Gümüşhane,DYP,9499,15.43,0,
1995,24 Aralık 1995,29,Gümüşhane,HADEP,640,1.04,0,
1995,24 Aralık 1995,29,Gümüşhane,İP,99,0.16,0,
1995,24 Aralık 1995,29,Gümüşhane,MHP,8561,13.9,0,
1995,24 Aralık 1995,29,Gümüşhane,MP92,394,0.64,0,
1995,24 Aralık 1995,29,Gümüşhane,RP,19808,32.17,1,EVET
1995,24 Aralık 1995,29,Gümüşhane,YDH,190,0.31,0,
1995,24 Aralık 1995,29,Gümüşhane,YDP,322,0.52,0,
1995,24 Aralık 1995,29,Gümüşhane,Bağımsız,33,0.05,0,
1995,24 Aralık 1995,30,Hakkari,ANAP,6311,12.28,1,
1995,24 Aralık 1995,30,Hakkari,CHP,1375,2.68,0,
1995,24 Aralık 1995,30,Hakkari,DSP,1007,1.96,0,
1995,24 Aralık 1995,30,Hakkari,DYP,9805,19.08,1,
1995,24 Aralık 1995,30,Hakkari,HADEP,27946,54.37,0,EVET
1995,24 Aralık 1995,30,Hakkari,İP,124,0.24,0,
1995,24 Aralık 1995,30,Hakkari,MHP,1105,2.15,0,
1995,24 Aralık 1995,30,Hakkari,MP92,210,0.41,0,
1995,24 Aralık 1995,30,Hakkari,RP,3085,6.0,0,
1995,24 Aralık 1995,30,Hakkari,YDH,272,0.53,0,
1995,24 Aralık 1995,30,Hakkari,YDP,252,0.49,0,
1995,24 Aralık 1995,31,Hatay,ANAP,75863,14.59,2,
1995,24 Aralık 1995,31,Hatay,CHP,114417,22.01,3,EVET
1995,24 Aralık 1995,31,Hatay,DSP,40312,7.75,1,
1995,24 Aralık 1995,31,Hatay,DYP,99922,19.22,2,
1995,24 Aralık 1995,31,Hatay,HADEP,16463,3.17,0,
1995,24 Aralık 1995,31,Hatay,İP,1254,0.24,0,
1995,24 Aralık 1995,31,Hatay,MHP,68941,13.26,0,
1995,24 Aralık 1995,31,Hatay,MP92,3018,0.58,0,
1995,24 Aralık 1995,31,Hatay,RP,96355,18.53,2,
1995,24 Aralık 1995,31,Hatay,YDH,2241,0.43,0,
1995,24 Aralık 1995,31,Hatay,YDP,1094,0.21,0,
1995,24 Aralık 1995,31,Hatay,Bağımsız,740,0.14,0,
1995,24 Aralık 1995,32,Isparta,ANAP,27963,13.85,1,
1995,24 Aralık 1995,32,Isparta,CHP,15323,7.59,0,
1995,24 Aralık 1995,32,Isparta,DSP,8855,4.39,0,
1995,24 Aralık 1995,32,Isparta,DYP,81707,40.47,3,EVET
1995,24 Aralık 1995,32,Isparta,HADEP,1228,0.61,0,
1995,24 Aralık 1995,32,Isparta,İP,511,0.25,0,
1995,24 Aralık 1995,32,Isparta,MHP,31740,15.72,0,
1995,24 Aralık 1995,32,Isparta,MP92,912,0.45,0,
1995,24 Aralık 1995,32,Isparta,RP,32638,16.17,1,
1995,24 Aralık 1995,32,Isparta,YDH,554,0.27,0,
1995,24 Aralık 1995,32,Isparta,YDP,703,0.35,0,
1995,24 Aralık 1995,33,Mersin,ANAP,114442,18.69,3,EVET
1995,24 Aralık 1995,33,Mersin,CHP,88604,14.47,2,
1995,24 Aralık 1995,33,Mersin,DSP,81504,13.31,2,
1995,24 Aralık 1995,33,Mersin,DYP,108612,17.74,3,
1995,24 Aralık 1995,33,Mersin,HADEP,48270,7.88,0,
1995,24 Aralık 1995,33,Mersin,İP,1576,0.26,0,
1995,24 Aralık 1995,33,Mersin,MHP,97616,15.94,0,
1995,24 Aralık 1995,33,Mersin,MP92,2598,0.42,0,
1995,24 Aralık 1995,33,Mersin,RP,65563,10.71,2,
1995,24 Aralık 1995,33,Mersin,YDH,2213,0.36,0,
1995,24 Aralık 1995,33,Mersin,YDP,1776,0.29,0,
1995,24 Aralık 1995,33,Mersin,Bağımsız,415,0.07,0,
1995,24 Aralık 1995,34,İstanbul,ANAP,916512,22.02,15,
1995,24 Aralık 1995,34,İstanbul,CHP,485551,11.66,7,
1995,24 Aralık 1995,34,İstanbul,DSP,764258,18.36,12,
1995,24 Aralık 1995,34,İstanbul,DYP,641825,15.42,11,
1995,24 Aralık 1995,34,İstanbul,HADEP,151418,3.64,0,
1995,24 Aralık 1995,34,İstanbul,İP,8216,0.2,0,
1995,24 Aralık 1995,34,İstanbul,MHP,153332,3.68,0,
1995,24 Aralık 1995,34,İstanbul,MP92,12348,0.3,0,
1995,24 Aralık 1995,34,İstanbul,RP,997935,23.97,16,EVET
1995,24 Aralık 1995,34,İstanbul,YDH,19795,0.48,0,
1995,24 Aralık 1995,34,İstanbul,YDP,7855,0.19,0,
1995,24 Aralık 1995,34,İstanbul,Bağımsız,5056,0.12,0,
1995,24 Aralık 1995,35,İzmir,ANAP,302148,18.72,5,
1995,24 Aralık 1995,35,İzmir,CHP,222264,13.77,4,
1995,24 Aralık 1995,35,İzmir,DSP,391066,24.23,6,EVET
1995,24 Aralık 1995,35,İzmir,DYP,382411,23.69,7,
1995,24 Aralık 1995,35,İzmir,HADEP,58956,3.65,0,
1995,24 Aralık 1995,35,İzmir,İP,4506,0.28,0,
1995,24 Aralık 1995,35,İzmir,MHP,90445,5.6,0,
1995,24 Aralık 1995,35,İzmir,MP92,3445,0.21,0,
1995,24 Aralık 1995,35,İzmir,RP,134964,8.36,2,
1995,24 Aralık 1995,35,İzmir,YDH,6011,0.37,0,
1995,24 Aralık 1995,35,İzmir,YDP,3917,0.24,0,
1995,24 Aralık 1995,35,İzmir,Bağımsız,2017,0.12,0,
1995,24 Aralık 1995,36,Kars,ANAP,14129,12.38,1,
1995,24 Aralık 1995,36,Kars,CHP,10754,9.42,0,
1995,24 Aralık 1995,36,Kars,DSP,18721,16.4,1,
1995,24 Aralık 1995,36,Kars,DYP,21104,18.49,1,
1995,24 Aralık 1995,36,Kars,HADEP,7761,6.8,0,
1995,24 Aralık 1995,36,Kars,İP,258,0.23,0,
1995,24 Aralık 1995,36,Kars,MHP,13799,12.09,0,
1995,24 Aralık 1995,36,Kars,MP92,636,0.56,0,
1995,24 Aralık 1995,36,Kars,RP,23413,20.51,1,EVET
1995,24 Aralık 1995,36,Kars,YDH,606,0.53,0,
1995,24 Aralık 1995,36,Kars,YDP,607,0.53,0,
1995,24 Aralık 1995,36,Kars,Bağımsız,2401,2.1,0,
1995,24 Aralık 1995,37,Kastamonu,ANAP,40903,19.07,1,
1995,24 Aralık 1995,37,Kastamonu,CHP,12146,5.66,0,
1995,24 Aralık 1995,37,Kastamonu,DSP,42322,19.73,1,
1995,24 Aralık 1995,37,Kastamonu,DYP,59311,27.66,2,EVET
1995,24 Aralık 1995,37,Kastamonu,HADEP,2657,1.24,0,
1995,24 Aralık 1995,37,Kastamonu,İP,814,0.38,0,
1995,24 Aralık 1995,37,Kastamonu,MHP,26525,12.37,0,
1995,24 Aralık 1995,37,Kastamonu,MP92,2443,1.14,0,
1995,24 Aralık 1995,37,Kastamonu,RP,23548,10.98,1,
1995,24 Aralık 1995,37,Kastamonu,YDH,2092,0.98,0,
1995,24 Aralık 1995,37,Kastamonu,YDP,1767,0.82,0,
1995,24 Aralık 1995,38,Kayseri,ANAP,64757,14.34,2,
1995,24 Aralık 1995,38,Kayseri,CHP,30502,6.76,0,
1995,24 Aralık 1995,38,Kayseri,DSP,47776,10.58,1,
1995,24 Aralık 1995,38,Kayseri,DYP,65927,14.6,2,
1995,24 Aralık 1995,38,Kayseri,HADEP,3990,0.88,0,
1995,24 Aralık 1995,38,Kayseri,İP,986,0.22,0,
1995,24 Aralık 1995,38,Kayseri,MHP,80430,17.81,0,
1995,24 Aralık 1995,38,Kayseri,MP92,2175,0.48,0,
1995,24 Aralık 1995,38,Kayseri,RP,149600,33.13,4,EVET
1995,24 Aralık 1995,38,Kayseri,YDH,1607,0.36,0,
1995,24 Aralık 1995,38,Kayseri,YDP,1418,0.31,0,
1995,24 Aralık 1995,38,Kayseri,Bağımsız,2652,0.59,0,
1995,24 Aralık 1995,39,Kırklareli,ANAP,34584,19.05,1,
1995,24 Aralık 1995,39,Kırklareli,CHP,25912,14.27,1,
1995,24 Aralık 1995,39,Kırklareli,DSP,50709,27.93,1,EVET
1995,24 Aralık 1995,39,Kırklareli,DYP,46963,25.86,1,
1995,24 Aralık 1995,39,Kırklareli,HADEP,1635,0.9,0,
1995,24 Aralık 1995,39,Kırklareli,İP,297,0.16,0,
1995,24 Aralık 1995,39,Kırklareli,MHP,10942,6.03,0,
1995,24 Aralık 1995,39,Kırklareli,MP92,607,0.33,0,
1995,24 Aralık 1995,39,Kırklareli,RP,8913,4.91,0,
1995,24 Aralık 1995,39,Kırklareli,YDH,668,0.37,0,
1995,24 Aralık 1995,39,Kırklareli,YDP,568,0.31,0,
1995,24 Aralık 1995,39,Kırklareli,Bağımsız,97,0.05,0,
1995,24 Aralık 1995,40,Kırşehir,ANAP,24351,20.97,1,EVET
1995,24 Aralık 1995,40,Kırşehir,CHP,13500,11.63,0,
1995,24 Aralık 1995,40,Kırşehir,DSP,9640,8.3,0,
1995,24 Aralık 1995,40,Kırşehir,DYP,16901,14.55,1,
1995,24 Aralık 1995,40,Kırşehir,HADEP,4925,4.24,0,
1995,24 Aralık 1995,40,Kırşehir,İP,244,0.21,0,
1995,24 Aralık 1995,40,Kırşehir,MHP,23153,19.94,0,
1995,24 Aralık 1995,40,Kırşehir,MP92,660,0.57,0,
1995,24 Aralık 1995,40,Kırşehir,RP,21632,18.63,1,
1995,24 Aralık 1995,40,Kırşehir,YDH,382,0.33,0,
1995,24 Aralık 1995,40,Kırşehir,YDP,497,0.43,0,
1995,24 Aralık 1995,40,Kırşehir,Bağımsız,347,0.3,0,
1995,24 Aralık 1995,41,Kocaeli,ANAP,88161,16.06,2,
1995,24 Aralık 1995,41,Kocaeli,CHP,57661,10.51,1,
1995,24 Aralık 1995,41,Kocaeli,DSP,103131,18.79,2,
1995,24 Aralık 1995,41,Kocaeli,DYP,74095,13.5,1,
1995,24 Aralık 1995,41,Kocaeli,HADEP,14474,2.64,0,
1995,24 Aralık 1995,41,Kocaeli,İP,827,0.15,0,
1995,24 Aralık 1995,41,Kocaeli,MHP,29439,5.36,0,
1995,24 Aralık 1995,41,Kocaeli,MP92,2738,0.5,0,
1995,24 Aralık 1995,41,Kocaeli,RP,174390,31.78,3,EVET
1995,24 Aralık 1995,41,Kocaeli,YDH,2500,0.46,0,
1995,24 Aralık 1995,41,Kocaeli,YDP,1160,0.21,0,
1995,24 Aralık 1995,41,Kocaeli,Bağımsız,1081,0.2,0,
1995,24 Aralık 1995,42,Konya,ANAP,108234,13.36,2,
1995,24 Aralık 1995,42,Konya,CHP,47808,5.9,1,
1995,24 Aralık 1995,42,Konya,DSP,68525,8.46,1,
1995,24 Aralık 1995,42,Konya,DYP,116767,14.41,3,
1995,24 Aralık 1995,42,Konya,HADEP,20252,2.5,0,
1995,24 Aralık 1995,42,Konya,İP,1916,0.24,0,
1995,24 Aralık 1995,42,Konya,MHP,97277,12.0,0,
1995,24 Aralık 1995,42,Konya,MP92,4855,0.6,0,
1995,24 Aralık 1995,42,Konya,RP,339278,41.86,9,EVET
1995,24 Aralık 1995,42,Konya,YDH,3234,0.4,0,
1995,24 Aralık 1995,42,Konya,YDP,2324,0.29,0,
1995,24 Aralık 1995,42,Konya,Bağımsız,1161,0.14,0,
1995,24 Aralık 1995,43,Kütahya,ANAP,71190,21.98,1,
1995,24 Aralık 1995,43,Kütahya,CHP,16227,5.01,0,
1995,24 Aralık 1995,43,Kütahya,DSP,37922,11.71,1,
1995,24 Aralık 1995,43,Kütahya,DYP,79154,24.44,2,
1995,24 Aralık 1995,43,Kütahya,HADEP,2955,0.91,0,
1995,24 Aralık 1995,43,Kütahya,İP,692,0.21,0,
1995,24 Aralık 1995,43,Kütahya,MHP,31343,9.68,0,
1995,24 Aralık 1995,43,Kütahya,MP92,2196,0.68,0,
1995,24 Aralık 1995,43,Kütahya,RP,79713,24.61,2,EVET
1995,24 Aralık 1995,43,Kütahya,YDH,1242,0.38,0,
1995,24 Aralık 1995,43,Kütahya,YDP,1727,0.53,0,
1995,24 Aralık 1995,44,Malatya,ANAP,66262,23.04,2,
1995,24 Aralık 1995,44,Malatya,CHP,40252,14.0,1,
1995,24 Aralık 1995,44,Malatya,DSP,11400,3.96,0,
1995,24 Aralık 1995,44,Malatya,DYP,23503,8.17,0,
1995,24 Aralık 1995,44,Malatya,HADEP,8256,2.87,0,
1995,24 Aralık 1995,44,Malatya,İP,609,0.21,0,
1995,24 Aralık 1995,44,Malatya,MHP,23948,8.33,0,
1995,24 Aralık 1995,44,Malatya,MP92,858,0.3,0,
1995,24 Aralık 1995,44,Malatya,RP,107218,37.28,4,EVET
1995,24 Aralık 1995,44,Malatya,YDH,929,0.32,0,
1995,24 Aralık 1995,44,Malatya,YDP,743,0.26,0,
1995,24 Aralık 1995,44,Malatya,Bağımsız,3715,1.29,0,
1995,24 Aralık 1995,45,Manisa,ANAP,132489,19.82,3,
1995,24 Aralık 1995,45,Manisa,CHP,66052,9.88,1,
1995,24 Aralık 1995,45,Manisa,DSP,120571,18.04,2,
1995,24 Aralık 1995,45,Manisa,DYP,179108,26.79,4,EVET
1995,24 Aralık 1995,45,Manisa,HADEP,15539,2.32,0,
1995,24 Aralık 1995,45,Manisa,İP,1261,0.19,0,
1995,24 Aralık 1995,45,Manisa,MHP,58208,8.71,0,
1995,24 Aralık 1995,45,Manisa,MP92,2762,0.41,0,
1995,24 Aralık 1995,45,Manisa,RP,88159,13.19,1,
1995,24 Aralık 1995,45,Manisa,YDH,2398,0.36,0,
1995,24 Aralık 1995,45,Manisa,YDP,2744,0.41,0,
1995,24 Aralık 1995,45,Manisa,Bağımsız,264,0.04,0,
1995,24 Aralık 1995,46,Kahramanmaraş,ANAP,72368,19.9,2,
1995,24 Aralık 1995,46,Kahramanmaraş,CHP,33813,9.3,1,
1995,24 Aralık 1995,46,Kahramanmaraş,DSP,9792,2.69,0,
1995,24 Aralık 1995,46,Kahramanmaraş,DYP,60434,16.61,1,
1995,24 Aralık 1995,46,Kahramanmaraş,HADEP,9778,2.69,0,
1995,24 Aralık 1995,46,Kahramanmaraş,İP,700,0.19,0,
1995,24 Aralık 1995,46,Kahramanmaraş,MHP,38149,10.49,0,
1995,24 Aralık 1995,46,Kahramanmaraş,MP92,1796,0.49,0,
1995,24 Aralık 1995,46,Kahramanmaraş,RP,134331,36.93,4,EVET
1995,24 Aralık 1995,46,Kahramanmaraş,YDH,1068,0.29,0,
1995,24 Aralık 1995,46,Kahramanmaraş,YDP,1240,0.34,0,
1995,24 Aralık 1995,46,Kahramanmaraş,Bağımsız,804,0.22,0,
1995,24 Aralık 1995,47,Mardin,ANAP,37784,22.34,2,EVET
1995,24 Aralık 1995,47,Mardin,CHP,7695,4.55,0,
1995,24 Aralık 1995,47,Mardin,DSP,2962,1.75,0,
1995,24 Aralık 1995,47,Mardin,DYP,33475,19.79,2,
1995,24 Aralık 1995,47,Mardin,HADEP,37217,22.01,0,
1995,24 Aralık 1995,47,Mardin,İP,266,0.16,0,
1995,24 Aralık 1995,47,Mardin,MHP,9165,5.42,0,
1995,24 Aralık 1995,47,Mardin,MP92,939,0.56,0,
1995,24 Aralık 1995,47,Mardin,RP,33970,20.09,2,
1995,24 Aralık 1995,47,Mardin,YDH,1359,0.8,0,
1995,24 Aralık 1995,47,Mardin,YDP,749,0.44,0,
1995,24 Aralık 1995,47,Mardin,Bağımsız,3715,2.2,0,
1995,24 Aralık 1995,48,Muğla,ANAP,71778,21.04,1,
1995,24 Aralık 1995,48,Muğla,CHP,48505,14.22,1,
1995,24 Aralık 1995,48,Muğla,DSP,45810,13.43,1,
1995,24 Aralık 1995,48,Muğla,DYP,120951,35.45,3,EVET
1995,24 Aralık 1995,48,Muğla,HADEP,4668,1.37,0,
1995,24 Aralık 1995,48,Muğla,İP,862,0.25,0,
1995,24 Aralık 1995,48,Muğla,MHP,28338,8.3,0,
1995,24 Aralık 1995,48,Muğla,MP92,1206,0.35,0,
1995,24 Aralık 1995,48,Muğla,RP,17297,5.07,0,
1995,24 Aralık 1995,48,Muğla,YDH,1164,0.34,0,
1995,24 Aralık 1995,48,Muğla,YDP,1216,0.36,0,
1995,24 Aralık 1995,49,Muş,ANAP,18167,16.52,1,
1995,24 Aralık 1995,49,Muş,CHP,4747,4.32,0,
1995,24 Aralık 1995,49,Muş,DSP,3250,2.96,0,
1995,24 Aralık 1995,49,Muş,DYP,12317,11.2,1,
1995,24 Aralık 1995,49,Muş,HADEP,18423,16.75,0,
1995,24 Aralık 1995,49,Muş,İP,111,0.1,0,
1995,24 Aralık 1995,49,Muş,MHP,6418,5.84,0,
1995,24 Aralık 1995,49,Muş,MP92,370,0.34,0,
1995,24 Aralık 1995,49,Muş,RP,32754,29.78,2,EVET
1995,24 Aralık 1995,49,Muş,YDH,1230,1.12,0,
1995,24 Aralık 1995,49,Muş,YDP,383,0.35,0,
1995,24 Aralık 1995,49,Muş,Bağımsız,11982,10.89,0,
1995,24 Aralık 1995,50,Nevşehir,ANAP,25798,18.75,1,
1995,24 Aralık 1995,50,Nevşehir,CHP,14035,10.2,0,
1995,24 Aralık 1995,50,Nevşehir,DSP,9733,7.07,0,
1995,24 Aralık 1995,50,Nevşehir,DYP,22873,16.62,1,
1995,24 Aralık 1995,50,Nevşehir,HADEP,1242,0.9,0,
1995,24 Aralık 1995,50,Nevşehir,İP,257,0.19,0,
1995,24 Aralık 1995,50,Nevşehir,MHP,22869,16.62,0,
1995,24 Aralık 1995,50,Nevşehir,MP92,693,0.5,0,
1995,24 Aralık 1995,50,Nevşehir,RP,39132,28.44,1,EVET
1995,24 Aralık 1995,50,Nevşehir,YDH,378,0.27,0,
1995,24 Aralık 1995,50,Nevşehir,YDP,428,0.31,0,
1995,24 Aralık 1995,50,Nevşehir,Bağımsız,316,0.23,0,
1995,24 Aralık 1995,51,Niğde,ANAP,18328,13.1,1,
1995,24 Aralık 1995,51,Niğde,CHP,16649,11.9,0,
1995,24 Aralık 1995,51,Niğde,DSP,13055,9.33,0,
1995,24 Aralık 1995,51,Niğde,DYP,33387,23.86,2,EVET
1995,24 Aralık 1995,51,Niğde,HADEP,1109,0.79,0,
1995,24 Aralık 1995,51,Niğde,İP,585,0.42,0,
1995,24 Aralık 1995,51,Niğde,MHP,23358,16.69,0,
1995,24 Aralık 1995,51,Niğde,MP92,740,0.53,0,
1995,24 Aralık 1995,51,Niğde,RP,31679,22.64,1,
1995,24 Aralık 1995,51,Niğde,YDH,443,0.32,0,
1995,24 Aralık 1995,51,Niğde,YDP,474,0.34,0,
1995,24 Aralık 1995,51,Niğde,Bağımsız,271,0.19,0,
1995,24 Aralık 1995,52,Ordu,ANAP,100929,30.03,3,EVET
1995,24 Aralık 1995,52,Ordu,CHP,25655,7.63,0,
1995,24 Aralık 1995,52,Ordu,DSP,71575,21.3,2,
1995,24 Aralık 1995,52,Ordu,DYP,43346,12.9,1,
1995,24 Aralık 1995,52,Ordu,HADEP,4912,1.46,0,
1995,24 Aralık 1995,52,Ordu,İP,814,0.24,0,
1995,24 Aralık 1995,52,Ordu,MHP,22692,6.75,0,
1995,24 Aralık 1995,52,Ordu,MP92,2070,0.62,0,
1995,24 Aralık 1995,52,Ordu,RP,60253,17.93,2,
1995,24 Aralık 1995,52,Ordu,YDH,1856,0.55,0,
1995,24 Aralık 1995,52,Ordu,YDP,2173,0.65,0,
1995,24 Aralık 1995,52,Ordu,Bağımsız,202,0.06,0,
1995,24 Aralık 1995,53,Rize,ANAP,88839,54.64,3,EVET
1995,24 Aralık 1995,53,Rize,CHP,5515,3.39,0,
1995,24 Aralık 1995,53,Rize,DSP,5673,3.49,0,
1995,24 Aralık 1995,53,Rize,DYP,17799,10.95,0,
1995,24 Aralık 1995,53,Rize,HADEP,1458,0.9,0,
1995,24 Aralık 1995,53,Rize,İP,167,0.1,0,
1995,24 Aralık 1995,53,Rize,MHP,3075,1.89,0,
1995,24 Aralık 1995,53,Rize,MP92,576,0.35,0,
1995,24 Aralık 1995,53,Rize,RP,38929,23.94,1,
1995,24 Aralık 1995,53,Rize,YDH,310,0.19,0,
1995,24 Aralık 1995,53,Rize,YDP,589,0.36,0,
1995,24 Aralık 1995,53,Rize,Bağımsız,28,0.02,0,
1995,24 Aralık 1995,54,Sakarya,ANAP,97195,24.84,2,
1995,24 Aralık 1995,54,Sakarya,CHP,17918,4.58,0,
1995,24 Aralık 1995,54,Sakarya,DSP,54301,13.88,1,
1995,24 Aralık 1995,54,Sakarya,DYP,76604,19.58,2,
1995,24 Aralık 1995,54,Sakarya,HADEP,4815,1.23,0,
1995,24 Aralık 1995,54,Sakarya,İP,628,0.16,0,
1995,24 Aralık 1995,54,Sakarya,MHP,23797,6.08,0,
1995,24 Aralık 1995,54,Sakarya,MP92,2428,0.62,0,
1995,24 Aralık 1995,54,Sakarya,RP,110867,28.34,2,EVET
1995,24 Aralık 1995,54,Sakarya,YDH,1876,0.48,0,
1995,24 Aralık 1995,54,Sakarya,YDP,1338,0.34,0,
1995,24 Aralık 1995,55,Samsun,ANAP,132284,22.49,3,EVET
1995,24 Aralık 1995,55,Samsun,CHP,46399,7.89,1,
1995,24 Aralık 1995,55,Samsun,DSP,104797,17.82,2,
1995,24 Aralık 1995,55,Samsun,DYP,113589,19.31,2,
1995,24 Aralık 1995,55,Samsun,HADEP,5952,1.01,0,
1995,24 Aralık 1995,55,Samsun,İP,1160,0.2,0,
1995,24 Aralık 1995,55,Samsun,MHP,46020,7.82,0,
1995,24 Aralık 1995,55,Samsun,MP92,2834,0.48,0,
1995,24 Aralık 1995,55,Samsun,RP,130717,22.23,3,
1995,24 Aralık 1995,55,Samsun,YDH,2384,0.41,0,
1995,24 Aralık 1995,55,Samsun,YDP,2505,0.43,0,
1995,24 Aralık 1995,55,Samsun,Bağımsız,244,0.04,0,
1995,24 Aralık 1995,56,Siirt,ANAP,10034,14.28,1,
1995,24 Aralık 1995,56,Siirt,CHP,6032,8.59,0,
1995,24 Aralık 1995,56,Siirt,DSP,1456,2.07,0,
1995,24 Aralık 1995,56,Siirt,DYP,7077,10.07,0,
1995,24 Aralık 1995,56,Siirt,HADEP,18738,26.67,0,
1995,24 Aralık 1995,56,Siirt,İP,180,0.26,0,
1995,24 Aralık 1995,56,Siirt,MHP,4824,6.87,0,
1995,24 Aralık 1995,56,Siirt,MP92,641,0.91,0,
1995,24 Aralık 1995,56,Siirt,RP,19706,28.05,2,EVET
1995,24 Aralık 1995,56,Siirt,YDH,915,1.3,0,
1995,24 Aralık 1995,56,Siirt,YDP,424,0.6,0,
1995,24 Aralık 1995,56,Siirt,Bağımsız,273,0.39,0,
1995,24 Aralık 1995,57,Sinop,ANAP,25723,21.38,1,EVET
1995,24 Aralık 1995,57,Sinop,CHP,10581,8.79,0,
1995,24 Aralık 1995,57,Sinop,DSP,23025,19.13,1,
1995,24 Aralık 1995,57,Sinop,DYP,23313,19.37,1,
1995,24 Aralık 1995,57,Sinop,HADEP,2170,1.8,0,
1995,24 Aralık 1995,57,Sinop,İP,606,0.5,0,
1995,24 Aralık 1995,57,Sinop,MHP,10108,8.4,0,
1995,24 Aralık 1995,57,Sinop,MP92,1102,0.92,0,
1995,24 Aralık 1995,57,Sinop,RP,21619,17.97,0,
1995,24 Aralık 1995,57,Sinop,YDH,982,0.82,0,
1995,24 Aralık 1995,57,Sinop,YDP,1144,0.95,0,
1995,24 Aralık 1995,58,Sivas,ANAP,70648,23.49,2,
1995,24 Aralık 1995,58,Sivas,CHP,42866,14.26,1,
1995,24 Aralık 1995,58,Sivas,DSP,11707,3.89,0,
1995,24 Aralık 1995,58,Sivas,DYP,31972,10.63,1,
1995,24 Aralık 1995,58,Sivas,HADEP,3652,1.21,0,
1995,24 Aralık 1995,58,Sivas,İP,548,0.18,0,
1995,24 Aralık 1995,58,Sivas,MHP,17487,5.82,0,
1995,24 Aralık 1995,58,Sivas,MP92,1404,0.47,0,
1995,24 Aralık 1995,58,Sivas,RP,118437,39.39,3,EVET
1995,24 Aralık 1995,58,Sivas,YDH,1019,0.34,0,
1995,24 Aralık 1995,58,Sivas,YDP,1079,0.36,0,
1995,24 Aralık 1995,58,Sivas,Bağımsız,151,0.05,0,
1995,24 Aralık 1995,59,Tekirdağ,ANAP,54951,19.36,1,
1995,24 Aralık 1995,59,Tekirdağ,CHP,27887,9.82,0,
1995,24 Aralık 1995,59,Tekirdağ,DSP,94797,33.39,2,EVET
1995,24 Aralık 1995,59,Tekirdağ,DYP,70802,24.94,2,
1995,24 Aralık 1995,59,Tekirdağ,HADEP,2940,1.04,0,
1995,24 Aralık 1995,59,Tekirdağ,İP,391,0.14,0,
1995,24 Aralık 1995,59,Tekirdağ,MHP,10388,3.66,0,
1995,24 Aralık 1995,59,Tekirdağ,MP92,567,0.2,0,
1995,24 Aralık 1995,59,Tekirdağ,RP,19869,7.0,0,
1995,24 Aralık 1995,59,Tekirdağ,YDH,1080,0.38,0,
1995,24 Aralık 1995,59,Tekirdağ,YDP,817,0.29,0,
1995,24 Aralık 1995,59,Tekirdağ,Bağımsız,1,0.0,0,
1995,24 Aralık 1995,60,Tokat,ANAP,49821,15.94,2,
1995,24 Aralık 1995,60,Tokat,CHP,49796,15.93,1,
1995,24 Aralık 1995,60,Tokat,DSP,15969,5.11,0,
1995,24 Aralık 1995,60,Tokat,DYP,48605,15.55,1,
1995,24 Aralık 1995,60,Tokat,HADEP,2250,0.72,0,
1995,24 Aralık 1995,60,Tokat,İP,683,0.22,0,
1995,24 Aralık 1995,60,Tokat,MHP,40466,12.95,0,
1995,24 Aralık 1995,60,Tokat,MP92,2044,0.65,0,
1995,24 Aralık 1995,60,Tokat,RP,96278,30.81,3,EVET
1995,24 Aralık 1995,60,Tokat,YDH,932,0.3,0,
1995,24 Aralık 1995,60,Tokat,YDP,1002,0.32,0,
1995,24 Aralık 1995,60,Tokat,Bağımsız,5068,1.62,0,
1995,24 Aralık 1995,61,Trabzon,ANAP,119306,33.48,3,EVET
1995,24 Aralık 1995,61,Trabzon,CHP,23203,6.51,0,
1995,24 Aralık 1995,61,Trabzon,DSP,39659,11.13,1,
1995,24 Aralık 1995,61,Trabzon,DYP,45603,12.8,1,
1995,24 Aralık 1995,61,Trabzon,HADEP,2887,0.81,0,
1995,24 Aralık 1995,61,Trabzon,İP,493,0.14,0,
1995,24 Aralık 1995,61,Trabzon,MHP,27487,7.71,0,
1995,24 Aralık 1995,61,Trabzon,MP92,1657,0.47,0,
1995,24 Aralık 1995,61,Trabzon,RP,93894,26.35,3,
1995,24 Aralık 1995,61,Trabzon,YDH,1187,0.33,0,
1995,24 Aralık 1995,61,Trabzon,YDP,1509,0.42,0,
1995,24 Aralık 1995,61,Trabzon,Bağımsız,66,0.02,0,
1995,24 Aralık 1995,62,Tunceli,ANAP,3295,9.16,0,
1995,24 Aralık 1995,62,Tunceli,CHP,8434,23.46,1,EVET
1995,24 Aralık 1995,62,Tunceli,DSP,1358,3.78,0,
1995,24 Aralık 1995,62,Tunceli,DYP,6048,16.82,1,
1995,24 Aralık 1995,62,Tunceli,HADEP,6106,16.98,0,
1995,24 Aralık 1995,62,Tunceli,İP,269,0.75,0,
1995,24 Aralık 1995,62,Tunceli,MHP,1967,5.47,0,
1995,24 Aralık 1995,62,Tunceli,MP92,138,0.38,0,
1995,24 Aralık 1995,62,Tunceli,RP,961,2.67,0,
1995,24 Aralık 1995,62,Tunceli,YDH,1306,3.63,0,
1995,24 Aralık 1995,62,Tunceli,YDP,113,0.31,0,
1995,24 Aralık 1995,62,Tunceli,Bağımsız,5979,16.63,0,
1995,24 Aralık 1995,63,Şanlıurfa,ANAP,60090,17.14,2,
1995,24 Aralık 1995,63,Şanlıurfa,CHP,7926,2.26,0,
1995,24 Aralık 1995,63,Şanlıurfa,DSP,6822,1.95,0,
1995,24 Aralık 1995,63,Şanlıurfa,DYP,88071,25.12,3,
1995,24 Aralık 1995,63,Şanlıurfa,HADEP,48205,13.75,0,
1995,24 Aralık 1995,63,Şanlıurfa,İP,418,0.12,0,
1995,24 Aralık 1995,63,Şanlıurfa,MHP,13167,3.76,0,
1995,24 Aralık 1995,63,Şanlıurfa,MP92,1970,0.56,0,
1995,24 Aralık 1995,63,Şanlıurfa,RP,92095,26.26,4,EVET
1995,24 Aralık 1995,63,Şanlıurfa,YDH,1837,0.52,0,
1995,24 Aralık 1995,63,Şanlıurfa,YDP,1013,0.29,0,
1995,24 Aralık 1995,63,Şanlıurfa,Bağımsız,29608,8.44,0,
1995,24 Aralık 1995,64,Uşak,ANAP,27886,16.8,1,
1995,24 Aralık 1995,64,Uşak,CHP,21393,12.89,0,
1995,24 Aralık 1995,64,Uşak,DSP,39801,23.97,1,EVET
1995,24 Aralık 1995,64,Uşak,DYP,33967,20.46,1,
1995,24 Aralık 1995,64,Uşak,HADEP,1731,1.04,0,
1995,24 Aralık 1995,64,Uşak,İP,447,0.27,0,
1995,24 Aralık 1995,64,Uşak,MHP,15561,9.37,0,
1995,24 Aralık 1995,64,Uşak,MP92,734,0.44,0,
1995,24 Aralık 1995,64,Uşak,RP,23285,14.03,0,
1995,24 Aralık 1995,64,Uşak,YDH,640,0.39,0,
1995,24 Aralık 1995,64,Uşak,YDP,673,0.41,0,
1995,24 Aralık 1995,64,Uşak,Bağımsız,98,0.06,0,
1995,24 Aralık 1995,65,Van,ANAP,36173,16.32,2,
1995,24 Aralık 1995,65,Van,CHP,5093,2.3,0,
1995,24 Aralık 1995,65,Van,DSP,4437,2.0,0,
1995,24 Aralık 1995,65,Van,DYP,21662,9.78,1,
1995,24 Aralık 1995,65,Van,HADEP,61462,27.74,0,EVET
1995,24 Aralık 1995,65,Van,İP,493,0.22,0,
1995,24 Aralık 1995,65,Van,MHP,15623,7.05,0,
1995,24 Aralık 1995,65,Van,MP92,2161,0.98,0,
1995,24 Aralık 1995,65,Van,RP,51755,23.36,3,
1995,24 Aralık 1995,65,Van,YDH,5933,2.68,0,
1995,24 Aralık 1995,65,Van,YDP,1127,0.51,0,
1995,24 Aralık 1995,65,Van,Bağımsız,13342,6.02,0,
1995,24 Aralık 1995,66,Yozgat,ANAP,52839,22.06,2,
1995,24 Aralık 1995,66,Yozgat,CHP,24566,10.26,0,
1995,24 Aralık 1995,66,Yozgat,DSP,9199,3.84,0,
1995,24 Aralık 1995,66,Yozgat,DYP,26437,11.04,1,
1995,24 Aralık 1995,66,Yozgat,HADEP,2508,1.05,0,
1995,24 Aralık 1995,66,Yozgat,İP,449,0.19,0,
1995,24 Aralık 1995,66,Yozgat,MHP,33412,13.95,0,
1995,24 Aralık 1995,66,Yozgat,MP92,2016,0.84,0,
1995,24 Aralık 1995,66,Yozgat,RP,86528,36.12,3,EVET
1995,24 Aralık 1995,66,Yozgat,YDH,782,0.33,0,
1995,24 Aralık 1995,66,Yozgat,YDP,1041,0.43,0,
1995,24 Aralık 1995,66,Yozgat,Bağımsız,54,0.02,0,
1995,24 Aralık 1995,67,Zonguldak,ANAP,60612,17.41,1,
1995,24 Aralık 1995,67,Zonguldak,CHP,26882,7.72,0,
1995,24 Aralık 1995,67,Zonguldak,DSP,134811,38.72,3,EVET
1995,24 Aralık 1995,67,Zonguldak,DYP,58135,16.7,1,
1995,24 Aralık 1995,67,Zonguldak,HADEP,3204,0.92,0,
1995,24 Aralık 1995,67,Zonguldak,İP,782,0.22,0,
1995,24 Aralık 1995,67,Zonguldak,MHP,10105,2.9,0,
1995,24 Aralık 1995,67,Zonguldak,MP92,1349,0.39,0,
1995,24 Aralık 1995,67,Zonguldak,RP,49885,14.33,1,
1995,24 Aralık 1995,67,Zonguldak,YDH,1439,0.41,0,
1995,24 Aralık 1995,67,Zonguldak,YDP,1250,0.36,0,
1995,24 Aralık 1995,67,Zonguldak,Bağımsız,289,0.08,0,
1995,24 Aralık 1995,68,Aksaray,ANAP,26010,18.11,1,
1995,24 Aralık 1995,68,Aksaray,CHP,10951,7.62,0,
1995,24 Aralık 1995,68,Aksaray,DSP,11764,8.19,0,
1995,24 Aralık 1995,68,Aksaray,DYP,26679,18.57,1,
1995,24 Aralık 1995,68,Aksaray,HADEP,1837,1.28,0,
1995,24 Aralık 1995,68,Aksaray,İP,298,0.21,0,
1995,24 Aralık 1995,68,Aksaray,MHP,21487,14.96,0,
1995,24 Aralık 1995,68,Aksaray,MP92,918,0.64,0,
1995,24 Aralık 1995,68,Aksaray,RP,42686,29.72,2,EVET
1995,24 Aralık 1995,68,Aksaray,YDH,445,0.31,0,
1995,24 Aralık 1995,68,Aksaray,YDP,562,0.39,0,
1995,24 Aralık 1995,68,Aksaray,Bağımsız,38,0.03,0,
1995,24 Aralık 1995,69,Bayburt,ANAP,10494,28.26,1,
1995,24 Aralık 1995,69,Bayburt,CHP,1232,3.32,0,
1995,24 Aralık 1995,69,Bayburt,DSP,523,1.41,0,
1995,24 Aralık 1995,69,Bayburt,DYP,5410,14.57,0,
1995,24 Aralık 1995,69,Bayburt,HADEP,280,0.75,0,
1995,24 Aralık 1995,69,Bayburt,İP,68,0.18,0,
1995,24 Aralık 1995,69,Bayburt,MHP,3988,10.74,0,
1995,24 Aralık 1995,69,Bayburt,MP92,876,2.36,0,
1995,24 Aralık 1995,69,Bayburt,RP,14341,38.62,1,EVET
1995,24 Aralık 1995,69,Bayburt,YDH,487,1.31,0,
1995,24 Aralık 1995,69,Bayburt,YDP,304,0.82,0,
1995,24 Aralık 1995,69,Bayburt,Bağımsız,24,0.06,0,
1995,24 Aralık 1995,70,Karaman,ANAP,13175,12.49,0,
1995,24 Aralık 1995,70,Karaman,CHP,10509,9.96,0,
1995,24 Aralık 1995,70,Karaman,DSP,17665,16.74,1,
1995,24 Aralık 1995,70,Karaman,DYP,14617,13.86,0,
1995,24 Aralık 1995,70,Karaman,HADEP,798,0.76,0,
1995,24 Aralık 1995,70,Karaman,İP,193,0.18,0,
1995,24 Aralık 1995,70,Karaman,MHP,12043,11.42,0,
1995,24 Aralık 1995,70,Karaman,MP92,542,0.51,0,
1995,24 Aralık 1995,70,Karaman,RP,35369,33.53,2,EVET
1995,24 Aralık 1995,70,Karaman,YDH,375,0.36,0,
1995,24 Aralık 1995,70,Karaman,YDP,343,0.33,0,
1995,24 Aralık 1995,71,Kırıkkale,ANAP,33677,22.4,1,
1995,24 Aralık 1995,71,Kırıkkale,CHP,14156,9.42,0,
1995,24 Aralık 1995,71,Kırıkkale,DSP,14156,9.42,0,
1995,24 Aralık 1995,71,Kırıkkale,DYP,19416,12.91,1,
1995,24 Aralık 1995,71,Kırıkkale,HADEP,1197,0.8,0,
1995,24 Aralık 1995,71,Kırıkkale,İP,330,0.22,0,
1995,24 Aralık 1995,71,Kırıkkale,MHP,20397,13.57,0,
1995,24 Aralık 1995,71,Kırıkkale,MP92,720,0.48,0,
1995,24 Aralık 1995,71,Kırıkkale,RP,45485,30.25,2,EVET
1995,24 Aralık 1995,71,Kırıkkale,YDH,510,0.34,0,
1995,24 Aralık 1995,71,Kırıkkale,YDP,568,0.38,0,
1995,24 Aralık 1995,72,Batman,ANAP,18266,15.51,1,
1995,24 Aralık 1995,72,Batman,CHP,2051,1.74,0,
1995,24 Aralık 1995,72,Batman,DSP,1755,1.49,0,
1995,24 Aralık 1995,72,Batman,DYP,16939,14.39,1,
1995,24 Aralık 1995,72,Batman,HADEP,43976,37.35,0,EVET
1995,24 Aralık 1995,72,Batman,İP,174,0.15,0,
1995,24 Aralık 1995,72,Batman,MHP,1726,1.47,0,
1995,24 Aralık 1995,72,Batman,MP92,531,0.45,0,
1995,24 Aralık 1995,72,Batman,RP,30432,25.84,2,
1995,24 Aralık 1995,72,Batman,YDH,1060,0.9,0,
1995,24 Aralık 1995,72,Batman,YDP,856,0.73,0,
1995,24 Aralık 1995,72,Batman,Bağımsız,156,0.13,0,
1995,24 Aralık 1995,73,Şırnak,ANAP,9175,13.9,1,
1995,24 Aralık 1995,73,Şırnak,CHP,5868,8.89,0,
1995,24 Aralık 1995,73,Şırnak,DSP,1865,2.83,0,
1995,24 Aralık 1995,73,Şırnak,DYP,19399,29.4,2,EVET
1995,24 Aralık 1995,73,Şırnak,HADEP,17124,25.95,0,
1995,24 Aralık 1995,73,Şırnak,İP,224,0.34,0,
1995,24 Aralık 1995,73,Şırnak,MHP,2803,4.25,0,
1995,24 Aralık 1995,73,Şırnak,MP92,509,0.77,0,
1995,24 Aralık 1995,73,Şırnak,RP,5509,8.35,0,
1995,24 Aralık 1995,73,Şırnak,YDH,2895,4.39,0,
1995,24 Aralık 1995,73,Şırnak,YDP,588,0.89,0,
1995,24 Aralık 1995,74,Bartın,ANAP,21757,19.65,1,
1995,24 Aralık 1995,74,Bartın,CHP,7279,6.57,0,
1995,24 Aralık 1995,74,Bartın,DSP,36875,33.3,1,EVET
1995,24 Aralık 1995,74,Bartın,DYP,24059,21.72,1,
1995,24 Aralık 1995,74,Bartın,HADEP,1245,1.12,0,
1995,24 Aralık 1995,74,Bartın,İP,290,0.26,0,
1995,24 Aralık 1995,74,Bartın,MHP,3664,3.31,0,
1995,24 Aralık 1995,74,Bartın,MP92,637,0.58,0,
1995,24 Aralık 1995,74,Bartın,RP,13750,12.42,0,
1995,24 Aralık 1995,74,Bartın,YDH,767,0.69,0,
1995,24 Aralık 1995,74,Bartın,YDP,554,0.5,0,
1995,24 Aralık 1995,75,Ardahan,ANAP,5737,9.94,0,
1995,24 Aralık 1995,75,Ardahan,CHP,10032,17.38,1,
1995,24 Aralık 1995,75,Ardahan,DSP,8826,15.29,0,
1995,24 Aralık 1995,75,Ardahan,DYP,15549,26.93,1,EVET
1995,24 Aralık 1995,75,Ardahan,HADEP,3755,6.5,0,
1995,24 Aralık 1995,75,Ardahan,İP,248,0.43,0,
1995,24 Aralık 1995,75,Ardahan,MHP,4462,7.73,0,
1995,24 Aralık 1995,75,Ardahan,MP92,493,0.85,0,
1995,24 Aralık 1995,75,Ardahan,RP,7643,13.24,0,
1995,24 Aralık 1995,75,Ardahan,YDH,493,0.85,0,
1995,24 Aralık 1995,75,Ardahan,YDP,471,0.82,0,
1995,24 Aralık 1995,76,Iğdır,ANAP,2739,5.48,0,
1995,24 Aralık 1995,76,Iğdır,CHP,3507,7.01,0,
1995,24 Aralık 1995,76,Iğdır,DSP,7134,14.26,1,
1995,24 Aralık 1995,76,Iğdır,DYP,9922,19.84,1,
1995,24 Aralık 1995,76,Iğdır,HADEP,10858,21.71,0,EVET
1995,24 Aralık 1995,76,Iğdır,İP,104,0.21,0,
1995,24 Aralık 1995,76,Iğdır,MHP,7568,15.13,0,
1995,24 Aralık 1995,76,Iğdır,MP92,176,0.35,0,
1995,24 Aralık 1995,76,Iğdır,RP,4716,9.43,0,
1995,24 Aralık 1995,76,Iğdır,YDH,227,0.45,0,
1995,24 Aralık 1995,76,Iğdır,YDP,162,0.32,0,
1995,24 Aralık 1995,76,Iğdır,Bağımsız,2948,5.89,0,
1995,24 Aralık 1995,77,Yalova,ANAP,19634,24.53,1,EVET
1995,24 Aralık 1995,77,Yalova,CHP,6901,8.62,0,
1995,24 Aralık 1995,77,Yalova,DSP,12939,16.16,0,
1995,24 Aralık 1995,77,Yalova,DYP,18488,23.1,1,
1995,24 Aralık 1995,77,Yalova,HADEP,2277,2.84,0,
1995,24 Aralık 1995,77,Yalova,İP,104,0.13,0,
1995,24 Aralık 1995,77,Yalova,MHP,4144,5.18,0,
1995,24 Aralık 1995,77,Yalova,MP92,148,0.18,0,
1995,24 Aralık 1995,77,Yalova,RP,15139,18.91,0,
1995,24 Aralık 1995,77,Yalova,YDH,217,0.27,0,
1995,24 Aralık 1995,77,Yalova,YDP,197,0.25,0,
1995,24 Aralık 1995,77,Yalova,Bağımsız,26,0.03,0,
1995,24 Aralık 1995,78,Karabük,ANAP,20525,16.19,0,
1995,24 Aralık 1995,78,Karabük,CHP,8431,6.65,0,
1995,24 Aralık 1995,78,Karabük,DSP,22802,17.99,1,
1995,24 Aralık 1995,78,Karabük,DYP,31686,24.99,1,EVET
1995,24 Aralık 1995,78,Karabük,HADEP,958,0.76,0,
1995,24 Aralık 1995,78,Karabük,İP,317,0.25,0,
1995,24 Aralık 1995,78,Karabük,MHP,12666,9.99,0,
1995,24 Aralık 1995,78,Karabük,MP92,651,0.51,0,
1995,24 Aralık 1995,78,Karabük,RP,27834,21.96,1,
1995,24 Aralık 1995,78,Karabük,YDH,529,0.42,0,
1995,24 Aralık 1995,78,Karabük,YDP,547,0.43,0,
1995,24 Aralık 1995,79,Kilis,ANAP,6114,12.88,0,
1995,24 Aralık 1995,79,Kilis,CHP,4533,9.55,0,
1995,24 Aralık 1995,79,Kilis,DSP,2731,5.75,0,
1995,24 Aralık 1995,79,Kilis,DYP,17716,37.33,1,EVET
1995,24 Aralık 1995,79,Kilis,HADEP,440,0.93,0,
1995,24 Aralık 1995,79,Kilis,İP,68,0.14,0,
1995,24 Aralık 1995,79,Kilis,MHP,3169,6.68,0,
1995,24 Aralık 1995,79,Kilis,MP92,185,0.39,0,
1995,24 Aralık 1995,79,Kilis,RP,12248,25.8,1,
1995,24 Aralık 1995,79,Kilis,YDH,186,0.39,0,
1995,24 Aralık 1995,79,Kilis,YDP,164,0.35,0,
1999,18 Nisan 1999,1,Adana,ANAP,100141,11.84,2,
1999,18 Nisan 1999,1,Adana,BBP,6284,0.74,0,
1999,18 Nisan 1999,1,Adana,BP,2183,0.26,0,
1999,18 Nisan 1999,1,Adana,CHP,67402,7.97,0,
1999,18 Nisan 1999,1,Adana,DBP99,1053,0.12,0,
1999,18 Nisan 1999,1,Adana,DEPAR,822,0.1,0,
1999,18 Nisan 1999,1,Adana,DP,2217,0.26,0,
1999,18 Nisan 1999,1,Adana,DSP,219535,25.96,5,EVET
1999,18 Nisan 1999,1,Adana,DEMTP,3437,0.41,0,
1999,18 Nisan 1999,1,Adana,DYP,79269,9.37,1,
1999,18 Nisan 1999,1,Adana,EMEP,1463,0.17,0,
1999,18 Nisan 1999,1,Adana,FP,87018,10.29,2,
1999,18 Nisan 1999,1,Adana,HADEP,62362,7.37,0,
1999,18 Nisan 1999,1,Adana,İP,1630,0.19,0,
1999,18 Nisan 1999,1,Adana,LDP,1845,0.22,0,
1999,18 Nisan 1999,1,Adana,MHP,199723,23.62,4,
1999,18 Nisan 1999,1,Adana,MP92,2110,0.25,0,
1999,18 Nisan 1999,1,Adana,ÖDP,7011,0.83,0,
1999,18 Nisan 1999,1,Adana,SİP,774,0.09,0,
1999,18 Nisan 1999,1,Adana,YDP,833,0.1,0,
1999,18 Nisan 1999,1,Adana,Bağımsız,154,0.02,0,
1999,18 Nisan 1999,2,Adıyaman,ANAP,23786,10.5,1,
1999,18 Nisan 1999,2,Adıyaman,BBP,8174,3.61,0,
1999,18 Nisan 1999,2,Adıyaman,BP,1819,0.8,0,
1999,18 Nisan 1999,2,Adıyaman,CHP,27233,12.02,0,
1999,18 Nisan 1999,2,Adıyaman,DBP99,295,0.13,0,
1999,18 Nisan 1999,2,Adıyaman,DP,1932,0.85,0,
1999,18 Nisan 1999,2,Adıyaman,DSP,14356,6.34,0,
1999,18 Nisan 1999,2,Adıyaman,DEMTP,1823,0.8,0,
1999,18 Nisan 1999,2,Adıyaman,DYP,38489,16.99,1,
1999,18 Nisan 1999,2,Adıyaman,EMEP,475,0.21,0,
1999,18 Nisan 1999,2,Adıyaman,FP,62496,27.58,3,EVET
1999,18 Nisan 1999,2,Adıyaman,HADEP,16974,7.49,0,
1999,18 Nisan 1999,2,Adıyaman,İP,364,0.16,0,
1999,18 Nisan 1999,2,Adıyaman,LDP,659,0.29,0,
1999,18 Nisan 1999,2,Adıyaman,MHP,24072,10.62,1,
1999,18 Nisan 1999,2,Adıyaman,MP92,1314,0.58,0,
1999,18 Nisan 1999,2,Adıyaman,ÖDP,1141,0.5,0,
1999,18 Nisan 1999,2,Adıyaman,SİP,296,0.13,0,
1999,18 Nisan 1999,2,Adıyaman,YDP,377,0.17,0,
1999,18 Nisan 1999,2,Adıyaman,Bağımsız,589,0.26,0,
1999,18 Nisan 1999,3,Afyonkarahisar,ANAP,42758,12.19,1,
1999,18 Nisan 1999,3,Afyonkarahisar,BBP,4256,1.21,0,
1999,18 Nisan 1999,3,Afyonkarahisar,CHP,25917,7.39,0,
1999,18 Nisan 1999,3,Afyonkarahisar,DEPAR,670,0.19,0,
1999,18 Nisan 1999,3,Afyonkarahisar,DP,1430,0.41,0,
1999,18 Nisan 1999,3,Afyonkarahisar,DSP,44296,12.63,1,
1999,18 Nisan 1999,3,Afyonkarahisar,DEMTP,3250,0.93,0,
1999,18 Nisan 1999,3,Afyonkarahisar,DYP,54451,15.52,1,
1999,18 Nisan 1999,3,Afyonkarahisar,EMEP,604,0.17,0,
1999,18 Nisan 1999,3,Afyonkarahisar,FP,40031,11.41,1,
1999,18 Nisan 1999,3,Afyonkarahisar,HADEP,3927,1.12,0,
1999,18 Nisan 1999,3,Afyonkarahisar,İP,985,0.28,0,
1999,18 Nisan 1999,3,Afyonkarahisar,LDP,1162,0.33,0,
1999,18 Nisan 1999,3,Afyonkarahisar,MHP,98403,28.05,3,EVET
1999,18 Nisan 1999,3,Afyonkarahisar,MP92,1290,0.37,0,
1999,18 Nisan 1999,3,Afyonkarahisar,ÖDP,1113,0.32,0,
1999,18 Nisan 1999,3,Afyonkarahisar,SİP,499,0.14,0,
1999,18 Nisan 1999,3,Afyonkarahisar,YDP,527,0.15,0,
1999,18 Nisan 1999,3,Afyonkarahisar,Bağımsız,25800,7.36,0,
1999,18 Nisan 1999,4,Ağrı,ANAP,13265,9.23,1,
1999,18 Nisan 1999,4,Ağrı,BBP,2416,1.68,0,
1999,18 Nisan 1999,4,Ağrı,CHP,5934,4.13,0,
1999,18 Nisan 1999,4,Ağrı,DBP99,533,0.37,0,
1999,18 Nisan 1999,4,Ağrı,DP,925,0.64,0,
1999,18 Nisan 1999,4,Ağrı,DSP,3965,2.76,0,
1999,18 Nisan 1999,4,Ağrı,DEMTP,1170,0.81,0,
1999,18 Nisan 1999,4,Ağrı,DYP,18244,12.69,1,
1999,18 Nisan 1999,4,Ağrı,EMEP,270,0.19,0,
1999,18 Nisan 1999,4,Ağrı,FP,18416,12.81,1,
1999,18 Nisan 1999,4,Ağrı,HADEP,48524,33.75,0,EVET
1999,18 Nisan 1999,4,Ağrı,İP,260,0.18,0,
1999,18 Nisan 1999,4,Ağrı,LDP,291,0.2,0,
1999,18 Nisan 1999,4,Ağrı,MHP,11041,7.68,1,
1999,18 Nisan 1999,4,Ağrı,MP92,498,0.35,0,
1999,18 Nisan 1999,4,Ağrı,SİP,256,0.18,0,
1999,18 Nisan 1999,4,Ağrı,YDP,435,0.3,0,
1999,18 Nisan 1999,4,Ağrı,Bağımsız,17484,12.16,0,
1999,18 Nisan 1999,5,Amasya,ANAP,20161,10.39,0,
1999,18 Nisan 1999,5,Amasya,BBP,4810,2.48,0,
1999,18 Nisan 1999,5,Amasya,BP,1080,0.56,0,
1999,18 Nisan 1999,5,Amasya,CHP,23484,12.1,0,
1999,18 Nisan 1999,5,Amasya,DEPAR,320,0.16,0,
1999,18 Nisan 1999,5,Amasya,DP,800,0.41,0,
1999,18 Nisan 1999,5,Amasya,DSP,33597,17.32,1,
1999,18 Nisan 1999,5,Amasya,DEMTP,1047,0.54,0,
1999,18 Nisan 1999,5,Amasya,DYP,24804,12.78,1,
1999,18 Nisan 1999,5,Amasya,EMEP,692,0.36,0,
1999,18 Nisan 1999,5,Amasya,FP,30425,15.68,1,
1999,18 Nisan 1999,5,Amasya,HADEP,1728,0.89,0,
1999,18 Nisan 1999,5,Amasya,İP,512,0.26,0,
1999,18 Nisan 1999,5,Amasya,LDP,1256,0.65,0,
1999,18 Nisan 1999,5,Amasya,MHP,47197,24.32,1,EVET
1999,18 Nisan 1999,5,Amasya,MP92,518,0.27,0,
1999,18 Nisan 1999,5,Amasya,ÖDP,1355,0.7,0,
1999,18 Nisan 1999,5,Amasya,SİP,326,0.17,0,
1999,18 Nisan 1999,5,Amasya,YDP,273,0.14,0,
1999,18 Nisan 1999,6,Ankara,ANAP,216118,10.84,4,
1999,18 Nisan 1999,6,Ankara,BBP,31899,1.6,0,
1999,18 Nisan 1999,6,Ankara,BP,3880,0.19,0,
1999,18 Nisan 1999,6,Ankara,CHP,268133,13.45,0,
1999,18 Nisan 1999,6,Ankara,DBP99,2142,0.11,0,
1999,18 Nisan 1999,6,Ankara,DEPAR,1748,0.09,0,
1999,18 Nisan 1999,6,Ankara,DP,3979,0.2,0,
1999,18 Nisan 1999,6,Ankara,DSP,462379,23.19,9,EVET
1999,18 Nisan 1999,6,Ankara,DEMTP,6466,0.32,0,
1999,18 Nisan 1999,6,Ankara,DYP,146364,7.34,2,
1999,18 Nisan 1999,6,Ankara,EMEP,3427,0.17,0,
1999,18 Nisan 1999,6,Ankara,FP,341174,17.11,5,
1999,18 Nisan 1999,6,Ankara,HADEP,31285,1.57,0,
1999,18 Nisan 1999,6,Ankara,İP,3793,0.19,0,
1999,18 Nisan 1999,6,Ankara,LDP,5179,0.26,0,
1999,18 Nisan 1999,6,Ankara,MHP,431050,21.62,8,
1999,18 Nisan 1999,6,Ankara,MP92,4079,0.2,0,
1999,18 Nisan 1999,6,Ankara,ÖDP,30900,1.55,0,
1999,18 Nisan 1999,6,Ankara,SİP,1700,0.09,0,
1999,18 Nisan 1999,6,Ankara,YDP,2302,0.12,0,
1999,18 Nisan 1999,6,Ankara,Bağımsız,273,0.01,0,
1999,18 Nisan 1999,7,Antalya,ANAP,98676,13.18,2,
1999,18 Nisan 1999,7,Antalya,BBP,4861,0.65,0,
1999,18 Nisan 1999,7,Antalya,BP,2214,0.3,0,
1999,18 Nisan 1999,7,Antalya,CHP,92519,12.36,0,
1999,18 Nisan 1999,7,Antalya,DEPAR,730,0.1,0,
1999,18 Nisan 1999,7,Antalya,DP,3153,0.42,0,
1999,18 Nisan 1999,7,Antalya,DSP,151058,20.18,3,
1999,18 Nisan 1999,7,Antalya,DEMTP,3909,0.52,0,
1999,18 Nisan 1999,7,Antalya,DYP,144575,19.31,3,
1999,18 Nisan 1999,7,Antalya,EMEP,985,0.13,0,
1999,18 Nisan 1999,7,Antalya,FP,46902,6.27,1,
1999,18 Nisan 1999,7,Antalya,HADEP,18590,2.48,0,
1999,18 Nisan 1999,7,Antalya,İP,1578,0.21,0,
1999,18 Nisan 1999,7,Antalya,LDP,3301,0.44,0,
1999,18 Nisan 1999,7,Antalya,MHP,166914,22.3,3,EVET
1999,18 Nisan 1999,7,Antalya,MP92,2195,0.29,0,
1999,18 Nisan 1999,7,Antalya,ÖDP,5922,0.79,0,
1999,18 Nisan 1999,7,Antalya,SİP,1042,0.14,0,
1999,18 Nisan 1999,7,Antalya,YDP,731,0.1,0,
1999,18 Nisan 1999,7,Antalya,Bağımsız,92,0.01,0,
1999,18 Nisan 1999,8,Artvin,ANAP,17278,16.64,0,
1999,18 Nisan 1999,8,Artvin,BBP,796,0.77,0,
1999,18 Nisan 1999,8,Artvin,BP,370,0.36,0,
1999,18 Nisan 1999,8,Artvin,CHP,11451,11.03,0,
1999,18 Nisan 1999,8,Artvin,DBP99,200,0.19,0,
1999,18 Nisan 1999,8,Artvin,DEPAR,195,0.19,0,
1999,18 Nisan 1999,8,Artvin,DP,417,0.4,0,
1999,18 Nisan 1999,8,Artvin,DSP,20075,19.34,1,
1999,18 Nisan 1999,8,Artvin,DEMTP,751,0.72,0,
1999,18 Nisan 1999,8,Artvin,DYP,20516,19.76,1,EVET
1999,18 Nisan 1999,8,Artvin,EMEP,194,0.19,0,
1999,18 Nisan 1999,8,Artvin,FP,9067,8.73,0,
1999,18 Nisan 1999,8,Artvin,HADEP,1334,1.28,0,
1999,18 Nisan 1999,8,Artvin,İP,209,0.2,0,
1999,18 Nisan 1999,8,Artvin,LDP,948,0.91,0,
1999,18 Nisan 1999,8,Artvin,MHP,17322,16.68,0,
1999,18 Nisan 1999,8,Artvin,MP92,317,0.31,0,
1999,18 Nisan 1999,8,Artvin,ÖDP,1880,1.81,0,
1999,18 Nisan 1999,8,Artvin,SİP,174,0.17,0,
1999,18 Nisan 1999,8,Artvin,YDP,212,0.2,0,
1999,18 Nisan 1999,9,Aydın,ANAP,83196,16.48,2,
1999,18 Nisan 1999,9,Aydın,BBP,2588,0.51,0,
1999,18 Nisan 1999,9,Aydın,BP,1194,0.24,0,
1999,18 Nisan 1999,9,Aydın,CHP,37425,7.41,0,
1999,18 Nisan 1999,9,Aydın,DBP99,488,0.1,0,
1999,18 Nisan 1999,9,Aydın,DEPAR,547,0.11,0,
1999,18 Nisan 1999,9,Aydın,DP,1285,0.25,0,
1999,18 Nisan 1999,9,Aydın,DSP,146983,29.12,3,EVET
1999,18 Nisan 1999,9,Aydın,DEMTP,3966,0.79,0,
1999,18 Nisan 1999,9,Aydın,DYP,74163,14.69,1,
1999,18 Nisan 1999,9,Aydın,EMEP,966,0.19,0,
1999,18 Nisan 1999,9,Aydın,FP,24675,4.89,0,
1999,18 Nisan 1999,9,Aydın,HADEP,18785,3.72,0,
1999,18 Nisan 1999,9,Aydın,İP,997,0.2,0,
1999,18 Nisan 1999,9,Aydın,LDP,2324,0.46,0,
1999,18 Nisan 1999,9,Aydın,MHP,100470,19.91,2,
1999,18 Nisan 1999,9,Aydın,MP92,1017,0.2,0,
1999,18 Nisan 1999,9,Aydın,ÖDP,3353,0.66,0,
1999,18 Nisan 1999,9,Aydın,SİP,598,0.12,0,
1999,18 Nisan 1999,9,Aydın,YDP,551,0.11,0,
1999,18 Nisan 1999,10,Balıkesir,ANAP,89446,13.89,1,
1999,18 Nisan 1999,10,Balıkesir,BBP,4933,0.77,0,
1999,18 Nisan 1999,10,Balıkesir,BP,1754,0.27,0,
1999,18 Nisan 1999,10,Balıkesir,CHP,39789,6.18,0,
1999,18 Nisan 1999,10,Balıkesir,DEPAR,534,0.08,0,
1999,18 Nisan 1999,10,Balıkesir,DP,1370,0.21,0,
1999,18 Nisan 1999,10,Balıkesir,DSP,200955,31.2,3,EVET
1999,18 Nisan 1999,10,Balıkesir,DEMTP,4386,0.68,0,
1999,18 Nisan 1999,10,Balıkesir,DYP,118603,18.41,2,
1999,18 Nisan 1999,10,Balıkesir,EMEP,1737,0.27,0,
1999,18 Nisan 1999,10,Balıkesir,FP,61316,9.52,1,
1999,18 Nisan 1999,10,Balıkesir,HADEP,6619,1.03,0,
1999,18 Nisan 1999,10,Balıkesir,İP,1202,0.19,0,
1999,18 Nisan 1999,10,Balıkesir,LDP,2822,0.44,0,
1999,18 Nisan 1999,10,Balıkesir,MHP,102922,15.98,2,
1999,18 Nisan 1999,10,Balıkesir,MP92,1009,0.16,0,
1999,18 Nisan 1999,10,Balıkesir,ÖDP,4286,0.67,0,
1999,18 Nisan 1999,10,Balıkesir,SİP,792,0.12,0,
1999,18 Nisan 1999,10,Balıkesir,YDP,734,0.11,0,
1999,18 Nisan 1999,11,Bilecik,ANAP,15249,14.4,0,
1999,18 Nisan 1999,11,Bilecik,BBP,904,0.85,0,
1999,18 Nisan 1999,11,Bilecik,BP,238,0.22,0,
1999,18 Nisan 1999,11,Bilecik,CHP,10620,10.03,0,
1999,18 Nisan 1999,11,Bilecik,DBP99,135,0.13,0,
1999,18 Nisan 1999,11,Bilecik,DEPAR,150,0.14,0,
1999,18 Nisan 1999,11,Bilecik,DP,344,0.32,0,
1999,18 Nisan 1999,11,Bilecik,DSP,25358,23.94,1,EVET
1999,18 Nisan 1999,11,Bilecik,DEMTP,626,0.59,0,
1999,18 Nisan 1999,11,Bilecik,DYP,18935,17.88,0,
1999,18 Nisan 1999,11,Bilecik,EMEP,167,0.16,0,
1999,18 Nisan 1999,11,Bilecik,FP,11734,11.08,0,
1999,18 Nisan 1999,11,Bilecik,HADEP,1121,1.06,0,
1999,18 Nisan 1999,11,Bilecik,İP,157,0.15,0,
1999,18 Nisan 1999,11,Bilecik,LDP,405,0.38,0,
1999,18 Nisan 1999,11,Bilecik,MHP,19135,18.06,1,
1999,18 Nisan 1999,11,Bilecik,MP92,251,0.24,0,
1999,18 Nisan 1999,11,Bilecik,ÖDP,376,0.35,0,
1999,18 Nisan 1999,11,Bilecik,SİP,107,0.1,0,
1999,18 Nisan 1999,11,Bilecik,YDP,114,0.11,0,
1999,18 Nisan 1999,12,Bingöl,ANAP,8051,9.72,0,
1999,18 Nisan 1999,12,Bingöl,BBP,4247,5.13,0,
1999,18 Nisan 1999,12,Bingöl,BP,328,0.4,0,
1999,18 Nisan 1999,12,Bingöl,CHP,4652,5.62,0,
1999,18 Nisan 1999,12,Bingöl,DBP99,169,0.2,0,
1999,18 Nisan 1999,12,Bingöl,DEPAR,112,0.14,0,
1999,18 Nisan 1999,12,Bingöl,DP,430,0.52,0,
1999,18 Nisan 1999,12,Bingöl,DSP,1848,2.23,0,
1999,18 Nisan 1999,12,Bingöl,DEMTP,520,0.63,0,
1999,18 Nisan 1999,12,Bingöl,DYP,12052,14.55,1,
1999,18 Nisan 1999,12,Bingöl,EMEP,71,0.09,0,
1999,18 Nisan 1999,12,Bingöl,FP,20218,24.4,2,EVET
1999,18 Nisan 1999,12,Bingöl,HADEP,10673,12.88,0,
1999,18 Nisan 1999,12,Bingöl,İP,116,0.14,0,
1999,18 Nisan 1999,12,Bingöl,LDP,136,0.16,0,
1999,18 Nisan 1999,12,Bingöl,MHP,9256,11.17,0,
1999,18 Nisan 1999,12,Bingöl,MP92,393,0.47,0,
1999,18 Nisan 1999,12,Bingöl,SİP,131,0.16,0,
1999,18 Nisan 1999,12,Bingöl,YDP,121,0.15,0,
1999,18 Nisan 1999,12,Bingöl,Bağımsız,9437,11.39,0,
1999,18 Nisan 1999,13,Bitlis,ANAP,19595,20.52,1,
1999,18 Nisan 1999,13,Bitlis,BBP,2397,2.51,0,
1999,18 Nisan 1999,13,Bitlis,CHP,1930,2.02,0,
1999,18 Nisan 1999,13,Bitlis,DBP99,201,0.21,0,
1999,18 Nisan 1999,13,Bitlis,DP,1293,1.35,0,
1999,18 Nisan 1999,13,Bitlis,DSP,4520,4.73,0,
1999,18 Nisan 1999,13,Bitlis,DEMTP,799,0.84,0,
1999,18 Nisan 1999,13,Bitlis,DYP,13421,14.05,1,
1999,18 Nisan 1999,13,Bitlis,EMEP,134,0.14,0,
1999,18 Nisan 1999,13,Bitlis,FP,19922,20.86,1,EVET
1999,18 Nisan 1999,13,Bitlis,HADEP,13097,13.71,0,
1999,18 Nisan 1999,13,Bitlis,İP,135,0.14,0,
1999,18 Nisan 1999,13,Bitlis,LDP,175,0.18,0,
1999,18 Nisan 1999,13,Bitlis,MHP,10867,11.38,1,
1999,18 Nisan 1999,13,Bitlis,MP92,281,0.29,0,
1999,18 Nisan 1999,13,Bitlis,SİP,118,0.12,0,
1999,18 Nisan 1999,13,Bitlis,YDP,208,0.22,0,
1999,18 Nisan 1999,13,Bitlis,Bağımsız,6571,6.88,0,
1999,18 Nisan 1999,14,Bolu,ANAP,43903,14.18,1,
1999,18 Nisan 1999,14,Bolu,BBP,3725,1.2,0,
1999,18 Nisan 1999,14,Bolu,BP,974,0.31,0,
1999,18 Nisan 1999,14,Bolu,CHP,12013,3.88,0,
1999,18 Nisan 1999,14,Bolu,DEPAR,469,0.15,0,
1999,18 Nisan 1999,14,Bolu,DSP,67733,21.88,1,EVET
1999,18 Nisan 1999,14,Bolu,DEMTP,5489,1.77,0,
1999,18 Nisan 1999,14,Bolu,DYP,37658,12.16,1,
1999,18 Nisan 1999,14,Bolu,EMEP,562,0.18,0,
1999,18 Nisan 1999,14,Bolu,FP,60636,19.59,1,
1999,18 Nisan 1999,14,Bolu,HADEP,3592,1.16,0,
1999,18 Nisan 1999,14,Bolu,İP,773,0.25,0,
1999,18 Nisan 1999,14,Bolu,LDP,2530,0.82,0,
1999,18 Nisan 1999,14,Bolu,MHP,65214,21.07,1,
1999,18 Nisan 1999,14,Bolu,MP92,981,0.32,0,
1999,18 Nisan 1999,14,Bolu,ÖDP,1421,0.46,0,
1999,18 Nisan 1999,14,Bolu,SİP,446,0.14,0,
1999,18 Nisan 1999,14,Bolu,YDP,851,0.27,0,
1999,18 Nisan 1999,14,Bolu,Bağımsız,1306,0.42,0,
1999,18 Nisan 1999,15,Burdur,ANAP,14522,9.62,0,
1999,18 Nisan 1999,15,Burdur,BBP,2060,1.36,0,
1999,18 Nisan 1999,15,Burdur,BP,426,0.28,0,
1999,18 Nisan 1999,15,Burdur,CHP,11027,7.31,0,
1999,18 Nisan 1999,15,Burdur,DBP99,273,0.18,0,
1999,18 Nisan 1999,15,Burdur,DEPAR,289,0.19,0,
1999,18 Nisan 1999,15,Burdur,DP,620,0.41,0,
1999,18 Nisan 1999,15,Burdur,DSP,35161,23.29,1,
1999,18 Nisan 1999,15,Burdur,DEMTP,1111,0.74,0,
1999,18 Nisan 1999,15,Burdur,DYP,28491,18.87,1,
1999,18 Nisan 1999,15,Burdur,EMEP,215,0.14,0,
1999,18 Nisan 1999,15,Burdur,FP,15614,10.34,0,
1999,18 Nisan 1999,15,Burdur,HADEP,1352,0.9,0,
1999,18 Nisan 1999,15,Burdur,İP,427,0.28,0,
1999,18 Nisan 1999,15,Burdur,LDP,973,0.64,0,
1999,18 Nisan 1999,15,Burdur,MHP,36297,24.05,1,EVET
1999,18 Nisan 1999,15,Burdur,MP92,669,0.44,0,
1999,18 Nisan 1999,15,Burdur,ÖDP,1286,0.85,0,
1999,18 Nisan 1999,15,Burdur,SİP,202,0.13,0,
1999,18 Nisan 1999,15,Burdur,YDP,214,0.14,0,
1999,18 Nisan 1999,16,Bursa,ANAP,178397,16.03,3,
1999,18 Nisan 1999,16,Bursa,BBP,7643,0.69,0,
1999,18 Nisan 1999,16,Bursa,BP,1761,0.16,0,
1999,18 Nisan 1999,16,Bursa,CHP,42355,3.81,0,
1999,18 Nisan 1999,16,Bursa,DEPAR,1436,0.13,0,
1999,18 Nisan 1999,16,Bursa,DP,2858,0.26,0,
1999,18 Nisan 1999,16,Bursa,DSP,357441,32.11,6,EVET
1999,18 Nisan 1999,16,Bursa,DEMTP,6874,0.62,0,
1999,18 Nisan 1999,16,Bursa,DYP,142708,12.82,2,
1999,18 Nisan 1999,16,Bursa,EMEP,1404,0.13,0,
1999,18 Nisan 1999,16,Bursa,FP,171450,15.4,3,
1999,18 Nisan 1999,16,Bursa,HADEP,19160,1.72,0,
1999,18 Nisan 1999,16,Bursa,İP,1483,0.13,0,
1999,18 Nisan 1999,16,Bursa,LDP,5503,0.49,0,
1999,18 Nisan 1999,16,Bursa,MHP,161872,14.54,2,
1999,18 Nisan 1999,16,Bursa,MP92,2442,0.22,0,
1999,18 Nisan 1999,16,Bursa,ÖDP,7329,0.66,0,
1999,18 Nisan 1999,16,Bursa,SİP,967,0.09,0,
1999,18 Nisan 1999,16,Bursa,YDP,1416,0.13,0,
1999,18 Nisan 1999,16,Bursa,Bağımsız,896,0.08,0,
1999,18 Nisan 1999,17,Çanakkale,ANAP,45865,16.34,1,
1999,18 Nisan 1999,17,Çanakkale,BBP,1555,0.55,0,
1999,18 Nisan 1999,17,Çanakkale,BP,628,0.22,0,
1999,18 Nisan 1999,17,Çanakkale,CHP,21702,7.73,0,
1999,18 Nisan 1999,17,Çanakkale,DEPAR,352,0.13,0,
1999,18 Nisan 1999,17,Çanakkale,DP,888,0.32,0,
1999,18 Nisan 1999,17,Çanakkale,DSP,87724,31.26,1,EVET
1999,18 Nisan 1999,17,Çanakkale,DEMTP,1909,0.68,0,
1999,18 Nisan 1999,17,Çanakkale,DYP,45729,16.3,1,
1999,18 Nisan 1999,17,Çanakkale,EMEP,433,0.15,0,
1999,18 Nisan 1999,17,Çanakkale,FP,18299,6.52,0,
1999,18 Nisan 1999,17,Çanakkale,HADEP,2937,1.05,0,
1999,18 Nisan 1999,17,Çanakkale,İP,467,0.17,0,
1999,18 Nisan 1999,17,Çanakkale,LDP,2290,0.82,0,
1999,18 Nisan 1999,17,Çanakkale,MHP,47644,16.98,1,
1999,18 Nisan 1999,17,Çanakkale,MP92,626,0.22,0,
1999,18 Nisan 1999,17,Çanakkale,ÖDP,1377,0.49,0,
1999,18 Nisan 1999,17,Çanakkale,SİP,380,0.14,0,
1999,18 Nisan 1999,17,Çanakkale,YDP,350,0.12,0,
1999,18 Nisan 1999,18,Çankırı,ANAP,8568,6.83,0,
1999,18 Nisan 1999,18,Çankırı,BBP,2212,1.76,0,
1999,18 Nisan 1999,18,Çankırı,BP,323,0.26,0,
1999,18 Nisan 1999,18,Çankırı,CHP,3408,2.72,0,
1999,18 Nisan 1999,18,Çankırı,DBP99,198,0.16,0,
1999,18 Nisan 1999,18,Çankırı,DEPAR,178,0.14,0,
1999,18 Nisan 1999,18,Çankırı,DP,374,0.3,0,
1999,18 Nisan 1999,18,Çankırı,DSP,10670,8.5,0,
1999,18 Nisan 1999,18,Çankırı,DEMTP,621,0.49,0,
1999,18 Nisan 1999,18,Çankırı,DYP,21424,17.08,0,
1999,18 Nisan 1999,18,Çankırı,EMEP,143,0.11,0,
1999,18 Nisan 1999,18,Çankırı,FP,24940,19.88,1,
1999,18 Nisan 1999,18,Çankırı,HADEP,920,0.73,0,
1999,18 Nisan 1999,18,Çankırı,İP,359,0.29,0,
1999,18 Nisan 1999,18,Çankırı,LDP,439,0.35,0,
1999,18 Nisan 1999,18,Çankırı,MHP,47825,38.12,2,EVET
1999,18 Nisan 1999,18,Çankırı,MP92,441,0.35,0,
1999,18 Nisan 1999,18,Çankırı,ÖDP,421,0.34,0,
1999,18 Nisan 1999,18,Çankırı,SİP,198,0.16,0,
1999,18 Nisan 1999,18,Çankırı,YDP,195,0.16,0,
1999,18 Nisan 1999,18,Çankırı,Bağımsız,1852,1.48,0,
1999,18 Nisan 1999,19,Çorum,ANAP,19092,5.88,0,
1999,18 Nisan 1999,19,Çorum,BBP,7512,2.31,0,
1999,18 Nisan 1999,19,Çorum,BP,1867,0.57,0,
1999,18 Nisan 1999,19,Çorum,CHP,49378,15.2,0,
1999,18 Nisan 1999,19,Çorum,DEPAR,415,0.13,0,
1999,18 Nisan 1999,19,Çorum,DP,1284,0.4,0,
1999,18 Nisan 1999,19,Çorum,DSP,30714,9.46,0,
1999,18 Nisan 1999,19,Çorum,DEMTP,3065,0.94,0,
1999,18 Nisan 1999,19,Çorum,DYP,45292,13.95,1,
1999,18 Nisan 1999,19,Çorum,EMEP,1581,0.49,0,
1999,18 Nisan 1999,19,Çorum,FP,58233,17.93,1,
1999,18 Nisan 1999,19,Çorum,HADEP,2473,0.76,0,
1999,18 Nisan 1999,19,Çorum,İP,1011,0.31,0,
1999,18 Nisan 1999,19,Çorum,LDP,1870,0.58,0,
1999,18 Nisan 1999,19,Çorum,MHP,96845,29.82,3,EVET
1999,18 Nisan 1999,19,Çorum,MP92,1208,0.37,0,
1999,18 Nisan 1999,19,Çorum,ÖDP,2361,0.73,0,
1999,18 Nisan 1999,19,Çorum,SİP,584,0.18,0,
1999,18 Nisan 1999,19,Çorum,YDP,541,0.17,0,
1999,18 Nisan 1999,20,Denizli,ANAP,68717,15.08,1,
1999,18 Nisan 1999,20,Denizli,BBP,3982,0.87,0,
1999,18 Nisan 1999,20,Denizli,CHP,44057,9.67,0,
1999,18 Nisan 1999,20,Denizli,DEPAR,895,0.2,0,
1999,18 Nisan 1999,20,Denizli,DP,1980,0.43,0,
1999,18 Nisan 1999,20,Denizli,DSP,122484,26.89,2,EVET
1999,18 Nisan 1999,20,Denizli,DEMTP,2661,0.58,0,
1999,18 Nisan 1999,20,Denizli,DYP,81996,18.0,2,
1999,18 Nisan 1999,20,Denizli,EMEP,756,0.17,0,
1999,18 Nisan 1999,20,Denizli,FP,26303,5.77,0,
1999,18 Nisan 1999,20,Denizli,HADEP,8780,1.93,0,
1999,18 Nisan 1999,20,Denizli,İP,1357,0.3,0,
1999,18 Nisan 1999,20,Denizli,LDP,2057,0.45,0,
1999,18 Nisan 1999,20,Denizli,MHP,83902,18.42,2,
1999,18 Nisan 1999,20,Denizli,MP92,1341,0.29,0,
1999,18 Nisan 1999,20,Denizli,ÖDP,3445,0.76,0,
1999,18 Nisan 1999,20,Denizli,SİP,679,0.15,0,
1999,18 Nisan 1999,20,Denizli,YDP,892,0.2,0,
1999,18 Nisan 1999,20,Denizli,Bağımsız,77,0.02,0,
1999,18 Nisan 1999,21,Diyarbakır,ANAP,45307,11.15,3,
1999,18 Nisan 1999,21,Diyarbakır,BBP,4156,1.02,0,
1999,18 Nisan 1999,21,Diyarbakır,BP,2133,0.52,0,
1999,18 Nisan 1999,21,Diyarbakır,CHP,12257,3.02,0,
1999,18 Nisan 1999,21,Diyarbakır,DBP99,1917,0.47,0,
1999,18 Nisan 1999,21,Diyarbakır,DEPAR,752,0.19,0,
1999,18 Nisan 1999,21,Diyarbakır,DP,3785,0.93,0,
1999,18 Nisan 1999,21,Diyarbakır,DSP,20265,4.99,1,
1999,18 Nisan 1999,21,Diyarbakır,DEMTP,7414,1.82,0,
1999,18 Nisan 1999,21,Diyarbakır,DYP,45527,11.2,3,
1999,18 Nisan 1999,21,Diyarbakır,EMEP,551,0.14,0,
1999,18 Nisan 1999,21,Diyarbakır,FP,59310,14.59,4,
1999,18 Nisan 1999,21,Diyarbakır,HADEP,186687,45.93,0,EVET
1999,18 Nisan 1999,21,Diyarbakır,İP,780,0.19,0,
1999,18 Nisan 1999,21,Diyarbakır,LDP,1120,0.28,0,
1999,18 Nisan 1999,21,Diyarbakır,MHP,11217,2.76,0,
1999,18 Nisan 1999,21,Diyarbakır,MP92,1305,0.32,0,
1999,18 Nisan 1999,21,Diyarbakır,SİP,728,0.18,0,
1999,18 Nisan 1999,21,Diyarbakır,YDP,1089,0.27,0,
1999,18 Nisan 1999,21,Diyarbakır,Bağımsız,565,0.14,0,
1999,18 Nisan 1999,22,Edirne,ANAP,35067,14.92,1,
1999,18 Nisan 1999,22,Edirne,BBP,983,0.42,0,
1999,18 Nisan 1999,22,Edirne,BP,1141,0.49,0,
1999,18 Nisan 1999,22,Edirne,CHP,21965,9.35,0,
1999,18 Nisan 1999,22,Edirne,DBP99,365,0.16,0,
1999,18 Nisan 1999,22,Edirne,DEPAR,397,0.17,0,
1999,18 Nisan 1999,22,Edirne,DP,1204,0.51,0,
1999,18 Nisan 1999,22,Edirne,DSP,107327,45.67,3,EVET
1999,18 Nisan 1999,22,Edirne,DEMTP,1871,0.8,0,
1999,18 Nisan 1999,22,Edirne,DYP,26462,11.26,0,
1999,18 Nisan 1999,22,Edirne,EMEP,310,0.13,0,
1999,18 Nisan 1999,22,Edirne,FP,8273,3.52,0,
1999,18 Nisan 1999,22,Edirne,HADEP,2651,1.13,0,
1999,18 Nisan 1999,22,Edirne,İP,408,0.17,0,
1999,18 Nisan 1999,22,Edirne,LDP,1162,0.49,0,
1999,18 Nisan 1999,22,Edirne,MHP,21714,9.24,0,
1999,18 Nisan 1999,22,Edirne,MP92,411,0.17,0,
1999,18 Nisan 1999,22,Edirne,ÖDP,2723,1.16,0,
1999,18 Nisan 1999,22,Edirne,SİP,215,0.09,0,
1999,18 Nisan 1999,22,Edirne,YDP,324,0.14,0,
1999,18 Nisan 1999,22,Edirne,Bağımsız,197,0.08,0,
1999,18 Nisan 1999,23,Elazığ,ANAP,15981,6.57,0,
1999,18 Nisan 1999,23,Elazığ,BBP,4622,1.9,0,
1999,18 Nisan 1999,23,Elazığ,BP,999,0.41,0,
1999,18 Nisan 1999,23,Elazığ,CHP,12115,4.98,0,
1999,18 Nisan 1999,23,Elazığ,DBP99,368,0.15,0,
1999,18 Nisan 1999,23,Elazığ,DP,582,0.24,0,
1999,18 Nisan 1999,23,Elazığ,DSP,9358,3.85,0,
1999,18 Nisan 1999,23,Elazığ,DEMTP,623,0.26,0,
1999,18 Nisan 1999,23,Elazığ,DYP,21962,9.03,1,
1999,18 Nisan 1999,23,Elazığ,EMEP,521,0.21,0,
1999,18 Nisan 1999,23,Elazığ,FP,59622,24.51,2,
1999,18 Nisan 1999,23,Elazığ,HADEP,12020,4.94,0,
1999,18 Nisan 1999,23,Elazığ,İP,383,0.16,0,
1999,18 Nisan 1999,23,Elazığ,LDP,492,0.2,0,
1999,18 Nisan 1999,23,Elazığ,MHP,33222,13.66,1,
1999,18 Nisan 1999,23,Elazığ,MP92,557,0.23,0,
1999,18 Nisan 1999,23,Elazığ,ÖDP,814,0.33,0,
1999,18 Nisan 1999,23,Elazığ,SİP,214,0.09,0,
1999,18 Nisan 1999,23,Elazığ,YDP,546,0.22,0,
1999,18 Nisan 1999,23,Elazığ,Bağımsız,68540,28.18,0,EVET
1999,18 Nisan 1999,24,Erzincan,ANAP,8287,7.5,0,
1999,18 Nisan 1999,24,Erzincan,BBP,2407,2.18,0,
1999,18 Nisan 1999,24,Erzincan,BP,857,0.78,0,
1999,18 Nisan 1999,24,Erzincan,CHP,20909,18.92,0,
1999,18 Nisan 1999,24,Erzincan,DEPAR,72,0.07,0,
1999,18 Nisan 1999,24,Erzincan,DP,418,0.38,0,
1999,18 Nisan 1999,24,Erzincan,DSP,8958,8.11,0,
1999,18 Nisan 1999,24,Erzincan,DEMTP,529,0.48,0,
1999,18 Nisan 1999,24,Erzincan,DYP,15191,13.75,1,
1999,18 Nisan 1999,24,Erzincan,EMEP,133,0.12,0,
1999,18 Nisan 1999,24,Erzincan,FP,20683,18.72,1,
1999,18 Nisan 1999,24,Erzincan,HADEP,1178,1.07,0,
1999,18 Nisan 1999,24,Erzincan,İP,173,0.16,0,
1999,18 Nisan 1999,24,Erzincan,LDP,331,0.3,0,
1999,18 Nisan 1999,24,Erzincan,MHP,27745,25.11,1,EVET
1999,18 Nisan 1999,24,Erzincan,MP92,189,0.17,0,
1999,18 Nisan 1999,24,Erzincan,ÖDP,2310,2.09,0,
1999,18 Nisan 1999,24,Erzincan,SİP,98,0.09,0,
1999,18 Nisan 1999,24,Erzincan,YDP,110,0.1,0,
1999,18 Nisan 1999,24,Erzincan,Bağımsız,106,0.1,0,
1999,18 Nisan 1999,25,Erzurum,ANAP,25350,7.51,0,
1999,18 Nisan 1999,25,Erzurum,BBP,9785,2.9,0,
1999,18 Nisan 1999,25,Erzurum,CHP,15954,4.73,0,
1999,18 Nisan 1999,25,Erzurum,DBP99,679,0.2,0,
1999,18 Nisan 1999,25,Erzurum,DP,1107,0.33,0,
1999,18 Nisan 1999,25,Erzurum,DSP,15881,4.71,0,
1999,18 Nisan 1999,25,Erzurum,DEMTP,1730,0.51,0,
1999,18 Nisan 1999,25,Erzurum,DYP,56223,16.67,2,
1999,18 Nisan 1999,25,Erzurum,EMEP,443,0.13,0,
1999,18 Nisan 1999,25,Erzurum,FP,95610,28.34,3,EVET
1999,18 Nisan 1999,25,Erzurum,HADEP,20850,6.18,0,
1999,18 Nisan 1999,25,Erzurum,İP,722,0.21,0,
1999,18 Nisan 1999,25,Erzurum,LDP,848,0.25,0,
1999,18 Nisan 1999,25,Erzurum,MHP,88506,26.23,3,
1999,18 Nisan 1999,25,Erzurum,MP92,1023,0.3,0,
1999,18 Nisan 1999,25,Erzurum,ÖDP,879,0.26,0,
1999,18 Nisan 1999,25,Erzurum,SİP,472,0.14,0,
1999,18 Nisan 1999,25,Erzurum,YDP,1930,0.57,0,
1999,18 Nisan 1999,26,Eskişehir,ANAP,44630,11.4,1,
1999,18 Nisan 1999,26,Eskişehir,BBP,3726,0.95,0,
1999,18 Nisan 1999,26,Eskişehir,BP,647,0.17,0,
1999,18 Nisan 1999,26,Eskişehir,CHP,27378,6.99,0,
1999,18 Nisan 1999,26,Eskişehir,DEPAR,287,0.07,0,
1999,18 Nisan 1999,26,Eskişehir,DP,1113,0.28,0,
1999,18 Nisan 1999,26,Eskişehir,DSP,142210,36.31,3,EVET
1999,18 Nisan 1999,26,Eskişehir,DEMTP,2501,0.64,0,
1999,18 Nisan 1999,26,Eskişehir,DYP,53075,13.55,1,
1999,18 Nisan 1999,26,Eskişehir,EMEP,590,0.15,0,
1999,18 Nisan 1999,26,Eskişehir,FP,38193,9.75,0,
1999,18 Nisan 1999,26,Eskişehir,HADEP,3349,0.86,0,
1999,18 Nisan 1999,26,Eskişehir,İP,533,0.14,0,
1999,18 Nisan 1999,26,Eskişehir,LDP,1772,0.45,0,
1999,18 Nisan 1999,26,Eskişehir,MHP,68272,17.43,1,
1999,18 Nisan 1999,26,Eskişehir,MP92,1108,0.28,0,
1999,18 Nisan 1999,26,Eskişehir,ÖDP,2112,0.54,0,
1999,18 Nisan 1999,26,Eskişehir,SİP,462,0.12,0,
1999,18 Nisan 1999,26,Eskişehir,YDP,380,0.1,0,
1999,18 Nisan 1999,26,Eskişehir,Bağımsız,108,0.03,0,
1999,18 Nisan 1999,27,Gaziantep,ANAP,49369,9.95,1,
1999,18 Nisan 1999,27,Gaziantep,BBP,8661,1.75,0,
1999,18 Nisan 1999,27,Gaziantep,BP,1347,0.27,0,
1999,18 Nisan 1999,27,Gaziantep,CHP,69464,14.0,0,
1999,18 Nisan 1999,27,Gaziantep,DEPAR,384,0.08,0,
1999,18 Nisan 1999,27,Gaziantep,DP,1242,0.25,0,
1999,18 Nisan 1999,27,Gaziantep,DSP,97025,19.56,2,
1999,18 Nisan 1999,27,Gaziantep,DEMTP,4246,0.86,0,
1999,18 Nisan 1999,27,Gaziantep,DYP,51323,10.34,1,
1999,18 Nisan 1999,27,Gaziantep,EMEP,637,0.13,0,
1999,18 Nisan 1999,27,Gaziantep,FP,78822,15.89,2,
1999,18 Nisan 1999,27,Gaziantep,HADEP,27218,5.49,0,
1999,18 Nisan 1999,27,Gaziantep,İP,837,0.17,0,
1999,18 Nisan 1999,27,Gaziantep,LDP,1258,0.25,0,
1999,18 Nisan 1999,27,Gaziantep,MHP,99444,20.04,3,EVET
1999,18 Nisan 1999,27,Gaziantep,MP92,1109,0.22,0,
1999,18 Nisan 1999,27,Gaziantep,ÖDP,2448,0.49,0,
1999,18 Nisan 1999,27,Gaziantep,SİP,453,0.09,0,
1999,18 Nisan 1999,27,Gaziantep,YDP,608,0.12,0,
1999,18 Nisan 1999,27,Gaziantep,Bağımsız,1094,0.22,0,
1999,18 Nisan 1999,28,Giresun,ANAP,33428,14.84,1,
1999,18 Nisan 1999,28,Giresun,BBP,4529,2.01,0,
1999,18 Nisan 1999,28,Giresun,CHP,14826,6.58,0,
1999,18 Nisan 1999,28,Giresun,DEPAR,780,0.35,0,
1999,18 Nisan 1999,28,Giresun,DP,905,0.4,0,
1999,18 Nisan 1999,28,Giresun,DSP,48484,21.53,1,EVET
1999,18 Nisan 1999,28,Giresun,DEMTP,1513,0.67,0,
1999,18 Nisan 1999,28,Giresun,DYP,30056,13.35,1,
1999,18 Nisan 1999,28,Giresun,EMEP,390,0.17,0,
1999,18 Nisan 1999,28,Giresun,FP,36965,16.41,1,
1999,18 Nisan 1999,28,Giresun,HADEP,2450,1.09,0,
1999,18 Nisan 1999,28,Giresun,İP,506,0.22,0,
1999,18 Nisan 1999,28,Giresun,LDP,1408,0.63,0,
1999,18 Nisan 1999,28,Giresun,MHP,46552,20.67,1,
1999,18 Nisan 1999,28,Giresun,MP92,794,0.35,0,
1999,18 Nisan 1999,28,Giresun,ÖDP,1155,0.51,0,
1999,18 Nisan 1999,28,Giresun,SİP,418,0.19,0,
1999,18 Nisan 1999,28,Giresun,YDP,473,0.21,0,
1999,18 Nisan 1999,29,Gümüşhane,ANAP,11572,16.42,0,
1999,18 Nisan 1999,29,Gümüşhane,BBP,1091,1.55,0,
1999,18 Nisan 1999,29,Gümüşhane,CHP,2263,3.21,0,
1999,18 Nisan 1999,29,Gümüşhane,DBP99,60,0.09,0,
1999,18 Nisan 1999,29,Gümüşhane,DEPAR,108,0.15,0,
1999,18 Nisan 1999,29,Gümüşhane,DP,170,0.24,0,
1999,18 Nisan 1999,29,Gümüşhane,DSP,4107,5.83,0,
1999,18 Nisan 1999,29,Gümüşhane,DEMTP,203,0.29,0,
1999,18 Nisan 1999,29,Gümüşhane,DYP,9789,13.89,0,
1999,18 Nisan 1999,29,Gümüşhane,EMEP,94,0.13,0,
1999,18 Nisan 1999,29,Gümüşhane,FP,16418,23.29,1,
1999,18 Nisan 1999,29,Gümüşhane,HADEP,829,1.18,0,
1999,18 Nisan 1999,29,Gümüşhane,İP,130,0.18,0,
1999,18 Nisan 1999,29,Gümüşhane,LDP,186,0.26,0,
1999,18 Nisan 1999,29,Gümüşhane,MHP,22979,32.6,1,EVET
1999,18 Nisan 1999,29,Gümüşhane,MP92,221,0.31,0,
1999,18 Nisan 1999,29,Gümüşhane,ÖDP,199,0.28,0,
1999,18 Nisan 1999,29,Gümüşhane,SİP,78,0.11,0,
1999,18 Nisan 1999,29,Gümüşhane,YDP,133,0.19,0,
1999,18 Nisan 1999,30,Hakkari,ANAP,5754,9.45,1,
1999,18 Nisan 1999,30,Hakkari,BBP,457,0.75,0,
1999,18 Nisan 1999,30,Hakkari,BP,419,0.69,0,
1999,18 Nisan 1999,30,Hakkari,CHP,3559,5.84,0,
1999,18 Nisan 1999,30,Hakkari,DBP99,160,0.26,0,
1999,18 Nisan 1999,30,Hakkari,DSP,2923,4.8,0,
1999,18 Nisan 1999,30,Hakkari,DEMTP,380,0.62,0,
1999,18 Nisan 1999,30,Hakkari,DYP,11047,18.14,1,
1999,18 Nisan 1999,30,Hakkari,EMEP,59,0.1,0,
1999,18 Nisan 1999,30,Hakkari,FP,6049,9.93,1,
1999,18 Nisan 1999,30,Hakkari,HADEP,28081,46.1,0,EVET
1999,18 Nisan 1999,30,Hakkari,İP,65,0.11,0,
1999,18 Nisan 1999,30,Hakkari,LDP,192,0.32,0,
1999,18 Nisan 1999,30,Hakkari,MHP,1245,2.04,0,
1999,18 Nisan 1999,30,Hakkari,MP92,293,0.48,0,
1999,18 Nisan 1999,30,Hakkari,SİP,161,0.26,0,
1999,18 Nisan 1999,30,Hakkari,YDP,112,0.18,0,
1999,18 Nisan 1999,30,Hakkari,Bağımsız,3,0.0,0,
1999,18 Nisan 1999,31,Hatay,ANAP,70627,12.21,2,
1999,18 Nisan 1999,31,Hatay,BBP,6008,1.04,0,
1999,18 Nisan 1999,31,Hatay,BP,3062,0.53,0,
1999,18 Nisan 1999,31,Hatay,CHP,113215,19.57,0,
1999,18 Nisan 1999,31,Hatay,DEPAR,578,0.1,0,
1999,18 Nisan 1999,31,Hatay,DP,2145,0.37,0,
1999,18 Nisan 1999,31,Hatay,DSP,80955,14.0,2,
1999,18 Nisan 1999,31,Hatay,DEMTP,7486,1.29,0,
1999,18 Nisan 1999,31,Hatay,DYP,66958,11.58,1,
1999,18 Nisan 1999,31,Hatay,EMEP,894,0.15,0,
1999,18 Nisan 1999,31,Hatay,FP,70641,12.21,2,
1999,18 Nisan 1999,31,Hatay,HADEP,14896,2.58,0,
1999,18 Nisan 1999,31,Hatay,İP,1082,0.19,0,
1999,18 Nisan 1999,31,Hatay,LDP,1437,0.25,0,
1999,18 Nisan 1999,31,Hatay,MHP,128387,22.2,3,EVET
1999,18 Nisan 1999,31,Hatay,MP92,1236,0.21,0,
1999,18 Nisan 1999,31,Hatay,ÖDP,7232,1.25,0,
1999,18 Nisan 1999,31,Hatay,SİP,557,0.1,0,
1999,18 Nisan 1999,31,Hatay,YDP,637,0.11,0,
1999,18 Nisan 1999,31,Hatay,Bağımsız,1314,0.23,0,
1999,18 Nisan 1999,32,Isparta,ANAP,36853,17.16,1,
1999,18 Nisan 1999,32,Isparta,BBP,3242,1.51,0,
1999,18 Nisan 1999,32,Isparta,CHP,11769,5.48,0,
1999,18 Nisan 1999,32,Isparta,DEPAR,339,0.16,0,
1999,18 Nisan 1999,32,Isparta,DP,658,0.31,0,
1999,18 Nisan 1999,32,Isparta,DSP,21279,9.91,0,
1999,18 Nisan 1999,32,Isparta,DEMTP,1494,0.7,0,
1999,18 Nisan 1999,32,Isparta,DYP,49769,23.17,1,
1999,18 Nisan 1999,32,Isparta,EMEP,344,0.16,0,
1999,18 Nisan 1999,32,Isparta,FP,20607,9.6,0,
1999,18 Nisan 1999,32,Isparta,HADEP,2340,1.09,0,
1999,18 Nisan 1999,32,Isparta,İP,540,0.25,0,
1999,18 Nisan 1999,32,Isparta,LDP,708,0.33,0,
1999,18 Nisan 1999,32,Isparta,MHP,63083,29.37,2,EVET
1999,18 Nisan 1999,32,Isparta,MP92,721,0.34,0,
1999,18 Nisan 1999,32,Isparta,ÖDP,802,0.37,0,
1999,18 Nisan 1999,32,Isparta,SİP,258,0.12,0,
1999,18 Nisan 1999,32,Isparta,YDP,326,0.15,0,
1999,18 Nisan 1999,33,Mersin,ANAP,75863,10.9,2,
1999,18 Nisan 1999,33,Mersin,BBP,3773,0.54,0,
1999,18 Nisan 1999,33,Mersin,BP,2068,0.3,0,
1999,18 Nisan 1999,33,Mersin,CHP,85764,12.32,0,
1999,18 Nisan 1999,33,Mersin,DBP99,874,0.13,0,
1999,18 Nisan 1999,33,Mersin,DEPAR,753,0.11,0,
1999,18 Nisan 1999,33,Mersin,DP,2116,0.3,0,
1999,18 Nisan 1999,33,Mersin,DSP,134977,19.39,3,
1999,18 Nisan 1999,33,Mersin,DEMTP,2949,0.42,0,
1999,18 Nisan 1999,33,Mersin,DYP,76485,10.99,2,
1999,18 Nisan 1999,33,Mersin,EMEP,935,0.13,0,
1999,18 Nisan 1999,33,Mersin,FP,36343,5.22,0,
1999,18 Nisan 1999,33,Mersin,HADEP,61576,8.85,0,
1999,18 Nisan 1999,33,Mersin,İP,1331,0.19,0,
1999,18 Nisan 1999,33,Mersin,LDP,1324,0.19,0,
1999,18 Nisan 1999,33,Mersin,MHP,197983,28.44,5,EVET
1999,18 Nisan 1999,33,Mersin,MP92,1366,0.2,0,
1999,18 Nisan 1999,33,Mersin,ÖDP,5471,0.79,0,
1999,18 Nisan 1999,33,Mersin,SİP,806,0.12,0,
1999,18 Nisan 1999,33,Mersin,YDP,673,0.1,0,
1999,18 Nisan 1999,33,Mersin,Bağımsız,3747,0.54,0,
1999,18 Nisan 1999,34,İstanbul,ANAP,780518,15.93,14,
1999,18 Nisan 1999,34,İstanbul,BBP,49990,1.02,0,
1999,18 Nisan 1999,34,İstanbul,BP,11772,0.24,0,
1999,18 Nisan 1999,34,İstanbul,CHP,469422,9.58,0,
1999,18 Nisan 1999,34,İstanbul,DBP99,5215,0.11,0,
1999,18 Nisan 1999,34,İstanbul,DEPAR,4297,0.09,0,
1999,18 Nisan 1999,34,İstanbul,DP,11388,0.23,0,
1999,18 Nisan 1999,34,İstanbul,DSP,1466438,29.93,26,EVET
1999,18 Nisan 1999,34,İstanbul,DEMTP,13840,0.28,0,
1999,18 Nisan 1999,34,İstanbul,DYP,268932,5.49,3,
1999,18 Nisan 1999,34,İstanbul,EMEP,7020,0.14,0,
1999,18 Nisan 1999,34,İstanbul,FP,1052738,21.49,18,
1999,18 Nisan 1999,34,İstanbul,HADEP,198384,4.05,0,
1999,18 Nisan 1999,34,İstanbul,İP,6446,0.13,0,
1999,18 Nisan 1999,34,İstanbul,LDP,16279,0.33,0,
1999,18 Nisan 1999,34,İstanbul,MHP,498745,10.18,8,
1999,18 Nisan 1999,34,İstanbul,MP92,5652,0.12,0,
1999,18 Nisan 1999,34,İstanbul,ÖDP,58191,1.19,0,
1999,18 Nisan 1999,34,İstanbul,SİP,4395,0.09,0,
1999,18 Nisan 1999,34,İstanbul,YDP,4656,0.1,0,
1999,18 Nisan 1999,34,İstanbul,Bağımsız,3417,0.07,0,
1999,18 Nisan 1999,35,İzmir,ANAP,285115,15.82,5,
1999,18 Nisan 1999,35,İzmir,BBP,10030,0.56,0,
1999,18 Nisan 1999,35,İzmir,BP,4977,0.28,0,
1999,18 Nisan 1999,35,İzmir,CHP,176275,9.78,0,
1999,18 Nisan 1999,35,İzmir,DEPAR,1798,0.1,0,
1999,18 Nisan 1999,35,İzmir,DP,5671,0.31,0,
1999,18 Nisan 1999,35,İzmir,DSP,725607,40.27,14,EVET
1999,18 Nisan 1999,35,İzmir,DEMTP,5935,0.33,0,
1999,18 Nisan 1999,35,İzmir,DYP,172525,9.57,2,
1999,18 Nisan 1999,35,İzmir,EMEP,3421,0.19,0,
1999,18 Nisan 1999,35,İzmir,FP,88100,4.89,0,
1999,18 Nisan 1999,35,İzmir,HADEP,78575,4.36,0,
1999,18 Nisan 1999,35,İzmir,İP,3496,0.19,0,
1999,18 Nisan 1999,35,İzmir,LDP,8069,0.45,0,
1999,18 Nisan 1999,35,İzmir,MHP,199597,11.08,3,
1999,18 Nisan 1999,35,İzmir,MP92,2808,0.16,0,
1999,18 Nisan 1999,35,İzmir,ÖDP,26468,1.47,0,
1999,18 Nisan 1999,35,İzmir,SİP,1914,0.11,0,
1999,18 Nisan 1999,35,İzmir,YDP,1579,0.09,0,
1999,18 Nisan 1999,35,İzmir,Bağımsız,254,0.01,0,
1999,18 Nisan 1999,36,Kars,ANAP,20184,16.37,1,
1999,18 Nisan 1999,36,Kars,BBP,1441,1.17,0,
1999,18 Nisan 1999,36,Kars,BP,769,0.62,0,
1999,18 Nisan 1999,36,Kars,CHP,10104,8.19,0,
1999,18 Nisan 1999,36,Kars,DBP99,240,0.19,0,
1999,18 Nisan 1999,36,Kars,DEPAR,309,0.25,0,
1999,18 Nisan 1999,36,Kars,DP,496,0.4,0,
1999,18 Nisan 1999,36,Kars,DSP,20955,17.0,1,
1999,18 Nisan 1999,36,Kars,DEMTP,1171,0.95,0,
1999,18 Nisan 1999,36,Kars,DYP,14595,11.84,0,
1999,18 Nisan 1999,36,Kars,EMEP,367,0.3,0,
1999,18 Nisan 1999,36,Kars,FP,12086,9.8,0,
1999,18 Nisan 1999,36,Kars,HADEP,21601,17.52,0,EVET
1999,18 Nisan 1999,36,Kars,İP,310,0.25,0,
1999,18 Nisan 1999,36,Kars,LDP,605,0.49,0,
1999,18 Nisan 1999,36,Kars,MHP,15866,12.87,1,
1999,18 Nisan 1999,36,Kars,MP92,333,0.27,0,
1999,18 Nisan 1999,36,Kars,ÖDP,1417,1.15,0,
1999,18 Nisan 1999,36,Kars,SİP,262,0.21,0,
1999,18 Nisan 1999,36,Kars,YDP,373,0.3,0,
1999,18 Nisan 1999,37,Kastamonu,ANAP,33872,15.33,1,
1999,18 Nisan 1999,37,Kastamonu,BBP,2480,1.12,0,
1999,18 Nisan 1999,37,Kastamonu,CHP,8474,3.84,0,
1999,18 Nisan 1999,37,Kastamonu,DEPAR,606,0.27,0,
1999,18 Nisan 1999,37,Kastamonu,DSP,52149,23.6,1,EVET
1999,18 Nisan 1999,37,Kastamonu,DEMTP,1536,0.7,0,
1999,18 Nisan 1999,37,Kastamonu,DYP,43054,19.49,1,
1999,18 Nisan 1999,37,Kastamonu,EMEP,620,0.28,0,
1999,18 Nisan 1999,37,Kastamonu,FP,16546,7.49,0,
1999,18 Nisan 1999,37,Kastamonu,HADEP,3301,1.49,0,
1999,18 Nisan 1999,37,Kastamonu,İP,646,0.29,0,
1999,18 Nisan 1999,37,Kastamonu,LDP,4260,1.93,0,
1999,18 Nisan 1999,37,Kastamonu,MHP,50722,22.96,1,
1999,18 Nisan 1999,37,Kastamonu,MP92,1030,0.47,0,
1999,18 Nisan 1999,37,Kastamonu,ÖDP,813,0.37,0,
1999,18 Nisan 1999,37,Kastamonu,SİP,592,0.27,0,
1999,18 Nisan 1999,37,Kastamonu,YDP,587,0.27,0,
1999,18 Nisan 1999,37,Kastamonu,Bağımsız,59,0.03,0,
1999,18 Nisan 1999,38,Kayseri,ANAP,37189,7.38,0,
1999,18 Nisan 1999,38,Kayseri,BBP,12141,2.41,0,
1999,18 Nisan 1999,38,Kayseri,BP,914,0.18,0,
1999,18 Nisan 1999,38,Kayseri,CHP,26941,5.35,0,
1999,18 Nisan 1999,38,Kayseri,DEPAR,436,0.09,0,
1999,18 Nisan 1999,38,Kayseri,DP,1087,0.22,0,
1999,18 Nisan 1999,38,Kayseri,DSP,81782,16.23,1,
1999,18 Nisan 1999,38,Kayseri,DEMTP,1063,0.21,0,
1999,18 Nisan 1999,38,Kayseri,DYP,48174,9.56,1,
1999,18 Nisan 1999,38,Kayseri,EMEP,585,0.12,0,
1999,18 Nisan 1999,38,Kayseri,FP,117326,23.29,2,
1999,18 Nisan 1999,38,Kayseri,HADEP,5339,1.06,0,
1999,18 Nisan 1999,38,Kayseri,İP,750,0.15,0,
1999,18 Nisan 1999,38,Kayseri,LDP,1453,0.29,0,
1999,18 Nisan 1999,38,Kayseri,MHP,165498,32.85,4,EVET
1999,18 Nisan 1999,38,Kayseri,MP92,1307,0.26,0,
1999,18 Nisan 1999,38,Kayseri,ÖDP,1627,0.32,0,
1999,18 Nisan 1999,38,Kayseri,SİP,458,0.09,0,
1999,18 Nisan 1999,38,Kayseri,YDP,603,0.12,0,
1999,18 Nisan 1999,38,Kayseri,Bağımsız,152,0.03,0,
1999,18 Nisan 1999,39,Kırklareli,ANAP,33635,17.68,1,
1999,18 Nisan 1999,39,Kırklareli,BBP,1000,0.53,0,
1999,18 Nisan 1999,39,Kırklareli,BP,447,0.23,0,
1999,18 Nisan 1999,39,Kırklareli,CHP,23463,12.33,0,
1999,18 Nisan 1999,39,Kırklareli,DBP99,230,0.12,0,
1999,18 Nisan 1999,39,Kırklareli,DEPAR,280,0.15,0,
1999,18 Nisan 1999,39,Kırklareli,DP,632,0.33,0,
1999,18 Nisan 1999,39,Kırklareli,DSP,73198,38.47,2,EVET
1999,18 Nisan 1999,39,Kırklareli,DEMTP,823,0.43,0,
1999,18 Nisan 1999,39,Kırklareli,DYP,19746,10.38,0,
1999,18 Nisan 1999,39,Kırklareli,EMEP,347,0.18,0,
1999,18 Nisan 1999,39,Kırklareli,FP,6649,3.49,0,
1999,18 Nisan 1999,39,Kırklareli,HADEP,1960,1.03,0,
1999,18 Nisan 1999,39,Kırklareli,İP,272,0.14,0,
1999,18 Nisan 1999,39,Kırklareli,LDP,799,0.42,0,
1999,18 Nisan 1999,39,Kırklareli,MHP,24326,12.79,0,
1999,18 Nisan 1999,39,Kırklareli,MP92,282,0.15,0,
1999,18 Nisan 1999,39,Kırklareli,ÖDP,2170,1.14,0,
1999,18 Nisan 1999,39,Kırklareli,SİP,144,0.08,0,
1999,18 Nisan 1999,39,Kırklareli,YDP,224,0.12,0,
1999,18 Nisan 1999,40,Kırşehir,ANAP,12925,9.92,0,
1999,18 Nisan 1999,40,Kırşehir,BBP,2080,1.6,0,
1999,18 Nisan 1999,40,Kırşehir,BP,437,0.34,0,
1999,18 Nisan 1999,40,Kırşehir,CHP,17221,13.21,0,
1999,18 Nisan 1999,40,Kırşehir,DBP99,160,0.12,0,
1999,18 Nisan 1999,40,Kırşehir,DEPAR,172,0.13,0,
1999,18 Nisan 1999,40,Kırşehir,DSP,23949,18.37,1,
1999,18 Nisan 1999,40,Kırşehir,DEMTP,560,0.43,0,
1999,18 Nisan 1999,40,Kırşehir,DYP,11499,8.82,0,
1999,18 Nisan 1999,40,Kırşehir,EMEP,281,0.22,0,
1999,18 Nisan 1999,40,Kırşehir,FP,12434,9.54,0,
1999,18 Nisan 1999,40,Kırşehir,HADEP,3247,2.49,0,
1999,18 Nisan 1999,40,Kırşehir,İP,206,0.16,0,
1999,18 Nisan 1999,40,Kırşehir,LDP,588,0.45,0,
1999,18 Nisan 1999,40,Kırşehir,MHP,43359,33.27,2,EVET
1999,18 Nisan 1999,40,Kırşehir,MP92,307,0.24,0,
1999,18 Nisan 1999,40,Kırşehir,ÖDP,815,0.63,0,
1999,18 Nisan 1999,40,Kırşehir,SİP,152,0.12,0,
1999,18 Nisan 1999,40,Kırşehir,YDP,157,0.12,0,
1999,18 Nisan 1999,41,Kocaeli,ANAP,67512,10.81,1,
1999,18 Nisan 1999,41,Kocaeli,BBP,7664,1.23,0,
1999,18 Nisan 1999,41,Kocaeli,BP,1465,0.23,0,
1999,18 Nisan 1999,41,Kocaeli,CHP,62722,10.04,0,
1999,18 Nisan 1999,41,Kocaeli,DEPAR,502,0.08,0,
1999,18 Nisan 1999,41,Kocaeli,DP,2238,0.36,0,
1999,18 Nisan 1999,41,Kocaeli,DSP,143352,22.95,3,EVET
1999,18 Nisan 1999,41,Kocaeli,DEMTP,1721,0.28,0,
1999,18 Nisan 1999,41,Kocaeli,DYP,72547,11.61,1,
1999,18 Nisan 1999,41,Kocaeli,EMEP,1213,0.19,0,
1999,18 Nisan 1999,41,Kocaeli,FP,142391,22.79,3,
1999,18 Nisan 1999,41,Kocaeli,HADEP,19288,3.09,0,
1999,18 Nisan 1999,41,Kocaeli,İP,782,0.13,0,
1999,18 Nisan 1999,41,Kocaeli,LDP,2483,0.4,0,
1999,18 Nisan 1999,41,Kocaeli,MHP,92409,14.79,2,
1999,18 Nisan 1999,41,Kocaeli,MP92,1647,0.26,0,
1999,18 Nisan 1999,41,Kocaeli,ÖDP,4283,0.69,0,
1999,18 Nisan 1999,41,Kocaeli,SİP,773,0.12,0,
1999,18 Nisan 1999,41,Kocaeli,YDP,751,0.12,0,
1999,18 Nisan 1999,41,Kocaeli,Bağımsız,235,0.04,0,
1999,18 Nisan 1999,42,Konya,ANAP,64282,7.2,1,
1999,18 Nisan 1999,42,Konya,BBP,18919,2.12,0,
1999,18 Nisan 1999,42,Konya,CHP,47231,5.29,0,
1999,18 Nisan 1999,42,Konya,DBP99,1317,0.15,0,
1999,18 Nisan 1999,42,Konya,DEPAR,714,0.08,0,
1999,18 Nisan 1999,42,Konya,DP,1804,0.2,0,
1999,18 Nisan 1999,42,Konya,DSP,95477,10.7,2,
1999,18 Nisan 1999,42,Konya,DEMTP,3556,0.4,0,
1999,18 Nisan 1999,42,Konya,DYP,123928,13.89,2,
1999,18 Nisan 1999,42,Konya,EMEP,636,0.07,0,
1999,18 Nisan 1999,42,Konya,FP,269793,30.24,6,EVET
1999,18 Nisan 1999,42,Konya,HADEP,21731,2.44,0,
1999,18 Nisan 1999,42,Konya,İP,1451,0.16,0,
1999,18 Nisan 1999,42,Konya,LDP,1819,0.2,0,
1999,18 Nisan 1999,42,Konya,MHP,232513,26.06,5,
1999,18 Nisan 1999,42,Konya,MP92,3343,0.37,0,
1999,18 Nisan 1999,42,Konya,ÖDP,2541,0.28,0,
1999,18 Nisan 1999,42,Konya,SİP,1036,0.12,0,
1999,18 Nisan 1999,42,Konya,YDP,1119,0.13,0,
1999,18 Nisan 1999,42,Konya,Bağımsız,657,0.07,0,
1999,18 Nisan 1999,43,Kütahya,ANAP,34385,10.26,0,
1999,18 Nisan 1999,43,Kütahya,BBP,6064,1.81,0,
1999,18 Nisan 1999,43,Kütahya,CHP,11043,3.3,0,
1999,18 Nisan 1999,43,Kütahya,DEPAR,546,0.16,0,
1999,18 Nisan 1999,43,Kütahya,DP,1052,0.31,0,
1999,18 Nisan 1999,43,Kütahya,DSP,54860,16.37,1,
1999,18 Nisan 1999,43,Kütahya,DEMTP,2805,0.84,0,
1999,18 Nisan 1999,43,Kütahya,DYP,81079,24.2,2,EVET
1999,18 Nisan 1999,43,Kütahya,EMEP,528,0.16,0,
1999,18 Nisan 1999,43,Kütahya,FP,57080,17.03,1,
1999,18 Nisan 1999,43,Kütahya,HADEP,2664,0.8,0,
1999,18 Nisan 1999,43,Kütahya,İP,745,0.22,0,
1999,18 Nisan 1999,43,Kütahya,LDP,1558,0.46,0,
1999,18 Nisan 1999,43,Kütahya,MHP,75997,22.68,2,
1999,18 Nisan 1999,43,Kütahya,MP92,1809,0.54,0,
1999,18 Nisan 1999,43,Kütahya,ÖDP,1046,0.31,0,
1999,18 Nisan 1999,43,Kütahya,SİP,509,0.15,0,
1999,18 Nisan 1999,43,Kütahya,YDP,607,0.18,0,
1999,18 Nisan 1999,43,Kütahya,Bağımsız,1254,0.37,0,
1999,18 Nisan 1999,44,Malatya,ANAP,23239,7.21,1,
1999,18 Nisan 1999,44,Malatya,BBP,8303,2.58,0,
1999,18 Nisan 1999,44,Malatya,BP,1343,0.42,0,
1999,18 Nisan 1999,44,Malatya,CHP,46060,14.29,0,
1999,18 Nisan 1999,44,Malatya,DBP99,307,0.1,0,
1999,18 Nisan 1999,44,Malatya,DEPAR,226,0.07,0,
1999,18 Nisan 1999,44,Malatya,DP,1417,0.44,0,
1999,18 Nisan 1999,44,Malatya,DSP,19090,5.92,0,
1999,18 Nisan 1999,44,Malatya,DEMTP,923,0.29,0,
1999,18 Nisan 1999,44,Malatya,DYP,19228,5.97,0,
1999,18 Nisan 1999,44,Malatya,EMEP,1069,0.33,0,
1999,18 Nisan 1999,44,Malatya,FP,81632,25.33,3,EVET
1999,18 Nisan 1999,44,Malatya,HADEP,7430,2.31,0,
1999,18 Nisan 1999,44,Malatya,İP,487,0.15,0,
1999,18 Nisan 1999,44,Malatya,LDP,458,0.14,0,
1999,18 Nisan 1999,44,Malatya,MHP,63880,19.82,2,
1999,18 Nisan 1999,44,Malatya,MP92,701,0.22,0,
1999,18 Nisan 1999,44,Malatya,ÖDP,2781,0.86,0,
1999,18 Nisan 1999,44,Malatya,SİP,224,0.07,0,
1999,18 Nisan 1999,44,Malatya,YDP,366,0.11,0,
1999,18 Nisan 1999,44,Malatya,Bağımsız,43661,13.55,0,
1999,18 Nisan 1999,45,Manisa,ANAP,74828,10.65,1,
1999,18 Nisan 1999,45,Manisa,BBP,8536,1.22,0,
1999,18 Nisan 1999,45,Manisa,BP,1793,0.26,0,
1999,18 Nisan 1999,45,Manisa,CHP,51636,7.35,0,
1999,18 Nisan 1999,45,Manisa,DBP99,1133,0.16,0,
1999,18 Nisan 1999,45,Manisa,DEPAR,1090,0.16,0,
1999,18 Nisan 1999,45,Manisa,DP,2328,0.33,0,
1999,18 Nisan 1999,45,Manisa,DSP,177993,25.34,3,EVET
1999,18 Nisan 1999,45,Manisa,DEMTP,3850,0.55,0,
1999,18 Nisan 1999,45,Manisa,DYP,134172,19.1,2,
1999,18 Nisan 1999,45,Manisa,EMEP,1232,0.18,0,
1999,18 Nisan 1999,45,Manisa,FP,58755,8.37,1,
1999,18 Nisan 1999,45,Manisa,HADEP,25065,3.57,0,
1999,18 Nisan 1999,45,Manisa,İP,1581,0.23,0,
1999,18 Nisan 1999,45,Manisa,LDP,3404,0.48,0,
1999,18 Nisan 1999,45,Manisa,MHP,147743,21.03,3,
1999,18 Nisan 1999,45,Manisa,MP92,1746,0.25,0,
1999,18 Nisan 1999,45,Manisa,ÖDP,4775,0.68,0,
1999,18 Nisan 1999,45,Manisa,SİP,888,0.13,0,
1999,18 Nisan 1999,45,Manisa,YDP,936,0.13,0,
1999,18 Nisan 1999,45,Manisa,Bağımsız,123,0.02,0,
1999,18 Nisan 1999,46,Kahramanmaraş,ANAP,38579,9.31,1,
1999,18 Nisan 1999,46,Kahramanmaraş,BBP,15882,3.83,0,
1999,18 Nisan 1999,46,Kahramanmaraş,BP,1451,0.35,0,
1999,18 Nisan 1999,46,Kahramanmaraş,CHP,33018,7.97,0,
1999,18 Nisan 1999,46,Kahramanmaraş,DEPAR,523,0.13,0,
1999,18 Nisan 1999,46,Kahramanmaraş,DSP,24742,5.97,0,
1999,18 Nisan 1999,46,Kahramanmaraş,DEMTP,1297,0.31,0,
1999,18 Nisan 1999,46,Kahramanmaraş,DYP,73134,17.65,2,
1999,18 Nisan 1999,46,Kahramanmaraş,EMEP,559,0.13,0,
1999,18 Nisan 1999,46,Kahramanmaraş,FP,95807,23.12,3,
1999,18 Nisan 1999,46,Kahramanmaraş,HADEP,7293,1.76,0,
1999,18 Nisan 1999,46,Kahramanmaraş,İP,961,0.23,0,
1999,18 Nisan 1999,46,Kahramanmaraş,LDP,1138,0.27,0,
1999,18 Nisan 1999,46,Kahramanmaraş,MHP,117042,28.24,3,EVET
1999,18 Nisan 1999,46,Kahramanmaraş,MP92,1358,0.33,0,
1999,18 Nisan 1999,46,Kahramanmaraş,ÖDP,1123,0.27,0,
1999,18 Nisan 1999,46,Kahramanmaraş,SİP,494,0.12,0,
1999,18 Nisan 1999,46,Kahramanmaraş,YDP,707,0.17,0,
1999,18 Nisan 1999,46,Kahramanmaraş,Bağımsız,66,0.02,0,
1999,18 Nisan 1999,47,Mardin,ANAP,36140,16.46,2,
1999,18 Nisan 1999,47,Mardin,BBP,1766,0.8,0,
1999,18 Nisan 1999,47,Mardin,BP,510,0.23,0,
1999,18 Nisan 1999,47,Mardin,CHP,6285,2.86,0,
1999,18 Nisan 1999,47,Mardin,DBP99,422,0.19,0,
1999,18 Nisan 1999,47,Mardin,DP,839,0.38,0,
1999,18 Nisan 1999,47,Mardin,DSP,19847,9.04,1,
1999,18 Nisan 1999,47,Mardin,DEMTP,1787,0.81,0,
1999,18 Nisan 1999,47,Mardin,DYP,42254,19.25,2,
1999,18 Nisan 1999,47,Mardin,EMEP,164,0.07,0,
1999,18 Nisan 1999,47,Mardin,FP,25966,11.83,1,
1999,18 Nisan 1999,47,Mardin,HADEP,55498,25.28,0,EVET
1999,18 Nisan 1999,47,Mardin,İP,198,0.09,0,
1999,18 Nisan 1999,47,Mardin,LDP,400,0.18,0,
1999,18 Nisan 1999,47,Mardin,MHP,4242,1.93,0,
1999,18 Nisan 1999,47,Mardin,MP92,356,0.16,0,
1999,18 Nisan 1999,47,Mardin,ÖDP,606,0.28,0,
1999,18 Nisan 1999,47,Mardin,SİP,205,0.09,0,
1999,18 Nisan 1999,47,Mardin,YDP,561,0.26,0,
1999,18 Nisan 1999,47,Mardin,Bağımsız,21726,9.9,0,
1999,18 Nisan 1999,48,Muğla,ANAP,63319,16.64,1,
1999,18 Nisan 1999,48,Muğla,BBP,1761,0.46,0,
1999,18 Nisan 1999,48,Muğla,BP,846,0.22,0,
1999,18 Nisan 1999,48,Muğla,CHP,44133,11.6,0,
1999,18 Nisan 1999,48,Muğla,DBP99,480,0.13,0,
1999,18 Nisan 1999,48,Muğla,DEPAR,527,0.14,0,
1999,18 Nisan 1999,48,Muğla,DP,1189,0.31,0,
1999,18 Nisan 1999,48,Muğla,DSP,113479,29.83,3,EVET
1999,18 Nisan 1999,48,Muğla,DEMTP,3541,0.93,0,
1999,18 Nisan 1999,48,Muğla,DYP,63770,16.76,1,
1999,18 Nisan 1999,48,Muğla,EMEP,448,0.12,0,
1999,18 Nisan 1999,48,Muğla,FP,12894,3.39,0,
1999,18 Nisan 1999,48,Muğla,HADEP,6004,1.58,0,
1999,18 Nisan 1999,48,Muğla,İP,761,0.2,0,
1999,18 Nisan 1999,48,Muğla,LDP,1792,0.47,0,
1999,18 Nisan 1999,48,Muğla,MHP,61174,16.08,1,
1999,18 Nisan 1999,48,Muğla,MP92,829,0.22,0,
1999,18 Nisan 1999,48,Muğla,ÖDP,3307,0.87,0,
1999,18 Nisan 1999,48,Muğla,SİP,466,0.12,0,
1999,18 Nisan 1999,48,Muğla,YDP,362,0.1,0,
1999,18 Nisan 1999,49,Muş,ANAP,12922,11.12,1,
1999,18 Nisan 1999,49,Muş,BBP,1633,1.4,0,
1999,18 Nisan 1999,49,Muş,BP,443,0.38,0,
1999,18 Nisan 1999,49,Muş,CHP,5332,4.59,0,
1999,18 Nisan 1999,49,Muş,DBP99,243,0.21,0,
1999,18 Nisan 1999,49,Muş,DSP,10610,9.13,1,
1999,18 Nisan 1999,49,Muş,DEMTP,1256,1.08,0,
1999,18 Nisan 1999,49,Muş,DYP,13618,11.72,1,
1999,18 Nisan 1999,49,Muş,EMEP,141,0.12,0,
1999,18 Nisan 1999,49,Muş,FP,12701,10.93,1,
1999,18 Nisan 1999,49,Muş,HADEP,36993,31.82,0,EVET
1999,18 Nisan 1999,49,Muş,İP,237,0.2,0,
1999,18 Nisan 1999,49,Muş,LDP,259,0.22,0,
1999,18 Nisan 1999,49,Muş,MHP,5074,4.37,0,
1999,18 Nisan 1999,49,Muş,MP92,193,0.17,0,
1999,18 Nisan 1999,49,Muş,ÖDP,279,0.24,0,
1999,18 Nisan 1999,49,Muş,SİP,185,0.16,0,
1999,18 Nisan 1999,49,Muş,YDP,191,0.16,0,
1999,18 Nisan 1999,49,Muş,Bağımsız,14049,12.09,0,
1999,18 Nisan 1999,50,Nevşehir,ANAP,20360,13.38,0,
1999,18 Nisan 1999,50,Nevşehir,BBP,2956,1.94,0,
1999,18 Nisan 1999,50,Nevşehir,BP,464,0.3,0,
1999,18 Nisan 1999,50,Nevşehir,CHP,11694,7.69,0,
1999,18 Nisan 1999,50,Nevşehir,DBP99,150,0.1,0,
1999,18 Nisan 1999,50,Nevşehir,DEPAR,237,0.16,0,
1999,18 Nisan 1999,50,Nevşehir,DP,455,0.3,0,
1999,18 Nisan 1999,50,Nevşehir,DSP,15569,10.23,0,
1999,18 Nisan 1999,50,Nevşehir,DEMTP,618,0.41,0,
1999,18 Nisan 1999,50,Nevşehir,DYP,18950,12.45,0,
1999,18 Nisan 1999,50,Nevşehir,EMEP,330,0.22,0,
1999,18 Nisan 1999,50,Nevşehir,FP,28011,18.41,1,
1999,18 Nisan 1999,50,Nevşehir,HADEP,1416,0.93,0,
1999,18 Nisan 1999,50,Nevşehir,İP,347,0.23,0,
1999,18 Nisan 1999,50,Nevşehir,LDP,364,0.24,0,
1999,18 Nisan 1999,50,Nevşehir,MHP,48402,31.81,2,EVET
1999,18 Nisan 1999,50,Nevşehir,MP92,349,0.23,0,
1999,18 Nisan 1999,50,Nevşehir,ÖDP,1389,0.91,0,
1999,18 Nisan 1999,50,Nevşehir,SİP,188,0.12,0,
1999,18 Nisan 1999,50,Nevşehir,YDP,205,0.13,0,
1999,18 Nisan 1999,51,Niğde,ANAP,16005,9.48,0,
1999,18 Nisan 1999,51,Niğde,BBP,1965,1.16,0,
1999,18 Nisan 1999,51,Niğde,BP,647,0.38,0,
1999,18 Nisan 1999,51,Niğde,CHP,18147,10.75,0,
1999,18 Nisan 1999,51,Niğde,DBP99,219,0.13,0,
1999,18 Nisan 1999,51,Niğde,DEPAR,308,0.18,0,
1999,18 Nisan 1999,51,Niğde,DP,585,0.35,0,
1999,18 Nisan 1999,51,Niğde,DSP,24925,14.77,1,
1999,18 Nisan 1999,51,Niğde,DEMTP,1095,0.65,0,
1999,18 Nisan 1999,51,Niğde,DYP,31103,18.43,1,
1999,18 Nisan 1999,51,Niğde,EMEP,371,0.22,0,
1999,18 Nisan 1999,51,Niğde,FP,23964,14.2,0,
1999,18 Nisan 1999,51,Niğde,HADEP,1499,0.89,0,
1999,18 Nisan 1999,51,Niğde,İP,582,0.34,0,
1999,18 Nisan 1999,51,Niğde,LDP,628,0.37,0,
1999,18 Nisan 1999,51,Niğde,MHP,45007,26.67,1,EVET
1999,18 Nisan 1999,51,Niğde,MP92,605,0.36,0,
1999,18 Nisan 1999,51,Niğde,ÖDP,959,0.57,0,
1999,18 Nisan 1999,51,Niğde,SİP,250,0.15,0,
1999,18 Nisan 1999,51,Niğde,YDP,253,0.15,0,
1999,18 Nisan 1999,52,Ordu,ANAP,79827,21.48,2,
1999,18 Nisan 1999,52,Ordu,BBP,4534,1.22,0,
1999,18 Nisan 1999,52,Ordu,BP,1747,0.47,0,
1999,18 Nisan 1999,52,Ordu,CHP,22903,6.16,0,
1999,18 Nisan 1999,52,Ordu,DEPAR,1015,0.27,0,
1999,18 Nisan 1999,52,Ordu,DP,1859,0.5,0,
1999,18 Nisan 1999,52,Ordu,DSP,87441,23.53,2,EVET
1999,18 Nisan 1999,52,Ordu,DEMTP,2373,0.64,0,
1999,18 Nisan 1999,52,Ordu,DYP,44725,12.04,1,
1999,18 Nisan 1999,52,Ordu,EMEP,715,0.19,0,
1999,18 Nisan 1999,52,Ordu,FP,45774,12.32,1,
1999,18 Nisan 1999,52,Ordu,HADEP,6554,1.76,0,
1999,18 Nisan 1999,52,Ordu,İP,820,0.22,0,
1999,18 Nisan 1999,52,Ordu,LDP,4165,1.12,0,
1999,18 Nisan 1999,52,Ordu,MHP,61835,16.64,1,
1999,18 Nisan 1999,52,Ordu,MP92,1496,0.4,0,
1999,18 Nisan 1999,52,Ordu,ÖDP,2658,0.72,0,
1999,18 Nisan 1999,52,Ordu,SİP,913,0.25,0,
1999,18 Nisan 1999,52,Ordu,YDP,804,0.22,0,
1999,18 Nisan 1999,52,Ordu,Bağımsız,108,0.03,0,
1999,18 Nisan 1999,53,Rize,ANAP,70835,43.51,2,EVET
1999,18 Nisan 1999,53,Rize,BBP,1218,0.75,0,
1999,18 Nisan 1999,53,Rize,CHP,5440,3.34,0,
1999,18 Nisan 1999,53,Rize,DBP99,126,0.08,0,
1999,18 Nisan 1999,53,Rize,DEPAR,255,0.16,0,
1999,18 Nisan 1999,53,Rize,DP,259,0.16,0,
1999,18 Nisan 1999,53,Rize,DSP,16048,9.86,0,
1999,18 Nisan 1999,53,Rize,DEMTP,511,0.31,0,
1999,18 Nisan 1999,53,Rize,DYP,15924,9.78,0,
1999,18 Nisan 1999,53,Rize,EMEP,206,0.13,0,
1999,18 Nisan 1999,53,Rize,FP,33879,20.81,1,
1999,18 Nisan 1999,53,Rize,HADEP,1856,1.14,0,
1999,18 Nisan 1999,53,Rize,İP,159,0.1,0,
1999,18 Nisan 1999,53,Rize,LDP,280,0.17,0,
1999,18 Nisan 1999,53,Rize,MHP,14713,9.04,0,
1999,18 Nisan 1999,53,Rize,MP92,261,0.16,0,
1999,18 Nisan 1999,53,Rize,ÖDP,828,0.51,0,
1999,18 Nisan 1999,53,Rize,SİP,146,0.09,0,
1999,18 Nisan 1999,53,Rize,YDP,194,0.12,0,
1999,18 Nisan 1999,54,Sakarya,ANAP,57894,13.85,1,
1999,18 Nisan 1999,54,Sakarya,BBP,4761,1.14,0,
1999,18 Nisan 1999,54,Sakarya,BP,864,0.21,0,
1999,18 Nisan 1999,54,Sakarya,CHP,18045,4.32,0,
1999,18 Nisan 1999,54,Sakarya,DEPAR,501,0.12,0,
1999,18 Nisan 1999,54,Sakarya,DP,1479,0.35,0,
1999,18 Nisan 1999,54,Sakarya,DSP,80960,19.37,1,
1999,18 Nisan 1999,54,Sakarya,DEMTP,1562,0.37,0,
1999,18 Nisan 1999,54,Sakarya,DYP,64035,15.32,1,
1999,18 Nisan 1999,54,Sakarya,EMEP,523,0.13,0,
1999,18 Nisan 1999,54,Sakarya,FP,102052,24.42,2,EVET
1999,18 Nisan 1999,54,Sakarya,HADEP,6165,1.48,0,
1999,18 Nisan 1999,54,Sakarya,İP,663,0.16,0,
1999,18 Nisan 1999,54,Sakarya,LDP,1814,0.43,0,
1999,18 Nisan 1999,54,Sakarya,MHP,73813,17.66,1,
1999,18 Nisan 1999,54,Sakarya,MP92,1017,0.24,0,
1999,18 Nisan 1999,54,Sakarya,ÖDP,1587,0.38,0,
1999,18 Nisan 1999,54,Sakarya,SİP,484,0.12,0,
1999,18 Nisan 1999,54,Sakarya,YDP,591,0.14,0,
1999,18 Nisan 1999,54,Sakarya,Bağımsız,20,0.0,0,
1999,18 Nisan 1999,55,Samsun,ANAP,87827,14.21,1,
1999,18 Nisan 1999,55,Samsun,BBP,10836,1.75,0,
1999,18 Nisan 1999,55,Samsun,BP,1961,0.32,0,
1999,18 Nisan 1999,55,Samsun,CHP,37816,6.12,0,
1999,18 Nisan 1999,55,Samsun,DEPAR,986,0.16,0,
1999,18 Nisan 1999,55,Samsun,DP,2483,0.4,0,
1999,18 Nisan 1999,55,Samsun,DSP,133355,21.58,3,EVET
1999,18 Nisan 1999,55,Samsun,DEMTP,4031,0.65,0,
1999,18 Nisan 1999,55,Samsun,DYP,94840,15.35,2,
1999,18 Nisan 1999,55,Samsun,EMEP,1020,0.17,0,
1999,18 Nisan 1999,55,Samsun,FP,92724,15.01,2,
1999,18 Nisan 1999,55,Samsun,HADEP,6128,0.99,0,
1999,18 Nisan 1999,55,Samsun,İP,1503,0.24,0,
1999,18 Nisan 1999,55,Samsun,LDP,5143,0.83,0,
1999,18 Nisan 1999,55,Samsun,MHP,129427,20.95,2,
1999,18 Nisan 1999,55,Samsun,MP92,2049,0.33,0,
1999,18 Nisan 1999,55,Samsun,ÖDP,4017,0.65,0,
1999,18 Nisan 1999,55,Samsun,SİP,1107,0.18,0,
1999,18 Nisan 1999,55,Samsun,YDP,946,0.15,0,
1999,18 Nisan 1999,55,Samsun,Bağımsız,81,0.01,0,
1999,18 Nisan 1999,56,Siirt,ANAP,10405,12.58,1,
1999,18 Nisan 1999,56,Siirt,BBP,972,1.18,0,
1999,18 Nisan 1999,56,Siirt,BP,258,0.31,0,
1999,18 Nisan 1999,56,Siirt,CHP,5383,6.51,0,
1999,18 Nisan 1999,56,Siirt,DBP99,92,0.11,0,
1999,18 Nisan 1999,56,Siirt,DSP,4217,5.1,0,
1999,18 Nisan 1999,56,Siirt,DEMTP,454,0.55,0,
1999,18 Nisan 1999,56,Siirt,DYP,18291,22.12,1,
1999,18 Nisan 1999,56,Siirt,EMEP,147,0.18,0,
1999,18 Nisan 1999,56,Siirt,FP,11066,13.38,1,
1999,18 Nisan 1999,56,Siirt,HADEP,18306,22.14,0,EVET
1999,18 Nisan 1999,56,Siirt,İP,77,0.09,0,
1999,18 Nisan 1999,56,Siirt,LDP,198,0.24,0,
1999,18 Nisan 1999,56,Siirt,MHP,4145,5.01,0,
1999,18 Nisan 1999,56,Siirt,MP92,212,0.26,0,
1999,18 Nisan 1999,56,Siirt,ÖDP,276,0.33,0,
1999,18 Nisan 1999,56,Siirt,SİP,112,0.14,0,
1999,18 Nisan 1999,56,Siirt,YDP,150,0.18,0,
1999,18 Nisan 1999,56,Siirt,Bağımsız,8023,9.7,0,
1999,18 Nisan 1999,57,Sinop,ANAP,22074,18.71,1,
1999,18 Nisan 1999,57,Sinop,BBP,1355,1.15,0,
1999,18 Nisan 1999,57,Sinop,BP,771,0.65,0,
1999,18 Nisan 1999,57,Sinop,CHP,7170,6.08,0,
1999,18 Nisan 1999,57,Sinop,DEPAR,426,0.36,0,
1999,18 Nisan 1999,57,Sinop,DP,741,0.63,0,
1999,18 Nisan 1999,57,Sinop,DSP,30413,25.78,1,EVET
1999,18 Nisan 1999,57,Sinop,DEMTP,1002,0.85,0,
1999,18 Nisan 1999,57,Sinop,DYP,18003,15.26,1,
1999,18 Nisan 1999,57,Sinop,EMEP,379,0.32,0,
1999,18 Nisan 1999,57,Sinop,FP,14468,12.27,0,
1999,18 Nisan 1999,57,Sinop,HADEP,2118,1.8,0,
1999,18 Nisan 1999,57,Sinop,İP,373,0.32,0,
1999,18 Nisan 1999,57,Sinop,LDP,2573,2.18,0,
1999,18 Nisan 1999,57,Sinop,MHP,14071,11.93,0,
1999,18 Nisan 1999,57,Sinop,MP92,653,0.55,0,
1999,18 Nisan 1999,57,Sinop,ÖDP,880,0.75,0,
1999,18 Nisan 1999,57,Sinop,SİP,349,0.3,0,
1999,18 Nisan 1999,57,Sinop,YDP,356,0.3,0,
1999,18 Nisan 1999,58,Sivas,ANAP,17528,5.49,0,
1999,18 Nisan 1999,58,Sivas,BBP,54290,17.0,0,
1999,18 Nisan 1999,58,Sivas,CHP,35616,11.16,0,
1999,18 Nisan 1999,58,Sivas,DBP99,785,0.25,0,
1999,18 Nisan 1999,58,Sivas,DEPAR,340,0.11,0,
1999,18 Nisan 1999,58,Sivas,DSP,26036,8.16,1,
1999,18 Nisan 1999,58,Sivas,DEMTP,1336,0.42,0,
1999,18 Nisan 1999,58,Sivas,DYP,25386,7.95,0,
1999,18 Nisan 1999,58,Sivas,EMEP,561,0.18,0,
1999,18 Nisan 1999,58,Sivas,FP,88827,27.82,3,EVET
1999,18 Nisan 1999,58,Sivas,HADEP,2159,0.68,0,
1999,18 Nisan 1999,58,Sivas,İP,677,0.21,0,
1999,18 Nisan 1999,58,Sivas,LDP,907,0.28,0,
1999,18 Nisan 1999,58,Sivas,MHP,60758,19.03,2,
1999,18 Nisan 1999,58,Sivas,MP92,1381,0.43,0,
1999,18 Nisan 1999,58,Sivas,ÖDP,2354,0.74,0,
1999,18 Nisan 1999,58,Sivas,SİP,478,0.15,0,
1999,18 Nisan 1999,58,Sivas,YDP,479,0.15,0,
1999,18 Nisan 1999,59,Tekirdağ,ANAP,56770,17.8,1,
1999,18 Nisan 1999,59,Tekirdağ,BBP,1644,0.52,0,
1999,18 Nisan 1999,59,Tekirdağ,CHP,24557,7.7,0,
1999,18 Nisan 1999,59,Tekirdağ,DEPAR,543,0.17,0,
1999,18 Nisan 1999,59,Tekirdağ,DP,991,0.31,0,
1999,18 Nisan 1999,59,Tekirdağ,DSP,131527,41.25,3,EVET
1999,18 Nisan 1999,59,Tekirdağ,DEMTP,3451,1.08,0,
1999,18 Nisan 1999,59,Tekirdağ,DYP,37044,11.62,1,
1999,18 Nisan 1999,59,Tekirdağ,EMEP,458,0.14,0,
1999,18 Nisan 1999,59,Tekirdağ,FP,17931,5.62,0,
1999,18 Nisan 1999,59,Tekirdağ,HADEP,4986,1.56,0,
1999,18 Nisan 1999,59,Tekirdağ,İP,417,0.13,0,
1999,18 Nisan 1999,59,Tekirdağ,LDP,983,0.31,0,
1999,18 Nisan 1999,59,Tekirdağ,MHP,34528,10.83,0,
1999,18 Nisan 1999,59,Tekirdağ,MP92,448,0.14,0,
1999,18 Nisan 1999,59,Tekirdağ,ÖDP,2004,0.63,0,
1999,18 Nisan 1999,59,Tekirdağ,SİP,256,0.08,0,
1999,18 Nisan 1999,59,Tekirdağ,YDP,401,0.13,0,
1999,18 Nisan 1999,60,Tokat,ANAP,27429,8.07,0,
1999,18 Nisan 1999,60,Tokat,BBP,11016,3.24,0,
1999,18 Nisan 1999,60,Tokat,BP,4128,1.21,0,
1999,18 Nisan 1999,60,Tokat,CHP,44742,13.16,0,
1999,18 Nisan 1999,60,Tokat,DEPAR,415,0.12,0,
1999,18 Nisan 1999,60,Tokat,DSP,31743,9.34,0,
1999,18 Nisan 1999,60,Tokat,DEMTP,1688,0.5,0,
1999,18 Nisan 1999,60,Tokat,DYP,40444,11.9,1,
1999,18 Nisan 1999,60,Tokat,EMEP,949,0.28,0,
1999,18 Nisan 1999,60,Tokat,FP,69365,20.4,2,
1999,18 Nisan 1999,60,Tokat,HADEP,2408,0.71,0,
1999,18 Nisan 1999,60,Tokat,İP,771,0.23,0,
1999,18 Nisan 1999,60,Tokat,LDP,1678,0.49,0,
1999,18 Nisan 1999,60,Tokat,MHP,99434,29.24,3,EVET
1999,18 Nisan 1999,60,Tokat,MP92,1578,0.46,0,
1999,18 Nisan 1999,60,Tokat,ÖDP,1897,0.56,0,
1999,18 Nisan 1999,60,Tokat,SİP,475,0.14,0,
1999,18 Nisan 1999,60,Tokat,YDP,458,0.13,0,
1999,18 Nisan 1999,61,Trabzon,ANAP,77328,20.22,2,
1999,18 Nisan 1999,61,Trabzon,BBP,3978,1.04,0,
1999,18 Nisan 1999,61,Trabzon,CHP,19387,5.07,0,
1999,18 Nisan 1999,61,Trabzon,DEPAR,658,0.17,0,
1999,18 Nisan 1999,61,Trabzon,DP,1029,0.27,0,
1999,18 Nisan 1999,61,Trabzon,DSP,68085,17.8,1,
1999,18 Nisan 1999,61,Trabzon,DEMTP,1780,0.47,0,
1999,18 Nisan 1999,61,Trabzon,DYP,41270,10.79,1,
1999,18 Nisan 1999,61,Trabzon,EMEP,529,0.14,0,
1999,18 Nisan 1999,61,Trabzon,FP,76429,19.98,1,
1999,18 Nisan 1999,61,Trabzon,HADEP,3007,0.79,0,
1999,18 Nisan 1999,61,Trabzon,İP,505,0.13,0,
1999,18 Nisan 1999,61,Trabzon,LDP,1164,0.3,0,
1999,18 Nisan 1999,61,Trabzon,MHP,83967,21.95,2,EVET
1999,18 Nisan 1999,61,Trabzon,MP92,1136,0.3,0,
1999,18 Nisan 1999,61,Trabzon,ÖDP,2142,0.56,0,
1999,18 Nisan 1999,61,Trabzon,SİP,335,0.09,0,
1999,18 Nisan 1999,61,Trabzon,YDP,536,0.14,0,
1999,18 Nisan 1999,62,Tunceli,ANAP,3208,8.12,0,
1999,18 Nisan 1999,62,Tunceli,BBP,244,0.62,0,
1999,18 Nisan 1999,62,Tunceli,BP,714,1.81,0,
1999,18 Nisan 1999,62,Tunceli,CHP,7239,18.32,0,
1999,18 Nisan 1999,62,Tunceli,DBP99,116,0.29,0,
1999,18 Nisan 1999,62,Tunceli,DP,231,0.58,0,
1999,18 Nisan 1999,62,Tunceli,DSP,3599,9.11,0,
1999,18 Nisan 1999,62,Tunceli,DEMTP,209,0.53,0,
1999,18 Nisan 1999,62,Tunceli,DYP,6155,15.58,1,
1999,18 Nisan 1999,62,Tunceli,FP,952,2.41,0,
1999,18 Nisan 1999,62,Tunceli,HADEP,5286,13.38,0,
1999,18 Nisan 1999,62,Tunceli,İP,169,0.43,0,
1999,18 Nisan 1999,62,Tunceli,LDP,103,0.26,0,
1999,18 Nisan 1999,62,Tunceli,MHP,2840,7.19,0,
1999,18 Nisan 1999,62,Tunceli,MP92,60,0.15,0,
1999,18 Nisan 1999,62,Tunceli,ÖDP,230,0.58,0,
1999,18 Nisan 1999,62,Tunceli,SİP,84,0.21,0,
1999,18 Nisan 1999,62,Tunceli,YDP,54,0.14,0,
1999,18 Nisan 1999,62,Tunceli,Bağımsız,8052,20.38,0,EVET
1999,18 Nisan 1999,63,Şanlıurfa,ANAP,59001,14.0,2,
1999,18 Nisan 1999,63,Şanlıurfa,BBP,5894,1.4,0,
1999,18 Nisan 1999,63,Şanlıurfa,BP,1239,0.29,0,
1999,18 Nisan 1999,63,Şanlıurfa,CHP,25492,6.05,0,
1999,18 Nisan 1999,63,Şanlıurfa,DBP99,687,0.16,0,
1999,18 Nisan 1999,63,Şanlıurfa,DEPAR,823,0.2,0,
1999,18 Nisan 1999,63,Şanlıurfa,DSP,19392,4.6,0,
1999,18 Nisan 1999,63,Şanlıurfa,DEMTP,7702,1.83,0,
1999,18 Nisan 1999,63,Şanlıurfa,DYP,100394,23.82,4,EVET
1999,18 Nisan 1999,63,Şanlıurfa,EMEP,676,0.16,0,
1999,18 Nisan 1999,63,Şanlıurfa,FP,90387,21.45,4,
1999,18 Nisan 1999,63,Şanlıurfa,HADEP,69849,16.57,0,
1999,18 Nisan 1999,63,Şanlıurfa,İP,485,0.12,0,
1999,18 Nisan 1999,63,Şanlıurfa,LDP,599,0.14,0,
1999,18 Nisan 1999,63,Şanlıurfa,MHP,35864,8.51,1,
1999,18 Nisan 1999,63,Şanlıurfa,MP92,1164,0.28,0,
1999,18 Nisan 1999,63,Şanlıurfa,ÖDP,964,0.23,0,
1999,18 Nisan 1999,63,Şanlıurfa,SİP,542,0.13,0,
1999,18 Nisan 1999,63,Şanlıurfa,YDP,889,0.21,0,
1999,18 Nisan 1999,63,Şanlıurfa,Bağımsız,25,0.01,0,
1999,18 Nisan 1999,64,Uşak,ANAP,18790,10.66,0,
1999,18 Nisan 1999,64,Uşak,BBP,2013,1.14,0,
1999,18 Nisan 1999,64,Uşak,CHP,19696,11.18,0,
1999,18 Nisan 1999,64,Uşak,DBP99,282,0.16,0,
1999,18 Nisan 1999,64,Uşak,DEPAR,313,0.18,0,
1999,18 Nisan 1999,64,Uşak,DP,747,0.42,0,
1999,18 Nisan 1999,64,Uşak,DSP,52345,29.7,2,EVET
1999,18 Nisan 1999,64,Uşak,DEMTP,2072,1.18,0,
1999,18 Nisan 1999,64,Uşak,DYP,18965,10.76,0,
1999,18 Nisan 1999,64,Uşak,EMEP,371,0.21,0,
1999,18 Nisan 1999,64,Uşak,FP,12842,7.29,0,
1999,18 Nisan 1999,64,Uşak,HADEP,2294,1.3,0,
1999,18 Nisan 1999,64,Uşak,İP,467,0.26,0,
1999,18 Nisan 1999,64,Uşak,LDP,1164,0.66,0,
1999,18 Nisan 1999,64,Uşak,MHP,41249,23.41,1,
1999,18 Nisan 1999,64,Uşak,MP92,455,0.26,0,
1999,18 Nisan 1999,64,Uşak,ÖDP,1933,1.1,0,
1999,18 Nisan 1999,64,Uşak,SİP,211,0.12,0,
1999,18 Nisan 1999,64,Uşak,YDP,295,0.17,0,
1999,18 Nisan 1999,64,Uşak,Bağımsız,53,0.03,0,
1999,18 Nisan 1999,65,Van,ANAP,23868,9.77,1,
1999,18 Nisan 1999,65,Van,BBP,5211,2.13,0,
1999,18 Nisan 1999,65,Van,BP,1566,0.64,0,
1999,18 Nisan 1999,65,Van,CHP,12403,5.08,0,
1999,18 Nisan 1999,65,Van,DBP99,668,0.27,0,
1999,18 Nisan 1999,65,Van,DEPAR,431,0.18,0,
1999,18 Nisan 1999,65,Van,DSP,10084,4.13,0,
1999,18 Nisan 1999,65,Van,DEMTP,1058,0.43,0,
1999,18 Nisan 1999,65,Van,DYP,27055,11.07,2,
1999,18 Nisan 1999,65,Van,EMEP,273,0.11,0,
1999,18 Nisan 1999,65,Van,FP,46126,18.87,3,
1999,18 Nisan 1999,65,Van,HADEP,87276,35.71,0,EVET
1999,18 Nisan 1999,65,Van,İP,379,0.16,0,
1999,18 Nisan 1999,65,Van,LDP,700,0.29,0,
1999,18 Nisan 1999,65,Van,MHP,19659,8.04,1,
1999,18 Nisan 1999,65,Van,MP92,1596,0.65,0,
1999,18 Nisan 1999,65,Van,ÖDP,700,0.29,0,
1999,18 Nisan 1999,65,Van,SİP,452,0.18,0,
1999,18 Nisan 1999,65,Van,YDP,700,0.29,0,
1999,18 Nisan 1999,65,Van,Bağımsız,4332,1.77,0,
1999,18 Nisan 1999,66,Yozgat,ANAP,29175,10.84,1,
1999,18 Nisan 1999,66,Yozgat,BBP,7069,2.63,0,
1999,18 Nisan 1999,66,Yozgat,CHP,23865,8.86,0,
1999,18 Nisan 1999,66,Yozgat,DSP,16096,5.98,0,
1999,18 Nisan 1999,66,Yozgat,DEMTP,1103,0.41,0,
1999,18 Nisan 1999,66,Yozgat,DYP,22220,8.25,0,
1999,18 Nisan 1999,66,Yozgat,EMEP,388,0.14,0,
1999,18 Nisan 1999,66,Yozgat,FP,56903,21.14,2,
1999,18 Nisan 1999,66,Yozgat,HADEP,2564,0.95,0,
1999,18 Nisan 1999,66,Yozgat,İP,612,0.23,0,
1999,18 Nisan 1999,66,Yozgat,LDP,719,0.27,0,
1999,18 Nisan 1999,66,Yozgat,MHP,104977,38.99,3,EVET
1999,18 Nisan 1999,66,Yozgat,MP92,1995,0.74,0,
1999,18 Nisan 1999,66,Yozgat,ÖDP,1294,0.48,0,
1999,18 Nisan 1999,66,Yozgat,SİP,379,0.14,0,
1999,18 Nisan 1999,66,Yozgat,YDP,394,0.15,0,
1999,18 Nisan 1999,67,Zonguldak,ANAP,50716,14.74,1,
1999,18 Nisan 1999,67,Zonguldak,BBP,4299,1.25,0,
1999,18 Nisan 1999,67,Zonguldak,CHP,25972,7.55,0,
1999,18 Nisan 1999,67,Zonguldak,DEPAR,741,0.22,0,
1999,18 Nisan 1999,67,Zonguldak,DP,1610,0.47,0,
1999,18 Nisan 1999,67,Zonguldak,DSP,135559,39.39,3,EVET
1999,18 Nisan 1999,67,Zonguldak,DEMTP,2707,0.79,0,
1999,18 Nisan 1999,67,Zonguldak,DYP,35181,10.22,1,
1999,18 Nisan 1999,67,Zonguldak,EMEP,849,0.25,0,
1999,18 Nisan 1999,67,Zonguldak,FP,33307,9.68,0,
1999,18 Nisan 1999,67,Zonguldak,HADEP,4105,1.19,0,
1999,18 Nisan 1999,67,Zonguldak,İP,931,0.27,0,
1999,18 Nisan 1999,67,Zonguldak,LDP,2746,0.8,0,
1999,18 Nisan 1999,67,Zonguldak,MHP,40541,11.78,1,
1999,18 Nisan 1999,67,Zonguldak,MP92,1124,0.33,0,
1999,18 Nisan 1999,67,Zonguldak,ÖDP,2999,0.87,0,
1999,18 Nisan 1999,67,Zonguldak,SİP,675,0.2,0,
1999,18 Nisan 1999,67,Zonguldak,YDP,707,0.21,0,
1999,18 Nisan 1999,67,Zonguldak,Bağımsız,64,0.02,0,
1999,18 Nisan 1999,68,Aksaray,ANAP,17699,10.56,0,
1999,18 Nisan 1999,68,Aksaray,BBP,5129,3.06,0,
1999,18 Nisan 1999,68,Aksaray,CHP,13619,8.13,0,
1999,18 Nisan 1999,68,Aksaray,DBP99,244,0.15,0,
1999,18 Nisan 1999,68,Aksaray,DEPAR,227,0.14,0,
1999,18 Nisan 1999,68,Aksaray,DP,668,0.4,0,
1999,18 Nisan 1999,68,Aksaray,DSP,16659,9.94,0,
1999,18 Nisan 1999,68,Aksaray,DEMTP,657,0.39,0,
1999,18 Nisan 1999,68,Aksaray,DYP,24487,14.61,1,
1999,18 Nisan 1999,68,Aksaray,EMEP,285,0.17,0,
1999,18 Nisan 1999,68,Aksaray,FP,28267,16.86,1,
1999,18 Nisan 1999,68,Aksaray,HADEP,1806,1.08,0,
1999,18 Nisan 1999,68,Aksaray,İP,450,0.27,0,
1999,18 Nisan 1999,68,Aksaray,LDP,421,0.25,0,
1999,18 Nisan 1999,68,Aksaray,MHP,55357,33.03,2,EVET
1999,18 Nisan 1999,68,Aksaray,MP92,860,0.51,0,
1999,18 Nisan 1999,68,Aksaray,ÖDP,571,0.34,0,
1999,18 Nisan 1999,68,Aksaray,SİP,224,0.13,0,
1999,18 Nisan 1999,68,Aksaray,YDP,301,0.18,0,
1999,18 Nisan 1999,69,Bayburt,ANAP,8453,21.76,0,
1999,18 Nisan 1999,69,Bayburt,BBP,592,1.52,0,
1999,18 Nisan 1999,69,Bayburt,CHP,500,1.29,0,
1999,18 Nisan 1999,69,Bayburt,DBP99,46,0.12,0,
1999,18 Nisan 1999,69,Bayburt,DP,64,0.16,0,
1999,18 Nisan 1999,69,Bayburt,DSP,855,2.2,0,
1999,18 Nisan 1999,69,Bayburt,DEMTP,115,0.3,0,
1999,18 Nisan 1999,69,Bayburt,DYP,7181,18.48,0,
1999,18 Nisan 1999,69,Bayburt,EMEP,55,0.14,0,
1999,18 Nisan 1999,69,Bayburt,FP,10344,26.62,1,EVET
1999,18 Nisan 1999,69,Bayburt,HADEP,565,1.45,0,
1999,18 Nisan 1999,69,Bayburt,İP,42,0.11,0,
1999,18 Nisan 1999,69,Bayburt,LDP,94,0.24,0,
1999,18 Nisan 1999,69,Bayburt,MHP,9712,25.0,1,
1999,18 Nisan 1999,69,Bayburt,MP92,144,0.37,0,
1999,18 Nisan 1999,69,Bayburt,ÖDP,69,0.18,0,
1999,18 Nisan 1999,69,Bayburt,SİP,33,0.08,0,
1999,18 Nisan 1999,69,Bayburt,YDP,67,0.17,0,
1999,18 Nisan 1999,70,Karaman,ANAP,7165,6.41,0,
1999,18 Nisan 1999,70,Karaman,BBP,1861,1.66,0,
1999,18 Nisan 1999,70,Karaman,CHP,10237,9.16,0,
1999,18 Nisan 1999,70,Karaman,DBP99,150,0.13,0,
1999,18 Nisan 1999,70,Karaman,DEPAR,186,0.17,0,
1999,18 Nisan 1999,70,Karaman,DP,433,0.39,0,
1999,18 Nisan 1999,70,Karaman,DSP,18478,16.53,1,
1999,18 Nisan 1999,70,Karaman,DEMTP,465,0.42,0,
1999,18 Nisan 1999,70,Karaman,DYP,12239,10.95,0,
1999,18 Nisan 1999,70,Karaman,EMEP,176,0.16,0,
1999,18 Nisan 1999,70,Karaman,FP,22239,19.89,1,
1999,18 Nisan 1999,70,Karaman,HADEP,885,0.79,0,
1999,18 Nisan 1999,70,Karaman,İP,314,0.28,0,
1999,18 Nisan 1999,70,Karaman,LDP,494,0.44,0,
1999,18 Nisan 1999,70,Karaman,MHP,35372,31.64,1,EVET
1999,18 Nisan 1999,70,Karaman,MP92,381,0.34,0,
1999,18 Nisan 1999,70,Karaman,ÖDP,557,0.5,0,
1999,18 Nisan 1999,70,Karaman,SİP,190,0.17,0,
1999,18 Nisan 1999,70,Karaman,YDP,186,0.17,0,
1999,18 Nisan 1999,71,Kırıkkale,ANAP,26516,17.01,1,
1999,18 Nisan 1999,71,Kırıkkale,BBP,3561,2.28,0,
1999,18 Nisan 1999,71,Kırıkkale,BP,784,0.5,0,
1999,18 Nisan 1999,71,Kırıkkale,CHP,7603,4.88,0,
1999,18 Nisan 1999,71,Kırıkkale,DEPAR,178,0.11,0,
1999,18 Nisan 1999,71,Kırıkkale,DP,815,0.52,0,
1999,18 Nisan 1999,71,Kırıkkale,DSP,17931,11.5,0,
1999,18 Nisan 1999,71,Kırıkkale,DEMTP,824,0.53,0,
1999,18 Nisan 1999,71,Kırıkkale,DYP,22039,14.14,1,
1999,18 Nisan 1999,71,Kırıkkale,EMEP,188,0.12,0,
1999,18 Nisan 1999,71,Kırıkkale,FP,23880,15.32,1,
1999,18 Nisan 1999,71,Kırıkkale,HADEP,1470,0.94,0,
1999,18 Nisan 1999,71,Kırıkkale,İP,278,0.18,0,
1999,18 Nisan 1999,71,Kırıkkale,LDP,496,0.32,0,
1999,18 Nisan 1999,71,Kırıkkale,MHP,43533,27.93,1,EVET
1999,18 Nisan 1999,71,Kırıkkale,MP92,449,0.29,0,
1999,18 Nisan 1999,71,Kırıkkale,ÖDP,482,0.31,0,
1999,18 Nisan 1999,71,Kırıkkale,SİP,240,0.15,0,
1999,18 Nisan 1999,71,Kırıkkale,YDP,477,0.31,0,
1999,18 Nisan 1999,71,Kırıkkale,Bağımsız,4395,2.82,0,
1999,18 Nisan 1999,72,Batman,ANAP,14729,10.53,1,
1999,18 Nisan 1999,72,Batman,BBP,1171,0.84,0,
1999,18 Nisan 1999,72,Batman,BP,515,0.37,0,
1999,18 Nisan 1999,72,Batman,CHP,5710,4.08,0,
1999,18 Nisan 1999,72,Batman,DEPAR,320,0.23,0,
1999,18 Nisan 1999,72,Batman,DP,639,0.46,0,
1999,18 Nisan 1999,72,Batman,DSP,3396,2.43,0,
1999,18 Nisan 1999,72,Batman,DEMTP,4323,3.09,0,
1999,18 Nisan 1999,72,Batman,DYP,19769,14.13,2,
1999,18 Nisan 1999,72,Batman,EMEP,82,0.06,0,
1999,18 Nisan 1999,72,Batman,FP,19435,13.89,1,
1999,18 Nisan 1999,72,Batman,HADEP,60765,43.43,0,EVET
1999,18 Nisan 1999,72,Batman,İP,141,0.1,0,
1999,18 Nisan 1999,72,Batman,LDP,117,0.08,0,
1999,18 Nisan 1999,72,Batman,MHP,2901,2.07,0,
1999,18 Nisan 1999,72,Batman,MP92,288,0.21,0,
1999,18 Nisan 1999,72,Batman,SİP,348,0.25,0,
1999,18 Nisan 1999,72,Batman,YDP,310,0.22,0,
1999,18 Nisan 1999,72,Batman,Bağımsız,5257,3.76,0,
1999,18 Nisan 1999,73,Şırnak,ANAP,14595,16.96,1,
1999,18 Nisan 1999,73,Şırnak,BBP,697,0.81,0,
1999,18 Nisan 1999,73,Şırnak,CHP,4425,5.14,0,
1999,18 Nisan 1999,73,Şırnak,DBP99,281,0.33,0,
1999,18 Nisan 1999,73,Şırnak,DEPAR,207,0.24,0,
1999,18 Nisan 1999,73,Şırnak,DP,367,0.43,0,
1999,18 Nisan 1999,73,Şırnak,DSP,3912,4.55,0,
1999,18 Nisan 1999,73,Şırnak,DEMTP,2503,2.91,0,
1999,18 Nisan 1999,73,Şırnak,DYP,8818,10.25,1,
1999,18 Nisan 1999,73,Şırnak,EMEP,142,0.16,0,
1999,18 Nisan 1999,73,Şırnak,FP,9598,11.15,1,
1999,18 Nisan 1999,73,Şırnak,HADEP,20737,24.09,0,EVET
1999,18 Nisan 1999,73,Şırnak,İP,162,0.19,0,
1999,18 Nisan 1999,73,Şırnak,LDP,171,0.2,0,
1999,18 Nisan 1999,73,Şırnak,MHP,4299,4.99,0,
1999,18 Nisan 1999,73,Şırnak,MP92,290,0.34,0,
1999,18 Nisan 1999,73,Şırnak,SİP,137,0.16,0,
1999,18 Nisan 1999,73,Şırnak,YDP,797,0.93,0,
1999,18 Nisan 1999,73,Şırnak,Bağımsız,14018,16.29,0,
1999,18 Nisan 1999,74,Bartın,ANAP,21827,19.79,1,
1999,18 Nisan 1999,74,Bartın,BBP,964,0.87,0,
1999,18 Nisan 1999,74,Bartın,BP,453,0.41,0,
1999,18 Nisan 1999,74,Bartın,CHP,4562,4.14,0,
1999,18 Nisan 1999,74,Bartın,DBP99,233,0.21,0,
1999,18 Nisan 1999,74,Bartın,DEPAR,426,0.39,0,
1999,18 Nisan 1999,74,Bartın,DP,544,0.49,0,
1999,18 Nisan 1999,74,Bartın,DSP,40346,36.59,1,EVET
1999,18 Nisan 1999,74,Bartın,DEMTP,786,0.71,0,
1999,18 Nisan 1999,74,Bartın,DYP,17596,15.96,0,
1999,18 Nisan 1999,74,Bartın,EMEP,234,0.21,0,
1999,18 Nisan 1999,74,Bartın,FP,9037,8.19,0,
1999,18 Nisan 1999,74,Bartın,HADEP,1548,1.4,0,
1999,18 Nisan 1999,74,Bartın,İP,223,0.2,0,
1999,18 Nisan 1999,74,Bartın,LDP,1877,1.7,0,
1999,18 Nisan 1999,74,Bartın,MHP,8154,7.39,0,
1999,18 Nisan 1999,74,Bartın,MP92,330,0.3,0,
1999,18 Nisan 1999,74,Bartın,ÖDP,834,0.76,0,
1999,18 Nisan 1999,74,Bartın,SİP,212,0.19,0,
1999,18 Nisan 1999,74,Bartın,YDP,280,0.25,0,
1999,18 Nisan 1999,74,Bartın,Bağımsız,29,0.03,0,
1999,18 Nisan 1999,75,Ardahan,ANAP,9786,16.28,0,
1999,18 Nisan 1999,75,Ardahan,BBP,634,1.05,0,
1999,18 Nisan 1999,75,Ardahan,BP,652,1.08,0,
1999,18 Nisan 1999,75,Ardahan,CHP,6402,10.65,0,
1999,18 Nisan 1999,75,Ardahan,DBP99,156,0.26,0,
1999,18 Nisan 1999,75,Ardahan,DEPAR,158,0.26,0,
1999,18 Nisan 1999,75,Ardahan,DP,411,0.68,0,
1999,18 Nisan 1999,75,Ardahan,DSP,12095,20.12,1,
1999,18 Nisan 1999,75,Ardahan,DEMTP,522,0.87,0,
1999,18 Nisan 1999,75,Ardahan,DYP,12913,21.48,1,EVET
1999,18 Nisan 1999,75,Ardahan,EMEP,199,0.33,0,
1999,18 Nisan 1999,75,Ardahan,FP,4788,7.97,0,
1999,18 Nisan 1999,75,Ardahan,HADEP,4712,7.84,0,
1999,18 Nisan 1999,75,Ardahan,İP,156,0.26,0,
1999,18 Nisan 1999,75,Ardahan,LDP,417,0.69,0,
1999,18 Nisan 1999,75,Ardahan,MHP,4897,8.15,0,
1999,18 Nisan 1999,75,Ardahan,MP92,207,0.34,0,
1999,18 Nisan 1999,75,Ardahan,ÖDP,546,0.91,0,
1999,18 Nisan 1999,75,Ardahan,SİP,154,0.26,0,
1999,18 Nisan 1999,75,Ardahan,YDP,224,0.37,0,
1999,18 Nisan 1999,76,Iğdır,ANAP,7382,12.07,0,
1999,18 Nisan 1999,76,Iğdır,BBP,386,0.63,0,
1999,18 Nisan 1999,76,Iğdır,BP,352,0.58,0,
1999,18 Nisan 1999,76,Iğdır,CHP,7584,12.4,0,
1999,18 Nisan 1999,76,Iğdır,DBP99,88,0.14,0,
1999,18 Nisan 1999,76,Iğdır,DEPAR,85,0.14,0,
1999,18 Nisan 1999,76,Iğdır,DP,207,0.34,0,
1999,18 Nisan 1999,76,Iğdır,DSP,2535,4.14,0,
1999,18 Nisan 1999,76,Iğdır,DEMTP,377,0.62,0,
1999,18 Nisan 1999,76,Iğdır,DYP,4884,7.98,0,
1999,18 Nisan 1999,76,Iğdır,EMEP,70,0.11,0,
1999,18 Nisan 1999,76,Iğdır,FP,7921,12.95,1,
1999,18 Nisan 1999,76,Iğdır,HADEP,18212,29.77,0,EVET
1999,18 Nisan 1999,76,Iğdır,İP,108,0.18,0,
1999,18 Nisan 1999,76,Iğdır,LDP,104,0.17,0,
1999,18 Nisan 1999,76,Iğdır,MHP,10416,17.03,1,
1999,18 Nisan 1999,76,Iğdır,MP92,101,0.17,0,
1999,18 Nisan 1999,76,Iğdır,ÖDP,164,0.27,0,
1999,18 Nisan 1999,76,Iğdır,SİP,84,0.14,0,
1999,18 Nisan 1999,76,Iğdır,YDP,99,0.16,0,
1999,18 Nisan 1999,76,Iğdır,Bağımsız,79,0.13,0,
1999,18 Nisan 1999,77,Yalova,ANAP,22025,23.74,1,
1999,18 Nisan 1999,77,Yalova,BBP,1008,1.09,0,
1999,18 Nisan 1999,77,Yalova,BP,187,0.2,0,
1999,18 Nisan 1999,77,Yalova,CHP,5247,5.66,0,
1999,18 Nisan 1999,77,Yalova,DBP99,109,0.12,0,
1999,18 Nisan 1999,77,Yalova,DEPAR,125,0.13,0,
1999,18 Nisan 1999,77,Yalova,DP,197,0.21,0,
1999,18 Nisan 1999,77,Yalova,DSP,22526,24.28,1,EVET
1999,18 Nisan 1999,77,Yalova,DEMTP,341,0.37,0,
1999,18 Nisan 1999,77,Yalova,DYP,12611,13.6,0,
1999,18 Nisan 1999,77,Yalova,EMEP,105,0.11,0,
1999,18 Nisan 1999,77,Yalova,FP,13487,14.54,0,
1999,18 Nisan 1999,77,Yalova,HADEP,3002,3.24,0,
1999,18 Nisan 1999,77,Yalova,İP,118,0.13,0,
1999,18 Nisan 1999,77,Yalova,LDP,290,0.31,0,
1999,18 Nisan 1999,77,Yalova,MHP,10343,11.15,0,
1999,18 Nisan 1999,77,Yalova,MP92,142,0.15,0,
1999,18 Nisan 1999,77,Yalova,ÖDP,696,0.75,0,
1999,18 Nisan 1999,77,Yalova,SİP,69,0.07,0,
1999,18 Nisan 1999,77,Yalova,YDP,170,0.18,0,
1999,18 Nisan 1999,78,Karabük,ANAP,18135,14.28,0,
1999,18 Nisan 1999,78,Karabük,BBP,1978,1.56,0,
1999,18 Nisan 1999,78,Karabük,CHP,8200,6.46,0,
1999,18 Nisan 1999,78,Karabük,DEPAR,314,0.25,0,
1999,18 Nisan 1999,78,Karabük,DP,577,0.45,0,
1999,18 Nisan 1999,78,Karabük,DSP,24762,19.5,1,
1999,18 Nisan 1999,78,Karabük,DEMTP,906,0.71,0,
1999,18 Nisan 1999,78,Karabük,DYP,21808,17.17,1,
1999,18 Nisan 1999,78,Karabük,EMEP,288,0.23,0,
1999,18 Nisan 1999,78,Karabük,FP,17660,13.91,0,
1999,18 Nisan 1999,78,Karabük,HADEP,1504,1.18,0,
1999,18 Nisan 1999,78,Karabük,İP,361,0.28,0,
1999,18 Nisan 1999,78,Karabük,LDP,960,0.76,0,
1999,18 Nisan 1999,78,Karabük,MHP,28142,22.16,1,EVET
1999,18 Nisan 1999,78,Karabük,MP92,448,0.35,0,
1999,18 Nisan 1999,78,Karabük,ÖDP,616,0.49,0,
1999,18 Nisan 1999,78,Karabük,SİP,268,0.21,0,
1999,18 Nisan 1999,78,Karabük,YDP,289,0.23,0,
1999,18 Nisan 1999,79,Kilis,ANAP,4805,9.23,0,
1999,18 Nisan 1999,79,Kilis,BBP,667,1.28,0,
1999,18 Nisan 1999,79,Kilis,BP,133,0.26,0,
1999,18 Nisan 1999,79,Kilis,CHP,3210,6.17,0,
1999,18 Nisan 1999,79,Kilis,DBP99,55,0.11,0,
1999,18 Nisan 1999,79,Kilis,DP,177,0.34,0,
1999,18 Nisan 1999,79,Kilis,DSP,10620,20.4,0,
1999,18 Nisan 1999,79,Kilis,DEMTP,137,0.26,0,
1999,18 Nisan 1999,79,Kilis,DYP,12017,23.08,1,EVET
1999,18 Nisan 1999,79,Kilis,EMEP,79,0.15,0,
1999,18 Nisan 1999,79,Kilis,FP,8055,15.47,0,
1999,18 Nisan 1999,79,Kilis,HADEP,441,0.85,0,
1999,18 Nisan 1999,79,Kilis,İP,77,0.15,0,
1999,18 Nisan 1999,79,Kilis,LDP,283,0.54,0,
1999,18 Nisan 1999,79,Kilis,MHP,10983,21.1,1,
1999,18 Nisan 1999,79,Kilis,MP92,125,0.24,0,
1999,18 Nisan 1999,79,Kilis,ÖDP,137,0.26,0,
1999,18 Nisan 1999,79,Kilis,SİP,60,0.12,0,
1999,18 Nisan 1999,79,Kilis,YDP,90,0.17,0,
1999,18 Nisan 1999,80,Osmaniye,ANAP,17253,8.75,0,
1999,18 Nisan 1999,80,Osmaniye,BBP,2833,1.44,0,
1999,18 Nisan 1999,80,Osmaniye,BP,563,0.29,0,
1999,18 Nisan 1999,80,Osmaniye,CHP,16173,8.2,0,
1999,18 Nisan 1999,80,Osmaniye,DBP99,200,0.1,0,
1999,18 Nisan 1999,80,Osmaniye,DP,497,0.25,0,
1999,18 Nisan 1999,80,Osmaniye,DSP,20030,10.16,0,
1999,18 Nisan 1999,80,Osmaniye,DEMTP,968,0.49,0,
1999,18 Nisan 1999,80,Osmaniye,DYP,25764,13.07,0,
1999,18 Nisan 1999,80,Osmaniye,EMEP,308,0.16,0,
1999,18 Nisan 1999,80,Osmaniye,FP,26363,13.37,1,
1999,18 Nisan 1999,80,Osmaniye,HADEP,3194,1.62,0,
1999,18 Nisan 1999,80,Osmaniye,İP,452,0.23,0,
1999,18 Nisan 1999,80,Osmaniye,LDP,637,0.32,0,
1999,18 Nisan 1999,80,Osmaniye,MHP,80738,40.95,3,EVET
1999,18 Nisan 1999,80,Osmaniye,MP92,606,0.31,0,
1999,18 Nisan 1999,80,Osmaniye,ÖDP,592,0.3,0,
1999,18 Nisan 1999,80,Osmaniye,SİP,203,0.1,0,
1999,18 Nisan 1999,80,Osmaniye,YDP,170,0.09,0,
2002,3 Kasım 2002,1,Adana,AK Parti,229729,26.92,8,EVET
2002,3 Kasım 2002,1,Adana,ANAP,30939,3.63,0,
2002,3 Kasım 2002,1,Adana,BBP,4852,0.57,0,
2002,3 Kasım 2002,1,Adana,BTP,2090,0.24,0,
2002,3 Kasım 2002,1,Adana,CHP,182436,21.38,6,
2002,3 Kasım 2002,1,Adana,DEHAP,79200,9.28,0,
2002,3 Kasım 2002,1,Adana,DSP,11893,1.39,0,
2002,3 Kasım 2002,1,Adana,DYP,98440,11.53,0,
2002,3 Kasım 2002,1,Adana,GP,75464,8.84,0,
2002,3 Kasım 2002,1,Adana,İP,3950,0.46,0,
2002,3 Kasım 2002,1,Adana,LDP,1592,0.19,0,
2002,3 Kasım 2002,1,Adana,MHP,97700,11.45,0,
2002,3 Kasım 2002,1,Adana,MP92,1484,0.17,0,
2002,3 Kasım 2002,1,Adana,ÖDP,3749,0.44,0,
2002,3 Kasım 2002,1,Adana,SP,14102,1.65,0,
2002,3 Kasım 2002,1,Adana,TKP,1752,0.21,0,
2002,3 Kasım 2002,1,Adana,YP,6353,0.74,0,
2002,3 Kasım 2002,1,Adana,YTP02,8958,1.05,0,
2002,3 Kasım 2002,1,Adana,Bağımsız,1115,0.13,0,
2002,3 Kasım 2002,2,Adıyaman,AK Parti,88831,41.57,4,EVET
2002,3 Kasım 2002,2,Adıyaman,ANAP,11423,5.35,0,
2002,3 Kasım 2002,2,Adıyaman,BBP,3111,1.46,0,
2002,3 Kasım 2002,2,Adıyaman,BTP,695,0.33,0,
2002,3 Kasım 2002,2,Adıyaman,CHP,28710,13.43,1,
2002,3 Kasım 2002,2,Adıyaman,DEHAP,25602,11.98,0,
2002,3 Kasım 2002,2,Adıyaman,DSP,3830,1.79,0,
2002,3 Kasım 2002,2,Adıyaman,DYP,20935,9.8,0,
2002,3 Kasım 2002,2,Adıyaman,GP,4518,2.11,0,
2002,3 Kasım 2002,2,Adıyaman,İP,542,0.25,0,
2002,3 Kasım 2002,2,Adıyaman,LDP,658,0.31,0,
2002,3 Kasım 2002,2,Adıyaman,MHP,10238,4.79,0,
2002,3 Kasım 2002,2,Adıyaman,MP92,582,0.27,0,
2002,3 Kasım 2002,2,Adıyaman,ÖDP,333,0.16,0,
2002,3 Kasım 2002,2,Adıyaman,SP,11703,5.48,0,
2002,3 Kasım 2002,2,Adıyaman,TKP,248,0.12,0,
2002,3 Kasım 2002,2,Adıyaman,YP,603,0.28,0,
2002,3 Kasım 2002,2,Adıyaman,YTP02,1620,0.76,0,
2002,3 Kasım 2002,2,Adıyaman,Bağımsız,42,0.02,0,
2002,3 Kasım 2002,3,Afyonkarahisar,AK Parti,149518,42.79,6,EVET
2002,3 Kasım 2002,3,Afyonkarahisar,ANAP,17778,5.09,0,
2002,3 Kasım 2002,3,Afyonkarahisar,BBP,3125,0.89,0,
2002,3 Kasım 2002,3,Afyonkarahisar,BTP,1513,0.43,0,
2002,3 Kasım 2002,3,Afyonkarahisar,CHP,43488,12.45,1,
2002,3 Kasım 2002,3,Afyonkarahisar,DEHAP,3784,1.08,0,
2002,3 Kasım 2002,3,Afyonkarahisar,DSP,3089,0.88,0,
2002,3 Kasım 2002,3,Afyonkarahisar,DYP,48075,13.76,0,
2002,3 Kasım 2002,3,Afyonkarahisar,GP,18947,5.42,0,
2002,3 Kasım 2002,3,Afyonkarahisar,İP,1739,0.5,0,
2002,3 Kasım 2002,3,Afyonkarahisar,LDP,615,0.18,0,
2002,3 Kasım 2002,3,Afyonkarahisar,MHP,49177,14.07,0,
2002,3 Kasım 2002,3,Afyonkarahisar,MP92,1194,0.34,0,
2002,3 Kasım 2002,3,Afyonkarahisar,ÖDP,536,0.15,0,
2002,3 Kasım 2002,3,Afyonkarahisar,SP,4520,1.29,0,
2002,3 Kasım 2002,3,Afyonkarahisar,TKP,406,0.12,0,
2002,3 Kasım 2002,3,Afyonkarahisar,YP,1720,0.49,0,
2002,3 Kasım 2002,3,Afyonkarahisar,YTP02,1141,0.33,0,
2002,3 Kasım 2002,3,Afyonkarahisar,Bağımsız,124,0.04,0,
2002,3 Kasım 2002,4,Ağrı,AK Parti,26219,17.76,3,
2002,3 Kasım 2002,4,Ağrı,ANAP,7534,5.1,0,
2002,3 Kasım 2002,4,Ağrı,BBP,2264,1.53,0,
2002,3 Kasım 2002,4,Ağrı,BTP,591,0.4,0,
2002,3 Kasım 2002,4,Ağrı,CHP,14230,9.64,2,
2002,3 Kasım 2002,4,Ağrı,DEHAP,51818,35.09,0,EVET
2002,3 Kasım 2002,4,Ağrı,DSP,2113,1.43,0,
2002,3 Kasım 2002,4,Ağrı,DYP,11550,7.82,0,
2002,3 Kasım 2002,4,Ağrı,GP,2177,1.47,0,
2002,3 Kasım 2002,4,Ağrı,İP,297,0.2,0,
2002,3 Kasım 2002,4,Ağrı,LDP,226,0.15,0,
2002,3 Kasım 2002,4,Ağrı,MHP,7835,5.31,0,
2002,3 Kasım 2002,4,Ağrı,MP92,435,0.29,0,
2002,3 Kasım 2002,4,Ağrı,ÖDP,329,0.22,0,
2002,3 Kasım 2002,4,Ağrı,SP,10633,7.2,0,
2002,3 Kasım 2002,4,Ağrı,TKP,152,0.1,0,
2002,3 Kasım 2002,4,Ağrı,YP,1034,0.7,0,
2002,3 Kasım 2002,4,Ağrı,YTP02,1124,0.76,0,
2002,3 Kasım 2002,4,Ağrı,Bağımsız,7322,4.96,0,
2002,3 Kasım 2002,5,Amasya,AK Parti,75080,39.76,2,EVET
2002,3 Kasım 2002,5,Amasya,ANAP,9443,5.0,0,
2002,3 Kasım 2002,5,Amasya,BBP,2832,1.5,0,
2002,3 Kasım 2002,5,Amasya,BTP,546,0.29,0,
2002,3 Kasım 2002,5,Amasya,CHP,43864,23.23,1,
2002,3 Kasım 2002,5,Amasya,DEHAP,2470,1.31,0,
2002,3 Kasım 2002,5,Amasya,DSP,3186,1.69,0,
2002,3 Kasım 2002,5,Amasya,DYP,20383,10.8,0,
2002,3 Kasım 2002,5,Amasya,GP,5362,2.84,0,
2002,3 Kasım 2002,5,Amasya,İP,733,0.39,0,
2002,3 Kasım 2002,5,Amasya,LDP,321,0.17,0,
2002,3 Kasım 2002,5,Amasya,MHP,19100,10.12,0,
2002,3 Kasım 2002,5,Amasya,MP92,470,0.25,0,
2002,3 Kasım 2002,5,Amasya,ÖDP,509,0.27,0,
2002,3 Kasım 2002,5,Amasya,SP,3310,1.75,0,
2002,3 Kasım 2002,5,Amasya,TKP,182,0.1,0,
2002,3 Kasım 2002,5,Amasya,YP,803,0.43,0,
2002,3 Kasım 2002,5,Amasya,YTP02,805,0.43,0,
2002,3 Kasım 2002,6,Ankara,AK Parti,820260,38.26,17,EVET
2002,3 Kasım 2002,6,Ankara,ANAP,62900,2.93,0,
2002,3 Kasım 2002,6,Ankara,BBP,25249,1.18,0,
2002,3 Kasım 2002,6,Ankara,BTP,13309,0.62,0,
2002,3 Kasım 2002,6,Ankara,CHP,603385,28.14,12,
2002,3 Kasım 2002,6,Ankara,DEHAP,52578,2.45,0,
2002,3 Kasım 2002,6,Ankara,DSP,20121,0.94,0,
2002,3 Kasım 2002,6,Ankara,DYP,116611,5.44,0,
2002,3 Kasım 2002,6,Ankara,GP,146163,6.82,0,
2002,3 Kasım 2002,6,Ankara,İP,15582,0.73,0,
2002,3 Kasım 2002,6,Ankara,LDP,9773,0.46,0,
2002,3 Kasım 2002,6,Ankara,MHP,184826,8.62,0,
2002,3 Kasım 2002,6,Ankara,MP92,2462,0.11,0,
2002,3 Kasım 2002,6,Ankara,ÖDP,9584,0.45,0,
2002,3 Kasım 2002,6,Ankara,SP,23893,1.11,0,
2002,3 Kasım 2002,6,Ankara,TKP,6171,0.29,0,
2002,3 Kasım 2002,6,Ankara,YP,13688,0.64,0,
2002,3 Kasım 2002,6,Ankara,YTP02,23523,1.1,0,
2002,3 Kasım 2002,6,Ankara,Bağımsız,948,0.04,0,
2002,3 Kasım 2002,7,Antalya,AK Parti,159733,21.24,5,
2002,3 Kasım 2002,7,Antalya,ANAP,67552,8.98,0,
2002,3 Kasım 2002,7,Antalya,BBP,4297,0.57,0,
2002,3 Kasım 2002,7,Antalya,BTP,1322,0.18,0,
2002,3 Kasım 2002,7,Antalya,CHP,233463,31.05,8,EVET
2002,3 Kasım 2002,7,Antalya,DEHAP,20919,2.78,0,
2002,3 Kasım 2002,7,Antalya,DSP,5751,0.76,0,
2002,3 Kasım 2002,7,Antalya,DYP,110696,14.72,0,
2002,3 Kasım 2002,7,Antalya,GP,41523,5.52,0,
2002,3 Kasım 2002,7,Antalya,İP,3424,0.46,0,
2002,3 Kasım 2002,7,Antalya,LDP,1713,0.23,0,
2002,3 Kasım 2002,7,Antalya,MHP,78264,10.41,0,
2002,3 Kasım 2002,7,Antalya,MP92,2046,0.27,0,
2002,3 Kasım 2002,7,Antalya,ÖDP,2175,0.29,0,
2002,3 Kasım 2002,7,Antalya,SP,7645,1.02,0,
2002,3 Kasım 2002,7,Antalya,TKP,1235,0.16,0,
2002,3 Kasım 2002,7,Antalya,YP,5413,0.72,0,
2002,3 Kasım 2002,7,Antalya,YTP02,6581,0.88,0,
2002,3 Kasım 2002,7,Antalya,Bağımsız,457,0.06,0,
2002,3 Kasım 2002,8,Artvin,AK Parti,23979,23.3,1,
2002,3 Kasım 2002,8,Artvin,ANAP,9588,9.32,0,
2002,3 Kasım 2002,8,Artvin,BBP,816,0.79,0,
2002,3 Kasım 2002,8,Artvin,BTP,893,0.87,0,
2002,3 Kasım 2002,8,Artvin,CHP,26243,25.5,1,EVET
2002,3 Kasım 2002,8,Artvin,DEHAP,951,0.92,0,
2002,3 Kasım 2002,8,Artvin,DSP,1311,1.27,0,
2002,3 Kasım 2002,8,Artvin,DYP,21493,20.88,0,
2002,3 Kasım 2002,8,Artvin,GP,1599,1.55,0,
2002,3 Kasım 2002,8,Artvin,İP,491,0.48,0,
2002,3 Kasım 2002,8,Artvin,LDP,252,0.24,0,
2002,3 Kasım 2002,8,Artvin,MHP,10582,10.28,0,
2002,3 Kasım 2002,8,Artvin,MP92,413,0.4,0,
2002,3 Kasım 2002,8,Artvin,ÖDP,1506,1.46,0,
2002,3 Kasım 2002,8,Artvin,SP,1356,1.32,0,
2002,3 Kasım 2002,8,Artvin,TKP,232,0.23,0,
2002,3 Kasım 2002,8,Artvin,YP,715,0.69,0,
2002,3 Kasım 2002,8,Artvin,YTP02,793,0.77,0,
2002,3 Kasım 2002,9,Aydın,AK Parti,89713,18.33,4,
2002,3 Kasım 2002,9,Aydın,ANAP,27695,5.66,0,
2002,3 Kasım 2002,9,Aydın,BBP,4180,0.85,0,
2002,3 Kasım 2002,9,Aydın,BTP,1453,0.3,0,
2002,3 Kasım 2002,9,Aydın,CHP,101830,20.8,4,EVET
2002,3 Kasım 2002,9,Aydın,DEHAP,24542,5.01,0,
2002,3 Kasım 2002,9,Aydın,DSP,6952,1.42,0,
2002,3 Kasım 2002,9,Aydın,DYP,97232,19.87,0,
2002,3 Kasım 2002,9,Aydın,GP,47789,9.76,0,
2002,3 Kasım 2002,9,Aydın,İP,3575,0.73,0,
2002,3 Kasım 2002,9,Aydın,LDP,1146,0.23,0,
2002,3 Kasım 2002,9,Aydın,MHP,58815,12.02,0,
2002,3 Kasım 2002,9,Aydın,MP92,1454,0.3,0,
2002,3 Kasım 2002,9,Aydın,ÖDP,1620,0.33,0,
2002,3 Kasım 2002,9,Aydın,SP,3901,0.8,0,
2002,3 Kasım 2002,9,Aydın,TKP,949,0.19,0,
2002,3 Kasım 2002,9,Aydın,YP,3176,0.65,0,
2002,3 Kasım 2002,9,Aydın,YTP02,5573,1.14,0,
2002,3 Kasım 2002,9,Aydın,Bağımsız,9169,1.87,0,
2002,3 Kasım 2002,10,Balıkesir,AK Parti,213569,33.7,5,EVET
2002,3 Kasım 2002,10,Balıkesir,ANAP,32565,5.14,0,
2002,3 Kasım 2002,10,Balıkesir,BBP,4408,0.7,0,
2002,3 Kasım 2002,10,Balıkesir,BTP,2298,0.36,0,
2002,3 Kasım 2002,10,Balıkesir,CHP,125095,19.74,3,
2002,3 Kasım 2002,10,Balıkesir,DEHAP,10199,1.61,0,
2002,3 Kasım 2002,10,Balıkesir,DSP,11121,1.75,0,
2002,3 Kasım 2002,10,Balıkesir,DYP,94728,14.95,0,
2002,3 Kasım 2002,10,Balıkesir,GP,56729,8.95,0,
2002,3 Kasım 2002,10,Balıkesir,İP,3214,0.51,0,
2002,3 Kasım 2002,10,Balıkesir,LDP,2320,0.37,0,
2002,3 Kasım 2002,10,Balıkesir,MHP,50500,7.97,0,
2002,3 Kasım 2002,10,Balıkesir,MP92,1877,0.3,0,
2002,3 Kasım 2002,10,Balıkesir,ÖDP,2116,0.33,0,
2002,3 Kasım 2002,10,Balıkesir,SP,9223,1.46,0,
2002,3 Kasım 2002,10,Balıkesir,TKP,1237,0.2,0,
2002,3 Kasım 2002,10,Balıkesir,YP,7300,1.15,0,
2002,3 Kasım 2002,10,Balıkesir,YTP02,6784,1.07,0,
2002,3 Kasım 2002,10,Balıkesir,Bağımsız,225,0.04,0,
2002,3 Kasım 2002,11,Bilecik,AK Parti,27453,24.97,1,EVET
2002,3 Kasım 2002,11,Bilecik,ANAP,6582,5.99,0,
2002,3 Kasım 2002,11,Bilecik,BBP,588,0.53,0,
2002,3 Kasım 2002,11,Bilecik,BTP,391,0.36,0,
2002,3 Kasım 2002,11,Bilecik,CHP,20279,18.45,1,
2002,3 Kasım 2002,11,Bilecik,DEHAP,1160,1.06,0,
2002,3 Kasım 2002,11,Bilecik,DSP,1295,1.18,0,
2002,3 Kasım 2002,11,Bilecik,DYP,24055,21.88,0,
2002,3 Kasım 2002,11,Bilecik,GP,10629,9.67,0,
2002,3 Kasım 2002,11,Bilecik,İP,576,0.52,0,
2002,3 Kasım 2002,11,Bilecik,LDP,213,0.19,0,
2002,3 Kasım 2002,11,Bilecik,MHP,11009,10.01,0,
2002,3 Kasım 2002,11,Bilecik,MP92,245,0.22,0,
2002,3 Kasım 2002,11,Bilecik,ÖDP,224,0.2,0,
2002,3 Kasım 2002,11,Bilecik,SP,3980,3.62,0,
2002,3 Kasım 2002,11,Bilecik,TKP,139,0.13,0,
2002,3 Kasım 2002,11,Bilecik,YP,839,0.76,0,
2002,3 Kasım 2002,11,Bilecik,YTP02,577,0.52,0,
2002,3 Kasım 2002,12,Bingöl,AK Parti,28198,31.83,3,EVET
2002,3 Kasım 2002,12,Bingöl,ANAP,830,0.94,0,
2002,3 Kasım 2002,12,Bingöl,BBP,861,0.97,0,
2002,3 Kasım 2002,12,Bingöl,BTP,352,0.4,0,
2002,3 Kasım 2002,12,Bingöl,CHP,6998,7.9,0,
2002,3 Kasım 2002,12,Bingöl,DEHAP,19660,22.19,0,
2002,3 Kasım 2002,12,Bingöl,DSP,696,0.79,0,
2002,3 Kasım 2002,12,Bingöl,DYP,5796,6.54,0,
2002,3 Kasım 2002,12,Bingöl,GP,886,1.0,0,
2002,3 Kasım 2002,12,Bingöl,İP,155,0.17,0,
2002,3 Kasım 2002,12,Bingöl,LDP,79,0.09,0,
2002,3 Kasım 2002,12,Bingöl,MHP,7801,8.81,0,
2002,3 Kasım 2002,12,Bingöl,MP92,119,0.13,0,
2002,3 Kasım 2002,12,Bingöl,ÖDP,118,0.13,0,
2002,3 Kasım 2002,12,Bingöl,SP,7282,8.22,0,
2002,3 Kasım 2002,12,Bingöl,TKP,62,0.07,0,
2002,3 Kasım 2002,12,Bingöl,YP,227,0.26,0,
2002,3 Kasım 2002,12,Bingöl,YTP02,143,0.16,0,
2002,3 Kasım 2002,12,Bingöl,Bağımsız,8494,9.59,0,
2002,3 Kasım 2002,13,Bitlis,AK Parti,18151,17.72,3,
2002,3 Kasım 2002,13,Bitlis,ANAP,6592,6.44,0,
2002,3 Kasım 2002,13,Bitlis,BBP,763,0.74,0,
2002,3 Kasım 2002,13,Bitlis,BTP,378,0.37,0,
2002,3 Kasım 2002,13,Bitlis,CHP,4644,4.53,0,
2002,3 Kasım 2002,13,Bitlis,DEHAP,30277,29.56,0,EVET
2002,3 Kasım 2002,13,Bitlis,DSP,756,0.74,0,
2002,3 Kasım 2002,13,Bitlis,DYP,9549,9.32,0,
2002,3 Kasım 2002,13,Bitlis,GP,945,0.92,0,
2002,3 Kasım 2002,13,Bitlis,İP,107,0.1,0,
2002,3 Kasım 2002,13,Bitlis,LDP,102,0.1,0,
2002,3 Kasım 2002,13,Bitlis,MHP,6615,6.46,0,
2002,3 Kasım 2002,13,Bitlis,MP92,172,0.17,0,
2002,3 Kasım 2002,13,Bitlis,ÖDP,148,0.14,0,
2002,3 Kasım 2002,13,Bitlis,SP,4555,4.45,0,
2002,3 Kasım 2002,13,Bitlis,TKP,70,0.07,0,
2002,3 Kasım 2002,13,Bitlis,YP,330,0.32,0,
2002,3 Kasım 2002,13,Bitlis,YTP02,1008,0.98,0,
2002,3 Kasım 2002,13,Bitlis,Bağımsız,17379,16.97,0,
2002,3 Kasım 2002,14,Bolu,AK Parti,66842,43.24,3,EVET
2002,3 Kasım 2002,14,Bolu,ANAP,13173,8.52,0,
2002,3 Kasım 2002,14,Bolu,BBP,1510,0.98,0,
2002,3 Kasım 2002,14,Bolu,BTP,801,0.52,0,
2002,3 Kasım 2002,14,Bolu,CHP,18099,11.71,0,
2002,3 Kasım 2002,14,Bolu,DEHAP,2160,1.4,0,
2002,3 Kasım 2002,14,Bolu,DSP,2179,1.41,0,
2002,3 Kasım 2002,14,Bolu,DYP,18637,12.06,0,
2002,3 Kasım 2002,14,Bolu,GP,10845,7.02,0,
2002,3 Kasım 2002,14,Bolu,İP,693,0.45,0,
2002,3 Kasım 2002,14,Bolu,LDP,420,0.27,0,
2002,3 Kasım 2002,14,Bolu,MHP,11902,7.7,0,
2002,3 Kasım 2002,14,Bolu,MP92,492,0.32,0,
2002,3 Kasım 2002,14,Bolu,ÖDP,400,0.26,0,
2002,3 Kasım 2002,14,Bolu,SP,4072,2.63,0,
2002,3 Kasım 2002,14,Bolu,TKP,272,0.18,0,
2002,3 Kasım 2002,14,Bolu,YP,1174,0.76,0,
2002,3 Kasım 2002,14,Bolu,YTP02,1337,0.86,0,
2002,3 Kasım 2002,15,Burdur,AK Parti,40773,27.35,2,EVET
2002,3 Kasım 2002,15,Burdur,ANAP,7867,5.28,0,
2002,3 Kasım 2002,15,Burdur,BBP,1956,1.31,0,
2002,3 Kasım 2002,15,Burdur,BTP,394,0.26,0,
2002,3 Kasım 2002,15,Burdur,CHP,29359,19.7,1,
2002,3 Kasım 2002,15,Burdur,DEHAP,1257,0.84,0,
2002,3 Kasım 2002,15,Burdur,DSP,1714,1.15,0,
2002,3 Kasım 2002,15,Burdur,DYP,30005,20.13,0,
2002,3 Kasım 2002,15,Burdur,GP,9218,6.18,0,
2002,3 Kasım 2002,15,Burdur,İP,639,0.43,0,
2002,3 Kasım 2002,15,Burdur,LDP,306,0.21,0,
2002,3 Kasım 2002,15,Burdur,MHP,18998,12.74,0,
2002,3 Kasım 2002,15,Burdur,MP92,598,0.4,0,
2002,3 Kasım 2002,15,Burdur,ÖDP,596,0.4,0,
2002,3 Kasım 2002,15,Burdur,SP,2982,2.0,0,
2002,3 Kasım 2002,15,Burdur,TKP,254,0.17,0,
2002,3 Kasım 2002,15,Burdur,YP,1203,0.81,0,
2002,3 Kasım 2002,15,Burdur,YTP02,1341,0.9,0,
2002,3 Kasım 2002,15,Burdur,Bağımsız,31,0.02,0,
2002,3 Kasım 2002,16,Bursa,AK Parti,469280,41.45,12,EVET
2002,3 Kasım 2002,16,Bursa,ANAP,54994,4.86,0,
2002,3 Kasım 2002,16,Bursa,BBP,6799,0.6,0,
2002,3 Kasım 2002,16,Bursa,BTP,7104,0.63,0,
2002,3 Kasım 2002,16,Bursa,CHP,173299,15.31,4,
2002,3 Kasım 2002,16,Bursa,DEHAP,23810,2.1,0,
2002,3 Kasım 2002,16,Bursa,DSP,14984,1.32,0,
2002,3 Kasım 2002,16,Bursa,DYP,130414,11.52,0,
2002,3 Kasım 2002,16,Bursa,GP,98740,8.72,0,
2002,3 Kasım 2002,16,Bursa,İP,4423,0.39,0,
2002,3 Kasım 2002,16,Bursa,LDP,5690,0.5,0,
2002,3 Kasım 2002,16,Bursa,MHP,73717,6.51,0,
2002,3 Kasım 2002,16,Bursa,MP92,2326,0.21,0,
2002,3 Kasım 2002,16,Bursa,ÖDP,3199,0.28,0,
2002,3 Kasım 2002,16,Bursa,SP,33095,2.92,0,
2002,3 Kasım 2002,16,Bursa,TKP,1726,0.15,0,
2002,3 Kasım 2002,16,Bursa,YP,16211,1.43,0,
2002,3 Kasım 2002,16,Bursa,YTP02,13988,1.24,0,
2002,3 Kasım 2002,16,Bursa,Bağımsız,1448,0.13,0,
2002,3 Kasım 2002,17,Çanakkale,AK Parti,71358,25.94,2,EVET
2002,3 Kasım 2002,17,Çanakkale,ANAP,20538,7.46,0,
2002,3 Kasım 2002,17,Çanakkale,BBP,1433,0.52,0,
2002,3 Kasım 2002,17,Çanakkale,BTP,860,0.31,0,
2002,3 Kasım 2002,17,Çanakkale,CHP,63191,22.97,2,
2002,3 Kasım 2002,17,Çanakkale,DEHAP,2793,1.02,0,
2002,3 Kasım 2002,17,Çanakkale,DSP,4063,1.48,0,
2002,3 Kasım 2002,17,Çanakkale,DYP,46738,16.99,0,
2002,3 Kasım 2002,17,Çanakkale,GP,24707,8.98,0,
2002,3 Kasım 2002,17,Çanakkale,İP,1587,0.58,0,
2002,3 Kasım 2002,17,Çanakkale,LDP,810,0.29,0,
2002,3 Kasım 2002,17,Çanakkale,MHP,27304,9.92,0,
2002,3 Kasım 2002,17,Çanakkale,MP92,832,0.3,0,
2002,3 Kasım 2002,17,Çanakkale,ÖDP,852,0.31,0,
2002,3 Kasım 2002,17,Çanakkale,SP,1804,0.66,0,
2002,3 Kasım 2002,17,Çanakkale,TKP,449,0.16,0,
2002,3 Kasım 2002,17,Çanakkale,YP,3052,1.11,0,
2002,3 Kasım 2002,17,Çanakkale,YTP02,3254,1.18,0,
2002,3 Kasım 2002,17,Çanakkale,Bağımsız,300,0.11,0,
2002,3 Kasım 2002,18,Çankırı,AK Parti,52858,50.1,3,EVET
2002,3 Kasım 2002,18,Çankırı,ANAP,3298,3.13,0,
2002,3 Kasım 2002,18,Çankırı,BBP,1894,1.8,0,
2002,3 Kasım 2002,18,Çankırı,BTP,636,0.6,0,
2002,3 Kasım 2002,18,Çankırı,CHP,6737,6.39,0,
2002,3 Kasım 2002,18,Çankırı,DEHAP,1661,1.57,0,
2002,3 Kasım 2002,18,Çankırı,DSP,668,0.63,0,
2002,3 Kasım 2002,18,Çankırı,DYP,15993,15.16,0,
2002,3 Kasım 2002,18,Çankırı,GP,2994,2.84,0,
2002,3 Kasım 2002,18,Çankırı,İP,336,0.32,0,
2002,3 Kasım 2002,18,Çankırı,LDP,213,0.2,0,
2002,3 Kasım 2002,18,Çankırı,MHP,14950,14.17,0,
2002,3 Kasım 2002,18,Çankırı,MP92,219,0.21,0,
2002,3 Kasım 2002,18,Çankırı,ÖDP,172,0.16,0,
2002,3 Kasım 2002,18,Çankırı,SP,2240,2.12,0,
2002,3 Kasım 2002,18,Çankırı,TKP,162,0.15,0,
2002,3 Kasım 2002,18,Çankırı,YP,437,0.41,0,
2002,3 Kasım 2002,18,Çankırı,YTP02,345,0.33,0,
2002,3 Kasım 2002,19,Çorum,AK Parti,153533,48.6,4,EVET
2002,3 Kasım 2002,19,Çorum,ANAP,7445,2.36,0,
2002,3 Kasım 2002,19,Çorum,BBP,3341,1.06,0,
2002,3 Kasım 2002,19,Çorum,BTP,1034,0.33,0,
2002,3 Kasım 2002,19,Çorum,CHP,70243,22.24,1,
2002,3 Kasım 2002,19,Çorum,DEHAP,6113,1.94,0,
2002,3 Kasım 2002,19,Çorum,DSP,2014,0.64,0,
2002,3 Kasım 2002,19,Çorum,DYP,24917,7.89,0,
2002,3 Kasım 2002,19,Çorum,GP,9514,3.01,0,
2002,3 Kasım 2002,19,Çorum,İP,1443,0.46,0,
2002,3 Kasım 2002,19,Çorum,LDP,752,0.24,0,
2002,3 Kasım 2002,19,Çorum,MHP,27524,8.71,0,
2002,3 Kasım 2002,19,Çorum,MP92,699,0.22,0,
2002,3 Kasım 2002,19,Çorum,ÖDP,767,0.24,0,
2002,3 Kasım 2002,19,Çorum,SP,5027,1.59,0,
2002,3 Kasım 2002,19,Çorum,TKP,402,0.13,0,
2002,3 Kasım 2002,19,Çorum,YP,1095,0.35,0,
2002,3 Kasım 2002,19,Çorum,YTP02,1046,0.33,0,
2002,3 Kasım 2002,20,Denizli,AK Parti,107842,24.25,4,EVET
2002,3 Kasım 2002,20,Denizli,ANAP,31309,7.04,0,
2002,3 Kasım 2002,20,Denizli,BBP,4152,0.93,0,
2002,3 Kasım 2002,20,Denizli,BTP,1113,0.25,0,
2002,3 Kasım 2002,20,Denizli,CHP,92614,20.83,3,
2002,3 Kasım 2002,20,Denizli,DEHAP,8190,1.84,0,
2002,3 Kasım 2002,20,Denizli,DSP,8182,1.84,0,
2002,3 Kasım 2002,20,Denizli,DYP,80286,18.06,0,
2002,3 Kasım 2002,20,Denizli,GP,45639,10.26,0,
2002,3 Kasım 2002,20,Denizli,İP,3672,0.83,0,
2002,3 Kasım 2002,20,Denizli,LDP,1574,0.35,0,
2002,3 Kasım 2002,20,Denizli,MHP,45551,10.24,0,
2002,3 Kasım 2002,20,Denizli,MP92,1793,0.4,0,
2002,3 Kasım 2002,20,Denizli,ÖDP,1646,0.37,0,
2002,3 Kasım 2002,20,Denizli,SP,3696,0.83,0,
2002,3 Kasım 2002,20,Denizli,TKP,806,0.18,0,
2002,3 Kasım 2002,20,Denizli,YP,3573,0.8,0,
2002,3 Kasım 2002,20,Denizli,YTP02,4036,0.91,0,
2002,3 Kasım 2002,20,Denizli,Bağımsız,212,0.05,0,
2002,3 Kasım 2002,21,Diyarbakır,AK Parti,67298,16.0,8,
2002,3 Kasım 2002,21,Diyarbakır,ANAP,16951,4.03,0,
2002,3 Kasım 2002,21,Diyarbakır,BBP,2777,0.66,0,
2002,3 Kasım 2002,21,Diyarbakır,BTP,1212,0.29,0,
2002,3 Kasım 2002,21,Diyarbakır,CHP,24963,5.94,2,
2002,3 Kasım 2002,21,Diyarbakır,DEHAP,236203,56.16,0,EVET
2002,3 Kasım 2002,21,Diyarbakır,DSP,4781,1.14,0,
2002,3 Kasım 2002,21,Diyarbakır,DYP,30330,7.21,0,
2002,3 Kasım 2002,21,Diyarbakır,GP,7323,1.74,0,
2002,3 Kasım 2002,21,Diyarbakır,İP,694,0.17,0,
2002,3 Kasım 2002,21,Diyarbakır,LDP,612,0.15,0,
2002,3 Kasım 2002,21,Diyarbakır,MHP,6415,1.53,0,
2002,3 Kasım 2002,21,Diyarbakır,MP92,1016,0.24,0,
2002,3 Kasım 2002,21,Diyarbakır,ÖDP,790,0.19,0,
2002,3 Kasım 2002,21,Diyarbakır,SP,9644,2.29,0,
2002,3 Kasım 2002,21,Diyarbakır,TKP,490,0.12,0,
2002,3 Kasım 2002,21,Diyarbakır,YP,1935,0.46,0,
2002,3 Kasım 2002,21,Diyarbakır,YTP02,1858,0.44,0,
2002,3 Kasım 2002,21,Diyarbakır,Bağımsız,5714,1.36,0,
2002,3 Kasım 2002,22,Edirne,AK Parti,20257,8.76,1,
2002,3 Kasım 2002,22,Edirne,ANAP,9791,4.23,0,
2002,3 Kasım 2002,22,Edirne,BBP,1246,0.54,0,
2002,3 Kasım 2002,22,Edirne,BTP,606,0.26,0,
2002,3 Kasım 2002,22,Edirne,CHP,66877,28.92,3,EVET
2002,3 Kasım 2002,22,Edirne,DEHAP,2036,0.88,0,
2002,3 Kasım 2002,22,Edirne,DSP,9213,3.98,0,
2002,3 Kasım 2002,22,Edirne,DYP,38250,16.54,0,
2002,3 Kasım 2002,22,Edirne,GP,43109,18.64,0,
2002,3 Kasım 2002,22,Edirne,İP,1613,0.7,0,
2002,3 Kasım 2002,22,Edirne,LDP,672,0.29,0,
2002,3 Kasım 2002,22,Edirne,MHP,21889,9.47,0,
2002,3 Kasım 2002,22,Edirne,MP92,813,0.35,0,
2002,3 Kasım 2002,22,Edirne,ÖDP,1485,0.64,0,
2002,3 Kasım 2002,22,Edirne,SP,4549,1.97,0,
2002,3 Kasım 2002,22,Edirne,TKP,520,0.22,0,
2002,3 Kasım 2002,22,Edirne,YP,4297,1.86,0,
2002,3 Kasım 2002,22,Edirne,YTP02,4340,1.88,0,
2002,3 Kasım 2002,22,Edirne,Bağımsız,118,0.05,0,
2002,3 Kasım 2002,23,Elazığ,AK Parti,102474,42.12,4,EVET
2002,3 Kasım 2002,23,Elazığ,ANAP,5725,2.35,0,
2002,3 Kasım 2002,23,Elazığ,BBP,2209,0.91,0,
2002,3 Kasım 2002,23,Elazığ,BTP,1735,0.71,0,
2002,3 Kasım 2002,23,Elazığ,CHP,21613,8.88,0,
2002,3 Kasım 2002,23,Elazığ,DEHAP,17344,7.13,0,
2002,3 Kasım 2002,23,Elazığ,DSP,917,0.38,0,
2002,3 Kasım 2002,23,Elazığ,DYP,4387,1.8,0,
2002,3 Kasım 2002,23,Elazığ,GP,3931,1.62,0,
2002,3 Kasım 2002,23,Elazığ,İP,636,0.26,0,
2002,3 Kasım 2002,23,Elazığ,LDP,193,0.08,0,
2002,3 Kasım 2002,23,Elazığ,MHP,16165,6.64,0,
2002,3 Kasım 2002,23,Elazığ,MP92,245,0.1,0,
2002,3 Kasım 2002,23,Elazığ,ÖDP,484,0.2,0,
2002,3 Kasım 2002,23,Elazığ,SP,14372,5.91,0,
2002,3 Kasım 2002,23,Elazığ,TKP,191,0.08,0,
2002,3 Kasım 2002,23,Elazığ,YP,727,0.3,0,
2002,3 Kasım 2002,23,Elazığ,YTP02,411,0.17,0,
2002,3 Kasım 2002,23,Elazığ,Bağımsız,50315,20.68,0,
2002,3 Kasım 2002,24,Erzincan,AK Parti,44377,40.77,2,EVET
2002,3 Kasım 2002,24,Erzincan,ANAP,4000,3.67,0,
2002,3 Kasım 2002,24,Erzincan,BBP,1128,1.04,0,
2002,3 Kasım 2002,24,Erzincan,BTP,401,0.37,0,
2002,3 Kasım 2002,24,Erzincan,CHP,30358,27.89,1,
2002,3 Kasım 2002,24,Erzincan,DEHAP,1762,1.62,0,
2002,3 Kasım 2002,24,Erzincan,DSP,1087,1.0,0,
2002,3 Kasım 2002,24,Erzincan,DYP,11075,10.17,0,
2002,3 Kasım 2002,24,Erzincan,GP,2505,2.3,0,
2002,3 Kasım 2002,24,Erzincan,İP,506,0.46,0,
2002,3 Kasım 2002,24,Erzincan,LDP,106,0.1,0,
2002,3 Kasım 2002,24,Erzincan,MHP,7937,7.29,0,
2002,3 Kasım 2002,24,Erzincan,MP92,132,0.12,0,
2002,3 Kasım 2002,24,Erzincan,ÖDP,543,0.5,0,
2002,3 Kasım 2002,24,Erzincan,SP,2528,2.32,0,
2002,3 Kasım 2002,24,Erzincan,TKP,148,0.14,0,
2002,3 Kasım 2002,24,Erzincan,YP,269,0.25,0,
2002,3 Kasım 2002,24,Erzincan,YTP02,479,0.44,0,
2002,3 Kasım 2002,25,Erzurum,AK Parti,184870,54.84,7,EVET
2002,3 Kasım 2002,25,Erzurum,ANAP,9974,2.96,0,
2002,3 Kasım 2002,25,Erzurum,BBP,4282,1.27,0,
2002,3 Kasım 2002,25,Erzurum,BTP,1213,0.36,0,
2002,3 Kasım 2002,25,Erzurum,CHP,19495,5.78,0,
2002,3 Kasım 2002,25,Erzurum,DEHAP,33209,9.85,0,
2002,3 Kasım 2002,25,Erzurum,DSP,2810,0.83,0,
2002,3 Kasım 2002,25,Erzurum,DYP,21269,6.31,0,
2002,3 Kasım 2002,25,Erzurum,GP,7578,2.25,0,
2002,3 Kasım 2002,25,Erzurum,İP,729,0.22,0,
2002,3 Kasım 2002,25,Erzurum,LDP,558,0.17,0,
2002,3 Kasım 2002,25,Erzurum,MHP,36749,10.9,0,
2002,3 Kasım 2002,25,Erzurum,MP92,468,0.14,0,
2002,3 Kasım 2002,25,Erzurum,SP,12093,3.59,0,
2002,3 Kasım 2002,25,Erzurum,TKP,323,0.1,0,
2002,3 Kasım 2002,25,Erzurum,YP,1399,0.42,0,
2002,3 Kasım 2002,25,Erzurum,YTP02,857,0.25,0,
2002,3 Kasım 2002,25,Erzurum,Bağımsız,156,0.05,0,
2002,3 Kasım 2002,26,Eskişehir,AK Parti,119410,29.68,3,EVET
2002,3 Kasım 2002,26,Eskişehir,ANAP,14961,3.72,0,
2002,3 Kasım 2002,26,Eskişehir,BBP,2218,0.55,0,
2002,3 Kasım 2002,26,Eskişehir,BTP,2234,0.56,0,
2002,3 Kasım 2002,26,Eskişehir,CHP,91163,22.66,3,
2002,3 Kasım 2002,26,Eskişehir,DEHAP,4992,1.24,0,
2002,3 Kasım 2002,26,Eskişehir,DSP,5758,1.43,0,
2002,3 Kasım 2002,26,Eskişehir,DYP,56673,14.09,0,
2002,3 Kasım 2002,26,Eskişehir,GP,46122,11.47,0,
2002,3 Kasım 2002,26,Eskişehir,İP,2377,0.59,0,
2002,3 Kasım 2002,26,Eskişehir,LDP,1370,0.34,0,
2002,3 Kasım 2002,26,Eskişehir,MHP,35740,8.88,0,
2002,3 Kasım 2002,26,Eskişehir,MP92,890,0.22,0,
2002,3 Kasım 2002,26,Eskişehir,ÖDP,1184,0.29,0,
2002,3 Kasım 2002,26,Eskişehir,SP,7454,1.85,0,
2002,3 Kasım 2002,26,Eskişehir,TKP,814,0.2,0,
2002,3 Kasım 2002,26,Eskişehir,YP,3697,0.92,0,
2002,3 Kasım 2002,26,Eskişehir,YTP02,4126,1.03,0,
2002,3 Kasım 2002,26,Eskişehir,Bağımsız,2138,0.53,0,
2002,3 Kasım 2002,27,Gaziantep,AK Parti,193995,40.19,7,EVET
2002,3 Kasım 2002,27,Gaziantep,ANAP,21066,4.36,0,
2002,3 Kasım 2002,27,Gaziantep,BBP,8042,1.67,0,
2002,3 Kasım 2002,27,Gaziantep,BTP,5418,1.12,0,
2002,3 Kasım 2002,27,Gaziantep,CHP,93033,19.27,3,
2002,3 Kasım 2002,27,Gaziantep,DEHAP,38641,8.01,0,
2002,3 Kasım 2002,27,Gaziantep,DSP,3152,0.65,0,
2002,3 Kasım 2002,27,Gaziantep,DYP,30781,6.38,0,
2002,3 Kasım 2002,27,Gaziantep,GP,34839,7.22,0,
2002,3 Kasım 2002,27,Gaziantep,İP,2142,0.44,0,
2002,3 Kasım 2002,27,Gaziantep,LDP,864,0.18,0,
2002,3 Kasım 2002,27,Gaziantep,MHP,33617,6.96,0,
2002,3 Kasım 2002,27,Gaziantep,MP92,1123,0.23,0,
2002,3 Kasım 2002,27,Gaziantep,ÖDP,1065,0.22,0,
2002,3 Kasım 2002,27,Gaziantep,SP,10456,2.17,0,
2002,3 Kasım 2002,27,Gaziantep,TKP,689,0.14,0,
2002,3 Kasım 2002,27,Gaziantep,YP,2009,0.42,0,
2002,3 Kasım 2002,27,Gaziantep,YTP02,3042,0.63,0,
2002,3 Kasım 2002,27,Gaziantep,Bağımsız,123,0.03,0,
2002,3 Kasım 2002,28,Giresun,AK Parti,99078,45.62,4,EVET
2002,3 Kasım 2002,28,Giresun,ANAP,14025,6.46,0,
2002,3 Kasım 2002,28,Giresun,BBP,2467,1.14,0,
2002,3 Kasım 2002,28,Giresun,BTP,1411,0.65,0,
2002,3 Kasım 2002,28,Giresun,CHP,30724,14.15,1,
2002,3 Kasım 2002,28,Giresun,DEHAP,2808,1.29,0,
2002,3 Kasım 2002,28,Giresun,DSP,3312,1.52,0,
2002,3 Kasım 2002,28,Giresun,DYP,21718,10.0,0,
2002,3 Kasım 2002,28,Giresun,GP,6877,3.17,0,
2002,3 Kasım 2002,28,Giresun,İP,807,0.37,0,
2002,3 Kasım 2002,28,Giresun,LDP,428,0.2,0,
2002,3 Kasım 2002,28,Giresun,MHP,14970,6.89,0,
2002,3 Kasım 2002,28,Giresun,MP92,558,0.26,0,
2002,3 Kasım 2002,28,Giresun,ÖDP,697,0.32,0,
2002,3 Kasım 2002,28,Giresun,SP,4194,1.93,0,
2002,3 Kasım 2002,28,Giresun,TKP,420,0.19,0,
2002,3 Kasım 2002,28,Giresun,YP,2664,1.23,0,
2002,3 Kasım 2002,28,Giresun,YTP02,946,0.44,0,
2002,3 Kasım 2002,28,Giresun,Bağımsız,9686,4.46,0,
2002,3 Kasım 2002,29,Gümüşhane,AK Parti,27538,42.63,2,EVET
2002,3 Kasım 2002,29,Gümüşhane,ANAP,4541,7.03,0,
2002,3 Kasım 2002,29,Gümüşhane,BBP,947,1.47,0,
2002,3 Kasım 2002,29,Gümüşhane,BTP,619,0.96,0,
2002,3 Kasım 2002,29,Gümüşhane,CHP,5701,8.82,0,
2002,3 Kasım 2002,29,Gümüşhane,DEHAP,664,1.03,0,
2002,3 Kasım 2002,29,Gümüşhane,DSP,439,0.68,0,
2002,3 Kasım 2002,29,Gümüşhane,DYP,8626,13.35,0,
2002,3 Kasım 2002,29,Gümüşhane,GP,775,1.2,0,
2002,3 Kasım 2002,29,Gümüşhane,İP,216,0.33,0,
2002,3 Kasım 2002,29,Gümüşhane,LDP,100,0.15,0,
2002,3 Kasım 2002,29,Gümüşhane,MHP,10759,16.65,0,
2002,3 Kasım 2002,29,Gümüşhane,MP92,184,0.28,0,
2002,3 Kasım 2002,29,Gümüşhane,ÖDP,98,0.15,0,
2002,3 Kasım 2002,29,Gümüşhane,SP,3133,4.85,0,
2002,3 Kasım 2002,29,Gümüşhane,TKP,64,0.1,0,
2002,3 Kasım 2002,29,Gümüşhane,YP,271,0.42,0,
2002,3 Kasım 2002,29,Gümüşhane,YTP02,112,0.17,0,
2002,3 Kasım 2002,30,Hakkari,AK Parti,5115,6.83,1,
2002,3 Kasım 2002,30,Hakkari,ANAP,4084,5.45,0,
2002,3 Kasım 2002,30,Hakkari,BBP,371,0.5,0,
2002,3 Kasım 2002,30,Hakkari,BTP,161,0.21,0,
2002,3 Kasım 2002,30,Hakkari,CHP,6121,8.17,1,
2002,3 Kasım 2002,30,Hakkari,DEHAP,33797,45.1,0,EVET
2002,3 Kasım 2002,30,Hakkari,DSP,344,0.46,0,
2002,3 Kasım 2002,30,Hakkari,DYP,1134,1.51,0,
2002,3 Kasım 2002,30,Hakkari,GP,515,0.69,0,
2002,3 Kasım 2002,30,Hakkari,İP,66,0.09,0,
2002,3 Kasım 2002,30,Hakkari,LDP,63,0.08,0,
2002,3 Kasım 2002,30,Hakkari,MHP,2994,4.0,0,
2002,3 Kasım 2002,30,Hakkari,MP92,138,0.18,0,
2002,3 Kasım 2002,30,Hakkari,ÖDP,104,0.14,0,
2002,3 Kasım 2002,30,Hakkari,SP,1469,1.96,0,
2002,3 Kasım 2002,30,Hakkari,TKP,41,0.05,0,
2002,3 Kasım 2002,30,Hakkari,YP,232,0.31,0,
2002,3 Kasım 2002,30,Hakkari,YTP02,823,1.1,0,
2002,3 Kasım 2002,30,Hakkari,Bağımsız,17430,23.26,0,
2002,3 Kasım 2002,31,Hatay,AK Parti,166403,29.99,5,EVET
2002,3 Kasım 2002,31,Hatay,ANAP,29984,5.4,0,
2002,3 Kasım 2002,31,Hatay,BBP,3166,0.57,0,
2002,3 Kasım 2002,31,Hatay,BTP,2683,0.48,0,
2002,3 Kasım 2002,31,Hatay,CHP,143792,25.92,5,
2002,3 Kasım 2002,31,Hatay,DEHAP,18721,3.37,0,
2002,3 Kasım 2002,31,Hatay,DSP,7207,1.3,0,
2002,3 Kasım 2002,31,Hatay,DYP,47557,8.57,0,
2002,3 Kasım 2002,31,Hatay,GP,31944,5.76,0,
2002,3 Kasım 2002,31,Hatay,İP,2779,0.5,0,
2002,3 Kasım 2002,31,Hatay,LDP,586,0.11,0,
2002,3 Kasım 2002,31,Hatay,MHP,60643,10.93,0,
2002,3 Kasım 2002,31,Hatay,MP92,1017,0.18,0,
2002,3 Kasım 2002,31,Hatay,ÖDP,1550,0.28,0,
2002,3 Kasım 2002,31,Hatay,SP,7929,1.43,0,
2002,3 Kasım 2002,31,Hatay,TKP,936,0.17,0,
2002,3 Kasım 2002,31,Hatay,YP,2013,0.36,0,
2002,3 Kasım 2002,31,Hatay,YTP02,6707,1.21,0,
2002,3 Kasım 2002,31,Hatay,Bağımsız,20721,3.73,0,
2002,3 Kasım 2002,32,Isparta,AK Parti,90272,41.8,4,EVET
2002,3 Kasım 2002,32,Isparta,ANAP,7384,3.42,0,
2002,3 Kasım 2002,32,Isparta,BBP,1645,0.76,0,
2002,3 Kasım 2002,32,Isparta,BTP,1639,0.76,0,
2002,3 Kasım 2002,32,Isparta,CHP,28570,13.23,1,
2002,3 Kasım 2002,32,Isparta,DEHAP,2364,1.09,0,
2002,3 Kasım 2002,32,Isparta,DSP,1513,0.7,0,
2002,3 Kasım 2002,32,Isparta,DYP,41056,19.01,0,
2002,3 Kasım 2002,32,Isparta,GP,9853,4.56,0,
2002,3 Kasım 2002,32,Isparta,İP,876,0.41,0,
2002,3 Kasım 2002,32,Isparta,LDP,739,0.34,0,
2002,3 Kasım 2002,32,Isparta,MHP,24950,11.55,0,
2002,3 Kasım 2002,32,Isparta,MP92,515,0.24,0,
2002,3 Kasım 2002,32,Isparta,ÖDP,350,0.16,0,
2002,3 Kasım 2002,32,Isparta,SP,2801,1.3,0,
2002,3 Kasım 2002,32,Isparta,TKP,259,0.12,0,
2002,3 Kasım 2002,32,Isparta,YP,861,0.4,0,
2002,3 Kasım 2002,32,Isparta,YTP02,912,0.42,0,
2002,3 Kasım 2002,32,Isparta,Bağımsız,67,0.03,0,
2002,3 Kasım 2002,33,Mersin,AK Parti,122995,18.14,5,
2002,3 Kasım 2002,33,Mersin,ANAP,44783,6.6,0,
2002,3 Kasım 2002,33,Mersin,BBP,4293,0.63,0,
2002,3 Kasım 2002,33,Mersin,BTP,1981,0.29,0,
2002,3 Kasım 2002,33,Mersin,CHP,168372,24.83,7,EVET
2002,3 Kasım 2002,33,Mersin,DEHAP,64683,9.54,0,
2002,3 Kasım 2002,33,Mersin,DSP,7805,1.15,0,
2002,3 Kasım 2002,33,Mersin,DYP,59462,8.77,0,
2002,3 Kasım 2002,33,Mersin,GP,46905,6.92,0,
2002,3 Kasım 2002,33,Mersin,İP,3538,0.52,0,
2002,3 Kasım 2002,33,Mersin,LDP,1085,0.16,0,
2002,3 Kasım 2002,33,Mersin,MHP,125370,18.49,0,
2002,3 Kasım 2002,33,Mersin,MP92,1438,0.21,0,
2002,3 Kasım 2002,33,Mersin,ÖDP,2782,0.41,0,
2002,3 Kasım 2002,33,Mersin,SP,6690,0.99,0,
2002,3 Kasım 2002,33,Mersin,TKP,1108,0.16,0,
2002,3 Kasım 2002,33,Mersin,YP,3853,0.57,0,
2002,3 Kasım 2002,33,Mersin,YTP02,11237,1.66,0,
2002,3 Kasım 2002,33,Mersin,Bağımsız,1647,0.24,0,
2002,3 Kasım 2002,34,İstanbul,AK Parti,1943776,37.35,43,EVET
2002,3 Kasım 2002,34,İstanbul,ANAP,237907,4.57,0,
2002,3 Kasım 2002,34,İstanbul,BBP,41189,0.79,0,
2002,3 Kasım 2002,34,İstanbul,BTP,25533,0.49,0,
2002,3 Kasım 2002,34,İstanbul,CHP,1257330,24.16,27,
2002,3 Kasım 2002,34,İstanbul,DEHAP,287036,5.52,0,
2002,3 Kasım 2002,34,İstanbul,DSP,59525,1.14,0,
2002,3 Kasım 2002,34,İstanbul,DYP,189373,3.64,0,
2002,3 Kasım 2002,34,İstanbul,GP,429475,8.25,0,
2002,3 Kasım 2002,34,İstanbul,İP,31690,0.61,0,
2002,3 Kasım 2002,34,İstanbul,LDP,20938,0.4,0,
2002,3 Kasım 2002,34,İstanbul,MHP,263208,5.06,0,
2002,3 Kasım 2002,34,İstanbul,MP92,5637,0.11,0,
2002,3 Kasım 2002,34,İstanbul,ÖDP,20611,0.4,0,
2002,3 Kasım 2002,34,İstanbul,SP,196558,3.78,0,
2002,3 Kasım 2002,34,İstanbul,TKP,13171,0.25,0,
2002,3 Kasım 2002,34,İstanbul,YP,92049,1.77,0,
2002,3 Kasım 2002,34,İstanbul,YTP02,102215,1.96,0,
2002,3 Kasım 2002,34,İstanbul,Bağımsız,2917,0.06,0,
2002,3 Kasım 2002,35,İzmir,AK Parti,321865,17.23,8,
2002,3 Kasım 2002,35,İzmir,ANAP,78416,4.2,0,
2002,3 Kasım 2002,35,İzmir,BBP,10783,0.58,0,
2002,3 Kasım 2002,35,İzmir,BTP,5843,0.31,0,
2002,3 Kasım 2002,35,İzmir,CHP,544862,29.17,16,EVET
2002,3 Kasım 2002,35,İzmir,DEHAP,96859,5.19,0,
2002,3 Kasım 2002,35,İzmir,DSP,30547,1.64,0,
2002,3 Kasım 2002,35,İzmir,DYP,174838,9.36,0,
2002,3 Kasım 2002,35,İzmir,GP,328338,17.58,0,
2002,3 Kasım 2002,35,İzmir,İP,16159,0.87,0,
2002,3 Kasım 2002,35,İzmir,LDP,6895,0.37,0,
2002,3 Kasım 2002,35,İzmir,MHP,146155,7.82,0,
2002,3 Kasım 2002,35,İzmir,MP92,3097,0.17,0,
2002,3 Kasım 2002,35,İzmir,ÖDP,10640,0.57,0,
2002,3 Kasım 2002,35,İzmir,SP,15487,0.83,0,
2002,3 Kasım 2002,35,İzmir,TKP,6037,0.32,0,
2002,3 Kasım 2002,35,İzmir,YP,16377,0.88,0,
2002,3 Kasım 2002,35,İzmir,YTP02,59228,3.17,0,
2002,3 Kasım 2002,35,İzmir,Bağımsız,726,0.04,0,
2002,3 Kasım 2002,36,Kars,AK Parti,20831,17.29,2,
2002,3 Kasım 2002,36,Kars,ANAP,2641,2.19,0,
2002,3 Kasım 2002,36,Kars,BBP,732,0.61,0,
2002,3 Kasım 2002,36,Kars,BTP,862,0.72,0,
2002,3 Kasım 2002,36,Kars,CHP,20227,16.79,1,
2002,3 Kasım 2002,36,Kars,DEHAP,23600,19.59,0,EVET
2002,3 Kasım 2002,36,Kars,DSP,1221,1.01,0,
2002,3 Kasım 2002,36,Kars,DYP,12875,10.69,0,
2002,3 Kasım 2002,36,Kars,GP,3719,3.09,0,
2002,3 Kasım 2002,36,Kars,İP,505,0.42,0,
2002,3 Kasım 2002,36,Kars,LDP,183,0.15,0,
2002,3 Kasım 2002,36,Kars,MHP,14257,11.83,0,
2002,3 Kasım 2002,36,Kars,MP92,257,0.21,0,
2002,3 Kasım 2002,36,Kars,ÖDP,313,0.26,0,
2002,3 Kasım 2002,36,Kars,SP,2780,2.31,0,
2002,3 Kasım 2002,36,Kars,TKP,227,0.19,0,
2002,3 Kasım 2002,36,Kars,YP,558,0.46,0,
2002,3 Kasım 2002,36,Kars,YTP02,1167,0.97,0,
2002,3 Kasım 2002,36,Kars,Bağımsız,13766,11.43,0,
2002,3 Kasım 2002,37,Kastamonu,AK Parti,65228,31.01,3,EVET
2002,3 Kasım 2002,37,Kastamonu,ANAP,17583,8.36,0,
2002,3 Kasım 2002,37,Kastamonu,BBP,2251,1.07,0,
2002,3 Kasım 2002,37,Kastamonu,BTP,1268,0.6,0,
2002,3 Kasım 2002,37,Kastamonu,CHP,24076,11.45,1,
2002,3 Kasım 2002,37,Kastamonu,DEHAP,2899,1.38,0,
2002,3 Kasım 2002,37,Kastamonu,DSP,5552,2.64,0,
2002,3 Kasım 2002,37,Kastamonu,DYP,42786,20.34,0,
2002,3 Kasım 2002,37,Kastamonu,GP,11997,5.7,0,
2002,3 Kasım 2002,37,Kastamonu,İP,1066,0.51,0,
2002,3 Kasım 2002,37,Kastamonu,LDP,980,0.47,0,
2002,3 Kasım 2002,37,Kastamonu,MHP,27720,13.18,0,
2002,3 Kasım 2002,37,Kastamonu,MP92,1283,0.61,0,
2002,3 Kasım 2002,37,Kastamonu,ÖDP,589,0.28,0,
2002,3 Kasım 2002,37,Kastamonu,SP,2063,0.98,0,
2002,3 Kasım 2002,37,Kastamonu,TKP,433,0.21,0,
2002,3 Kasım 2002,37,Kastamonu,YP,2026,0.96,0,
2002,3 Kasım 2002,37,Kastamonu,YTP02,1102,0.52,0,
2002,3 Kasım 2002,38,Kayseri,AK Parti,272762,54.53,7,EVET
2002,3 Kasım 2002,38,Kayseri,ANAP,9160,1.83,0,
2002,3 Kasım 2002,38,Kayseri,BBP,7280,1.46,0,
2002,3 Kasım 2002,38,Kayseri,BTP,3496,0.7,0,
2002,3 Kasım 2002,38,Kayseri,CHP,56965,11.39,1,
2002,3 Kasım 2002,38,Kayseri,DEHAP,7742,1.55,0,
2002,3 Kasım 2002,38,Kayseri,DSP,2796,0.56,0,
2002,3 Kasım 2002,38,Kayseri,DYP,26318,5.26,0,
2002,3 Kasım 2002,38,Kayseri,GP,24902,4.98,0,
2002,3 Kasım 2002,38,Kayseri,İP,1682,0.34,0,
2002,3 Kasım 2002,38,Kayseri,LDP,1124,0.22,0,
2002,3 Kasım 2002,38,Kayseri,MHP,57367,11.47,0,
2002,3 Kasım 2002,38,Kayseri,MP92,866,0.17,0,
2002,3 Kasım 2002,38,Kayseri,ÖDP,676,0.14,0,
2002,3 Kasım 2002,38,Kayseri,SP,11364,2.27,0,
2002,3 Kasım 2002,38,Kayseri,TKP,530,0.11,0,
2002,3 Kasım 2002,38,Kayseri,YP,1761,0.35,0,
2002,3 Kasım 2002,38,Kayseri,YTP02,1656,0.33,0,
2002,3 Kasım 2002,38,Kayseri,Bağımsız,13285,2.66,0,
2002,3 Kasım 2002,39,Kırklareli,AK Parti,23555,12.59,1,
2002,3 Kasım 2002,39,Kırklareli,ANAP,14723,7.87,0,
2002,3 Kasım 2002,39,Kırklareli,BBP,770,0.41,0,
2002,3 Kasım 2002,39,Kırklareli,BTP,387,0.21,0,
2002,3 Kasım 2002,39,Kırklareli,CHP,61619,32.93,2,EVET
2002,3 Kasım 2002,39,Kırklareli,DEHAP,1586,0.85,0,
2002,3 Kasım 2002,39,Kırklareli,DSP,5857,3.13,0,
2002,3 Kasım 2002,39,Kırklareli,DYP,26561,14.2,0,
2002,3 Kasım 2002,39,Kırklareli,GP,24100,12.88,0,
2002,3 Kasım 2002,39,Kırklareli,İP,1083,0.58,0,
2002,3 Kasım 2002,39,Kırklareli,LDP,402,0.21,0,
2002,3 Kasım 2002,39,Kırklareli,MHP,13668,7.3,0,
2002,3 Kasım 2002,39,Kırklareli,MP92,650,0.35,0,
2002,3 Kasım 2002,39,Kırklareli,ÖDP,1462,0.78,0,
2002,3 Kasım 2002,39,Kırklareli,SP,1248,0.67,0,
2002,3 Kasım 2002,39,Kırklareli,TKP,350,0.19,0,
2002,3 Kasım 2002,39,Kırklareli,YP,6294,3.36,0,
2002,3 Kasım 2002,39,Kırklareli,YTP02,2831,1.51,0,
2002,3 Kasım 2002,39,Kırklareli,Bağımsız,484,0.26,0,
2002,3 Kasım 2002,40,Kırşehir,AK Parti,36082,31.28,2,EVET
2002,3 Kasım 2002,40,Kırşehir,ANAP,6223,5.4,0,
2002,3 Kasım 2002,40,Kırşehir,BBP,1441,1.25,0,
2002,3 Kasım 2002,40,Kırşehir,BTP,559,0.48,0,
2002,3 Kasım 2002,40,Kırşehir,CHP,25200,21.85,1,
2002,3 Kasım 2002,40,Kırşehir,DEHAP,4686,4.06,0,
2002,3 Kasım 2002,40,Kırşehir,DSP,1148,1.0,0,
2002,3 Kasım 2002,40,Kırşehir,DYP,4068,3.53,0,
2002,3 Kasım 2002,40,Kırşehir,GP,6481,5.62,0,
2002,3 Kasım 2002,40,Kırşehir,İP,520,0.45,0,
2002,3 Kasım 2002,40,Kırşehir,LDP,206,0.18,0,
2002,3 Kasım 2002,40,Kırşehir,MHP,24700,21.42,0,
2002,3 Kasım 2002,40,Kırşehir,MP92,255,0.22,0,
2002,3 Kasım 2002,40,Kırşehir,ÖDP,463,0.4,0,
2002,3 Kasım 2002,40,Kırşehir,SP,1629,1.41,0,
2002,3 Kasım 2002,40,Kırşehir,TKP,194,0.17,0,
2002,3 Kasım 2002,40,Kırşehir,YP,622,0.54,0,
2002,3 Kasım 2002,40,Kırşehir,YTP02,609,0.53,0,
2002,3 Kasım 2002,40,Kırşehir,Bağımsız,616,0.53,0,
2002,3 Kasım 2002,41,Kocaeli,AK Parti,277461,43.01,6,EVET
2002,3 Kasım 2002,41,Kocaeli,ANAP,22532,3.49,0,
2002,3 Kasım 2002,41,Kocaeli,BBP,4900,0.76,0,
2002,3 Kasım 2002,41,Kocaeli,BTP,3883,0.6,0,
2002,3 Kasım 2002,41,Kocaeli,CHP,120719,18.72,3,
2002,3 Kasım 2002,41,Kocaeli,DEHAP,25437,3.94,0,
2002,3 Kasım 2002,41,Kocaeli,DSP,6751,1.05,0,
2002,3 Kasım 2002,41,Kocaeli,DYP,40370,6.26,0,
2002,3 Kasım 2002,41,Kocaeli,GP,43250,6.71,0,
2002,3 Kasım 2002,41,Kocaeli,İP,2670,0.41,0,
2002,3 Kasım 2002,41,Kocaeli,LDP,1598,0.25,0,
2002,3 Kasım 2002,41,Kocaeli,MHP,39146,6.07,0,
2002,3 Kasım 2002,41,Kocaeli,MP92,1054,0.16,0,
2002,3 Kasım 2002,41,Kocaeli,ÖDP,2047,0.32,0,
2002,3 Kasım 2002,41,Kocaeli,SP,39747,6.16,0,
2002,3 Kasım 2002,41,Kocaeli,TKP,1142,0.18,0,
2002,3 Kasım 2002,41,Kocaeli,YP,8110,1.26,0,
2002,3 Kasım 2002,41,Kocaeli,YTP02,5779,0.9,0,
2002,3 Kasım 2002,41,Kocaeli,Bağımsız,279,0.04,0,
2002,3 Kasım 2002,42,Konya,AK Parti,487700,55.14,14,EVET
2002,3 Kasım 2002,42,Konya,ANAP,36024,4.07,0,
2002,3 Kasım 2002,42,Konya,BBP,8346,0.94,0,
2002,3 Kasım 2002,42,Konya,BTP,2897,0.33,0,
2002,3 Kasım 2002,42,Konya,CHP,76314,8.63,2,
2002,3 Kasım 2002,42,Konya,DEHAP,27872,3.15,0,
2002,3 Kasım 2002,42,Konya,DSP,5672,0.64,0,
2002,3 Kasım 2002,42,Konya,DYP,64660,7.31,0,
2002,3 Kasım 2002,42,Konya,GP,26122,2.95,0,
2002,3 Kasım 2002,42,Konya,İP,2728,0.31,0,
2002,3 Kasım 2002,42,Konya,LDP,1726,0.2,0,
2002,3 Kasım 2002,42,Konya,MHP,83944,9.49,0,
2002,3 Kasım 2002,42,Konya,MP92,2113,0.24,0,
2002,3 Kasım 2002,42,Konya,ÖDP,1328,0.15,0,
2002,3 Kasım 2002,42,Konya,SP,42185,4.77,0,
2002,3 Kasım 2002,42,Konya,TKP,811,0.09,0,
2002,3 Kasım 2002,42,Konya,YP,3619,0.41,0,
2002,3 Kasım 2002,42,Konya,YTP02,5009,0.57,0,
2002,3 Kasım 2002,42,Konya,Bağımsız,7911,0.89,0,
2002,3 Kasım 2002,43,Kütahya,AK Parti,167299,49.15,6,EVET
2002,3 Kasım 2002,43,Kütahya,ANAP,29457,8.65,0,
2002,3 Kasım 2002,43,Kütahya,BBP,3892,1.14,0,
2002,3 Kasım 2002,43,Kütahya,BTP,2522,0.74,0,
2002,3 Kasım 2002,43,Kütahya,CHP,26530,7.79,0,
2002,3 Kasım 2002,43,Kütahya,DEHAP,3257,0.96,0,
2002,3 Kasım 2002,43,Kütahya,DSP,4450,1.31,0,
2002,3 Kasım 2002,43,Kütahya,DYP,43468,12.77,0,
2002,3 Kasım 2002,43,Kütahya,GP,19709,5.79,0,
2002,3 Kasım 2002,43,Kütahya,İP,1133,0.33,0,
2002,3 Kasım 2002,43,Kütahya,LDP,750,0.22,0,
2002,3 Kasım 2002,43,Kütahya,MHP,23757,6.98,0,
2002,3 Kasım 2002,43,Kütahya,MP92,1572,0.46,0,
2002,3 Kasım 2002,43,Kütahya,ÖDP,541,0.16,0,
2002,3 Kasım 2002,43,Kütahya,SP,8944,2.63,0,
2002,3 Kasım 2002,43,Kütahya,TKP,465,0.14,0,
2002,3 Kasım 2002,43,Kütahya,YP,2117,0.62,0,
2002,3 Kasım 2002,43,Kütahya,YTP02,1307,0.38,0,
2002,3 Kasım 2002,43,Kütahya,Bağımsız,169,0.05,0,
2002,3 Kasım 2002,44,Malatya,AK Parti,161658,50.83,5,EVET
2002,3 Kasım 2002,44,Malatya,ANAP,8235,2.59,0,
2002,3 Kasım 2002,44,Malatya,BBP,4086,1.28,0,
2002,3 Kasım 2002,44,Malatya,BTP,1761,0.55,0,
2002,3 Kasım 2002,44,Malatya,CHP,57681,18.14,2,
2002,3 Kasım 2002,44,Malatya,DEHAP,13311,4.19,0,
2002,3 Kasım 2002,44,Malatya,DSP,1849,0.58,0,
2002,3 Kasım 2002,44,Malatya,DYP,23133,7.27,0,
2002,3 Kasım 2002,44,Malatya,GP,7507,2.36,0,
2002,3 Kasım 2002,44,Malatya,İP,1365,0.43,0,
2002,3 Kasım 2002,44,Malatya,LDP,458,0.14,0,
2002,3 Kasım 2002,44,Malatya,MHP,19227,6.05,0,
2002,3 Kasım 2002,44,Malatya,MP92,558,0.18,0,
2002,3 Kasım 2002,44,Malatya,ÖDP,1269,0.4,0,
2002,3 Kasım 2002,44,Malatya,SP,12154,3.82,0,
2002,3 Kasım 2002,44,Malatya,TKP,310,0.1,0,
2002,3 Kasım 2002,44,Malatya,YP,922,0.29,0,
2002,3 Kasım 2002,44,Malatya,YTP02,2523,0.79,0,
2002,3 Kasım 2002,44,Malatya,Bağımsız,955,0.3,0,
2002,3 Kasım 2002,45,Manisa,AK Parti,216455,30.24,6,EVET
2002,3 Kasım 2002,45,Manisa,ANAP,28105,3.93,0,
2002,3 Kasım 2002,45,Manisa,BBP,6825,0.95,0,
2002,3 Kasım 2002,45,Manisa,BTP,3602,0.5,0,
2002,3 Kasım 2002,45,Manisa,CHP,126511,17.68,4,
2002,3 Kasım 2002,45,Manisa,DEHAP,28226,3.94,0,
2002,3 Kasım 2002,45,Manisa,DSP,10929,1.53,0,
2002,3 Kasım 2002,45,Manisa,DYP,137619,19.23,0,
2002,3 Kasım 2002,45,Manisa,GP,68011,9.5,0,
2002,3 Kasım 2002,45,Manisa,İP,3285,0.46,0,
2002,3 Kasım 2002,45,Manisa,LDP,2254,0.31,0,
2002,3 Kasım 2002,45,Manisa,MHP,62015,8.66,0,
2002,3 Kasım 2002,45,Manisa,MP92,2050,0.29,0,
2002,3 Kasım 2002,45,Manisa,ÖDP,2674,0.37,0,
2002,3 Kasım 2002,45,Manisa,SP,6258,0.87,0,
2002,3 Kasım 2002,45,Manisa,TKP,1384,0.19,0,
2002,3 Kasım 2002,45,Manisa,YP,4785,0.67,0,
2002,3 Kasım 2002,45,Manisa,YTP02,6492,0.91,0,
2002,3 Kasım 2002,45,Manisa,Bağımsız,209,0.03,0,
2002,3 Kasım 2002,46,Kahramanmaraş,AK Parti,216388,54.08,7,EVET
2002,3 Kasım 2002,46,Kahramanmaraş,ANAP,19179,4.79,0,
2002,3 Kasım 2002,46,Kahramanmaraş,BBP,8941,2.23,0,
2002,3 Kasım 2002,46,Kahramanmaraş,BTP,1592,0.4,0,
2002,3 Kasım 2002,46,Kahramanmaraş,CHP,45123,11.28,1,
2002,3 Kasım 2002,46,Kahramanmaraş,DEHAP,12798,3.2,0,
2002,3 Kasım 2002,46,Kahramanmaraş,DSP,3963,0.99,0,
2002,3 Kasım 2002,46,Kahramanmaraş,DYP,36163,9.04,0,
2002,3 Kasım 2002,46,Kahramanmaraş,GP,8695,2.17,0,
2002,3 Kasım 2002,46,Kahramanmaraş,İP,1488,0.37,0,
2002,3 Kasım 2002,46,Kahramanmaraş,LDP,512,0.13,0,
2002,3 Kasım 2002,46,Kahramanmaraş,MHP,34456,8.61,0,
2002,3 Kasım 2002,46,Kahramanmaraş,MP92,789,0.2,0,
2002,3 Kasım 2002,46,Kahramanmaraş,ÖDP,476,0.12,0,
2002,3 Kasım 2002,46,Kahramanmaraş,SP,6738,1.68,0,
2002,3 Kasım 2002,46,Kahramanmaraş,TKP,378,0.09,0,
2002,3 Kasım 2002,46,Kahramanmaraş,YP,1171,0.29,0,
2002,3 Kasım 2002,46,Kahramanmaraş,YTP02,2456,0.61,0,
2002,3 Kasım 2002,47,Mardin,AK Parti,34746,15.48,3,
2002,3 Kasım 2002,47,Mardin,ANAP,19731,8.79,0,
2002,3 Kasım 2002,47,Mardin,BBP,679,0.3,0,
2002,3 Kasım 2002,47,Mardin,BTP,611,0.27,0,
2002,3 Kasım 2002,47,Mardin,CHP,26151,11.65,2,
2002,3 Kasım 2002,47,Mardin,DEHAP,88892,39.61,0,EVET
2002,3 Kasım 2002,47,Mardin,DSP,1018,0.45,0,
2002,3 Kasım 2002,47,Mardin,DYP,18509,8.25,0,
2002,3 Kasım 2002,47,Mardin,GP,3475,1.55,0,
2002,3 Kasım 2002,47,Mardin,İP,178,0.08,0,
2002,3 Kasım 2002,47,Mardin,LDP,104,0.05,0,
2002,3 Kasım 2002,47,Mardin,MHP,6241,2.78,0,
2002,3 Kasım 2002,47,Mardin,MP92,245,0.11,0,
2002,3 Kasım 2002,47,Mardin,ÖDP,280,0.12,0,
2002,3 Kasım 2002,47,Mardin,SP,3546,1.58,0,
2002,3 Kasım 2002,47,Mardin,TKP,146,0.07,0,
2002,3 Kasım 2002,47,Mardin,YP,582,0.26,0,
2002,3 Kasım 2002,47,Mardin,YTP02,628,0.28,0,
2002,3 Kasım 2002,47,Mardin,Bağımsız,18978,8.46,0,
2002,3 Kasım 2002,48,Muğla,AK Parti,50816,13.21,2,
2002,3 Kasım 2002,48,Muğla,ANAP,25152,6.54,0,
2002,3 Kasım 2002,48,Muğla,BBP,1872,0.49,0,
2002,3 Kasım 2002,48,Muğla,BTP,678,0.18,0,
2002,3 Kasım 2002,48,Muğla,CHP,106937,27.81,4,EVET
2002,3 Kasım 2002,48,Muğla,DEHAP,6624,1.72,0,
2002,3 Kasım 2002,48,Muğla,DSP,6329,1.65,0,
2002,3 Kasım 2002,48,Muğla,DYP,87454,22.74,0,
2002,3 Kasım 2002,48,Muğla,GP,39890,10.37,0,
2002,3 Kasım 2002,48,Muğla,İP,2826,0.73,0,
2002,3 Kasım 2002,48,Muğla,LDP,766,0.2,0,
2002,3 Kasım 2002,48,Muğla,MHP,43675,11.36,0,
2002,3 Kasım 2002,48,Muğla,MP92,1132,0.29,0,
2002,3 Kasım 2002,48,Muğla,ÖDP,1308,0.34,0,
2002,3 Kasım 2002,48,Muğla,SP,1503,0.39,0,
2002,3 Kasım 2002,48,Muğla,TKP,682,0.18,0,
2002,3 Kasım 2002,48,Muğla,YP,2480,0.64,0,
2002,3 Kasım 2002,48,Muğla,YTP02,5518,1.43,0,
2002,3 Kasım 2002,49,Muş,AK Parti,21876,16.95,3,
2002,3 Kasım 2002,49,Muş,ANAP,10483,8.12,0,
2002,3 Kasım 2002,49,Muş,BBP,669,0.52,0,
2002,3 Kasım 2002,49,Muş,BTP,279,0.22,0,
2002,3 Kasım 2002,49,Muş,CHP,8067,6.25,1,
2002,3 Kasım 2002,49,Muş,DEHAP,49180,38.1,0,EVET
2002,3 Kasım 2002,49,Muş,DSP,369,0.29,0,
2002,3 Kasım 2002,49,Muş,DYP,15009,11.63,0,
2002,3 Kasım 2002,49,Muş,GP,1236,0.96,0,
2002,3 Kasım 2002,49,Muş,İP,221,0.17,0,
2002,3 Kasım 2002,49,Muş,LDP,70,0.05,0,
2002,3 Kasım 2002,49,Muş,MHP,3999,3.1,0,
2002,3 Kasım 2002,49,Muş,MP92,160,0.12,0,
2002,3 Kasım 2002,49,Muş,ÖDP,190,0.15,0,
2002,3 Kasım 2002,49,Muş,SP,5240,4.06,0,
2002,3 Kasım 2002,49,Muş,TKP,65,0.05,0,
2002,3 Kasım 2002,49,Muş,YP,371,0.29,0,
2002,3 Kasım 2002,49,Muş,YTP02,135,0.1,0,
2002,3 Kasım 2002,49,Muş,Bağımsız,11608,8.99,0,
2002,3 Kasım 2002,50,Nevşehir,AK Parti,64415,43.79,3,EVET
2002,3 Kasım 2002,50,Nevşehir,ANAP,10799,7.34,0,
2002,3 Kasım 2002,50,Nevşehir,BBP,1365,0.93,0,
2002,3 Kasım 2002,50,Nevşehir,BTP,411,0.28,0,
2002,3 Kasım 2002,50,Nevşehir,CHP,21252,14.45,0,
2002,3 Kasım 2002,50,Nevşehir,DEHAP,1690,1.15,0,
2002,3 Kasım 2002,50,Nevşehir,DSP,989,0.67,0,
2002,3 Kasım 2002,50,Nevşehir,DYP,15160,10.31,0,
2002,3 Kasım 2002,50,Nevşehir,GP,5271,3.58,0,
2002,3 Kasım 2002,50,Nevşehir,İP,497,0.34,0,
2002,3 Kasım 2002,50,Nevşehir,LDP,234,0.16,0,
2002,3 Kasım 2002,50,Nevşehir,MHP,18318,12.45,0,
2002,3 Kasım 2002,50,Nevşehir,MP92,316,0.21,0,
2002,3 Kasım 2002,50,Nevşehir,ÖDP,534,0.36,0,
2002,3 Kasım 2002,50,Nevşehir,SP,4364,2.97,0,
2002,3 Kasım 2002,50,Nevşehir,TKP,163,0.11,0,
2002,3 Kasım 2002,50,Nevşehir,YP,863,0.59,0,
2002,3 Kasım 2002,50,Nevşehir,YTP02,888,0.6,0,
2002,3 Kasım 2002,51,Niğde,AK Parti,64415,42.33,2,EVET
2002,3 Kasım 2002,51,Niğde,ANAP,8746,5.75,0,
2002,3 Kasım 2002,51,Niğde,BBP,1308,0.86,0,
2002,3 Kasım 2002,51,Niğde,BTP,538,0.35,0,
2002,3 Kasım 2002,51,Niğde,CHP,28815,18.93,1,
2002,3 Kasım 2002,51,Niğde,DEHAP,1975,1.3,0,
2002,3 Kasım 2002,51,Niğde,DSP,1457,0.96,0,
2002,3 Kasım 2002,51,Niğde,DYP,17150,11.27,0,
2002,3 Kasım 2002,51,Niğde,GP,4627,3.04,0,
2002,3 Kasım 2002,51,Niğde,İP,1360,0.89,0,
2002,3 Kasım 2002,51,Niğde,LDP,283,0.19,0,
2002,3 Kasım 2002,51,Niğde,MHP,14791,9.72,0,
2002,3 Kasım 2002,51,Niğde,MP92,424,0.28,0,
2002,3 Kasım 2002,51,Niğde,ÖDP,459,0.3,0,
2002,3 Kasım 2002,51,Niğde,SP,4076,2.68,0,
2002,3 Kasım 2002,51,Niğde,TKP,256,0.17,0,
2002,3 Kasım 2002,51,Niğde,YP,812,0.53,0,
2002,3 Kasım 2002,51,Niğde,YTP02,1152,0.76,0,
2002,3 Kasım 2002,52,Ordu,AK Parti,142198,41.65,5,EVET
2002,3 Kasım 2002,52,Ordu,ANAP,23611,6.92,0,
2002,3 Kasım 2002,52,Ordu,BBP,4284,1.25,0,
2002,3 Kasım 2002,52,Ordu,BTP,1538,0.45,0,
2002,3 Kasım 2002,52,Ordu,CHP,53970,15.81,2,
2002,3 Kasım 2002,52,Ordu,DEHAP,4931,1.44,0,
2002,3 Kasım 2002,52,Ordu,DSP,4776,1.4,0,
2002,3 Kasım 2002,52,Ordu,DYP,43253,12.67,0,
2002,3 Kasım 2002,52,Ordu,GP,21824,6.39,0,
2002,3 Kasım 2002,52,Ordu,İP,1856,0.54,0,
2002,3 Kasım 2002,52,Ordu,LDP,967,0.28,0,
2002,3 Kasım 2002,52,Ordu,MHP,27076,7.93,0,
2002,3 Kasım 2002,52,Ordu,MP92,1375,0.4,0,
2002,3 Kasım 2002,52,Ordu,ÖDP,1738,0.51,0,
2002,3 Kasım 2002,52,Ordu,SP,3106,0.91,0,
2002,3 Kasım 2002,52,Ordu,TKP,830,0.24,0,
2002,3 Kasım 2002,52,Ordu,YP,2403,0.7,0,
2002,3 Kasım 2002,52,Ordu,YTP02,2114,0.62,0,
2002,3 Kasım 2002,52,Ordu,Bağımsız,542,0.16,0,
2002,3 Kasım 2002,53,Rize,AK Parti,72005,44.37,3,EVET
2002,3 Kasım 2002,53,Rize,ANAP,46291,28.53,0,
2002,3 Kasım 2002,53,Rize,BBP,694,0.43,0,
2002,3 Kasım 2002,53,Rize,BTP,659,0.41,0,
2002,3 Kasım 2002,53,Rize,CHP,12102,7.46,0,
2002,3 Kasım 2002,53,Rize,DEHAP,968,0.6,0,
2002,3 Kasım 2002,53,Rize,DSP,1404,0.87,0,
2002,3 Kasım 2002,53,Rize,DYP,12058,7.43,0,
2002,3 Kasım 2002,53,Rize,GP,1228,0.76,0,
2002,3 Kasım 2002,53,Rize,İP,459,0.28,0,
2002,3 Kasım 2002,53,Rize,LDP,351,0.22,0,
2002,3 Kasım 2002,53,Rize,MHP,5158,3.18,0,
2002,3 Kasım 2002,53,Rize,MP92,250,0.15,0,
2002,3 Kasım 2002,53,Rize,ÖDP,530,0.33,0,
2002,3 Kasım 2002,53,Rize,SP,6858,4.23,0,
2002,3 Kasım 2002,53,Rize,TKP,193,0.12,0,
2002,3 Kasım 2002,53,Rize,YP,938,0.58,0,
2002,3 Kasım 2002,53,Rize,YTP02,394,0.24,0,
2002,3 Kasım 2002,53,Rize,Bağımsız,72,0.04,0,
2002,3 Kasım 2002,54,Sakarya,AK Parti,189246,43.99,6,EVET
2002,3 Kasım 2002,54,Sakarya,ANAP,15490,3.6,0,
2002,3 Kasım 2002,54,Sakarya,BBP,3259,0.76,0,
2002,3 Kasım 2002,54,Sakarya,BTP,2569,0.6,0,
2002,3 Kasım 2002,54,Sakarya,CHP,29668,6.9,0,
2002,3 Kasım 2002,54,Sakarya,DEHAP,7285,1.69,0,
2002,3 Kasım 2002,54,Sakarya,DSP,2931,0.68,0,
2002,3 Kasım 2002,54,Sakarya,DYP,26581,6.18,0,
2002,3 Kasım 2002,54,Sakarya,GP,108822,25.3,0,
2002,3 Kasım 2002,54,Sakarya,İP,1619,0.38,0,
2002,3 Kasım 2002,54,Sakarya,LDP,772,0.18,0,
2002,3 Kasım 2002,54,Sakarya,MHP,20866,4.85,0,
2002,3 Kasım 2002,54,Sakarya,MP92,633,0.15,0,
2002,3 Kasım 2002,54,Sakarya,ÖDP,773,0.18,0,
2002,3 Kasım 2002,54,Sakarya,SP,14669,3.41,0,
2002,3 Kasım 2002,54,Sakarya,TKP,630,0.15,0,
2002,3 Kasım 2002,54,Sakarya,YP,3761,0.87,0,
2002,3 Kasım 2002,54,Sakarya,YTP02,1817,0.42,0,
2002,3 Kasım 2002,55,Samsun,AK Parti,269209,45.0,7,EVET
2002,3 Kasım 2002,55,Samsun,ANAP,31167,5.21,0,
2002,3 Kasım 2002,55,Samsun,BBP,7978,1.33,0,
2002,3 Kasım 2002,55,Samsun,BTP,2790,0.47,0,
2002,3 Kasım 2002,55,Samsun,CHP,88761,14.84,2,
2002,3 Kasım 2002,55,Samsun,DEHAP,7535,1.26,0,
2002,3 Kasım 2002,55,Samsun,DSP,6226,1.04,0,
2002,3 Kasım 2002,55,Samsun,DYP,77850,13.01,0,
2002,3 Kasım 2002,55,Samsun,GP,36686,6.13,0,
2002,3 Kasım 2002,55,Samsun,İP,2415,0.4,0,
2002,3 Kasım 2002,55,Samsun,LDP,1559,0.26,0,
2002,3 Kasım 2002,55,Samsun,MHP,41748,6.98,0,
2002,3 Kasım 2002,55,Samsun,MP92,1638,0.27,0,
2002,3 Kasım 2002,55,Samsun,ÖDP,1725,0.29,0,
2002,3 Kasım 2002,55,Samsun,SP,9770,1.63,0,
2002,3 Kasım 2002,55,Samsun,TKP,1141,0.19,0,
2002,3 Kasım 2002,55,Samsun,YP,3319,0.55,0,
2002,3 Kasım 2002,55,Samsun,YTP02,4689,0.78,0,
2002,3 Kasım 2002,55,Samsun,Bağımsız,3626,0.61,0,
2002,3 Kasım 2002,56,Siirt,AK Parti,14728,22.63,1,EVET
2002,3 Kasım 2002,56,Siirt,CHP,7481,11.5,1,
2002,3 Kasım 2002,56,Siirt,İP,500,0.77,0,
2002,3 Kasım 2002,56,Siirt,TKP,404,0.62,0,
2002,3 Kasım 2002,56,Siirt,DYP,3993,6.14,0,
2002,3 Kasım 2002,56,Siirt,MHP,5979,9.19,0,
2002,3 Kasım 2002,56,Siirt,GP,954,1.47,0,
2002,3 Kasım 2002,57,Sinop,AK Parti,35888,32.58,2,EVET
2002,3 Kasım 2002,57,Sinop,ANAP,11021,10.01,0,
2002,3 Kasım 2002,57,Sinop,BBP,1219,1.11,0,
2002,3 Kasım 2002,57,Sinop,BTP,589,0.53,0,
2002,3 Kasım 2002,57,Sinop,CHP,20389,18.51,1,
2002,3 Kasım 2002,57,Sinop,DEHAP,1872,1.7,0,
2002,3 Kasım 2002,57,Sinop,DSP,2401,2.18,0,
2002,3 Kasım 2002,57,Sinop,DYP,12448,11.3,0,
2002,3 Kasım 2002,57,Sinop,GP,6899,6.26,0,
2002,3 Kasım 2002,57,Sinop,İP,850,0.77,0,
2002,3 Kasım 2002,57,Sinop,LDP,455,0.41,0,
2002,3 Kasım 2002,57,Sinop,MHP,10440,9.48,0,
2002,3 Kasım 2002,57,Sinop,MP92,766,0.7,0,
2002,3 Kasım 2002,57,Sinop,ÖDP,422,0.38,0,
2002,3 Kasım 2002,57,Sinop,SP,1583,1.44,0,
2002,3 Kasım 2002,57,Sinop,TKP,324,0.29,0,
2002,3 Kasım 2002,57,Sinop,YP,1112,1.01,0,
2002,3 Kasım 2002,57,Sinop,YTP02,1015,0.92,0,
2002,3 Kasım 2002,57,Sinop,Bağımsız,756,0.69,0,
2002,3 Kasım 2002,58,Sivas,AK Parti,138851,45.25,5,EVET
2002,3 Kasım 2002,58,Sivas,ANAP,4312,1.41,0,
2002,3 Kasım 2002,58,Sivas,BBP,40635,13.24,0,
2002,3 Kasım 2002,58,Sivas,BTP,1078,0.35,0,
2002,3 Kasım 2002,58,Sivas,CHP,49267,16.06,1,
2002,3 Kasım 2002,58,Sivas,DEHAP,3672,1.2,0,
2002,3 Kasım 2002,58,Sivas,DSP,1939,0.63,0,
2002,3 Kasım 2002,58,Sivas,DYP,12992,4.23,0,
2002,3 Kasım 2002,58,Sivas,GP,7269,2.37,0,
2002,3 Kasım 2002,58,Sivas,İP,1070,0.35,0,
2002,3 Kasım 2002,58,Sivas,LDP,389,0.13,0,
2002,3 Kasım 2002,58,Sivas,MHP,28194,9.19,0,
2002,3 Kasım 2002,58,Sivas,MP92,529,0.17,0,
2002,3 Kasım 2002,58,Sivas,ÖDP,1038,0.34,0,
2002,3 Kasım 2002,58,Sivas,SP,14406,4.69,0,
2002,3 Kasım 2002,58,Sivas,TKP,335,0.11,0,
2002,3 Kasım 2002,58,Sivas,YP,829,0.27,0,
2002,3 Kasım 2002,58,Sivas,YTP02,841,0.27,0,
2002,3 Kasım 2002,58,Sivas,Bağımsız,145,0.05,0,
2002,3 Kasım 2002,59,Tekirdağ,AK Parti,55935,17.07,2,
2002,3 Kasım 2002,59,Tekirdağ,ANAP,19164,5.85,0,
2002,3 Kasım 2002,59,Tekirdağ,BBP,1661,0.51,0,
2002,3 Kasım 2002,59,Tekirdağ,BTP,729,0.22,0,
2002,3 Kasım 2002,59,Tekirdağ,CHP,89159,27.21,3,EVET
2002,3 Kasım 2002,59,Tekirdağ,DEHAP,5505,1.68,0,
2002,3 Kasım 2002,59,Tekirdağ,DSP,8263,2.52,0,
2002,3 Kasım 2002,59,Tekirdağ,DYP,40088,12.23,0,
2002,3 Kasım 2002,59,Tekirdağ,GP,43022,13.13,0,
2002,3 Kasım 2002,59,Tekirdağ,İP,1928,0.59,0,
2002,3 Kasım 2002,59,Tekirdağ,LDP,995,0.3,0,
2002,3 Kasım 2002,59,Tekirdağ,MHP,28567,8.72,0,
2002,3 Kasım 2002,59,Tekirdağ,MP92,1369,0.42,0,
2002,3 Kasım 2002,59,Tekirdağ,ÖDP,1132,0.35,0,
2002,3 Kasım 2002,59,Tekirdağ,SP,3602,1.1,0,
2002,3 Kasım 2002,59,Tekirdağ,TKP,746,0.23,0,
2002,3 Kasım 2002,59,Tekirdağ,YP,22474,6.86,0,
2002,3 Kasım 2002,59,Tekirdağ,YTP02,4239,1.29,0,
2002,3 Kasım 2002,60,Tokat,AK Parti,136288,43.78,5,EVET
2002,3 Kasım 2002,60,Tokat,ANAP,7639,2.45,0,
2002,3 Kasım 2002,60,Tokat,BBP,5331,1.71,0,
2002,3 Kasım 2002,60,Tokat,BTP,1499,0.48,0,
2002,3 Kasım 2002,60,Tokat,CHP,61081,19.62,2,
2002,3 Kasım 2002,60,Tokat,DEHAP,4047,1.3,0,
2002,3 Kasım 2002,60,Tokat,DSP,2933,0.94,0,
2002,3 Kasım 2002,60,Tokat,DYP,27795,8.93,0,
2002,3 Kasım 2002,60,Tokat,GP,8968,2.88,0,
2002,3 Kasım 2002,60,Tokat,İP,1087,0.35,0,
2002,3 Kasım 2002,60,Tokat,LDP,538,0.17,0,
2002,3 Kasım 2002,60,Tokat,MHP,34780,11.17,0,
2002,3 Kasım 2002,60,Tokat,MP92,1010,0.32,0,
2002,3 Kasım 2002,60,Tokat,ÖDP,812,0.26,0,
2002,3 Kasım 2002,60,Tokat,SP,6424,2.06,0,
2002,3 Kasım 2002,60,Tokat,TKP,318,0.1,0,
2002,3 Kasım 2002,60,Tokat,YP,953,0.31,0,
2002,3 Kasım 2002,60,Tokat,YTP02,893,0.29,0,
2002,3 Kasım 2002,60,Tokat,Bağımsız,7642,2.45,0,
2002,3 Kasım 2002,61,Trabzon,AK Parti,164094,44.1,6,EVET
2002,3 Kasım 2002,61,Trabzon,ANAP,29741,7.99,0,
2002,3 Kasım 2002,61,Trabzon,BBP,3679,0.99,0,
2002,3 Kasım 2002,61,Trabzon,BTP,4814,1.29,0,
2002,3 Kasım 2002,61,Trabzon,CHP,54668,14.69,2,
2002,3 Kasım 2002,61,Trabzon,DEHAP,3006,0.81,0,
2002,3 Kasım 2002,61,Trabzon,DSP,5068,1.36,0,
2002,3 Kasım 2002,61,Trabzon,DYP,40049,10.76,0,
2002,3 Kasım 2002,61,Trabzon,GP,6191,1.66,0,
2002,3 Kasım 2002,61,Trabzon,İP,1146,0.31,0,
2002,3 Kasım 2002,61,Trabzon,LDP,1026,0.28,0,
2002,3 Kasım 2002,61,Trabzon,MHP,31364,8.43,0,
2002,3 Kasım 2002,61,Trabzon,MP92,824,0.22,0,
2002,3 Kasım 2002,61,Trabzon,ÖDP,1060,0.28,0,
2002,3 Kasım 2002,61,Trabzon,SP,21095,5.67,0,
2002,3 Kasım 2002,61,Trabzon,TKP,474,0.13,0,
2002,3 Kasım 2002,61,Trabzon,YP,2119,0.57,0,
2002,3 Kasım 2002,61,Trabzon,YTP02,1428,0.38,0,
2002,3 Kasım 2002,61,Trabzon,Bağımsız,1309,0.35,0,
2002,3 Kasım 2002,62,Tunceli,AK Parti,2759,6.69,0,
2002,3 Kasım 2002,62,Tunceli,ANAP,1949,4.73,0,
2002,3 Kasım 2002,62,Tunceli,BBP,158,0.38,0,
2002,3 Kasım 2002,62,Tunceli,BTP,105,0.25,0,
2002,3 Kasım 2002,62,Tunceli,CHP,10188,24.7,2,
2002,3 Kasım 2002,62,Tunceli,DEHAP,13437,32.58,0,EVET
2002,3 Kasım 2002,62,Tunceli,DSP,515,1.25,0,
2002,3 Kasım 2002,62,Tunceli,DYP,5477,13.28,0,
2002,3 Kasım 2002,62,Tunceli,GP,315,0.76,0,
2002,3 Kasım 2002,62,Tunceli,İP,425,1.03,0,
2002,3 Kasım 2002,62,Tunceli,LDP,38,0.09,0,
2002,3 Kasım 2002,62,Tunceli,MHP,4075,9.88,0,
2002,3 Kasım 2002,62,Tunceli,MP92,100,0.24,0,
2002,3 Kasım 2002,62,Tunceli,ÖDP,227,0.55,0,
2002,3 Kasım 2002,62,Tunceli,SP,145,0.35,0,
2002,3 Kasım 2002,62,Tunceli,TKP,102,0.25,0,
2002,3 Kasım 2002,62,Tunceli,YP,195,0.47,0,
2002,3 Kasım 2002,62,Tunceli,YTP02,890,2.16,0,
2002,3 Kasım 2002,62,Tunceli,Bağımsız,229,0.56,0,
2002,3 Kasım 2002,63,Şanlıurfa,AK Parti,99331,22.98,7,EVET
2002,3 Kasım 2002,63,Şanlıurfa,ANAP,44134,10.21,0,
2002,3 Kasım 2002,63,Şanlıurfa,BBP,2566,0.59,0,
2002,3 Kasım 2002,63,Şanlıurfa,BTP,1277,0.3,0,
2002,3 Kasım 2002,63,Şanlıurfa,CHP,42946,9.94,3,
2002,3 Kasım 2002,63,Şanlıurfa,DEHAP,83393,19.29,0,
2002,3 Kasım 2002,63,Şanlıurfa,DSP,2995,0.69,0,
2002,3 Kasım 2002,63,Şanlıurfa,DYP,71507,16.54,0,
2002,3 Kasım 2002,63,Şanlıurfa,GP,7406,1.71,0,
2002,3 Kasım 2002,63,Şanlıurfa,İP,479,0.11,0,
2002,3 Kasım 2002,63,Şanlıurfa,LDP,379,0.09,0,
2002,3 Kasım 2002,63,Şanlıurfa,MHP,34442,7.97,0,
2002,3 Kasım 2002,63,Şanlıurfa,MP92,609,0.14,0,
2002,3 Kasım 2002,63,Şanlıurfa,ÖDP,574,0.13,0,
2002,3 Kasım 2002,63,Şanlıurfa,SP,19622,4.54,0,
2002,3 Kasım 2002,63,Şanlıurfa,TKP,258,0.06,0,
2002,3 Kasım 2002,63,Şanlıurfa,YP,1040,0.24,0,
2002,3 Kasım 2002,63,Şanlıurfa,YTP02,1078,0.25,0,
2002,3 Kasım 2002,63,Şanlıurfa,Bağımsız,19014,4.4,0,
2002,3 Kasım 2002,64,Uşak,AK Parti,48197,27.05,2,EVET
2002,3 Kasım 2002,64,Uşak,ANAP,9111,5.11,0,
2002,3 Kasım 2002,64,Uşak,BBP,2026,1.14,0,
2002,3 Kasım 2002,64,Uşak,BTP,1281,0.72,0,
2002,3 Kasım 2002,64,Uşak,CHP,43712,24.53,1,
2002,3 Kasım 2002,64,Uşak,DEHAP,2798,1.57,0,
2002,3 Kasım 2002,64,Uşak,DSP,3359,1.89,0,
2002,3 Kasım 2002,64,Uşak,DYP,19360,10.87,0,
2002,3 Kasım 2002,64,Uşak,GP,20115,11.29,0,
2002,3 Kasım 2002,64,Uşak,İP,1235,0.69,0,
2002,3 Kasım 2002,64,Uşak,LDP,463,0.26,0,
2002,3 Kasım 2002,64,Uşak,MHP,18782,10.54,0,
2002,3 Kasım 2002,64,Uşak,MP92,644,0.36,0,
2002,3 Kasım 2002,64,Uşak,ÖDP,1126,0.63,0,
2002,3 Kasım 2002,64,Uşak,SP,2801,1.57,0,
2002,3 Kasım 2002,64,Uşak,TKP,366,0.21,0,
2002,3 Kasım 2002,64,Uşak,YP,1234,0.69,0,
2002,3 Kasım 2002,64,Uşak,YTP02,2168,1.22,0,
2002,3 Kasım 2002,64,Uşak,Bağımsız,95,0.05,0,
2002,3 Kasım 2002,65,Van,AK Parti,66797,25.94,6,
2002,3 Kasım 2002,65,Van,ANAP,11499,4.47,0,
2002,3 Kasım 2002,65,Van,BBP,3342,1.3,0,
2002,3 Kasım 2002,65,Van,BTP,1787,0.69,0,
2002,3 Kasım 2002,65,Van,CHP,13307,5.17,1,
2002,3 Kasım 2002,65,Van,DEHAP,105259,40.88,0,EVET
2002,3 Kasım 2002,65,Van,DSP,3746,1.45,0,
2002,3 Kasım 2002,65,Van,DYP,16743,6.5,0,
2002,3 Kasım 2002,65,Van,GP,5578,2.17,0,
2002,3 Kasım 2002,65,Van,İP,785,0.3,0,
2002,3 Kasım 2002,65,Van,LDP,475,0.18,0,
2002,3 Kasım 2002,65,Van,MHP,8297,3.22,0,
2002,3 Kasım 2002,65,Van,MP92,743,0.29,0,
2002,3 Kasım 2002,65,Van,ÖDP,554,0.22,0,
2002,3 Kasım 2002,65,Van,SP,9016,3.5,0,
2002,3 Kasım 2002,65,Van,TKP,360,0.14,0,
2002,3 Kasım 2002,65,Van,YP,1349,0.52,0,
2002,3 Kasım 2002,65,Van,YTP02,2306,0.9,0,
2002,3 Kasım 2002,65,Van,Bağımsız,5901,2.29,0,
2002,3 Kasım 2002,66,Yozgat,AK Parti,123540,51.33,5,EVET
2002,3 Kasım 2002,66,Yozgat,ANAP,15185,6.31,0,
2002,3 Kasım 2002,66,Yozgat,BBP,4364,1.81,0,
2002,3 Kasım 2002,66,Yozgat,BTP,926,0.38,0,
2002,3 Kasım 2002,66,Yozgat,CHP,29130,12.1,1,
2002,3 Kasım 2002,66,Yozgat,DEHAP,3590,1.49,0,
2002,3 Kasım 2002,66,Yozgat,DSP,1163,0.48,0,
2002,3 Kasım 2002,66,Yozgat,DYP,15885,6.6,0,
2002,3 Kasım 2002,66,Yozgat,GP,6805,2.83,0,
2002,3 Kasım 2002,66,Yozgat,İP,666,0.28,0,
2002,3 Kasım 2002,66,Yozgat,LDP,402,0.17,0,
2002,3 Kasım 2002,66,Yozgat,MHP,31183,12.96,0,
2002,3 Kasım 2002,66,Yozgat,MP92,631,0.26,0,
2002,3 Kasım 2002,66,Yozgat,ÖDP,372,0.15,0,
2002,3 Kasım 2002,66,Yozgat,SP,5494,2.28,0,
2002,3 Kasım 2002,66,Yozgat,TKP,258,0.11,0,
2002,3 Kasım 2002,66,Yozgat,YP,977,0.41,0,
2002,3 Kasım 2002,66,Yozgat,YTP02,859,0.36,0,
2002,3 Kasım 2002,67,Zonguldak,AK Parti,101652,30.64,3,EVET
2002,3 Kasım 2002,67,Zonguldak,ANAP,28115,8.47,0,
2002,3 Kasım 2002,67,Zonguldak,BBP,4044,1.22,0,
2002,3 Kasım 2002,67,Zonguldak,BTP,1168,0.35,0,
2002,3 Kasım 2002,67,Zonguldak,CHP,69580,20.97,2,
2002,3 Kasım 2002,67,Zonguldak,DEHAP,4123,1.24,0,
2002,3 Kasım 2002,67,Zonguldak,DSP,9734,2.93,0,
2002,3 Kasım 2002,67,Zonguldak,DYP,41916,12.63,0,
2002,3 Kasım 2002,67,Zonguldak,GP,31051,9.36,0,
2002,3 Kasım 2002,67,Zonguldak,İP,2292,0.69,0,
2002,3 Kasım 2002,67,Zonguldak,LDP,1222,0.37,0,
2002,3 Kasım 2002,67,Zonguldak,MHP,13897,4.19,0,
2002,3 Kasım 2002,67,Zonguldak,MP92,1589,0.48,0,
2002,3 Kasım 2002,67,Zonguldak,ÖDP,1777,0.54,0,
2002,3 Kasım 2002,67,Zonguldak,SP,8553,2.58,0,
2002,3 Kasım 2002,67,Zonguldak,TKP,877,0.26,0,
2002,3 Kasım 2002,67,Zonguldak,YP,3304,1.0,0,
2002,3 Kasım 2002,67,Zonguldak,YTP02,6552,1.97,0,
2002,3 Kasım 2002,67,Zonguldak,Bağımsız,1190,0.36,0,
2002,3 Kasım 2002,68,Aksaray,AK Parti,74784,48.27,4,EVET
2002,3 Kasım 2002,68,Aksaray,ANAP,9331,6.02,0,
2002,3 Kasım 2002,68,Aksaray,BBP,1715,1.11,0,
2002,3 Kasım 2002,68,Aksaray,BTP,1367,0.88,0,
2002,3 Kasım 2002,68,Aksaray,CHP,17527,11.31,0,
2002,3 Kasım 2002,68,Aksaray,DEHAP,2576,1.66,0,
2002,3 Kasım 2002,68,Aksaray,DSP,1519,0.98,0,
2002,3 Kasım 2002,68,Aksaray,DYP,15195,9.81,0,
2002,3 Kasım 2002,68,Aksaray,GP,6364,4.11,0,
2002,3 Kasım 2002,68,Aksaray,İP,680,0.44,0,
2002,3 Kasım 2002,68,Aksaray,LDP,235,0.15,0,
2002,3 Kasım 2002,68,Aksaray,MHP,17784,11.48,0,
2002,3 Kasım 2002,68,Aksaray,MP92,547,0.35,0,
2002,3 Kasım 2002,68,Aksaray,ÖDP,267,0.17,0,
2002,3 Kasım 2002,68,Aksaray,SP,2974,1.92,0,
2002,3 Kasım 2002,68,Aksaray,TKP,166,0.11,0,
2002,3 Kasım 2002,68,Aksaray,YP,1364,0.88,0,
2002,3 Kasım 2002,68,Aksaray,YTP02,854,0.55,0,
2002,3 Kasım 2002,68,Aksaray,Bağımsız,64,0.04,0,
2002,3 Kasım 2002,69,Bayburt,AK Parti,10162,26.81,1,
2002,3 Kasım 2002,69,Bayburt,ANAP,321,0.85,0,
2002,3 Kasım 2002,69,Bayburt,BBP,498,1.31,0,
2002,3 Kasım 2002,69,Bayburt,BTP,239,0.63,0,
2002,3 Kasım 2002,69,Bayburt,CHP,946,2.5,0,
2002,3 Kasım 2002,69,Bayburt,DEHAP,229,0.6,0,
2002,3 Kasım 2002,69,Bayburt,DSP,150,0.4,0,
2002,3 Kasım 2002,69,Bayburt,DYP,5557,14.66,0,
2002,3 Kasım 2002,69,Bayburt,GP,399,1.05,0,
2002,3 Kasım 2002,69,Bayburt,İP,69,0.18,0,
2002,3 Kasım 2002,69,Bayburt,LDP,35,0.09,0,
2002,3 Kasım 2002,69,Bayburt,MHP,4642,12.24,0,
2002,3 Kasım 2002,69,Bayburt,MP92,37,0.1,0,
2002,3 Kasım 2002,69,Bayburt,ÖDP,20,0.05,0,
2002,3 Kasım 2002,69,Bayburt,SP,4015,10.59,0,
2002,3 Kasım 2002,69,Bayburt,TKP,22,0.06,0,
2002,3 Kasım 2002,69,Bayburt,YP,85,0.22,0,
2002,3 Kasım 2002,69,Bayburt,YTP02,38,0.1,0,
2002,3 Kasım 2002,69,Bayburt,Bağımsız,10515,27.74,0,EVET
2002,3 Kasım 2002,70,Karaman,AK Parti,42994,38.34,2,EVET
2002,3 Kasım 2002,70,Karaman,ANAP,10544,9.4,0,
2002,3 Kasım 2002,70,Karaman,BBP,1084,0.97,0,
2002,3 Kasım 2002,70,Karaman,BTP,740,0.66,0,
2002,3 Kasım 2002,70,Karaman,CHP,20433,18.22,1,
2002,3 Kasım 2002,70,Karaman,DEHAP,1407,1.25,0,
2002,3 Kasım 2002,70,Karaman,DSP,1511,1.35,0,
2002,3 Kasım 2002,70,Karaman,DYP,8532,7.61,0,
2002,3 Kasım 2002,70,Karaman,GP,3866,3.45,0,
2002,3 Kasım 2002,70,Karaman,İP,779,0.69,0,
2002,3 Kasım 2002,70,Karaman,LDP,208,0.19,0,
2002,3 Kasım 2002,70,Karaman,MHP,14828,13.22,0,
2002,3 Kasım 2002,70,Karaman,MP92,490,0.44,0,
2002,3 Kasım 2002,70,Karaman,ÖDP,550,0.49,0,
2002,3 Kasım 2002,70,Karaman,SP,3194,2.85,0,
2002,3 Kasım 2002,70,Karaman,TKP,161,0.14,0,
2002,3 Kasım 2002,70,Karaman,YP,676,0.6,0,
2002,3 Kasım 2002,70,Karaman,YTP02,468,0.42,0,
2002,3 Kasım 2002,71,Kırıkkale,AK Parti,74813,49.29,3,EVET
2002,3 Kasım 2002,71,Kırıkkale,ANAP,4555,3.0,0,
2002,3 Kasım 2002,71,Kırıkkale,BBP,2022,1.33,0,
2002,3 Kasım 2002,71,Kırıkkale,BTP,363,0.24,0,
2002,3 Kasım 2002,71,Kırıkkale,CHP,19574,12.9,1,
2002,3 Kasım 2002,71,Kırıkkale,DEHAP,1458,0.96,0,
2002,3 Kasım 2002,71,Kırıkkale,DSP,1002,0.66,0,
2002,3 Kasım 2002,71,Kırıkkale,DYP,15030,9.9,0,
2002,3 Kasım 2002,71,Kırıkkale,GP,6800,4.48,0,
2002,3 Kasım 2002,71,Kırıkkale,İP,594,0.39,0,
2002,3 Kasım 2002,71,Kırıkkale,LDP,183,0.12,0,
2002,3 Kasım 2002,71,Kırıkkale,MHP,21478,14.15,0,
2002,3 Kasım 2002,71,Kırıkkale,MP92,188,0.12,0,
2002,3 Kasım 2002,71,Kırıkkale,ÖDP,151,0.1,0,
2002,3 Kasım 2002,71,Kırıkkale,SP,2931,1.93,0,
2002,3 Kasım 2002,71,Kırıkkale,TKP,158,0.1,0,
2002,3 Kasım 2002,71,Kırıkkale,YP,430,0.28,0,
2002,3 Kasım 2002,71,Kırıkkale,YTP02,498,0.33,0,
2002,3 Kasım 2002,71,Kırıkkale,Bağımsız,20,0.01,0,
2002,3 Kasım 2002,72,Batman,AK Parti,30654,20.69,3,
2002,3 Kasım 2002,72,Batman,ANAP,11082,7.48,0,
2002,3 Kasım 2002,72,Batman,BBP,764,0.52,0,
2002,3 Kasım 2002,72,Batman,BTP,391,0.26,0,
2002,3 Kasım 2002,72,Batman,CHP,10229,6.9,1,
2002,3 Kasım 2002,72,Batman,DEHAP,69854,47.14,0,EVET
2002,3 Kasım 2002,72,Batman,DSP,399,0.27,0,
2002,3 Kasım 2002,72,Batman,DYP,14255,9.62,0,
2002,3 Kasım 2002,72,Batman,GP,1169,0.79,0,
2002,3 Kasım 2002,72,Batman,İP,100,0.07,0,
2002,3 Kasım 2002,72,Batman,LDP,112,0.08,0,
2002,3 Kasım 2002,72,Batman,MHP,2942,1.99,0,
2002,3 Kasım 2002,72,Batman,MP92,230,0.16,0,
2002,3 Kasım 2002,72,Batman,ÖDP,183,0.12,0,
2002,3 Kasım 2002,72,Batman,SP,5006,3.38,0,
2002,3 Kasım 2002,72,Batman,TKP,97,0.07,0,
2002,3 Kasım 2002,72,Batman,YP,465,0.31,0,
2002,3 Kasım 2002,72,Batman,YTP02,443,0.3,0,
2002,3 Kasım 2002,73,Şırnak,AK Parti,14512,14.06,2,
2002,3 Kasım 2002,73,Şırnak,ANAP,11715,11.35,0,
2002,3 Kasım 2002,73,Şırnak,BBP,641,0.62,0,
2002,3 Kasım 2002,73,Şırnak,BTP,265,0.26,0,
2002,3 Kasım 2002,73,Şırnak,CHP,4876,4.72,0,
2002,3 Kasım 2002,73,Şırnak,DEHAP,47449,45.96,0,EVET
2002,3 Kasım 2002,73,Şırnak,DSP,1938,1.88,0,
2002,3 Kasım 2002,73,Şırnak,DYP,5356,5.19,0,
2002,3 Kasım 2002,73,Şırnak,GP,1300,1.26,0,
2002,3 Kasım 2002,73,Şırnak,İP,128,0.12,0,
2002,3 Kasım 2002,73,Şırnak,LDP,130,0.13,0,
2002,3 Kasım 2002,73,Şırnak,MHP,2979,2.89,0,
2002,3 Kasım 2002,73,Şırnak,MP92,251,0.24,0,
2002,3 Kasım 2002,73,Şırnak,ÖDP,138,0.13,0,
2002,3 Kasım 2002,73,Şırnak,SP,443,0.43,0,
2002,3 Kasım 2002,73,Şırnak,TKP,76,0.07,0,
2002,3 Kasım 2002,73,Şırnak,YP,469,0.45,0,
2002,3 Kasım 2002,73,Şırnak,YTP02,637,0.62,0,
2002,3 Kasım 2002,73,Şırnak,Bağımsız,10022,9.71,0,
2002,3 Kasım 2002,74,Bartın,AK Parti,29670,28.7,2,EVET
2002,3 Kasım 2002,74,Bartın,ANAP,8667,8.38,0,
2002,3 Kasım 2002,74,Bartın,BBP,988,0.96,0,
2002,3 Kasım 2002,74,Bartın,BTP,422,0.41,0,
2002,3 Kasım 2002,74,Bartın,CHP,14268,13.8,0,
2002,3 Kasım 2002,74,Bartın,DEHAP,1546,1.5,0,
2002,3 Kasım 2002,74,Bartın,DSP,5658,5.47,0,
2002,3 Kasım 2002,74,Bartın,DYP,14740,14.26,0,
2002,3 Kasım 2002,74,Bartın,GP,6313,6.11,0,
2002,3 Kasım 2002,74,Bartın,İP,629,0.61,0,
2002,3 Kasım 2002,74,Bartın,LDP,531,0.51,0,
2002,3 Kasım 2002,74,Bartın,MHP,13697,13.25,0,
2002,3 Kasım 2002,74,Bartın,MP92,798,0.77,0,
2002,3 Kasım 2002,74,Bartın,ÖDP,536,0.52,0,
2002,3 Kasım 2002,74,Bartın,SP,2302,2.23,0,
2002,3 Kasım 2002,74,Bartın,TKP,293,0.28,0,
2002,3 Kasım 2002,74,Bartın,YP,1298,1.26,0,
2002,3 Kasım 2002,74,Bartın,YTP02,1298,1.26,0,
2002,3 Kasım 2002,75,Ardahan,AK Parti,6746,11.8,1,
2002,3 Kasım 2002,75,Ardahan,ANAP,3776,6.6,0,
2002,3 Kasım 2002,75,Ardahan,BBP,667,1.17,0,
2002,3 Kasım 2002,75,Ardahan,BTP,352,0.62,0,
2002,3 Kasım 2002,75,Ardahan,CHP,12561,21.97,1,EVET
2002,3 Kasım 2002,75,Ardahan,DEHAP,9119,15.95,0,
2002,3 Kasım 2002,75,Ardahan,DSP,1112,1.94,0,
2002,3 Kasım 2002,75,Ardahan,DYP,10308,18.03,0,
2002,3 Kasım 2002,75,Ardahan,GP,1203,2.1,0,
2002,3 Kasım 2002,75,Ardahan,İP,999,1.75,0,
2002,3 Kasım 2002,75,Ardahan,LDP,144,0.25,0,
2002,3 Kasım 2002,75,Ardahan,MHP,5053,8.84,0,
2002,3 Kasım 2002,75,Ardahan,MP92,283,0.49,0,
2002,3 Kasım 2002,75,Ardahan,ÖDP,199,0.35,0,
2002,3 Kasım 2002,75,Ardahan,SP,1468,2.57,0,
2002,3 Kasım 2002,75,Ardahan,TKP,102,0.18,0,
2002,3 Kasım 2002,75,Ardahan,YP,426,0.75,0,
2002,3 Kasım 2002,75,Ardahan,YTP02,984,1.72,0,
2002,3 Kasım 2002,75,Ardahan,Bağımsız,1793,3.14,0,
2002,3 Kasım 2002,76,Iğdır,AK Parti,4015,6.52,0,
2002,3 Kasım 2002,76,Iğdır,ANAP,5054,8.2,0,
2002,3 Kasım 2002,76,Iğdır,BBP,321,0.52,0,
2002,3 Kasım 2002,76,Iğdır,BTP,210,0.34,0,
2002,3 Kasım 2002,76,Iğdır,CHP,9175,14.89,1,
2002,3 Kasım 2002,76,Iğdır,DEHAP,20149,32.7,0,EVET
2002,3 Kasım 2002,76,Iğdır,DSP,316,0.51,0,
2002,3 Kasım 2002,76,Iğdır,DYP,6123,9.94,0,
2002,3 Kasım 2002,76,Iğdır,GP,468,0.76,0,
2002,3 Kasım 2002,76,Iğdır,İP,164,0.27,0,
2002,3 Kasım 2002,76,Iğdır,LDP,67,0.11,0,
2002,3 Kasım 2002,76,Iğdır,MHP,8204,13.32,0,
2002,3 Kasım 2002,76,Iğdır,MP92,171,0.28,0,
2002,3 Kasım 2002,76,Iğdır,ÖDP,144,0.23,0,
2002,3 Kasım 2002,76,Iğdır,SP,304,0.49,0,
2002,3 Kasım 2002,76,Iğdır,TKP,62,0.1,0,
2002,3 Kasım 2002,76,Iğdır,YP,332,0.54,0,
2002,3 Kasım 2002,76,Iğdır,YTP02,372,0.6,0,
2002,3 Kasım 2002,76,Iğdır,Bağımsız,6062,9.84,0,
2002,3 Kasım 2002,77,Yalova,AK Parti,31681,34.7,1,EVET
2002,3 Kasım 2002,77,Yalova,ANAP,5465,5.99,0,
2002,3 Kasım 2002,77,Yalova,BBP,576,0.63,0,
2002,3 Kasım 2002,77,Yalova,BTP,418,0.46,0,
2002,3 Kasım 2002,77,Yalova,CHP,16506,18.08,1,
2002,3 Kasım 2002,77,Yalova,DEHAP,3617,3.96,0,
2002,3 Kasım 2002,77,Yalova,DSP,1121,1.23,0,
2002,3 Kasım 2002,77,Yalova,DYP,7247,7.94,0,
2002,3 Kasım 2002,77,Yalova,GP,6437,7.05,0,
2002,3 Kasım 2002,77,Yalova,İP,296,0.32,0,
2002,3 Kasım 2002,77,Yalova,LDP,300,0.33,0,
2002,3 Kasım 2002,77,Yalova,MHP,13891,15.22,0,
2002,3 Kasım 2002,77,Yalova,MP92,99,0.11,0,
2002,3 Kasım 2002,77,Yalova,ÖDP,242,0.27,0,
2002,3 Kasım 2002,77,Yalova,SP,1890,2.07,0,
2002,3 Kasım 2002,77,Yalova,TKP,156,0.17,0,
2002,3 Kasım 2002,77,Yalova,YP,850,0.93,0,
2002,3 Kasım 2002,77,Yalova,YTP02,753,0.82,0,
2002,3 Kasım 2002,77,Yalova,Bağımsız,24,0.03,0,
2002,3 Kasım 2002,78,Karabük,AK Parti,57026,45.35,3,EVET
2002,3 Kasım 2002,78,Karabük,ANAP,7786,6.19,0,
2002,3 Kasım 2002,78,Karabük,BBP,1348,1.07,0,
2002,3 Kasım 2002,78,Karabük,BTP,1896,1.51,0,
2002,3 Kasım 2002,78,Karabük,CHP,13617,10.83,0,
2002,3 Kasım 2002,78,Karabük,DEHAP,1812,1.44,0,
2002,3 Kasım 2002,78,Karabük,DSP,1753,1.39,0,
2002,3 Kasım 2002,78,Karabük,DYP,17805,14.16,0,
2002,3 Kasım 2002,78,Karabük,GP,5959,4.74,0,
2002,3 Kasım 2002,78,Karabük,İP,629,0.5,0,
2002,3 Kasım 2002,78,Karabük,LDP,553,0.44,0,
2002,3 Kasım 2002,78,Karabük,MHP,8150,6.48,0,
2002,3 Kasım 2002,78,Karabük,MP92,402,0.32,0,
2002,3 Kasım 2002,78,Karabük,ÖDP,368,0.29,0,
2002,3 Kasım 2002,78,Karabük,SP,5115,4.07,0,
2002,3 Kasım 2002,78,Karabük,TKP,236,0.19,0,
2002,3 Kasım 2002,78,Karabük,YP,761,0.61,0,
2002,3 Kasım 2002,78,Karabük,YTP02,859,0.68,0,
2002,3 Kasım 2002,79,Kilis,AK Parti,18308,36.5,2,EVET
2002,3 Kasım 2002,79,Kilis,ANAP,1109,2.21,0,
2002,3 Kasım 2002,79,Kilis,BBP,530,1.06,0,
2002,3 Kasım 2002,79,Kilis,BTP,2655,5.29,0,
2002,3 Kasım 2002,79,Kilis,CHP,3290,6.56,0,
2002,3 Kasım 2002,79,Kilis,DEHAP,1136,2.26,0,
2002,3 Kasım 2002,79,Kilis,DSP,248,0.49,0,
2002,3 Kasım 2002,79,Kilis,DYP,7637,15.23,0,
2002,3 Kasım 2002,79,Kilis,GP,1058,2.11,0,
2002,3 Kasım 2002,79,Kilis,İP,120,0.24,0,
2002,3 Kasım 2002,79,Kilis,LDP,67,0.13,0,
2002,3 Kasım 2002,79,Kilis,MHP,5027,10.02,0,
2002,3 Kasım 2002,79,Kilis,MP92,85,0.17,0,
2002,3 Kasım 2002,79,Kilis,ÖDP,225,0.45,0,
2002,3 Kasım 2002,79,Kilis,SP,1783,3.55,0,
2002,3 Kasım 2002,79,Kilis,TKP,40,0.08,0,
2002,3 Kasım 2002,79,Kilis,YP,136,0.27,0,
2002,3 Kasım 2002,79,Kilis,YTP02,374,0.75,0,
2002,3 Kasım 2002,79,Kilis,Bağımsız,6411,12.78,0,
2002,3 Kasım 2002,80,Osmaniye,AK Parti,62623,31.3,3,EVET
2002,3 Kasım 2002,80,Osmaniye,ANAP,12173,6.08,0,
2002,3 Kasım 2002,80,Osmaniye,BBP,2328,1.16,0,
2002,3 Kasım 2002,80,Osmaniye,BTP,488,0.24,0,
2002,3 Kasım 2002,80,Osmaniye,CHP,27640,13.81,1,
2002,3 Kasım 2002,80,Osmaniye,DEHAP,4447,2.22,0,
2002,3 Kasım 2002,80,Osmaniye,DSP,1288,0.64,0,
2002,3 Kasım 2002,80,Osmaniye,DYP,19179,9.59,0,
2002,3 Kasım 2002,80,Osmaniye,GP,5569,2.78,0,
2002,3 Kasım 2002,80,Osmaniye,İP,520,0.26,0,
2002,3 Kasım 2002,80,Osmaniye,LDP,227,0.11,0,
2002,3 Kasım 2002,80,Osmaniye,MHP,58622,29.3,0,
2002,3 Kasım 2002,80,Osmaniye,MP92,383,0.19,0,
2002,3 Kasım 2002,80,Osmaniye,ÖDP,251,0.13,0,
2002,3 Kasım 2002,80,Osmaniye,SP,3378,1.69,0,
2002,3 Kasım 2002,80,Osmaniye,TKP,174,0.09,0,
2002,3 Kasım 2002,80,Osmaniye,YP,724,0.36,0,
2002,3 Kasım 2002,80,Osmaniye,YTP02,582,0.29,0,
2002,3 Kasım 2002,80,Osmaniye,Bağımsız,126,0.06,0,
2002,3 Kasım 2002,81,Düzce,AK Parti,85194,52.64,3,EVET
2002,3 Kasım 2002,81,Düzce,ANAP,8573,5.3,0,
2002,3 Kasım 2002,81,Düzce,BBP,1223,0.76,0,
2002,3 Kasım 2002,81,Düzce,BTP,1267,0.78,0,
2002,3 Kasım 2002,81,Düzce,CHP,13933,8.61,0,
2002,3 Kasım 2002,81,Düzce,DEHAP,2617,1.62,0,
2002,3 Kasım 2002,81,Düzce,DSP,1485,0.92,0,
2002,3 Kasım 2002,81,Düzce,DYP,19618,12.12,0,
2002,3 Kasım 2002,81,Düzce,GP,12091,7.47,0,
2002,3 Kasım 2002,81,Düzce,İP,800,0.49,0,
2002,3 Kasım 2002,81,Düzce,LDP,368,0.23,0,
2002,3 Kasım 2002,81,Düzce,MHP,6392,3.95,0,
2002,3 Kasım 2002,81,Düzce,MP92,314,0.19,0,
2002,3 Kasım 2002,81,Düzce,ÖDP,617,0.38,0,
2002,3 Kasım 2002,81,Düzce,SP,5578,3.45,0,
2002,3 Kasım 2002,81,Düzce,TKP,231,0.14,0,
2002,3 Kasım 2002,81,Düzce,YP,1081,0.67,0,
2002,3 Kasım 2002,81,Düzce,YTP02,904,0.56,0,
2007,22 Temmuz 2007,1,Adana,AK Parti,338122,37.12,6,EVET
2007,22 Temmuz 2007,1,Adana,BTP,3104,0.34,0,
2007,22 Temmuz 2007,1,Adana,CHP,209276,22.98,4,
2007,22 Temmuz 2007,1,Adana,DP,48426,5.32,0,
2007,22 Temmuz 2007,1,Adana,GP,27855,3.06,0,
2007,22 Temmuz 2007,1,Adana,HYP,4124,0.45,0,
2007,22 Temmuz 2007,1,Adana,İP,3594,0.39,0,
2007,22 Temmuz 2007,1,Adana,MHP,210006,23.06,4,
2007,22 Temmuz 2007,1,Adana,ÖDP,1547,0.17,0,
2007,22 Temmuz 2007,1,Adana,SP,14204,1.56,0,
2007,22 Temmuz 2007,1,Adana,TKP,1753,0.19,0,
2007,22 Temmuz 2007,1,Adana,Bağımsız,54222,5.95,0,
2007,22 Temmuz 2007,2,Adıyaman,AK Parti,159735,65.75,4,EVET
2007,22 Temmuz 2007,2,Adıyaman,BTP,1262,0.52,0,
2007,22 Temmuz 2007,2,Adıyaman,CHP,34108,14.04,1,
2007,22 Temmuz 2007,2,Adıyaman,DP,8526,3.51,0,
2007,22 Temmuz 2007,2,Adıyaman,GP,878,0.36,0,
2007,22 Temmuz 2007,2,Adıyaman,HYP,1127,0.46,0,
2007,22 Temmuz 2007,2,Adıyaman,İP,448,0.18,0,
2007,22 Temmuz 2007,2,Adıyaman,LDP,238,0.1,0,
2007,22 Temmuz 2007,2,Adıyaman,MHP,12807,5.27,0,
2007,22 Temmuz 2007,2,Adıyaman,SP,4897,2.02,0,
2007,22 Temmuz 2007,2,Adıyaman,TKP,807,0.33,0,
2007,22 Temmuz 2007,2,Adıyaman,Bağımsız,19673,8.1,0,
2007,22 Temmuz 2007,3,Afyonkarahisar,AK Parti,206825,54.1,5,EVET
2007,22 Temmuz 2007,3,Afyonkarahisar,BTP,2048,0.54,0,
2007,22 Temmuz 2007,3,Afyonkarahisar,CHP,47494,12.42,1,
2007,22 Temmuz 2007,3,Afyonkarahisar,DP,26197,6.85,0,
2007,22 Temmuz 2007,3,Afyonkarahisar,EMEP,1125,0.29,0,
2007,22 Temmuz 2007,3,Afyonkarahisar,GP,6141,1.61,0,
2007,22 Temmuz 2007,3,Afyonkarahisar,HYP,2584,0.68,0,
2007,22 Temmuz 2007,3,Afyonkarahisar,İP,1389,0.36,0,
2007,22 Temmuz 2007,3,Afyonkarahisar,LDP,871,0.23,0,
2007,22 Temmuz 2007,3,Afyonkarahisar,MHP,80860,21.15,1,
2007,22 Temmuz 2007,3,Afyonkarahisar,ÖDP,585,0.15,0,
2007,22 Temmuz 2007,3,Afyonkarahisar,SP,6836,1.79,0,
2007,22 Temmuz 2007,3,Afyonkarahisar,TKP,628,0.16,0,
2007,22 Temmuz 2007,3,Afyonkarahisar,Bağımsız,1232,0.32,0,
2007,22 Temmuz 2007,4,Ağrı,AK Parti,103138,63.37,5,EVET
2007,22 Temmuz 2007,4,Ağrı,BTP,1304,0.8,0,
2007,22 Temmuz 2007,4,Ağrı,CHP,4210,2.59,0,
2007,22 Temmuz 2007,4,Ağrı,DP,4949,3.04,0,
2007,22 Temmuz 2007,4,Ağrı,GP,367,0.23,0,
2007,22 Temmuz 2007,4,Ağrı,HYP,795,0.49,0,
2007,22 Temmuz 2007,4,Ağrı,İP,217,0.13,0,
2007,22 Temmuz 2007,4,Ağrı,LDP,128,0.08,0,
2007,22 Temmuz 2007,4,Ağrı,MHP,6341,3.9,0,
2007,22 Temmuz 2007,4,Ağrı,SP,1525,0.94,0,
2007,22 Temmuz 2007,4,Ağrı,TKP,795,0.49,0,
2007,22 Temmuz 2007,4,Ağrı,Bağımsız,39871,24.5,0,
2007,22 Temmuz 2007,5,Amasya,AK Parti,92331,47.43,2,EVET
2007,22 Temmuz 2007,5,Amasya,ATP,1666,0.86,0,
2007,22 Temmuz 2007,5,Amasya,BTP,856,0.44,0,
2007,22 Temmuz 2007,5,Amasya,CHP,50213,25.79,1,
2007,22 Temmuz 2007,5,Amasya,DP,10813,5.55,0,
2007,22 Temmuz 2007,5,Amasya,EMEP,486,0.25,0,
2007,22 Temmuz 2007,5,Amasya,GP,1823,0.94,0,
2007,22 Temmuz 2007,5,Amasya,HYP,1020,0.52,0,
2007,22 Temmuz 2007,5,Amasya,İP,583,0.3,0,
2007,22 Temmuz 2007,5,Amasya,LDP,226,0.12,0,
2007,22 Temmuz 2007,5,Amasya,MHP,29910,15.36,0,
2007,22 Temmuz 2007,5,Amasya,ÖDP,369,0.19,0,
2007,22 Temmuz 2007,5,Amasya,SP,4640,2.38,0,
2007,22 Temmuz 2007,5,Amasya,TKP,214,0.11,0,
2007,22 Temmuz 2007,5,Amasya,Bağımsız,766,0.39,0,
2007,22 Temmuz 2007,6,Ankara,AK Parti,1168742,47.84,16,EVET
2007,22 Temmuz 2007,6,Ankara,ATP,13954,0.57,0,
2007,22 Temmuz 2007,6,Ankara,BTP,12014,0.49,0,
2007,22 Temmuz 2007,6,Ankara,CHP,687869,28.16,9,
2007,22 Temmuz 2007,6,Ankara,DP,69804,2.86,0,
2007,22 Temmuz 2007,6,Ankara,GP,45711,1.87,0,
2007,22 Temmuz 2007,6,Ankara,HYP,8004,0.33,0,
2007,22 Temmuz 2007,6,Ankara,İP,8650,0.35,0,
2007,22 Temmuz 2007,6,Ankara,LDP,1706,0.07,0,
2007,22 Temmuz 2007,6,Ankara,MHP,372868,15.26,4,
2007,22 Temmuz 2007,6,Ankara,ÖDP,3970,0.16,0,
2007,22 Temmuz 2007,6,Ankara,SP,29427,1.2,0,
2007,22 Temmuz 2007,6,Ankara,TKP,5202,0.21,0,
2007,22 Temmuz 2007,6,Ankara,Bağımsız,30721,1.26,0,
2007,22 Temmuz 2007,7,Antalya,AK Parti,306269,34.24,5,EVET
2007,22 Temmuz 2007,7,Antalya,BTP,2827,0.32,0,
2007,22 Temmuz 2007,7,Antalya,CHP,261766,29.26,5,
2007,22 Temmuz 2007,7,Antalya,DP,88593,9.9,0,
2007,22 Temmuz 2007,7,Antalya,GP,19498,2.18,0,
2007,22 Temmuz 2007,7,Antalya,HYP,5307,0.59,0,
2007,22 Temmuz 2007,7,Antalya,İP,3560,0.4,0,
2007,22 Temmuz 2007,7,Antalya,LDP,1312,0.15,0,
2007,22 Temmuz 2007,7,Antalya,MHP,179734,20.09,3,
2007,22 Temmuz 2007,7,Antalya,ÖDP,1558,0.17,0,
2007,22 Temmuz 2007,7,Antalya,SP,11715,1.31,0,
2007,22 Temmuz 2007,7,Antalya,TKP,1658,0.19,0,
2007,22 Temmuz 2007,7,Antalya,Bağımsız,16090,1.8,0,
2007,22 Temmuz 2007,8,Artvin,AK Parti,37613,38.02,1,EVET
2007,22 Temmuz 2007,8,Artvin,ATP,1068,1.08,0,
2007,22 Temmuz 2007,8,Artvin,BTP,1216,1.23,0,
2007,22 Temmuz 2007,8,Artvin,CHP,28313,28.62,1,
2007,22 Temmuz 2007,8,Artvin,DP,13875,14.03,0,
2007,22 Temmuz 2007,8,Artvin,EMEP,256,0.26,0,
2007,22 Temmuz 2007,8,Artvin,GP,1483,1.5,0,
2007,22 Temmuz 2007,8,Artvin,HYP,829,0.84,0,
2007,22 Temmuz 2007,8,Artvin,İP,464,0.47,0,
2007,22 Temmuz 2007,8,Artvin,LDP,264,0.27,0,
2007,22 Temmuz 2007,8,Artvin,MHP,10924,11.04,0,
2007,22 Temmuz 2007,8,Artvin,ÖDP,1016,1.03,0,
2007,22 Temmuz 2007,8,Artvin,SP,1870,1.89,0,
2007,22 Temmuz 2007,8,Artvin,TKP,248,0.25,0,
2007,22 Temmuz 2007,8,Artvin,Bağımsız,53,0.05,0,
2007,22 Temmuz 2007,9,Aydın,AK Parti,163071,29.38,3,EVET
2007,22 Temmuz 2007,9,Aydın,BTP,2465,0.44,0,
2007,22 Temmuz 2007,9,Aydın,CHP,136280,24.55,2,
2007,22 Temmuz 2007,9,Aydın,DP,55512,10.0,0,
2007,22 Temmuz 2007,9,Aydın,GP,25468,4.59,0,
2007,22 Temmuz 2007,9,Aydın,HYP,3163,0.57,0,
2007,22 Temmuz 2007,9,Aydın,İP,3582,0.65,0,
2007,22 Temmuz 2007,9,Aydın,MHP,144616,26.05,3,
2007,22 Temmuz 2007,9,Aydın,ÖDP,1266,0.23,0,
2007,22 Temmuz 2007,9,Aydın,SP,5924,1.07,0,
2007,22 Temmuz 2007,9,Aydın,TKP,1599,0.29,0,
2007,22 Temmuz 2007,9,Aydın,Bağımsız,15349,2.77,0,
2007,22 Temmuz 2007,10,Balıkesir,AK Parti,287441,41.74,5,EVET
2007,22 Temmuz 2007,10,Balıkesir,BTP,3925,0.57,0,
2007,22 Temmuz 2007,10,Balıkesir,CHP,168593,24.48,2,
2007,22 Temmuz 2007,10,Balıkesir,DP,61390,8.91,0,
2007,22 Temmuz 2007,10,Balıkesir,GP,29274,4.25,0,
2007,22 Temmuz 2007,10,Balıkesir,HYP,4936,0.72,0,
2007,22 Temmuz 2007,10,Balıkesir,İP,3335,0.48,0,
2007,22 Temmuz 2007,10,Balıkesir,LDP,1546,0.22,0,
2007,22 Temmuz 2007,10,Balıkesir,MHP,109769,15.94,1,
2007,22 Temmuz 2007,10,Balıkesir,ÖDP,1589,0.23,0,
2007,22 Temmuz 2007,10,Balıkesir,SP,14033,2.04,0,
2007,22 Temmuz 2007,10,Balıkesir,TKP,1962,0.28,0,
2007,22 Temmuz 2007,10,Balıkesir,Bağımsız,4969,0.72,0,
2007,22 Temmuz 2007,11,Bilecik,AK Parti,46829,40.24,1,EVET
2007,22 Temmuz 2007,11,Bilecik,ATP,1062,0.91,0,
2007,22 Temmuz 2007,11,Bilecik,BTP,597,0.51,0,
2007,22 Temmuz 2007,11,Bilecik,CHP,27235,23.4,1,
2007,22 Temmuz 2007,11,Bilecik,DP,9005,7.74,0,
2007,22 Temmuz 2007,11,Bilecik,EMEP,187,0.16,0,
2007,22 Temmuz 2007,11,Bilecik,GP,4968,4.27,0,
2007,22 Temmuz 2007,11,Bilecik,HYP,516,0.44,0,
2007,22 Temmuz 2007,11,Bilecik,İP,510,0.44,0,
2007,22 Temmuz 2007,11,Bilecik,LDP,185,0.16,0,
2007,22 Temmuz 2007,11,Bilecik,MHP,20959,18.01,0,
2007,22 Temmuz 2007,11,Bilecik,ÖDP,138,0.12,0,
2007,22 Temmuz 2007,11,Bilecik,SP,4643,3.99,0,
2007,22 Temmuz 2007,11,Bilecik,TKP,144,0.12,0,
2007,22 Temmuz 2007,11,Bilecik,Bağımsız,98,0.08,0,
2007,22 Temmuz 2007,12,Bingöl,AK Parti,78467,71.58,3,EVET
2007,22 Temmuz 2007,12,Bingöl,BTP,663,0.6,0,
2007,22 Temmuz 2007,12,Bingöl,CHP,4575,4.17,0,
2007,22 Temmuz 2007,12,Bingöl,DP,4654,4.25,0,
2007,22 Temmuz 2007,12,Bingöl,GP,254,0.23,0,
2007,22 Temmuz 2007,12,Bingöl,HYP,534,0.49,0,
2007,22 Temmuz 2007,12,Bingöl,İP,120,0.11,0,
2007,22 Temmuz 2007,12,Bingöl,LDP,90,0.08,0,
2007,22 Temmuz 2007,12,Bingöl,MHP,2800,2.55,0,
2007,22 Temmuz 2007,12,Bingöl,SP,2024,1.85,0,
2007,22 Temmuz 2007,12,Bingöl,TKP,375,0.34,0,
2007,22 Temmuz 2007,12,Bingöl,Bağımsız,15750,14.37,0,
2007,22 Temmuz 2007,13,Bitlis,AK Parti,68381,59.16,3,EVET
2007,22 Temmuz 2007,13,Bitlis,BTP,504,0.44,0,
2007,22 Temmuz 2007,13,Bitlis,CHP,10053,8.7,0,
2007,22 Temmuz 2007,13,Bitlis,DP,2026,1.75,0,
2007,22 Temmuz 2007,13,Bitlis,GP,302,0.26,0,
2007,22 Temmuz 2007,13,Bitlis,HYP,503,0.44,0,
2007,22 Temmuz 2007,13,Bitlis,İP,204,0.18,0,
2007,22 Temmuz 2007,13,Bitlis,LDP,84,0.07,0,
2007,22 Temmuz 2007,13,Bitlis,MHP,6660,5.76,0,
2007,22 Temmuz 2007,13,Bitlis,SP,1852,1.6,0,
2007,22 Temmuz 2007,13,Bitlis,TKP,353,0.31,0,
2007,22 Temmuz 2007,13,Bitlis,Bağımsız,25314,21.9,0,
2007,22 Temmuz 2007,14,Bolu,AK Parti,90409,55.28,3,EVET
2007,22 Temmuz 2007,14,Bolu,ATP,2063,1.26,0,
2007,22 Temmuz 2007,14,Bolu,BTP,1280,0.78,0,
2007,22 Temmuz 2007,14,Bolu,CHP,24178,14.78,0,
2007,22 Temmuz 2007,14,Bolu,DP,10905,6.67,0,
2007,22 Temmuz 2007,14,Bolu,EMEP,443,0.27,0,
2007,22 Temmuz 2007,14,Bolu,GP,4035,2.47,0,
2007,22 Temmuz 2007,14,Bolu,HYP,1101,0.67,0,
2007,22 Temmuz 2007,14,Bolu,İP,620,0.38,0,
2007,22 Temmuz 2007,14,Bolu,LDP,392,0.24,0,
2007,22 Temmuz 2007,14,Bolu,MHP,20065,12.27,0,
2007,22 Temmuz 2007,14,Bolu,ÖDP,300,0.18,0,
2007,22 Temmuz 2007,14,Bolu,SP,5900,3.61,0,
2007,22 Temmuz 2007,14,Bolu,TKP,518,0.32,0,
2007,22 Temmuz 2007,14,Bolu,Bağımsız,2368,1.45,0,
2007,22 Temmuz 2007,15,Burdur,AK Parti,65479,41.72,2,EVET
2007,22 Temmuz 2007,15,Burdur,ATP,1829,1.17,0,
2007,22 Temmuz 2007,15,Burdur,BTP,752,0.48,0,
2007,22 Temmuz 2007,15,Burdur,CHP,33673,21.46,1,
2007,22 Temmuz 2007,15,Burdur,DP,15303,9.75,0,
2007,22 Temmuz 2007,15,Burdur,EMEP,355,0.23,0,
2007,22 Temmuz 2007,15,Burdur,GP,4039,2.57,0,
2007,22 Temmuz 2007,15,Burdur,HYP,955,0.61,0,
2007,22 Temmuz 2007,15,Burdur,İP,789,0.5,0,
2007,22 Temmuz 2007,15,Burdur,LDP,434,0.28,0,
2007,22 Temmuz 2007,15,Burdur,MHP,29437,18.76,0,
2007,22 Temmuz 2007,15,Burdur,ÖDP,484,0.31,0,
2007,22 Temmuz 2007,15,Burdur,SP,3936,2.51,0,
2007,22 Temmuz 2007,15,Burdur,TKP,280,0.18,0,
2007,22 Temmuz 2007,15,Burdur,Bağımsız,134,0.09,0,
2007,22 Temmuz 2007,16,Bursa,AK Parti,666531,51.1,10,EVET
2007,22 Temmuz 2007,16,Bursa,BTP,8588,0.66,0,
2007,22 Temmuz 2007,16,Bursa,CHP,241856,18.54,3,
2007,22 Temmuz 2007,16,Bursa,DP,73878,5.66,0,
2007,22 Temmuz 2007,16,Bursa,GP,48709,3.73,0,
2007,22 Temmuz 2007,16,Bursa,HYP,7300,0.56,0,
2007,22 Temmuz 2007,16,Bursa,İP,4498,0.34,0,
2007,22 Temmuz 2007,16,Bursa,LDP,2584,0.2,0,
2007,22 Temmuz 2007,16,Bursa,MHP,188252,14.43,3,
2007,22 Temmuz 2007,16,Bursa,ÖDP,2384,0.18,0,
2007,22 Temmuz 2007,16,Bursa,SP,51252,3.93,0,
2007,22 Temmuz 2007,16,Bursa,TKP,2449,0.19,0,
2007,22 Temmuz 2007,16,Bursa,Bağımsız,14183,1.09,0,
2007,22 Temmuz 2007,17,Çanakkale,AK Parti,106252,35.58,2,EVET
2007,22 Temmuz 2007,17,Çanakkale,BTP,1780,0.6,0,
2007,22 Temmuz 2007,17,Çanakkale,CHP,77179,25.85,1,
2007,22 Temmuz 2007,17,Çanakkale,DP,22518,7.54,0,
2007,22 Temmuz 2007,17,Çanakkale,EMEP,918,0.31,0,
2007,22 Temmuz 2007,17,Çanakkale,GP,21590,7.23,0,
2007,22 Temmuz 2007,17,Çanakkale,HYP,1653,0.55,0,
2007,22 Temmuz 2007,17,Çanakkale,İP,1724,0.58,0,
2007,22 Temmuz 2007,17,Çanakkale,MHP,62121,20.8,1,
2007,22 Temmuz 2007,17,Çanakkale,ÖDP,795,0.27,0,
2007,22 Temmuz 2007,17,Çanakkale,SP,2780,0.93,0,
2007,22 Temmuz 2007,17,Çanakkale,TKP,611,0.2,0,
2007,22 Temmuz 2007,17,Çanakkale,Bağımsız,417,0.14,0,
2007,22 Temmuz 2007,18,Çankırı,AK Parti,67554,61.18,2,EVET
2007,22 Temmuz 2007,18,Çankırı,ATP,1458,1.32,0,
2007,22 Temmuz 2007,18,Çankırı,BTP,898,0.81,0,
2007,22 Temmuz 2007,18,Çankırı,CHP,5965,5.4,0,
2007,22 Temmuz 2007,18,Çankırı,DP,5746,5.2,0,
2007,22 Temmuz 2007,18,Çankırı,EMEP,247,0.22,0,
2007,22 Temmuz 2007,18,Çankırı,GP,980,0.89,0,
2007,22 Temmuz 2007,18,Çankırı,HYP,822,0.74,0,
2007,22 Temmuz 2007,18,Çankırı,İP,286,0.26,0,
2007,22 Temmuz 2007,18,Çankırı,LDP,223,0.2,0,
2007,22 Temmuz 2007,18,Çankırı,MHP,23996,21.73,1,
2007,22 Temmuz 2007,18,Çankırı,ÖDP,136,0.12,0,
2007,22 Temmuz 2007,18,Çankırı,SP,2594,2.35,0,
2007,22 Temmuz 2007,18,Çankırı,TKP,169,0.15,0,
2007,22 Temmuz 2007,18,Çankırı,Bağımsız,84,0.08,0,
2007,22 Temmuz 2007,19,Çorum,AK Parti,190765,57.81,4,EVET
2007,22 Temmuz 2007,19,Çorum,ATP,2980,0.9,0,
2007,22 Temmuz 2007,19,Çorum,BTP,1612,0.49,0,
2007,22 Temmuz 2007,19,Çorum,CHP,73947,22.41,1,
2007,22 Temmuz 2007,19,Çorum,DP,12700,3.85,0,
2007,22 Temmuz 2007,19,Çorum,EMEP,1129,0.34,0,
2007,22 Temmuz 2007,19,Çorum,GP,2541,0.77,0,
2007,22 Temmuz 2007,19,Çorum,HYP,2295,0.7,0,
2007,22 Temmuz 2007,19,Çorum,İP,1067,0.32,0,
2007,22 Temmuz 2007,19,Çorum,LDP,493,0.15,0,
2007,22 Temmuz 2007,19,Çorum,MHP,35783,10.84,0,
2007,22 Temmuz 2007,19,Çorum,ÖDP,536,0.16,0,
2007,22 Temmuz 2007,19,Çorum,SP,5442,1.65,0,
2007,22 Temmuz 2007,19,Çorum,TKP,540,0.16,0,
2007,22 Temmuz 2007,19,Çorum,Bağımsız,358,0.11,0,
2007,22 Temmuz 2007,20,Denizli,AK Parti,219157,43.31,4,EVET
2007,22 Temmuz 2007,20,Denizli,BTP,2669,0.53,0,
2007,22 Temmuz 2007,20,Denizli,CHP,111951,22.12,2,
2007,22 Temmuz 2007,20,Denizli,DP,44587,8.81,0,
2007,22 Temmuz 2007,20,Denizli,GP,20217,4.0,0,
2007,22 Temmuz 2007,20,Denizli,HYP,3547,0.7,0,
2007,22 Temmuz 2007,20,Denizli,İP,3833,0.76,0,
2007,22 Temmuz 2007,20,Denizli,MHP,90290,17.84,1,
2007,22 Temmuz 2007,20,Denizli,ÖDP,1255,0.25,0,
2007,22 Temmuz 2007,20,Denizli,SP,5001,0.99,0,
2007,22 Temmuz 2007,20,Denizli,TKP,1656,0.33,0,
2007,22 Temmuz 2007,20,Denizli,Bağımsız,4940,0.98,0,
2007,22 Temmuz 2007,21,Diyarbakır,AK Parti,191214,41.06,6,
2007,22 Temmuz 2007,21,Diyarbakır,BTP,1642,0.35,0,
2007,22 Temmuz 2007,21,Diyarbakır,CHP,9407,2.02,0,
2007,22 Temmuz 2007,21,Diyarbakır,DP,24381,5.24,0,
2007,22 Temmuz 2007,21,Diyarbakır,GP,1427,0.31,0,
2007,22 Temmuz 2007,21,Diyarbakır,HYP,2678,0.58,0,
2007,22 Temmuz 2007,21,Diyarbakır,İP,609,0.13,0,
2007,22 Temmuz 2007,21,Diyarbakır,MHP,11431,2.45,0,
2007,22 Temmuz 2007,21,Diyarbakır,ÖDP,508,0.11,0,
2007,22 Temmuz 2007,21,Diyarbakır,SP,3221,0.69,0,
2007,22 Temmuz 2007,21,Diyarbakır,TKP,1125,0.24,0,
2007,22 Temmuz 2007,21,Diyarbakır,Bağımsız,219779,47.19,0,EVET
2007,22 Temmuz 2007,22,Edirne,AK Parti,50368,20.85,1,
2007,22 Temmuz 2007,22,Edirne,ATP,1325,0.55,0,
2007,22 Temmuz 2007,22,Edirne,BTP,764,0.32,0,
2007,22 Temmuz 2007,22,Edirne,CHP,87081,36.05,2,EVET
2007,22 Temmuz 2007,22,Edirne,DP,23259,9.63,0,
2007,22 Temmuz 2007,22,Edirne,EMEP,542,0.22,0,
2007,22 Temmuz 2007,22,Edirne,GP,30322,12.55,0,
2007,22 Temmuz 2007,22,Edirne,HYP,995,0.41,0,
2007,22 Temmuz 2007,22,Edirne,İP,1132,0.47,0,
2007,22 Temmuz 2007,22,Edirne,MHP,40903,16.93,1,
2007,22 Temmuz 2007,22,Edirne,ÖDP,968,0.4,0,
2007,22 Temmuz 2007,22,Edirne,SP,3987,1.65,0,
2007,22 Temmuz 2007,22,Edirne,TKP,351,0.15,0,
2007,22 Temmuz 2007,22,Edirne,Bağımsız,797,0.33,0,
2007,22 Temmuz 2007,23,Elazığ,AK Parti,154727,57.57,5,EVET
2007,22 Temmuz 2007,23,Elazığ,BTP,1330,0.49,0,
2007,22 Temmuz 2007,23,Elazığ,CHP,19114,7.11,0,
2007,22 Temmuz 2007,23,Elazığ,DP,55955,20.82,0,
2007,22 Temmuz 2007,23,Elazığ,GP,906,0.34,0,
2007,22 Temmuz 2007,23,Elazığ,HYP,876,0.33,0,
2007,22 Temmuz 2007,23,Elazığ,İP,394,0.15,0,
2007,22 Temmuz 2007,23,Elazığ,LDP,291,0.11,0,
2007,22 Temmuz 2007,23,Elazığ,MHP,17456,6.5,0,
2007,22 Temmuz 2007,23,Elazığ,ÖDP,275,0.1,0,
2007,22 Temmuz 2007,23,Elazığ,SP,9971,3.71,0,
2007,22 Temmuz 2007,23,Elazığ,TKP,791,0.29,0,
2007,22 Temmuz 2007,23,Elazığ,Bağımsız,8281,3.08,0,
2007,22 Temmuz 2007,24,Erzincan,AK Parti,66499,54.7,2,EVET
2007,22 Temmuz 2007,24,Erzincan,ATP,728,0.6,0,
2007,22 Temmuz 2007,24,Erzincan,BTP,434,0.36,0,
2007,22 Temmuz 2007,24,Erzincan,CHP,29282,24.09,1,
2007,22 Temmuz 2007,24,Erzincan,DP,1493,1.23,0,
2007,22 Temmuz 2007,24,Erzincan,EMEP,168,0.14,0,
2007,22 Temmuz 2007,24,Erzincan,GP,736,0.61,0,
2007,22 Temmuz 2007,24,Erzincan,HYP,385,0.32,0,
2007,22 Temmuz 2007,24,Erzincan,İP,346,0.28,0,
2007,22 Temmuz 2007,24,Erzincan,MHP,13989,11.51,0,
2007,22 Temmuz 2007,24,Erzincan,ÖDP,199,0.16,0,
2007,22 Temmuz 2007,24,Erzincan,SP,2430,2.0,0,
2007,22 Temmuz 2007,24,Erzincan,TKP,205,0.17,0,
2007,22 Temmuz 2007,24,Erzincan,Bağımsız,5459,4.49,0,
2007,22 Temmuz 2007,25,Erzurum,AK Parti,244137,68.78,6,EVET
2007,22 Temmuz 2007,25,Erzurum,ATP,2904,0.82,0,
2007,22 Temmuz 2007,25,Erzurum,BTP,1906,0.54,0,
2007,22 Temmuz 2007,25,Erzurum,CHP,16857,4.75,0,
2007,22 Temmuz 2007,25,Erzurum,DP,9373,2.64,0,
2007,22 Temmuz 2007,25,Erzurum,GP,1095,0.31,0,
2007,22 Temmuz 2007,25,Erzurum,HYP,1842,0.52,0,
2007,22 Temmuz 2007,25,Erzurum,İP,600,0.17,0,
2007,22 Temmuz 2007,25,Erzurum,MHP,46971,13.23,1,
2007,22 Temmuz 2007,25,Erzurum,SP,11468,3.23,0,
2007,22 Temmuz 2007,25,Erzurum,TKP,976,0.27,0,
2007,22 Temmuz 2007,25,Erzurum,Bağımsız,19193,5.41,0,
2007,22 Temmuz 2007,26,Eskişehir,AK Parti,194494,44.78,3,EVET
2007,22 Temmuz 2007,26,Eskişehir,BTP,3090,0.71,0,
2007,22 Temmuz 2007,26,Eskişehir,CHP,110968,25.55,2,
2007,22 Temmuz 2007,26,Eskişehir,DP,30913,7.12,0,
2007,22 Temmuz 2007,26,Eskişehir,EMEP,1028,0.24,0,
2007,22 Temmuz 2007,26,Eskişehir,GP,14294,3.29,0,
2007,22 Temmuz 2007,26,Eskişehir,HYP,2245,0.52,0,
2007,22 Temmuz 2007,26,Eskişehir,İP,2061,0.47,0,
2007,22 Temmuz 2007,26,Eskişehir,LDP,623,0.14,0,
2007,22 Temmuz 2007,26,Eskişehir,MHP,68272,15.72,1,
2007,22 Temmuz 2007,26,Eskişehir,ÖDP,703,0.16,0,
2007,22 Temmuz 2007,26,Eskişehir,SP,6955,1.6,0,
2007,22 Temmuz 2007,26,Eskişehir,TKP,647,0.15,0,
2007,22 Temmuz 2007,26,Eskişehir,Bağımsız,777,0.18,0,
2007,22 Temmuz 2007,27,Gaziantep,AK Parti,328120,59.66,7,EVET
2007,22 Temmuz 2007,27,Gaziantep,BTP,4024,0.73,0,
2007,22 Temmuz 2007,27,Gaziantep,CHP,97271,17.69,2,
2007,22 Temmuz 2007,27,Gaziantep,DP,13286,2.42,0,
2007,22 Temmuz 2007,27,Gaziantep,GP,6453,1.17,0,
2007,22 Temmuz 2007,27,Gaziantep,HYP,2187,0.4,0,
2007,22 Temmuz 2007,27,Gaziantep,İP,1461,0.27,0,
2007,22 Temmuz 2007,27,Gaziantep,MHP,63030,11.46,1,
2007,22 Temmuz 2007,27,Gaziantep,ÖDP,609,0.11,0,
2007,22 Temmuz 2007,27,Gaziantep,SP,7779,1.41,0,
2007,22 Temmuz 2007,27,Gaziantep,TKP,1400,0.25,0,
2007,22 Temmuz 2007,27,Gaziantep,Bağımsız,27965,5.08,0,
2007,22 Temmuz 2007,28,Giresun,AK Parti,123138,51.63,3,EVET
2007,22 Temmuz 2007,28,Giresun,ATP,2351,0.99,0,
2007,22 Temmuz 2007,28,Giresun,BTP,2447,1.03,0,
2007,22 Temmuz 2007,28,Giresun,CHP,38842,16.29,1,
2007,22 Temmuz 2007,28,Giresun,DP,9364,3.93,0,
2007,22 Temmuz 2007,28,Giresun,EMEP,640,0.27,0,
2007,22 Temmuz 2007,28,Giresun,GP,3466,1.45,0,
2007,22 Temmuz 2007,28,Giresun,HYP,1816,0.76,0,
2007,22 Temmuz 2007,28,Giresun,İP,821,0.34,0,
2007,22 Temmuz 2007,28,Giresun,LDP,397,0.17,0,
2007,22 Temmuz 2007,28,Giresun,MHP,38377,16.09,1,
2007,22 Temmuz 2007,28,Giresun,ÖDP,607,0.25,0,
2007,22 Temmuz 2007,28,Giresun,SP,5747,2.41,0,
2007,22 Temmuz 2007,28,Giresun,TKP,443,0.19,0,
2007,22 Temmuz 2007,28,Giresun,Bağımsız,11508,4.83,0,
2007,22 Temmuz 2007,29,Gümüşhane,AK Parti,41940,61.08,2,EVET
2007,22 Temmuz 2007,29,Gümüşhane,ATP,637,0.93,0,
2007,22 Temmuz 2007,29,Gümüşhane,BTP,506,0.74,0,
2007,22 Temmuz 2007,29,Gümüşhane,CHP,5490,8.0,0,
2007,22 Temmuz 2007,29,Gümüşhane,DP,2764,4.03,0,
2007,22 Temmuz 2007,29,Gümüşhane,EMEP,164,0.24,0,
2007,22 Temmuz 2007,29,Gümüşhane,GP,282,0.41,0,
2007,22 Temmuz 2007,29,Gümüşhane,HYP,483,0.7,0,
2007,22 Temmuz 2007,29,Gümüşhane,İP,167,0.24,0,
2007,22 Temmuz 2007,29,Gümüşhane,LDP,87,0.13,0,
2007,22 Temmuz 2007,29,Gümüşhane,MHP,13322,19.4,0,
2007,22 Temmuz 2007,29,Gümüşhane,ÖDP,101,0.15,0,
2007,22 Temmuz 2007,29,Gümüşhane,SP,2954,4.3,0,
2007,22 Temmuz 2007,29,Gümüşhane,TKP,98,0.14,0,
2007,22 Temmuz 2007,29,Gümüşhane,Bağımsız,126,0.18,0,
2007,22 Temmuz 2007,30,Hakkari,AK Parti,29513,33.6,2,
2007,22 Temmuz 2007,30,Hakkari,ATP,288,0.33,0,
2007,22 Temmuz 2007,30,Hakkari,BTP,585,0.67,0,
2007,22 Temmuz 2007,30,Hakkari,CHP,3118,3.55,0,
2007,22 Temmuz 2007,30,Hakkari,DP,1756,2.0,0,
2007,22 Temmuz 2007,30,Hakkari,GP,328,0.37,0,
2007,22 Temmuz 2007,30,Hakkari,HYP,392,0.45,0,
2007,22 Temmuz 2007,30,Hakkari,İP,118,0.13,0,
2007,22 Temmuz 2007,30,Hakkari,MHP,1633,1.86,0,
2007,22 Temmuz 2007,30,Hakkari,SP,451,0.51,0,
2007,22 Temmuz 2007,30,Hakkari,TKP,364,0.41,0,
2007,22 Temmuz 2007,30,Hakkari,Bağımsız,49560,56.42,0,EVET
2007,22 Temmuz 2007,31,Hatay,AK Parti,261971,41.11,5,EVET
2007,22 Temmuz 2007,31,Hatay,BTP,2796,0.44,0,
2007,22 Temmuz 2007,31,Hatay,CHP,199838,31.36,3,
2007,22 Temmuz 2007,31,Hatay,DP,26433,4.15,0,
2007,22 Temmuz 2007,31,Hatay,GP,14985,2.35,0,
2007,22 Temmuz 2007,31,Hatay,HYP,2036,0.32,0,
2007,22 Temmuz 2007,31,Hatay,İP,2195,0.34,0,
2007,22 Temmuz 2007,31,Hatay,MHP,107721,16.9,2,
2007,22 Temmuz 2007,31,Hatay,ÖDP,760,0.12,0,
2007,22 Temmuz 2007,31,Hatay,SP,7218,1.13,0,
2007,22 Temmuz 2007,31,Hatay,TKP,1366,0.21,0,
2007,22 Temmuz 2007,31,Hatay,Bağımsız,13952,2.19,0,
2007,22 Temmuz 2007,32,Isparta,AK Parti,103459,44.16,3,EVET
2007,22 Temmuz 2007,32,Isparta,BTP,1629,0.7,0,
2007,22 Temmuz 2007,32,Isparta,CHP,31456,13.43,1,
2007,22 Temmuz 2007,32,Isparta,DP,29004,12.38,0,
2007,22 Temmuz 2007,32,Isparta,EMEP,466,0.2,0,
2007,22 Temmuz 2007,32,Isparta,GP,3617,1.54,0,
2007,22 Temmuz 2007,32,Isparta,HYP,1409,0.6,0,
2007,22 Temmuz 2007,32,Isparta,İP,1005,0.43,0,
2007,22 Temmuz 2007,32,Isparta,MHP,55814,23.83,1,
2007,22 Temmuz 2007,32,Isparta,ÖDP,484,0.21,0,
2007,22 Temmuz 2007,32,Isparta,SP,6710,2.86,0,
2007,22 Temmuz 2007,32,Isparta,TKP,354,0.15,0,
2007,22 Temmuz 2007,32,Isparta,Bağımsız,312,0.13,0,
2007,22 Temmuz 2007,33,Mersin,AK Parti,215703,27.33,4,
2007,22 Temmuz 2007,33,Mersin,ATP,3202,0.41,0,
2007,22 Temmuz 2007,33,Mersin,BTP,3386,0.43,0,
2007,22 Temmuz 2007,33,Mersin,CHP,195930,24.82,4,
2007,22 Temmuz 2007,33,Mersin,DP,43457,5.51,0,
2007,22 Temmuz 2007,33,Mersin,GP,21654,2.74,0,
2007,22 Temmuz 2007,33,Mersin,HYP,2501,0.32,0,
2007,22 Temmuz 2007,33,Mersin,İP,2639,0.33,0,
2007,22 Temmuz 2007,33,Mersin,LDP,899,0.11,0,
2007,22 Temmuz 2007,33,Mersin,MHP,242686,30.74,4,EVET
2007,22 Temmuz 2007,33,Mersin,ÖDP,1278,0.16,0,
2007,22 Temmuz 2007,33,Mersin,SP,6690,0.85,0,
2007,22 Temmuz 2007,33,Mersin,TKP,1506,0.19,0,
2007,22 Temmuz 2007,33,Mersin,Bağımsız,52396,6.64,0,
2007,22 Temmuz 2007,34,İstanbul,AK Parti,2604343,45.45,39,EVET
2007,22 Temmuz 2007,34,İstanbul,ATP,17040,0.3,0,
2007,22 Temmuz 2007,34,İstanbul,BTP,21981,0.38,0,
2007,22 Temmuz 2007,34,İstanbul,CHP,1556518,27.17,22,
2007,22 Temmuz 2007,34,İstanbul,DP,177186,3.09,0,
2007,22 Temmuz 2007,34,İstanbul,GP,216031,3.77,0,
2007,22 Temmuz 2007,34,İstanbul,HYP,22291,0.39,0,
2007,22 Temmuz 2007,34,İstanbul,İP,18312,0.32,0,
2007,22 Temmuz 2007,34,İstanbul,LDP,3089,0.05,0,
2007,22 Temmuz 2007,34,İstanbul,MHP,602093,10.51,7,
2007,22 Temmuz 2007,34,İstanbul,SP,173764,3.03,0,
2007,22 Temmuz 2007,34,İstanbul,TKP,12353,0.22,0,
2007,22 Temmuz 2007,34,İstanbul,Bağımsız,338548,5.91,0,
2007,22 Temmuz 2007,35,İzmir,AK Parti,636826,30.69,9,
2007,22 Temmuz 2007,35,İzmir,ATP,10018,0.48,0,
2007,22 Temmuz 2007,35,İzmir,BTP,8981,0.43,0,
2007,22 Temmuz 2007,35,İzmir,CHP,740269,35.67,11,EVET
2007,22 Temmuz 2007,35,İzmir,DP,108359,5.22,0,
2007,22 Temmuz 2007,35,İzmir,GP,155788,7.51,0,
2007,22 Temmuz 2007,35,İzmir,HYP,10856,0.52,0,
2007,22 Temmuz 2007,35,İzmir,İP,11988,0.58,0,
2007,22 Temmuz 2007,35,İzmir,LDP,2660,0.13,0,
2007,22 Temmuz 2007,35,İzmir,MHP,289800,13.97,4,
2007,22 Temmuz 2007,35,İzmir,ÖDP,4953,0.24,0,
2007,22 Temmuz 2007,35,İzmir,SP,18267,0.88,0,
2007,22 Temmuz 2007,35,İzmir,TKP,4952,0.24,0,
2007,22 Temmuz 2007,35,İzmir,Bağımsız,82802,3.99,0,
2007,22 Temmuz 2007,36,Kars,AK Parti,50819,41.42,2,EVET
2007,22 Temmuz 2007,36,Kars,ATP,814,0.66,0,
2007,22 Temmuz 2007,36,Kars,BTP,982,0.8,0,
2007,22 Temmuz 2007,36,Kars,CHP,16499,13.45,0,
2007,22 Temmuz 2007,36,Kars,DP,5023,4.09,0,
2007,22 Temmuz 2007,36,Kars,GP,1362,1.11,0,
2007,22 Temmuz 2007,36,Kars,HYP,756,0.62,0,
2007,22 Temmuz 2007,36,Kars,İP,445,0.36,0,
2007,22 Temmuz 2007,36,Kars,LDP,183,0.15,0,
2007,22 Temmuz 2007,36,Kars,MHP,24716,20.15,1,
2007,22 Temmuz 2007,36,Kars,ÖDP,185,0.15,0,
2007,22 Temmuz 2007,36,Kars,SP,1611,1.31,0,
2007,22 Temmuz 2007,36,Kars,TKP,671,0.55,0,
2007,22 Temmuz 2007,36,Kars,Bağımsız,19285,15.72,0,
2007,22 Temmuz 2007,37,Kastamonu,AK Parti,110311,49.78,3,EVET
2007,22 Temmuz 2007,37,Kastamonu,ATP,3404,1.54,0,
2007,22 Temmuz 2007,37,Kastamonu,BTP,2114,0.95,0,
2007,22 Temmuz 2007,37,Kastamonu,CHP,31170,14.07,0,
2007,22 Temmuz 2007,37,Kastamonu,DP,21916,9.89,0,
2007,22 Temmuz 2007,37,Kastamonu,EMEP,752,0.34,0,
2007,22 Temmuz 2007,37,Kastamonu,GP,4346,1.96,0,
2007,22 Temmuz 2007,37,Kastamonu,HYP,2632,1.19,0,
2007,22 Temmuz 2007,37,Kastamonu,İP,1171,0.53,0,
2007,22 Temmuz 2007,37,Kastamonu,LDP,1050,0.47,0,
2007,22 Temmuz 2007,37,Kastamonu,MHP,38889,17.55,1,
2007,22 Temmuz 2007,37,Kastamonu,ÖDP,510,0.23,0,
2007,22 Temmuz 2007,37,Kastamonu,SP,3771,1.7,0,
2007,22 Temmuz 2007,37,Kastamonu,TKP,604,0.27,0,
2007,22 Temmuz 2007,37,Kastamonu,Bağımsız,342,0.15,0,
2007,22 Temmuz 2007,38,Kayseri,AK Parti,395589,66.22,6,EVET
2007,22 Temmuz 2007,38,Kayseri,ATP,4964,0.83,0,
2007,22 Temmuz 2007,38,Kayseri,BTP,3523,0.59,0,
2007,22 Temmuz 2007,38,Kayseri,CHP,59125,9.9,1,
2007,22 Temmuz 2007,38,Kayseri,DP,17836,2.99,0,
2007,22 Temmuz 2007,38,Kayseri,EMEP,1352,0.23,0,
2007,22 Temmuz 2007,38,Kayseri,GP,5466,0.91,0,
2007,22 Temmuz 2007,38,Kayseri,HYP,2644,0.44,0,
2007,22 Temmuz 2007,38,Kayseri,İP,1428,0.24,0,
2007,22 Temmuz 2007,38,Kayseri,LDP,589,0.1,0,
2007,22 Temmuz 2007,38,Kayseri,MHP,92923,15.55,1,
2007,22 Temmuz 2007,38,Kayseri,ÖDP,529,0.09,0,
2007,22 Temmuz 2007,38,Kayseri,SP,12277,2.06,0,
2007,22 Temmuz 2007,38,Kayseri,TKP,618,0.1,0,
2007,22 Temmuz 2007,38,Kayseri,Bağımsız,2664,0.45,0,
2007,22 Temmuz 2007,39,Kırklareli,AK Parti,41848,20.29,1,
2007,22 Temmuz 2007,39,Kırklareli,ATP,1064,0.52,0,
2007,22 Temmuz 2007,39,Kırklareli,BTP,618,0.3,0,
2007,22 Temmuz 2007,39,Kırklareli,CHP,83264,40.37,2,EVET
2007,22 Temmuz 2007,39,Kırklareli,DP,18697,9.06,0,
2007,22 Temmuz 2007,39,Kırklareli,EMEP,302,0.15,0,
2007,22 Temmuz 2007,39,Kırklareli,GP,23176,11.24,0,
2007,22 Temmuz 2007,39,Kırklareli,HYP,734,0.36,0,
2007,22 Temmuz 2007,39,Kırklareli,İP,1246,0.6,0,
2007,22 Temmuz 2007,39,Kırklareli,LDP,314,0.15,0,
2007,22 Temmuz 2007,39,Kırklareli,MHP,32937,15.97,0,
2007,22 Temmuz 2007,39,Kırklareli,ÖDP,872,0.42,0,
2007,22 Temmuz 2007,39,Kırklareli,SP,1590,0.77,0,
2007,22 Temmuz 2007,39,Kırklareli,TKP,266,0.13,0,
2007,22 Temmuz 2007,39,Kırklareli,Bağımsız,407,0.2,0,
2007,22 Temmuz 2007,40,Kırşehir,AK Parti,54549,44.55,2,EVET
2007,22 Temmuz 2007,40,Kırşehir,ATP,1105,0.9,0,
2007,22 Temmuz 2007,40,Kırşehir,BTP,1165,0.95,0,
2007,22 Temmuz 2007,40,Kırşehir,CHP,18922,15.45,0,
2007,22 Temmuz 2007,40,Kırşehir,DP,2637,2.15,0,
2007,22 Temmuz 2007,40,Kırşehir,EMEP,413,0.34,0,
2007,22 Temmuz 2007,40,Kırşehir,GP,713,0.58,0,
2007,22 Temmuz 2007,40,Kırşehir,HYP,492,0.4,0,
2007,22 Temmuz 2007,40,Kırşehir,İP,331,0.27,0,
2007,22 Temmuz 2007,40,Kırşehir,LDP,160,0.13,0,
2007,22 Temmuz 2007,40,Kırşehir,MHP,31470,25.7,1,
2007,22 Temmuz 2007,40,Kırşehir,ÖDP,306,0.25,0,
2007,22 Temmuz 2007,40,Kırşehir,SP,1987,1.62,0,
2007,22 Temmuz 2007,40,Kırşehir,TKP,634,0.52,0,
2007,22 Temmuz 2007,40,Kırşehir,Bağımsız,8306,6.78,0,
2007,22 Temmuz 2007,41,Kocaeli,AK Parti,370242,49.59,6,EVET
2007,22 Temmuz 2007,41,Kocaeli,BTP,4349,0.58,0,
2007,22 Temmuz 2007,41,Kocaeli,CHP,145671,19.51,2,
2007,22 Temmuz 2007,41,Kocaeli,DP,40081,5.37,0,
2007,22 Temmuz 2007,41,Kocaeli,GP,24829,3.33,0,
2007,22 Temmuz 2007,41,Kocaeli,HYP,3530,0.47,0,
2007,22 Temmuz 2007,41,Kocaeli,İP,2359,0.32,0,
2007,22 Temmuz 2007,41,Kocaeli,LDP,730,0.1,0,
2007,22 Temmuz 2007,41,Kocaeli,MHP,78585,10.53,1,
2007,22 Temmuz 2007,41,Kocaeli,ÖDP,1247,0.17,0,
2007,22 Temmuz 2007,41,Kocaeli,SP,61890,8.29,0,
2007,22 Temmuz 2007,41,Kocaeli,TKP,1988,0.27,0,
2007,22 Temmuz 2007,41,Kocaeli,Bağımsız,15447,2.07,0,
2007,22 Temmuz 2007,42,Konya,AK Parti,660583,65.78,13,EVET
2007,22 Temmuz 2007,42,Konya,BTP,5384,0.54,0,
2007,22 Temmuz 2007,42,Konya,CHP,82482,8.21,1,
2007,22 Temmuz 2007,42,Konya,DP,59840,5.96,0,
2007,22 Temmuz 2007,42,Konya,GP,6260,0.62,0,
2007,22 Temmuz 2007,42,Konya,HYP,5236,0.52,0,
2007,22 Temmuz 2007,42,Konya,İP,2608,0.26,0,
2007,22 Temmuz 2007,42,Konya,MHP,131571,13.1,2,
2007,22 Temmuz 2007,42,Konya,ÖDP,1325,0.13,0,
2007,22 Temmuz 2007,42,Konya,SP,44160,4.4,0,
2007,22 Temmuz 2007,42,Konya,TKP,2286,0.23,0,
2007,22 Temmuz 2007,42,Konya,Bağımsız,9227,0.92,0,
2007,22 Temmuz 2007,43,Kütahya,AK Parti,226224,62.8,5,EVET
2007,22 Temmuz 2007,43,Kütahya,CHP,31662,8.79,0,
2007,22 Temmuz 2007,43,Kütahya,DP,24359,6.76,0,
2007,22 Temmuz 2007,43,Kütahya,EMEP,973,0.27,0,
2007,22 Temmuz 2007,43,Kütahya,GP,5335,1.48,0,
2007,22 Temmuz 2007,43,Kütahya,HYP,2770,0.77,0,
2007,22 Temmuz 2007,43,Kütahya,İP,1121,0.31,0,
2007,22 Temmuz 2007,43,Kütahya,LDP,865,0.24,0,
2007,22 Temmuz 2007,43,Kütahya,MHP,57438,15.94,1,
2007,22 Temmuz 2007,43,Kütahya,ÖDP,583,0.16,0,
2007,22 Temmuz 2007,43,Kütahya,SP,10316,2.86,0,
2007,22 Temmuz 2007,43,Kütahya,TKP,630,0.17,0,
2007,22 Temmuz 2007,43,Kütahya,Bağımsız,392,0.11,0,
2007,22 Temmuz 2007,44,Malatya,AK Parti,243525,67.2,6,EVET
2007,22 Temmuz 2007,44,Malatya,BTP,1500,0.41,0,
2007,22 Temmuz 2007,44,Malatya,CHP,68866,19.0,1,
2007,22 Temmuz 2007,44,Malatya,DP,4843,1.34,0,
2007,22 Temmuz 2007,44,Malatya,GP,2373,0.65,0,
2007,22 Temmuz 2007,44,Malatya,HYP,1159,0.32,0,
2007,22 Temmuz 2007,44,Malatya,İP,973,0.27,0,
2007,22 Temmuz 2007,44,Malatya,LDP,282,0.08,0,
2007,22 Temmuz 2007,44,Malatya,MHP,27579,7.61,0,
2007,22 Temmuz 2007,44,Malatya,ÖDP,480,0.13,0,
2007,22 Temmuz 2007,44,Malatya,SP,5946,1.64,0,
2007,22 Temmuz 2007,44,Malatya,TKP,700,0.19,0,
2007,22 Temmuz 2007,44,Malatya,Bağımsız,6679,1.84,0,
2007,22 Temmuz 2007,45,Manisa,AK Parti,314140,41.2,5,EVET
2007,22 Temmuz 2007,45,Manisa,BTP,5338,0.7,0,
2007,22 Temmuz 2007,45,Manisa,CHP,148212,19.44,2,
2007,22 Temmuz 2007,45,Manisa,DP,69612,9.13,0,
2007,22 Temmuz 2007,45,Manisa,GP,32807,4.3,0,
2007,22 Temmuz 2007,45,Manisa,HYP,4834,0.63,0,
2007,22 Temmuz 2007,45,Manisa,İP,3047,0.4,0,
2007,22 Temmuz 2007,45,Manisa,LDP,1674,0.22,0,
2007,22 Temmuz 2007,45,Manisa,MHP,158305,20.76,3,
2007,22 Temmuz 2007,45,Manisa,ÖDP,1689,0.22,0,
2007,22 Temmuz 2007,45,Manisa,SP,11589,1.52,0,
2007,22 Temmuz 2007,45,Manisa,TKP,2527,0.33,0,
2007,22 Temmuz 2007,45,Manisa,Bağımsız,13221,1.73,0,
2007,22 Temmuz 2007,46,Kahramanmaraş,AK Parti,319534,68.49,6,EVET
2007,22 Temmuz 2007,46,Kahramanmaraş,BTP,2876,0.62,0,
2007,22 Temmuz 2007,46,Kahramanmaraş,CHP,46209,9.91,1,
2007,22 Temmuz 2007,46,Kahramanmaraş,DP,20805,4.46,0,
2007,22 Temmuz 2007,46,Kahramanmaraş,GP,3201,0.69,0,
2007,22 Temmuz 2007,46,Kahramanmaraş,HYP,2582,0.55,0,
2007,22 Temmuz 2007,46,Kahramanmaraş,İP,1442,0.31,0,
2007,22 Temmuz 2007,46,Kahramanmaraş,MHP,58226,12.48,1,
2007,22 Temmuz 2007,46,Kahramanmaraş,ÖDP,572,0.12,0,
2007,22 Temmuz 2007,46,Kahramanmaraş,SP,6791,1.46,0,
2007,22 Temmuz 2007,46,Kahramanmaraş,TKP,1189,0.25,0,
2007,22 Temmuz 2007,46,Kahramanmaraş,Bağımsız,6323,1.36,0,
2007,22 Temmuz 2007,47,Mardin,AK Parti,105905,44.25,4,EVET
2007,22 Temmuz 2007,47,Mardin,BTP,1203,0.5,0,
2007,22 Temmuz 2007,47,Mardin,CHP,16639,6.95,0,
2007,22 Temmuz 2007,47,Mardin,DP,13443,5.62,0,
2007,22 Temmuz 2007,47,Mardin,GP,2514,1.05,0,
2007,22 Temmuz 2007,47,Mardin,HYP,600,0.25,0,
2007,22 Temmuz 2007,47,Mardin,İP,160,0.07,0,
2007,22 Temmuz 2007,47,Mardin,MHP,3202,1.34,0,
2007,22 Temmuz 2007,47,Mardin,SP,2923,1.22,0,
2007,22 Temmuz 2007,47,Mardin,TKP,534,0.22,0,
2007,22 Temmuz 2007,47,Mardin,Bağımsız,93201,38.94,0,
2007,22 Temmuz 2007,48,Muğla,AK Parti,117624,26.5,2,
2007,22 Temmuz 2007,48,Muğla,BTP,1601,0.36,0,
2007,22 Temmuz 2007,48,Muğla,CHP,154033,34.7,3,EVET
2007,22 Temmuz 2007,48,Muğla,DP,44916,10.12,0,
2007,22 Temmuz 2007,48,Muğla,EMEP,907,0.2,0,
2007,22 Temmuz 2007,48,Muğla,GP,22971,5.17,0,
2007,22 Temmuz 2007,48,Muğla,HYP,2451,0.55,0,
2007,22 Temmuz 2007,48,Muğla,İP,2901,0.65,0,
2007,22 Temmuz 2007,48,Muğla,LDP,1159,0.26,0,
2007,22 Temmuz 2007,48,Muğla,MHP,90771,20.45,1,
2007,22 Temmuz 2007,48,Muğla,ÖDP,1213,0.27,0,
2007,22 Temmuz 2007,48,Muğla,SP,2639,0.59,0,
2007,22 Temmuz 2007,48,Muğla,TKP,768,0.17,0,
2007,22 Temmuz 2007,48,Muğla,Bağımsız,2480,0.56,0,
2007,22 Temmuz 2007,49,Muş,AK Parti,54295,38.75,2,
2007,22 Temmuz 2007,49,Muş,BTP,524,0.37,0,
2007,22 Temmuz 2007,49,Muş,CHP,4408,3.15,0,
2007,22 Temmuz 2007,49,Muş,DP,8612,6.15,0,
2007,22 Temmuz 2007,49,Muş,GP,880,0.63,0,
2007,22 Temmuz 2007,49,Muş,HYP,520,0.37,0,
2007,22 Temmuz 2007,49,Muş,İP,206,0.15,0,
2007,22 Temmuz 2007,49,Muş,LDP,98,0.07,0,
2007,22 Temmuz 2007,49,Muş,MHP,3243,2.31,0,
2007,22 Temmuz 2007,49,Muş,SP,2748,1.96,0,
2007,22 Temmuz 2007,49,Muş,TKP,664,0.47,0,
2007,22 Temmuz 2007,49,Muş,Bağımsız,64438,45.98,0,EVET
2007,22 Temmuz 2007,50,Nevşehir,AK Parti,89500,56.12,3,EVET
2007,22 Temmuz 2007,50,Nevşehir,ATP,1502,0.94,0,
2007,22 Temmuz 2007,50,Nevşehir,BTP,633,0.4,0,
2007,22 Temmuz 2007,50,Nevşehir,CHP,25387,15.92,0,
2007,22 Temmuz 2007,50,Nevşehir,DP,5188,3.25,0,
2007,22 Temmuz 2007,50,Nevşehir,EMEP,320,0.2,0,
2007,22 Temmuz 2007,50,Nevşehir,GP,1110,0.7,0,
2007,22 Temmuz 2007,50,Nevşehir,HYP,700,0.44,0,
2007,22 Temmuz 2007,50,Nevşehir,İP,514,0.32,0,
2007,22 Temmuz 2007,50,Nevşehir,LDP,200,0.13,0,
2007,22 Temmuz 2007,50,Nevşehir,MHP,29420,18.45,0,
2007,22 Temmuz 2007,50,Nevşehir,ÖDP,278,0.17,0,
2007,22 Temmuz 2007,50,Nevşehir,SP,5327,3.34,0,
2007,22 Temmuz 2007,50,Nevşehir,TKP,190,0.12,0,
2007,22 Temmuz 2007,50,Nevşehir,Bağımsız,264,0.17,0,
2007,22 Temmuz 2007,51,Niğde,AK Parti,82537,48.94,2,EVET
2007,22 Temmuz 2007,51,Niğde,ATP,1659,0.98,0,
2007,22 Temmuz 2007,51,Niğde,BTP,974,0.58,0,
2007,22 Temmuz 2007,51,Niğde,CHP,26913,15.96,0,
2007,22 Temmuz 2007,51,Niğde,DP,12578,7.46,0,
2007,22 Temmuz 2007,51,Niğde,EMEP,369,0.22,0,
2007,22 Temmuz 2007,51,Niğde,GP,1335,0.79,0,
2007,22 Temmuz 2007,51,Niğde,HYP,1099,0.65,0,
2007,22 Temmuz 2007,51,Niğde,İP,1134,0.67,0,
2007,22 Temmuz 2007,51,Niğde,LDP,330,0.2,0,
2007,22 Temmuz 2007,51,Niğde,MHP,32012,18.98,1,
2007,22 Temmuz 2007,51,Niğde,ÖDP,264,0.16,0,
2007,22 Temmuz 2007,51,Niğde,SP,5020,2.98,0,
2007,22 Temmuz 2007,51,Niğde,TKP,478,0.28,0,
2007,22 Temmuz 2007,51,Niğde,Bağımsız,3004,1.78,0,
2007,22 Temmuz 2007,52,Ordu,AK Parti,209687,56.19,5,EVET
2007,22 Temmuz 2007,52,Ordu,BTP,3214,0.86,0,
2007,22 Temmuz 2007,52,Ordu,CHP,59779,16.02,1,
2007,22 Temmuz 2007,52,Ordu,DP,19527,5.23,0,
2007,22 Temmuz 2007,52,Ordu,EMEP,1234,0.33,0,
2007,22 Temmuz 2007,52,Ordu,GP,11052,2.96,0,
2007,22 Temmuz 2007,52,Ordu,HYP,4900,1.31,0,
2007,22 Temmuz 2007,52,Ordu,İP,1737,0.47,0,
2007,22 Temmuz 2007,52,Ordu,LDP,1085,0.29,0,
2007,22 Temmuz 2007,52,Ordu,MHP,55441,14.86,1,
2007,22 Temmuz 2007,52,Ordu,ÖDP,1411,0.38,0,
2007,22 Temmuz 2007,52,Ordu,SP,5167,1.38,0,
2007,22 Temmuz 2007,52,Ordu,TKP,766,0.21,0,
2007,22 Temmuz 2007,52,Ordu,Bağımsız,619,0.17,0,
2007,22 Temmuz 2007,53,Rize,AK Parti,97059,54.01,2,EVET
2007,22 Temmuz 2007,53,Rize,ATP,1873,1.04,0,
2007,22 Temmuz 2007,53,Rize,BTP,1210,0.67,0,
2007,22 Temmuz 2007,53,Rize,CHP,13783,7.67,0,
2007,22 Temmuz 2007,53,Rize,DP,5818,3.24,0,
2007,22 Temmuz 2007,53,Rize,EMEP,342,0.19,0,
2007,22 Temmuz 2007,53,Rize,GP,536,0.3,0,
2007,22 Temmuz 2007,53,Rize,HYP,509,0.28,0,
2007,22 Temmuz 2007,53,Rize,İP,415,0.23,0,
2007,22 Temmuz 2007,53,Rize,LDP,112,0.06,0,
2007,22 Temmuz 2007,53,Rize,MHP,10611,5.91,0,
2007,22 Temmuz 2007,53,Rize,ÖDP,260,0.14,0,
2007,22 Temmuz 2007,53,Rize,SP,6133,3.41,0,
2007,22 Temmuz 2007,53,Rize,TKP,919,0.51,0,
2007,22 Temmuz 2007,53,Rize,Bağımsız,41042,22.84,0,
2007,22 Temmuz 2007,54,Sakarya,AK Parti,253033,53.51,5,EVET
2007,22 Temmuz 2007,54,Sakarya,BTP,2339,0.49,0,
2007,22 Temmuz 2007,54,Sakarya,CHP,43939,9.29,0,
2007,22 Temmuz 2007,54,Sakarya,DP,29262,6.19,0,
2007,22 Temmuz 2007,54,Sakarya,EMEP,821,0.17,0,
2007,22 Temmuz 2007,54,Sakarya,GP,54985,11.63,0,
2007,22 Temmuz 2007,54,Sakarya,HYP,2164,0.46,0,
2007,22 Temmuz 2007,54,Sakarya,İP,1371,0.29,0,
2007,22 Temmuz 2007,54,Sakarya,LDP,705,0.15,0,
2007,22 Temmuz 2007,54,Sakarya,MHP,54198,11.46,1,
2007,22 Temmuz 2007,54,Sakarya,ÖDP,675,0.14,0,
2007,22 Temmuz 2007,54,Sakarya,SP,29201,6.18,0,
2007,22 Temmuz 2007,54,Sakarya,TKP,630,0.13,0,
2007,22 Temmuz 2007,54,Sakarya,Bağımsız,2220,0.47,0,
2007,22 Temmuz 2007,55,Samsun,AK Parti,370204,58.31,6,EVET
2007,22 Temmuz 2007,55,Samsun,BTP,3977,0.63,0,
2007,22 Temmuz 2007,55,Samsun,CHP,109092,17.18,2,
2007,22 Temmuz 2007,55,Samsun,DP,37306,5.88,0,
2007,22 Temmuz 2007,55,Samsun,EMEP,1483,0.23,0,
2007,22 Temmuz 2007,55,Samsun,GP,10695,1.68,0,
2007,22 Temmuz 2007,55,Samsun,HYP,5241,0.83,0,
2007,22 Temmuz 2007,55,Samsun,İP,2329,0.37,0,
2007,22 Temmuz 2007,55,Samsun,LDP,1312,0.21,0,
2007,22 Temmuz 2007,55,Samsun,MHP,77871,12.27,1,
2007,22 Temmuz 2007,55,Samsun,ÖDP,1266,0.2,0,
2007,22 Temmuz 2007,55,Samsun,SP,14940,2.35,0,
2007,22 Temmuz 2007,55,Samsun,TKP,1157,0.18,0,
2007,22 Temmuz 2007,55,Samsun,Bağımsız,2161,0.34,0,
2007,22 Temmuz 2007,56,Siirt,AK Parti,44836,49.0,2,EVET
2007,22 Temmuz 2007,56,Siirt,ATP,215,0.23,0,
2007,22 Temmuz 2007,56,Siirt,BTP,256,0.28,0,
2007,22 Temmuz 2007,56,Siirt,CHP,3181,3.48,0,
2007,22 Temmuz 2007,56,Siirt,DP,2674,2.92,0,
2007,22 Temmuz 2007,56,Siirt,GP,148,0.16,0,
2007,22 Temmuz 2007,56,Siirt,HYP,358,0.39,0,
2007,22 Temmuz 2007,56,Siirt,İP,151,0.17,0,
2007,22 Temmuz 2007,56,Siirt,LDP,75,0.08,0,
2007,22 Temmuz 2007,56,Siirt,MHP,2546,2.78,0,
2007,22 Temmuz 2007,56,Siirt,ÖDP,86,0.09,0,
2007,22 Temmuz 2007,56,Siirt,SP,877,0.96,0,
2007,22 Temmuz 2007,56,Siirt,TKP,178,0.19,0,
2007,22 Temmuz 2007,56,Siirt,Bağımsız,36320,39.69,0,
2007,22 Temmuz 2007,57,Sinop,AK Parti,52052,44.34,2,EVET
2007,22 Temmuz 2007,57,Sinop,ATP,1756,1.5,0,
2007,22 Temmuz 2007,57,Sinop,BTP,1006,0.86,0,
2007,22 Temmuz 2007,57,Sinop,CHP,28800,24.53,1,
2007,22 Temmuz 2007,57,Sinop,DP,10716,9.13,0,
2007,22 Temmuz 2007,57,Sinop,EMEP,535,0.46,0,
2007,22 Temmuz 2007,57,Sinop,GP,2585,2.2,0,
2007,22 Temmuz 2007,57,Sinop,HYP,1846,1.57,0,
2007,22 Temmuz 2007,57,Sinop,İP,855,0.73,0,
2007,22 Temmuz 2007,57,Sinop,LDP,491,0.42,0,
2007,22 Temmuz 2007,57,Sinop,MHP,14567,12.41,0,
2007,22 Temmuz 2007,57,Sinop,ÖDP,385,0.33,0,
2007,22 Temmuz 2007,57,Sinop,SP,2171,1.85,0,
2007,22 Temmuz 2007,57,Sinop,TKP,339,0.29,0,
2007,22 Temmuz 2007,58,Sivas,AK Parti,186843,55.83,4,EVET
2007,22 Temmuz 2007,58,Sivas,CHP,53641,16.03,1,
2007,22 Temmuz 2007,58,Sivas,DP,6715,2.01,0,
2007,22 Temmuz 2007,58,Sivas,EMEP,759,0.23,0,
2007,22 Temmuz 2007,58,Sivas,GP,1641,0.49,0,
2007,22 Temmuz 2007,58,Sivas,HYP,1724,0.52,0,
2007,22 Temmuz 2007,58,Sivas,İP,870,0.26,0,
2007,22 Temmuz 2007,58,Sivas,MHP,31848,9.52,0,
2007,22 Temmuz 2007,58,Sivas,ÖDP,676,0.2,0,
2007,22 Temmuz 2007,58,Sivas,SP,12795,3.82,0,
2007,22 Temmuz 2007,58,Sivas,TKP,1416,0.42,0,
2007,22 Temmuz 2007,58,Sivas,Bağımsız,37743,11.28,0,
2007,22 Temmuz 2007,59,Tekirdağ,AK Parti,116056,29.52,2,
2007,22 Temmuz 2007,59,Tekirdağ,BTP,1379,0.35,0,
2007,22 Temmuz 2007,59,Tekirdağ,CHP,136099,34.62,2,EVET
2007,22 Temmuz 2007,59,Tekirdağ,DP,32403,8.24,0,
2007,22 Temmuz 2007,59,Tekirdağ,EMEP,610,0.16,0,
2007,22 Temmuz 2007,59,Tekirdağ,GP,43190,10.99,0,
2007,22 Temmuz 2007,59,Tekirdağ,HYP,1676,0.43,0,
2007,22 Temmuz 2007,59,Tekirdağ,İP,1687,0.43,0,
2007,22 Temmuz 2007,59,Tekirdağ,LDP,654,0.17,0,
2007,22 Temmuz 2007,59,Tekirdağ,MHP,52136,13.26,1,
2007,22 Temmuz 2007,59,Tekirdağ,ÖDP,770,0.2,0,
2007,22 Temmuz 2007,59,Tekirdağ,SP,5105,1.3,0,
2007,22 Temmuz 2007,59,Tekirdağ,TKP,549,0.14,0,
2007,22 Temmuz 2007,59,Tekirdağ,Bağımsız,2899,0.74,0,
2007,22 Temmuz 2007,60,Tokat,AK Parti,171118,52.31,5,EVET
2007,22 Temmuz 2007,60,Tokat,BTP,2301,0.7,0,
2007,22 Temmuz 2007,60,Tokat,CHP,62406,19.08,1,
2007,22 Temmuz 2007,60,Tokat,DP,10152,3.1,0,
2007,22 Temmuz 2007,60,Tokat,EMEP,880,0.27,0,
2007,22 Temmuz 2007,60,Tokat,GP,2213,0.68,0,
2007,22 Temmuz 2007,60,Tokat,HYP,2273,0.69,0,
2007,22 Temmuz 2007,60,Tokat,İP,999,0.31,0,
2007,22 Temmuz 2007,60,Tokat,MHP,56158,17.17,1,
2007,22 Temmuz 2007,60,Tokat,ÖDP,589,0.18,0,
2007,22 Temmuz 2007,60,Tokat,SP,10061,3.08,0,
2007,22 Temmuz 2007,60,Tokat,TKP,608,0.19,0,
2007,22 Temmuz 2007,60,Tokat,Bağımsız,9481,2.9,0,
2007,22 Temmuz 2007,61,Trabzon,AK Parti,231292,57.17,6,EVET
2007,22 Temmuz 2007,61,Trabzon,BTP,4968,1.23,0,
2007,22 Temmuz 2007,61,Trabzon,CHP,55616,13.75,1,
2007,22 Temmuz 2007,61,Trabzon,DP,25410,6.28,0,
2007,22 Temmuz 2007,61,Trabzon,EMEP,684,0.17,0,
2007,22 Temmuz 2007,61,Trabzon,GP,3183,0.79,0,
2007,22 Temmuz 2007,61,Trabzon,HYP,2599,0.64,0,
2007,22 Temmuz 2007,61,Trabzon,İP,1182,0.29,0,
2007,22 Temmuz 2007,61,Trabzon,MHP,57294,14.16,1,
2007,22 Temmuz 2007,61,Trabzon,ÖDP,957,0.24,0,
2007,22 Temmuz 2007,61,Trabzon,SP,22523,5.57,0,
2007,22 Temmuz 2007,61,Trabzon,TKP,540,0.13,0,
2007,22 Temmuz 2007,61,Trabzon,Bağımsız,927,0.23,0,
2007,22 Temmuz 2007,62,Tunceli,AK Parti,5204,12.3,0,
2007,22 Temmuz 2007,62,Tunceli,ATP,246,0.58,0,
2007,22 Temmuz 2007,62,Tunceli,BTP,214,0.51,0,
2007,22 Temmuz 2007,62,Tunceli,CHP,7029,16.62,0,
2007,22 Temmuz 2007,62,Tunceli,DP,379,0.9,0,
2007,22 Temmuz 2007,62,Tunceli,GP,234,0.55,0,
2007,22 Temmuz 2007,62,Tunceli,HYP,122,0.29,0,
2007,22 Temmuz 2007,62,Tunceli,İP,229,0.54,0,
2007,22 Temmuz 2007,62,Tunceli,LDP,37,0.09,0,
2007,22 Temmuz 2007,62,Tunceli,MHP,2718,6.43,0,
2007,22 Temmuz 2007,62,Tunceli,ÖDP,100,0.24,0,
2007,22 Temmuz 2007,62,Tunceli,SP,163,0.39,0,
2007,22 Temmuz 2007,62,Tunceli,TKP,293,0.69,0,
2007,22 Temmuz 2007,62,Tunceli,Bağımsız,25424,60.11,0,EVET
2007,22 Temmuz 2007,63,Şanlıurfa,AK Parti,267525,60.13,9,EVET
2007,22 Temmuz 2007,63,Şanlıurfa,BTP,2081,0.47,0,
2007,22 Temmuz 2007,63,Şanlıurfa,CHP,21271,4.78,0,
2007,22 Temmuz 2007,63,Şanlıurfa,DP,28302,6.36,0,
2007,22 Temmuz 2007,63,Şanlıurfa,GP,1580,0.36,0,
2007,22 Temmuz 2007,63,Şanlıurfa,HYP,1345,0.3,0,
2007,22 Temmuz 2007,63,Şanlıurfa,İP,480,0.11,0,
2007,22 Temmuz 2007,63,Şanlıurfa,MHP,24084,5.41,0,
2007,22 Temmuz 2007,63,Şanlıurfa,SP,9749,2.19,0,
2007,22 Temmuz 2007,63,Şanlıurfa,TKP,850,0.19,0,
2007,22 Temmuz 2007,63,Şanlıurfa,Bağımsız,90127,20.26,0,
2007,22 Temmuz 2007,64,Uşak,AK Parti,86214,43.58,2,EVET
2007,22 Temmuz 2007,64,Uşak,ATP,1787,0.9,0,
2007,22 Temmuz 2007,64,Uşak,BTP,1295,0.65,0,
2007,22 Temmuz 2007,64,Uşak,CHP,44729,22.61,1,
2007,22 Temmuz 2007,64,Uşak,DP,10270,5.19,0,
2007,22 Temmuz 2007,64,Uşak,EMEP,570,0.29,0,
2007,22 Temmuz 2007,64,Uşak,GP,8154,4.12,0,
2007,22 Temmuz 2007,64,Uşak,HYP,1052,0.53,0,
2007,22 Temmuz 2007,64,Uşak,İP,849,0.43,0,
2007,22 Temmuz 2007,64,Uşak,LDP,361,0.18,0,
2007,22 Temmuz 2007,64,Uşak,MHP,38991,19.71,0,
2007,22 Temmuz 2007,64,Uşak,ÖDP,686,0.35,0,
2007,22 Temmuz 2007,64,Uşak,SP,3514,1.78,0,
2007,22 Temmuz 2007,64,Uşak,TKP,315,0.16,0,
2007,22 Temmuz 2007,64,Uşak,Bağımsız,273,0.14,0,
2007,22 Temmuz 2007,65,Van,AK Parti,163193,53.48,5,EVET
2007,22 Temmuz 2007,65,Van,BTP,2480,0.81,0,
2007,22 Temmuz 2007,65,Van,CHP,12445,4.08,0,
2007,22 Temmuz 2007,65,Van,DP,8410,2.76,0,
2007,22 Temmuz 2007,65,Van,GP,1864,0.61,0,
2007,22 Temmuz 2007,65,Van,HYP,1798,0.59,0,
2007,22 Temmuz 2007,65,Van,İP,1148,0.38,0,
2007,22 Temmuz 2007,65,Van,MHP,9933,3.26,0,
2007,22 Temmuz 2007,65,Van,SP,3963,1.3,0,
2007,22 Temmuz 2007,65,Van,TKP,1379,0.45,0,
2007,22 Temmuz 2007,65,Van,Bağımsız,99973,32.76,0,
2007,22 Temmuz 2007,66,Yozgat,AK Parti,156495,62.88,5,EVET
2007,22 Temmuz 2007,66,Yozgat,ATP,2200,0.88,0,
2007,22 Temmuz 2007,66,Yozgat,BTP,1237,0.5,0,
2007,22 Temmuz 2007,66,Yozgat,CHP,30682,12.33,0,
2007,22 Temmuz 2007,66,Yozgat,DP,5879,2.36,0,
2007,22 Temmuz 2007,66,Yozgat,EMEP,449,0.18,0,
2007,22 Temmuz 2007,66,Yozgat,GP,1213,0.49,0,
2007,22 Temmuz 2007,66,Yozgat,HYP,1488,0.6,0,
2007,22 Temmuz 2007,66,Yozgat,İP,658,0.26,0,
2007,22 Temmuz 2007,66,Yozgat,MHP,44678,17.95,1,
2007,22 Temmuz 2007,66,Yozgat,ÖDP,327,0.13,0,
2007,22 Temmuz 2007,66,Yozgat,SP,4479,1.8,0,
2007,22 Temmuz 2007,66,Yozgat,TKP,318,0.13,0,
2007,22 Temmuz 2007,66,Yozgat,Bağımsız,478,0.19,0,
2007,22 Temmuz 2007,67,Zonguldak,AK Parti,144041,41.28,3,EVET
2007,22 Temmuz 2007,67,Zonguldak,BTP,2290,0.66,0,
2007,22 Temmuz 2007,67,Zonguldak,CHP,85687,24.56,2,
2007,22 Temmuz 2007,67,Zonguldak,DP,48569,13.92,0,
2007,22 Temmuz 2007,67,Zonguldak,EMEP,1090,0.31,0,
2007,22 Temmuz 2007,67,Zonguldak,GP,17879,5.12,0,
2007,22 Temmuz 2007,67,Zonguldak,HYP,3138,0.9,0,
2007,22 Temmuz 2007,67,Zonguldak,İP,2239,0.64,0,
2007,22 Temmuz 2007,67,Zonguldak,LDP,1306,0.37,0,
2007,22 Temmuz 2007,67,Zonguldak,MHP,27271,7.82,0,
2007,22 Temmuz 2007,67,Zonguldak,ÖDP,1178,0.34,0,
2007,22 Temmuz 2007,67,Zonguldak,SP,15056,4.32,0,
2007,22 Temmuz 2007,67,Zonguldak,TKP,878,0.25,0,
2007,22 Temmuz 2007,67,Zonguldak,Bağımsız,231,0.07,0,
2007,22 Temmuz 2007,68,Aksaray,AK Parti,113555,63.89,3,EVET
2007,22 Temmuz 2007,68,Aksaray,ATP,1659,0.93,0,
2007,22 Temmuz 2007,68,Aksaray,BTP,1218,0.69,0,
2007,22 Temmuz 2007,68,Aksaray,CHP,18613,10.47,0,
2007,22 Temmuz 2007,68,Aksaray,DP,7600,4.28,0,
2007,22 Temmuz 2007,68,Aksaray,EMEP,332,0.19,0,
2007,22 Temmuz 2007,68,Aksaray,GP,984,0.55,0,
2007,22 Temmuz 2007,68,Aksaray,HYP,949,0.53,0,
2007,22 Temmuz 2007,68,Aksaray,İP,438,0.25,0,
2007,22 Temmuz 2007,68,Aksaray,LDP,259,0.15,0,
2007,22 Temmuz 2007,68,Aksaray,MHP,28736,16.17,1,
2007,22 Temmuz 2007,68,Aksaray,ÖDP,216,0.12,0,
2007,22 Temmuz 2007,68,Aksaray,SP,2809,1.58,0,
2007,22 Temmuz 2007,68,Aksaray,TKP,258,0.15,0,
2007,22 Temmuz 2007,68,Aksaray,Bağımsız,1316,0.74,0,
2007,22 Temmuz 2007,69,Bayburt,AK Parti,25632,61.2,2,EVET
2007,22 Temmuz 2007,69,Bayburt,ATP,320,0.76,0,
2007,22 Temmuz 2007,69,Bayburt,BTP,222,0.53,0,
2007,22 Temmuz 2007,69,Bayburt,CHP,1227,2.93,0,
2007,22 Temmuz 2007,69,Bayburt,DP,2493,5.95,0,
2007,22 Temmuz 2007,69,Bayburt,EMEP,61,0.15,0,
2007,22 Temmuz 2007,69,Bayburt,GP,83,0.2,0,
2007,22 Temmuz 2007,69,Bayburt,HYP,168,0.4,0,
2007,22 Temmuz 2007,69,Bayburt,İP,79,0.19,0,
2007,22 Temmuz 2007,69,Bayburt,LDP,45,0.11,0,
2007,22 Temmuz 2007,69,Bayburt,MHP,8154,19.47,0,
2007,22 Temmuz 2007,69,Bayburt,ÖDP,30,0.07,0,
2007,22 Temmuz 2007,69,Bayburt,SP,3596,8.59,0,
2007,22 Temmuz 2007,69,Bayburt,TKP,44,0.11,0,
2007,22 Temmuz 2007,70,Karaman,AK Parti,64779,51.68,2,EVET
2007,22 Temmuz 2007,70,Karaman,ATP,1405,1.12,0,
2007,22 Temmuz 2007,70,Karaman,BTP,937,0.75,0,
2007,22 Temmuz 2007,70,Karaman,CHP,19156,15.28,0,
2007,22 Temmuz 2007,70,Karaman,DP,8440,6.73,0,
2007,22 Temmuz 2007,70,Karaman,EMEP,293,0.23,0,
2007,22 Temmuz 2007,70,Karaman,GP,1429,1.14,0,
2007,22 Temmuz 2007,70,Karaman,HYP,834,0.67,0,
2007,22 Temmuz 2007,70,Karaman,İP,574,0.46,0,
2007,22 Temmuz 2007,70,Karaman,LDP,316,0.25,0,
2007,22 Temmuz 2007,70,Karaman,MHP,23542,18.78,1,
2007,22 Temmuz 2007,70,Karaman,ÖDP,282,0.22,0,
2007,22 Temmuz 2007,70,Karaman,SP,3796,3.03,0,
2007,22 Temmuz 2007,70,Karaman,TKP,241,0.19,0,
2007,22 Temmuz 2007,70,Karaman,Bağımsız,114,0.09,0,
2007,22 Temmuz 2007,71,Kırıkkale,AK Parti,91132,58.41,3,EVET
2007,22 Temmuz 2007,71,Kırıkkale,ATP,1130,0.72,0,
2007,22 Temmuz 2007,71,Kırıkkale,BTP,435,0.28,0,
2007,22 Temmuz 2007,71,Kırıkkale,CHP,18079,11.59,0,
2007,22 Temmuz 2007,71,Kırıkkale,DP,4967,3.18,0,
2007,22 Temmuz 2007,71,Kırıkkale,EMEP,206,0.13,0,
2007,22 Temmuz 2007,71,Kırıkkale,GP,1532,0.98,0,
2007,22 Temmuz 2007,71,Kırıkkale,HYP,530,0.34,0,
2007,22 Temmuz 2007,71,Kırıkkale,İP,496,0.32,0,
2007,22 Temmuz 2007,71,Kırıkkale,LDP,156,0.1,0,
2007,22 Temmuz 2007,71,Kırıkkale,MHP,35361,22.66,1,
2007,22 Temmuz 2007,71,Kırıkkale,ÖDP,124,0.08,0,
2007,22 Temmuz 2007,71,Kırıkkale,SP,2841,1.82,0,
2007,22 Temmuz 2007,71,Kırıkkale,TKP,106,0.07,0,
2007,22 Temmuz 2007,72,Batman,AK Parti,73713,46.62,2,EVET
2007,22 Temmuz 2007,72,Batman,ATP,390,0.25,0,
2007,22 Temmuz 2007,72,Batman,BTP,770,0.49,0,
2007,22 Temmuz 2007,72,Batman,CHP,6208,3.93,0,
2007,22 Temmuz 2007,72,Batman,DP,9160,5.79,0,
2007,22 Temmuz 2007,72,Batman,GP,314,0.2,0,
2007,22 Temmuz 2007,72,Batman,HYP,478,0.3,0,
2007,22 Temmuz 2007,72,Batman,İP,120,0.08,0,
2007,22 Temmuz 2007,72,Batman,MHP,1491,0.94,0,
2007,22 Temmuz 2007,72,Batman,SP,3011,1.9,0,
2007,22 Temmuz 2007,72,Batman,TKP,512,0.32,0,
2007,22 Temmuz 2007,72,Batman,Bağımsız,62615,39.6,0,
2007,22 Temmuz 2007,73,Şırnak,AK Parti,33179,27.01,1,
2007,22 Temmuz 2007,73,Şırnak,ATP,793,0.65,0,
2007,22 Temmuz 2007,73,Şırnak,BTP,953,0.78,0,
2007,22 Temmuz 2007,73,Şırnak,CHP,8283,6.74,0,
2007,22 Temmuz 2007,73,Şırnak,DP,10613,8.64,0,
2007,22 Temmuz 2007,73,Şırnak,GP,829,0.67,0,
2007,22 Temmuz 2007,73,Şırnak,HYP,329,0.27,0,
2007,22 Temmuz 2007,73,Şırnak,İP,108,0.09,0,
2007,22 Temmuz 2007,73,Şırnak,LDP,110,0.09,0,
2007,22 Temmuz 2007,73,Şırnak,MHP,3542,2.88,0,
2007,22 Temmuz 2007,73,Şırnak,SP,192,0.16,0,
2007,22 Temmuz 2007,73,Şırnak,TKP,398,0.32,0,
2007,22 Temmuz 2007,73,Şırnak,Bağımsız,63866,52.0,0,EVET
2007,22 Temmuz 2007,74,Bartın,AK Parti,43220,38.84,1,EVET
2007,22 Temmuz 2007,74,Bartın,ATP,1494,1.34,0,
2007,22 Temmuz 2007,74,Bartın,BTP,912,0.82,0,
2007,22 Temmuz 2007,74,Bartın,CHP,25431,22.85,1,
2007,22 Temmuz 2007,74,Bartın,DP,8643,7.77,0,
2007,22 Temmuz 2007,74,Bartın,EMEP,361,0.32,0,
2007,22 Temmuz 2007,74,Bartın,GP,1634,1.47,0,
2007,22 Temmuz 2007,74,Bartın,HYP,1309,1.18,0,
2007,22 Temmuz 2007,74,Bartın,İP,686,0.62,0,
2007,22 Temmuz 2007,74,Bartın,LDP,512,0.46,0,
2007,22 Temmuz 2007,74,Bartın,MHP,24300,21.84,0,
2007,22 Temmuz 2007,74,Bartın,ÖDP,328,0.29,0,
2007,22 Temmuz 2007,74,Bartın,SP,2746,2.47,0,
2007,22 Temmuz 2007,74,Bartın,TKP,289,0.26,0,
2007,22 Temmuz 2007,74,Bartın,Bağımsız,92,0.08,0,
2007,22 Temmuz 2007,75,Ardahan,AK Parti,22713,40.85,1,EVET
2007,22 Temmuz 2007,75,Ardahan,ATP,735,1.32,0,
2007,22 Temmuz 2007,75,Ardahan,BTP,613,1.1,0,
2007,22 Temmuz 2007,75,Ardahan,CHP,18066,32.49,1,
2007,22 Temmuz 2007,75,Ardahan,DP,1785,3.21,0,
2007,22 Temmuz 2007,75,Ardahan,GP,604,1.09,0,
2007,22 Temmuz 2007,75,Ardahan,HYP,884,1.59,0,
2007,22 Temmuz 2007,75,Ardahan,İP,432,0.78,0,
2007,22 Temmuz 2007,75,Ardahan,LDP,103,0.19,0,
2007,22 Temmuz 2007,75,Ardahan,MHP,3403,6.12,0,
2007,22 Temmuz 2007,75,Ardahan,ÖDP,127,0.23,0,
2007,22 Temmuz 2007,75,Ardahan,SP,474,0.85,0,
2007,22 Temmuz 2007,75,Ardahan,TKP,787,1.42,0,
2007,22 Temmuz 2007,75,Ardahan,Bağımsız,5187,9.33,0,
2007,22 Temmuz 2007,76,Iğdır,AK Parti,18672,29.03,1,
2007,22 Temmuz 2007,76,Iğdır,ATP,303,0.47,0,
2007,22 Temmuz 2007,76,Iğdır,BTP,408,0.63,0,
2007,22 Temmuz 2007,76,Iğdır,CHP,5401,8.4,0,
2007,22 Temmuz 2007,76,Iğdır,DP,2757,4.29,0,
2007,22 Temmuz 2007,76,Iğdır,GP,120,0.19,0,
2007,22 Temmuz 2007,76,Iğdır,HYP,198,0.31,0,
2007,22 Temmuz 2007,76,Iğdır,İP,77,0.12,0,
2007,22 Temmuz 2007,76,Iğdır,LDP,56,0.09,0,
2007,22 Temmuz 2007,76,Iğdır,MHP,9786,15.21,0,
2007,22 Temmuz 2007,76,Iğdır,ÖDP,67,0.1,0,
2007,22 Temmuz 2007,76,Iğdır,SP,178,0.28,0,
2007,22 Temmuz 2007,76,Iğdır,TKP,374,0.58,0,
2007,22 Temmuz 2007,76,Iğdır,Bağımsız,26175,40.69,0,EVET
2007,22 Temmuz 2007,77,Yalova,AK Parti,42346,41.03,1,EVET
2007,22 Temmuz 2007,77,Yalova,ATP,504,0.49,0,
2007,22 Temmuz 2007,77,Yalova,BTP,477,0.46,0,
2007,22 Temmuz 2007,77,Yalova,CHP,25322,24.53,1,
2007,22 Temmuz 2007,77,Yalova,DP,13006,12.6,0,
2007,22 Temmuz 2007,77,Yalova,GP,3763,3.65,0,
2007,22 Temmuz 2007,77,Yalova,HYP,466,0.45,0,
2007,22 Temmuz 2007,77,Yalova,İP,286,0.28,0,
2007,22 Temmuz 2007,77,Yalova,LDP,154,0.15,0,
2007,22 Temmuz 2007,77,Yalova,MHP,12820,12.42,0,
2007,22 Temmuz 2007,77,Yalova,ÖDP,162,0.16,0,
2007,22 Temmuz 2007,77,Yalova,SP,2509,2.43,0,
2007,22 Temmuz 2007,77,Yalova,TKP,200,0.19,0,
2007,22 Temmuz 2007,77,Yalova,Bağımsız,1797,1.74,0,
2007,22 Temmuz 2007,78,Karabük,AK Parti,70478,55.08,3,EVET
2007,22 Temmuz 2007,78,Karabük,ATP,1828,1.43,0,
2007,22 Temmuz 2007,78,Karabük,BTP,2173,1.7,0,
2007,22 Temmuz 2007,78,Karabük,CHP,17524,13.7,0,
2007,22 Temmuz 2007,78,Karabük,DP,8075,6.31,0,
2007,22 Temmuz 2007,78,Karabük,EMEP,484,0.38,0,
2007,22 Temmuz 2007,78,Karabük,GP,2357,1.84,0,
2007,22 Temmuz 2007,78,Karabük,HYP,1212,0.95,0,
2007,22 Temmuz 2007,78,Karabük,İP,606,0.47,0,
2007,22 Temmuz 2007,78,Karabük,LDP,451,0.35,0,
2007,22 Temmuz 2007,78,Karabük,MHP,17283,13.51,0,
2007,22 Temmuz 2007,78,Karabük,ÖDP,300,0.23,0,
2007,22 Temmuz 2007,78,Karabük,SP,5261,4.11,0,
2007,22 Temmuz 2007,78,Karabük,TKP,354,0.28,0,
2007,22 Temmuz 2007,78,Karabük,Bağımsız,358,0.28,0,
2007,22 Temmuz 2007,79,Kilis,AK Parti,29510,56.6,2,EVET
2007,22 Temmuz 2007,79,Kilis,ATP,290,0.56,0,
2007,22 Temmuz 2007,79,Kilis,BTP,1216,2.33,0,
2007,22 Temmuz 2007,79,Kilis,CHP,5667,10.87,0,
2007,22 Temmuz 2007,79,Kilis,DP,3127,6.0,0,
2007,22 Temmuz 2007,79,Kilis,EMEP,87,0.17,0,
2007,22 Temmuz 2007,79,Kilis,GP,700,1.34,0,
2007,22 Temmuz 2007,79,Kilis,HYP,154,0.3,0,
2007,22 Temmuz 2007,79,Kilis,İP,109,0.21,0,
2007,22 Temmuz 2007,79,Kilis,LDP,33,0.06,0,
2007,22 Temmuz 2007,79,Kilis,MHP,10740,20.6,0,
2007,22 Temmuz 2007,79,Kilis,ÖDP,48,0.09,0,
2007,22 Temmuz 2007,79,Kilis,SP,692,1.33,0,
2007,22 Temmuz 2007,79,Kilis,TKP,41,0.08,0,
2007,22 Temmuz 2007,79,Kilis,Bağımsız,66,0.13,0,
2007,22 Temmuz 2007,80,Osmaniye,AK Parti,85836,38.98,2,
2007,22 Temmuz 2007,80,Osmaniye,BTP,569,0.26,0,
2007,22 Temmuz 2007,80,Osmaniye,CHP,21521,9.77,0,
2007,22 Temmuz 2007,80,Osmaniye,DP,7359,3.34,0,
2007,22 Temmuz 2007,80,Osmaniye,EMEP,460,0.21,0,
2007,22 Temmuz 2007,80,Osmaniye,GP,1556,0.71,0,
2007,22 Temmuz 2007,80,Osmaniye,HYP,833,0.38,0,
2007,22 Temmuz 2007,80,Osmaniye,İP,645,0.29,0,
2007,22 Temmuz 2007,80,Osmaniye,MHP,99565,45.22,2,EVET
2007,22 Temmuz 2007,80,Osmaniye,ÖDP,181,0.08,0,
2007,22 Temmuz 2007,80,Osmaniye,SP,2812,1.28,0,
2007,22 Temmuz 2007,80,Osmaniye,TKP,246,0.11,0,
2007,22 Temmuz 2007,80,Osmaniye,Bağımsız,87,0.04,0,
2007,22 Temmuz 2007,81,Düzce,AK Parti,111100,61.04,3,EVET
2007,22 Temmuz 2007,81,Düzce,ATP,1607,0.88,0,
2007,22 Temmuz 2007,81,Düzce,BTP,1474,0.81,0,
2007,22 Temmuz 2007,81,Düzce,CHP,19501,10.71,0,
2007,22 Temmuz 2007,81,Düzce,DP,12320,6.77,0,
2007,22 Temmuz 2007,81,Düzce,EMEP,403,0.22,0,
2007,22 Temmuz 2007,81,Düzce,GP,6406,3.52,0,
2007,22 Temmuz 2007,81,Düzce,HYP,788,0.43,0,
2007,22 Temmuz 2007,81,Düzce,İP,778,0.43,0,
2007,22 Temmuz 2007,81,Düzce,LDP,308,0.17,0,
2007,22 Temmuz 2007,81,Düzce,MHP,19756,10.85,0,
2007,22 Temmuz 2007,81,Düzce,ÖDP,339,0.19,0,
2007,22 Temmuz 2007,81,Düzce,SP,8003,4.4,0,
2007,22 Temmuz 2007,81,Düzce,TKP,225,0.12,0,
2007,22 Temmuz 2007,81,Düzce,Bağımsız,168,0.09,0,
2011,12 Haziran 2011,1,Adana,AK Parti,438321,37.4,6,EVET
2011,12 Haziran 2011,1,Adana,MHP,238140,20.32,3,
2011,12 Haziran 2011,1,Adana,CHP,361547,30.85,4,
2011,12 Haziran 2011,1,Adana,DP,1680,0.14,0,
2011,12 Haziran 2011,1,Adana,SP,8478,0.72,0,
2011,12 Haziran 2011,1,Adana,Bağımsız,93169,7.95,1,
2011,12 Haziran 2011,1,Adana,HAS,889,0.08,0,
2011,12 Haziran 2011,1,Adana,BBP,1809,0.15,0,
2011,12 Haziran 2011,2,Adıyaman,AK Parti,205968,67.3,4,EVET
2011,12 Haziran 2011,2,Adıyaman,CHP,50768,16.59,1,
2011,12 Haziran 2011,2,Adıyaman,Bağımsız,20063,6.56,0,
2011,12 Haziran 2011,2,Adıyaman,BBP,184,0.06,0,
2011,12 Haziran 2011,2,Adıyaman,HAS,7549,2.47,0,
2011,12 Haziran 2011,2,Adıyaman,MHP,14102,4.61,0,
2011,12 Haziran 2011,2,Adıyaman,DSP,127,0.04,0,
2011,12 Haziran 2011,2,Adıyaman,SP,109,0.04,0,
2011,12 Haziran 2011,3,Afyonkarahisar,AK Parti,257463,60.42,3,EVET
2011,12 Haziran 2011,3,Afyonkarahisar,CHP,70203,16.48,1,
2011,12 Haziran 2011,3,Afyonkarahisar,MHP,79425,18.64,1,
2011,12 Haziran 2011,3,Afyonkarahisar,DP,2005,0.47,0,
2011,12 Haziran 2011,3,Afyonkarahisar,BBP,1891,0.44,0,
2011,12 Haziran 2011,3,Afyonkarahisar,HAS,537,0.13,0,
2011,12 Haziran 2011,3,Afyonkarahisar,SP,4401,1.03,0,
2011,12 Haziran 2011,3,Afyonkarahisar,DSP,74,0.02,0,
2011,12 Haziran 2011,3,Afyonkarahisar,Bağımsız,209,0.05,0,
2011,12 Haziran 2011,4,Ağrı,Bağımsız,88093,43.42,1,
2011,12 Haziran 2011,4,Ağrı,AK Parti,96616,47.62,3,EVET
2011,12 Haziran 2011,4,Ağrı,BBP,3529,1.74,0,
2011,12 Haziran 2011,4,Ağrı,CHP,4503,2.22,0,
2011,12 Haziran 2011,4,Ağrı,MHP,4505,2.22,0,
2011,12 Haziran 2011,4,Ağrı,SP,67,0.03,0,
2011,12 Haziran 2011,5,Amasya,AK Parti,110459,52.19,2,EVET
2011,12 Haziran 2011,5,Amasya,CHP,59066,27.91,1,
2011,12 Haziran 2011,5,Amasya,MHP,31801,15.03,0,
2011,12 Haziran 2011,5,Amasya,SP,2926,1.38,0,
2011,12 Haziran 2011,5,Amasya,BBP,1701,0.8,0,
2011,12 Haziran 2011,5,Amasya,DP,264,0.12,0,
2011,12 Haziran 2011,5,Amasya,HAS,688,0.33,0,
2011,12 Haziran 2011,5,Amasya,Bağımsız,0,0.0,0,
2011,12 Haziran 2011,6,Ankara,AK Parti,1471871,49.24,17,EVET
2011,12 Haziran 2011,6,Ankara,CHP,935688,31.3,10,
2011,12 Haziran 2011,6,Ankara,MHP,436883,14.62,4,
2011,12 Haziran 2011,6,Ankara,BBP,28603,0.96,0,
2011,12 Haziran 2011,6,Ankara,Bağımsız,29852,1.0,0,
2011,12 Haziran 2011,6,Ankara,HAS,10227,0.34,0,
2011,12 Haziran 2011,6,Ankara,SP,3290,0.11,0,
2011,12 Haziran 2011,6,Ankara,DP,842,0.03,0,
2011,12 Haziran 2011,7,Antalya,AK Parti,462963,39.3,6,EVET
2011,12 Haziran 2011,7,Antalya,MHP,245901,20.87,3,
2011,12 Haziran 2011,7,Antalya,CHP,391400,33.22,5,
2011,12 Haziran 2011,7,Antalya,Bağımsız,28182,2.39,0,
2011,12 Haziran 2011,7,Antalya,DP,7080,0.6,0,
2011,12 Haziran 2011,7,Antalya,SP,2970,0.25,0,
2011,12 Haziran 2011,7,Antalya,HAS,2582,0.22,0,
2011,12 Haziran 2011,7,Antalya,BBP,1976,0.17,0,
2011,12 Haziran 2011,8,Artvin,AK Parti,48769,46.4,1,EVET
2011,12 Haziran 2011,8,Artvin,CHP,37180,35.37,1,
2011,12 Haziran 2011,8,Artvin,MHP,13970,13.29,0,
2011,12 Haziran 2011,8,Artvin,SP,1235,1.17,0,
2011,12 Haziran 2011,8,Artvin,DP,1604,1.53,0,
2011,12 Haziran 2011,8,Artvin,Bağımsız,170,0.16,0,
2011,12 Haziran 2011,9,Aydın,AK Parti,224330,35.47,3,
2011,12 Haziran 2011,9,Aydın,CHP,241062,38.12,3,EVET
2011,12 Haziran 2011,9,Aydın,MHP,115087,18.2,1,
2011,12 Haziran 2011,9,Aydın,DP,6426,1.02,0,
2011,12 Haziran 2011,9,Aydın,SP,1024,0.16,0,
2011,12 Haziran 2011,9,Aydın,Bağımsız,24078,3.81,0,
2011,12 Haziran 2011,9,Aydın,BBP,221,0.03,0,
2011,12 Haziran 2011,9,Aydın,HAS,346,0.05,0,
2011,12 Haziran 2011,9,Aydın,HEPAR,369,0.06,0,
2011,12 Haziran 2011,9,Aydın,DYP,55,0.01,0,
2011,12 Haziran 2011,10,Balıkesir,CHP,259104,33.78,3,
2011,12 Haziran 2011,10,Balıkesir,AK Parti,356649,46.5,4,EVET
2011,12 Haziran 2011,10,Balıkesir,MHP,106663,13.91,1,
2011,12 Haziran 2011,10,Balıkesir,Bağımsız,6785,0.88,0,
2011,12 Haziran 2011,10,Balıkesir,DP,8559,1.12,0,
2011,12 Haziran 2011,10,Balıkesir,SP,7044,0.92,0,
2011,12 Haziran 2011,10,Balıkesir,HAS,85,0.01,0,
2011,12 Haziran 2011,11,Bilecik,AK Parti,54936,42.59,1,EVET
2011,12 Haziran 2011,11,Bilecik,MHP,35117,27.23,1,
2011,12 Haziran 2011,11,Bilecik,CHP,32741,25.38,0,
2011,12 Haziran 2011,11,Bilecik,SP,1646,1.28,0,
2011,12 Haziran 2011,11,Bilecik,HAS,1309,1.01,0,
2011,12 Haziran 2011,11,Bilecik,DP,244,0.19,0,
2011,12 Haziran 2011,11,Bilecik,Bağımsız,0,0.0,0,
2011,12 Haziran 2011,12,Bingöl,AK Parti,84888,67.07,2,EVET
2011,12 Haziran 2011,12,Bingöl,Bağımsız,30245,23.9,1,
2011,12 Haziran 2011,12,Bingöl,CHP,3890,3.07,0,
2011,12 Haziran 2011,12,Bingöl,BBP,418,0.33,0,
2011,12 Haziran 2011,12,Bingöl,MHP,1677,1.33,0,
2011,12 Haziran 2011,12,Bingöl,SP,420,0.33,0,
2011,12 Haziran 2011,12,Bingöl,DSP,147,0.12,0,
2011,12 Haziran 2011,12,Bingöl,DP,48,0.04,0,
2011,12 Haziran 2011,12,Bingöl,HAS,1351,1.07,0,
2011,12 Haziran 2011,13,Bitlis,AK Parti,74058,50.7,2,EVET
2011,12 Haziran 2011,13,Bitlis,Bağımsız,58748,40.22,1,
2011,12 Haziran 2011,13,Bitlis,MHP,4641,3.18,0,
2011,12 Haziran 2011,13,Bitlis,CHP,2511,1.72,0,
2011,12 Haziran 2011,13,Bitlis,SP,185,0.13,0,
2011,12 Haziran 2011,13,Bitlis,BBP,1731,1.18,0,
2011,12 Haziran 2011,13,Bitlis,DSP,241,0.16,0,
2011,12 Haziran 2011,13,Bitlis,DP,99,0.07,0,
2011,12 Haziran 2011,13,Bitlis,HAS,193,0.13,0,
2011,12 Haziran 2011,14,Bolu,AK Parti,103908,58.5,2,EVET
2011,12 Haziran 2011,14,Bolu,MHP,28591,16.1,0,
2011,12 Haziran 2011,14,Bolu,CHP,35611,20.05,1,
2011,12 Haziran 2011,14,Bolu,SP,2533,1.43,0,
2011,12 Haziran 2011,14,Bolu,DP,1022,0.58,0,
2011,12 Haziran 2011,14,Bolu,HAS,896,0.5,0,
2011,12 Haziran 2011,14,Bolu,BBP,211,0.12,0,
2011,12 Haziran 2011,14,Bolu,Bağımsız,0,0.0,0,
2011,12 Haziran 2011,15,Burdur,AK Parti,81582,48.99,2,EVET
2011,12 Haziran 2011,15,Burdur,MHP,31033,18.63,0,
2011,12 Haziran 2011,15,Burdur,CHP,42314,25.41,1,
2011,12 Haziran 2011,15,Burdur,SP,2740,1.65,0,
2011,12 Haziran 2011,15,Burdur,BBP,545,0.33,0,
2011,12 Haziran 2011,15,Burdur,DP,533,0.32,0,
2011,12 Haziran 2011,15,Burdur,HAS,931,0.56,0,
2011,12 Haziran 2011,15,Burdur,HEPAR,594,0.36,0,
2011,12 Haziran 2011,15,Burdur,Bağımsız,115,0.07,0,
2011,12 Haziran 2011,16,Bursa,AK Parti,875380,52.97,11,EVET
2011,12 Haziran 2011,16,Bursa,CHP,412887,24.98,5,
2011,12 Haziran 2011,16,Bursa,MHP,238137,14.41,2,
2011,12 Haziran 2011,16,Bursa,SP,32506,1.97,0,
2011,12 Haziran 2011,16,Bursa,DP,2665,0.16,0,
2011,12 Haziran 2011,16,Bursa,Bağımsız,27284,1.65,0,
2011,12 Haziran 2011,16,Bursa,HAS,1992,0.12,0,
2011,12 Haziran 2011,17,Çanakkale,CHP,129445,39.46,2,
2011,12 Haziran 2011,17,Çanakkale,AK Parti,136367,41.57,2,EVET
2011,12 Haziran 2011,17,Çanakkale,MHP,47897,14.6,0,
2011,12 Haziran 2011,17,Çanakkale,DP,3924,1.2,0,
2011,12 Haziran 2011,17,Çanakkale,DYP,96,0.03,0,
2011,12 Haziran 2011,17,Çanakkale,SP,649,0.2,0,
2011,12 Haziran 2011,17,Çanakkale,TKP,8,0.0,0,
2011,12 Haziran 2011,17,Çanakkale,HAS,524,0.16,0,
2011,12 Haziran 2011,17,Çanakkale,EMEP,1001,0.31,0,
2011,12 Haziran 2011,17,Çanakkale,HEPAR,230,0.07,0,
2011,12 Haziran 2011,17,Çanakkale,Bağımsız,207,0.06,0,
2011,12 Haziran 2011,18,Çankırı,AK Parti,72749,65.59,2,EVET
2011,12 Haziran 2011,18,Çankırı,MHP,25607,23.09,0,
2011,12 Haziran 2011,18,Çankırı,CHP,6738,6.08,0,
2011,12 Haziran 2011,18,Çankırı,BBP,565,0.51,0,
2011,12 Haziran 2011,18,Çankırı,SP,1534,1.38,0,
2011,12 Haziran 2011,18,Çankırı,HAS,465,0.42,0,
2011,12 Haziran 2011,18,Çankırı,DP,268,0.24,0,
2011,12 Haziran 2011,18,Çankırı,MMP,51,0.05,0,
2011,12 Haziran 2011,18,Çankırı,Bağımsız,0,0.0,0,
2011,12 Haziran 2011,19,Çorum,AK Parti,209764,61.23,3,EVET
2011,12 Haziran 2011,19,Çorum,CHP,82264,24.01,1,
2011,12 Haziran 2011,19,Çorum,MHP,37120,10.83,0,
2011,12 Haziran 2011,19,Çorum,BBP,2259,0.66,0,
2011,12 Haziran 2011,19,Çorum,SP,3148,0.92,0,
2011,12 Haziran 2011,19,Çorum,HAS,822,0.24,0,
2011,12 Haziran 2011,19,Çorum,DP,574,0.17,0,
2011,12 Haziran 2011,19,Çorum,Bağımsız,238,0.07,0,
2011,12 Haziran 2011,20,Denizli,AK Parti,279091,46.62,4,EVET
2011,12 Haziran 2011,20,Denizli,CHP,187017,31.24,2,
2011,12 Haziran 2011,20,Denizli,MHP,101408,16.94,1,
2011,12 Haziran 2011,20,Denizli,DP,3754,0.63,0,
2011,12 Haziran 2011,20,Denizli,HAS,677,0.11,0,
2011,12 Haziran 2011,20,Denizli,HEPAR,225,0.04,0,
2011,12 Haziran 2011,20,Denizli,Bağımsız,5871,0.98,0,
2011,12 Haziran 2011,20,Denizli,DYP,31,0.01,0,
2011,12 Haziran 2011,20,Denizli,BBP,3077,0.51,0,
2011,12 Haziran 2011,20,Denizli,SP,366,0.06,0,
2011,12 Haziran 2011,20,Denizli,DSP,72,0.01,0,
2011,12 Haziran 2011,21,Diyarbakır,Bağımsız,419095,61.69,5,EVET
2011,12 Haziran 2011,21,Diyarbakır,AK Parti,218552,32.17,6,
2011,12 Haziran 2011,21,Diyarbakır,CHP,15882,2.34,0,
2011,12 Haziran 2011,21,Diyarbakır,BBP,6867,1.01,0,
2011,12 Haziran 2011,21,Diyarbakır,MHP,5733,0.84,0,
2011,12 Haziran 2011,21,Diyarbakır,SP,145,0.02,0,
2011,12 Haziran 2011,21,Diyarbakır,HAS,785,0.12,0,
2011,12 Haziran 2011,21,Diyarbakır,DP,172,0.03,0,
2011,12 Haziran 2011,22,Edirne,CHP,136532,51.7,2,EVET
2011,12 Haziran 2011,22,Edirne,AK Parti,80251,30.39,1,
2011,12 Haziran 2011,22,Edirne,MHP,35152,13.31,0,
2011,12 Haziran 2011,22,Edirne,DP,2475,0.94,0,
2011,12 Haziran 2011,22,Edirne,DSP,49,0.02,0,
2011,12 Haziran 2011,22,Edirne,SP,2363,0.89,0,
2011,12 Haziran 2011,22,Edirne,Bağımsız,286,0.11,0,
2011,12 Haziran 2011,23,Elazığ,AK Parti,213506,67.41,4,EVET
2011,12 Haziran 2011,23,Elazığ,CHP,41742,13.18,0,
2011,12 Haziran 2011,23,Elazığ,MHP,45789,14.46,1,
2011,12 Haziran 2011,23,Elazığ,SP,7141,2.25,0,
2011,12 Haziran 2011,23,Elazığ,DP,20,0.01,0,
2011,12 Haziran 2011,23,Elazığ,HAS,3409,1.08,0,
2011,12 Haziran 2011,23,Elazığ,BBP,152,0.05,0,
2011,12 Haziran 2011,23,Elazığ,Bağımsız,0,0.0,0,
2011,12 Haziran 2011,24,Erzincan,AK Parti,73227,57.09,1,EVET
2011,12 Haziran 2011,24,Erzincan,CHP,38921,30.34,1,
2011,12 Haziran 2011,24,Erzincan,MHP,11938,9.31,0,
2011,12 Haziran 2011,24,Erzincan,SP,1065,0.83,0,
2011,12 Haziran 2011,24,Erzincan,DP,53,0.04,0,
2011,12 Haziran 2011,24,Erzincan,BBP,828,0.65,0,
2011,12 Haziran 2011,24,Erzincan,HAS,167,0.13,0,
2011,12 Haziran 2011,24,Erzincan,Bağımsız,0,0.0,0,
2011,12 Haziran 2011,25,Erzurum,AK Parti,283638,69.22,5,EVET
2011,12 Haziran 2011,25,Erzurum,MHP,54522,13.31,1,
2011,12 Haziran 2011,25,Erzurum,CHP,19847,4.84,0,
2011,12 Haziran 2011,25,Erzurum,SP,6229,1.52,0,
2011,12 Haziran 2011,25,Erzurum,BBP,1453,0.35,0,
2011,12 Haziran 2011,25,Erzurum,Bağımsız,33373,8.14,0,
2011,12 Haziran 2011,25,Erzurum,HAS,449,0.11,0,
2011,12 Haziran 2011,25,Erzurum,DSP,448,0.11,0,
2011,12 Haziran 2011,25,Erzurum,DP,50,0.01,0,
2011,12 Haziran 2011,26,Eskişehir,AK Parti,222254,44.1,3,EVET
2011,12 Haziran 2011,26,Eskişehir,CHP,179072,35.53,2,
2011,12 Haziran 2011,26,Eskişehir,MHP,73609,14.6,1,
2011,12 Haziran 2011,26,Eskişehir,DP,5331,1.06,0,
2011,12 Haziran 2011,26,Eskişehir,BBP,502,0.1,0,
2011,12 Haziran 2011,26,Eskişehir,HAS,380,0.08,0,
2011,12 Haziran 2011,26,Eskişehir,SP,4126,0.82,0,
2011,12 Haziran 2011,26,Eskişehir,Bağımsız,2833,0.56,0,
2011,12 Haziran 2011,27,Gaziantep,AK Parti,510923,61.69,9,EVET
2011,12 Haziran 2011,27,Gaziantep,CHP,159961,19.31,2,
2011,12 Haziran 2011,27,Gaziantep,MHP,77836,9.4,1,
2011,12 Haziran 2011,27,Gaziantep,Bağımsız,44610,5.39,0,
2011,12 Haziran 2011,27,Gaziantep,DP,883,0.11,0,
2011,12 Haziran 2011,27,Gaziantep,HAS,466,0.06,0,
2011,12 Haziran 2011,27,Gaziantep,SP,7621,0.92,0,
2011,12 Haziran 2011,27,Gaziantep,BBP,259,0.03,0,
2011,12 Haziran 2011,28,Giresun,AK Parti,154385,59.38,3,EVET
2011,12 Haziran 2011,28,Giresun,MHP,30966,11.91,0,
2011,12 Haziran 2011,28,Giresun,CHP,61579,23.69,1,
2011,12 Haziran 2011,28,Giresun,SP,4032,1.55,0,
2011,12 Haziran 2011,28,Giresun,HAS,2403,0.92,0,
2011,12 Haziran 2011,28,Giresun,DP,584,0.22,0,
2011,12 Haziran 2011,28,Giresun,Bağımsız,0,0.0,0,
2011,12 Haziran 2011,29,Gümüşhane,AK Parti,45203,65.02,2,EVET
2011,12 Haziran 2011,29,Gümüşhane,MHP,15004,21.58,0,
2011,12 Haziran 2011,29,Gümüşhane,SP,1696,2.44,0,
2011,12 Haziran 2011,29,Gümüşhane,HAS,515,0.74,0,
2011,12 Haziran 2011,29,Gümüşhane,CHP,5401,7.77,0,
2011,12 Haziran 2011,29,Gümüşhane,BBP,172,0.25,0,
2011,12 Haziran 2011,29,Gümüşhane,DP,81,0.12,0,
2011,12 Haziran 2011,29,Gümüşhane,Bağımsız,30,0.04,0,
2011,12 Haziran 2011,30,Hakkari,Bağımsız,94660,79.82,3,EVET
2011,12 Haziran 2011,30,Hakkari,AK Parti,19537,16.47,0,
2011,12 Haziran 2011,30,Hakkari,MHP,1226,1.03,0,
2011,12 Haziran 2011,30,Hakkari,CHP,1068,0.9,0,
2011,12 Haziran 2011,30,Hakkari,BBP,854,0.72,0,
2011,12 Haziran 2011,31,Hatay,AK Parti,353616,44.44,5,EVET
2011,12 Haziran 2011,31,Hatay,CHP,306498,38.52,4,
2011,12 Haziran 2011,31,Hatay,MHP,100499,12.63,1,
2011,12 Haziran 2011,31,Hatay,HAS,1150,0.14,0,
2011,12 Haziran 2011,31,Hatay,DP,1702,0.21,0,
2011,12 Haziran 2011,31,Hatay,Bağımsız,11808,1.48,0,
2011,12 Haziran 2011,31,Hatay,SP,4547,0.57,0,
2011,12 Haziran 2011,31,Hatay,BBP,571,0.07,0,
2011,12 Haziran 2011,32,Isparta,AK Parti,135435,52.9,2,EVET
2011,12 Haziran 2011,32,Isparta,CHP,55594,21.72,1,
2011,12 Haziran 2011,32,Isparta,MHP,48412,18.91,1,
2011,12 Haziran 2011,32,Isparta,DP,2479,0.97,0,
2011,12 Haziran 2011,32,Isparta,HAS,2015,0.79,0,
2011,12 Haziran 2011,32,Isparta,BBP,139,0.05,0,
2011,12 Haziran 2011,32,Isparta,SP,2752,1.07,0,
2011,12 Haziran 2011,32,Isparta,DYP,162,0.06,0,
2011,12 Haziran 2011,32,Isparta,Bağımsız,966,0.38,0,
2011,12 Haziran 2011,33,Mersin,AK Parti,311050,32.0,4,EVET
2011,12 Haziran 2011,33,Mersin,CHP,310714,31.96,4,
2011,12 Haziran 2011,33,Mersin,Bağımsız,93876,9.66,1,
2011,12 Haziran 2011,33,Mersin,MHP,224477,23.09,2,
2011,12 Haziran 2011,33,Mersin,BBP,5215,0.54,0,
2011,12 Haziran 2011,33,Mersin,DP,2922,0.3,0,
2011,12 Haziran 2011,33,Mersin,HAS,553,0.06,0,
2011,12 Haziran 2011,33,Mersin,SP,1384,0.14,0,
2011,12 Haziran 2011,34,İstanbul,CHP,2492910,31.31,29,
2011,12 Haziran 2011,34,İstanbul,AK Parti,3931210,49.38,46,EVET
2011,12 Haziran 2011,34,İstanbul,MHP,747666,9.39,7,
2011,12 Haziran 2011,34,İstanbul,Bağımsız,425417,5.34,3,
2011,12 Haziran 2011,34,İstanbul,TKP,62,0.0,0,
2011,12 Haziran 2011,34,İstanbul,SP,124804,1.57,0,
2011,12 Haziran 2011,34,İstanbul,HAS,3019,0.04,0,
2011,12 Haziran 2011,34,İstanbul,DP,1155,0.01,0,
2011,12 Haziran 2011,35,İzmir,CHP,1097886,43.69,13,EVET
2011,12 Haziran 2011,35,İzmir,AK Parti,924281,36.78,11,
2011,12 Haziran 2011,35,İzmir,MHP,283590,11.28,2,
2011,12 Haziran 2011,35,İzmir,Bağımsız,120797,4.81,0,
2011,12 Haziran 2011,35,İzmir,DP,8728,0.35,0,
2011,12 Haziran 2011,35,İzmir,HEPAR,13690,0.54,0,
2011,12 Haziran 2011,35,İzmir,DYP,77,0.0,0,
2011,12 Haziran 2011,35,İzmir,SP,594,0.02,0,
2011,12 Haziran 2011,36,Kars,CHP,24009,16.7,0,
2011,12 Haziran 2011,36,Kars,AK Parti,61196,42.56,2,EVET
2011,12 Haziran 2011,36,Kars,MHP,24744,17.21,0,
2011,12 Haziran 2011,36,Kars,DP,76,0.05,0,
2011,12 Haziran 2011,36,Kars,Bağımsız,27629,19.21,1,
2011,12 Haziran 2011,36,Kars,BBP,1322,0.92,0,
2011,12 Haziran 2011,36,Kars,HAS,310,0.22,0,
2011,12 Haziran 2011,37,Kastamonu,AK Parti,130136,55.83,2,EVET
2011,12 Haziran 2011,37,Kastamonu,CHP,34168,14.66,0,
2011,12 Haziran 2011,37,Kastamonu,MHP,53747,23.06,1,
2011,12 Haziran 2011,37,Kastamonu,SP,684,0.29,0,
2011,12 Haziran 2011,37,Kastamonu,DP,2743,1.18,0,
2011,12 Haziran 2011,37,Kastamonu,HAS,3811,1.63,0,
2011,12 Haziran 2011,37,Kastamonu,DSP,106,0.05,0,
2011,12 Haziran 2011,37,Kastamonu,Bağımsız,0,0.0,0,
2011,12 Haziran 2011,38,Kayseri,AK Parti,478357,64.9,7,EVET
2011,12 Haziran 2011,38,Kayseri,CHP,89493,12.14,1,
2011,12 Haziran 2011,38,Kayseri,MHP,132988,18.04,1,
2011,12 Haziran 2011,38,Kayseri,DP,609,0.08,0,
2011,12 Haziran 2011,38,Kayseri,HAS,178,0.02,0,
2011,12 Haziran 2011,38,Kayseri,SP,9748,1.32,0,
2011,12 Haziran 2011,38,Kayseri,BBP,9573,1.3,0,
2011,12 Haziran 2011,38,Kayseri,Bağımsız,261,0.04,0,
2011,12 Haziran 2011,39,Kırklareli,CHP,119598,52.53,2,EVET
2011,12 Haziran 2011,39,Kırklareli,AK Parti,62445,27.43,1,
2011,12 Haziran 2011,39,Kırklareli,MHP,37638,16.53,0,
2011,12 Haziran 2011,39,Kırklareli,DP,1702,0.75,0,
2011,12 Haziran 2011,39,Kırklareli,EMEP,186,0.08,0,
2011,12 Haziran 2011,39,Kırklareli,SP,30,0.01,0,
2011,12 Haziran 2011,39,Kırklareli,Bağımsız,368,0.16,0,
2011,12 Haziran 2011,39,Kırklareli,DSP,455,0.2,0,
2011,12 Haziran 2011,39,Kırklareli,HEPAR,461,0.2,0,
2011,12 Haziran 2011,40,Kırşehir,AK Parti,65680,50.24,2,EVET
2011,12 Haziran 2011,40,Kırşehir,MHP,28729,21.97,0,
2011,12 Haziran 2011,40,Kırşehir,CHP,29534,22.59,0,
2011,12 Haziran 2011,40,Kırşehir,DP,117,0.09,0,
2011,12 Haziran 2011,40,Kırşehir,DYP,40,0.03,0,
2011,12 Haziran 2011,40,Kırşehir,Bağımsız,1813,1.39,0,
2011,12 Haziran 2011,40,Kırşehir,BBP,302,0.23,0,
2011,12 Haziran 2011,40,Kırşehir,SP,958,0.73,0,
2011,12 Haziran 2011,40,Kırşehir,HAS,123,0.09,0,
2011,12 Haziran 2011,41,Kocaeli,AK Parti,504535,52.71,7,EVET
2011,12 Haziran 2011,41,Kocaeli,CHP,235770,24.63,3,
2011,12 Haziran 2011,41,Kocaeli,MHP,114304,11.94,1,
2011,12 Haziran 2011,41,Kocaeli,SP,41734,4.36,0,
2011,12 Haziran 2011,41,Kocaeli,HAS,9527,1.0,0,
2011,12 Haziran 2011,41,Kocaeli,Bağımsız,22153,2.31,0,
2011,12 Haziran 2011,42,Konya,AK Parti,810396,69.64,11,EVET
2011,12 Haziran 2011,42,Konya,MHP,152633,13.12,2,
2011,12 Haziran 2011,42,Konya,CHP,118935,10.22,1,
2011,12 Haziran 2011,42,Konya,SP,24345,2.09,0,
2011,12 Haziran 2011,42,Konya,DP,1120,0.1,0,
2011,12 Haziran 2011,42,Konya,BBP,3671,0.32,0,
2011,12 Haziran 2011,42,Konya,HAS,5285,0.45,0,
2011,12 Haziran 2011,42,Konya,Bağımsız,15604,1.34,0,
2011,12 Haziran 2011,43,Kütahya,AK Parti,242125,64.59,4,EVET
2011,12 Haziran 2011,43,Kütahya,MHP,59334,15.83,1,
2011,12 Haziran 2011,43,Kütahya,CHP,46645,12.44,0,
2011,12 Haziran 2011,43,Kütahya,SP,8850,2.36,0,
2011,12 Haziran 2011,43,Kütahya,DP,4017,1.07,0,
2011,12 Haziran 2011,43,Kütahya,HAS,2732,0.73,0,
2011,12 Haziran 2011,43,Kütahya,BBP,431,0.11,0,
2011,12 Haziran 2011,43,Kütahya,Bağımsız,0,0.0,0,
2011,12 Haziran 2011,44,Malatya,AK Parti,294645,67.99,5,EVET
2011,12 Haziran 2011,44,Malatya,CHP,85646,19.76,1,
2011,12 Haziran 2011,44,Malatya,MHP,35293,8.14,0,
2011,12 Haziran 2011,44,Malatya,BBP,296,0.07,0,
2011,12 Haziran 2011,44,Malatya,SP,1034,0.24,0,
2011,12 Haziran 2011,44,Malatya,Bağımsız,5474,1.26,0,
2011,12 Haziran 2011,44,Malatya,HAS,3636,0.84,0,
2011,12 Haziran 2011,45,Manisa,AK Parti,407234,46.96,5,EVET
2011,12 Haziran 2011,45,Manisa,CHP,249482,28.77,3,
2011,12 Haziran 2011,45,Manisa,MHP,146633,16.91,2,
2011,12 Haziran 2011,45,Manisa,Bağımsız,24239,2.8,0,
2011,12 Haziran 2011,45,Manisa,DP,9389,1.08,0,
2011,12 Haziran 2011,45,Manisa,SP,2730,0.31,0,
2011,12 Haziran 2011,45,Manisa,HAS,119,0.01,0,
2011,12 Haziran 2011,45,Manisa,BBP,570,0.07,0,
2011,12 Haziran 2011,46,Kahramanmaraş,AK Parti,391986,69.57,6,EVET
2011,12 Haziran 2011,46,Kahramanmaraş,MHP,73151,12.98,1,
2011,12 Haziran 2011,46,Kahramanmaraş,CHP,64584,11.46,1,
2011,12 Haziran 2011,46,Kahramanmaraş,BBP,10296,1.83,0,
2011,12 Haziran 2011,46,Kahramanmaraş,SP,6726,1.19,0,
2011,12 Haziran 2011,46,Kahramanmaraş,DP,156,0.03,0,
2011,12 Haziran 2011,46,Kahramanmaraş,Bağımsız,3031,0.54,0,
2011,12 Haziran 2011,46,Kahramanmaraş,HAS,1638,0.29,0,
2011,12 Haziran 2011,47,Mardin,Bağımsız,195581,60.85,3,EVET
2011,12 Haziran 2011,47,Mardin,AK Parti,103402,32.17,3,
2011,12 Haziran 2011,47,Mardin,CHP,11953,3.72,0,
2011,12 Haziran 2011,47,Mardin,MHP,2041,0.64,0,
2011,12 Haziran 2011,47,Mardin,BBP,2833,0.88,0,
2011,12 Haziran 2011,47,Mardin,HAS,1293,0.4,0,
2011,12 Haziran 2011,47,Mardin,DP,97,0.03,0,
2011,12 Haziran 2011,47,Mardin,SP,61,0.02,0,
2011,12 Haziran 2011,48,Muğla,AK Parti,170223,32.67,2,
2011,12 Haziran 2011,48,Muğla,CHP,237488,45.58,3,EVET
2011,12 Haziran 2011,48,Muğla,MHP,84462,16.21,1,
2011,12 Haziran 2011,48,Muğla,DP,8729,1.68,0,
2011,12 Haziran 2011,48,Muğla,Bağımsız,5838,1.12,0,
2011,12 Haziran 2011,48,Muğla,SP,598,0.11,0,
2011,12 Haziran 2011,48,Muğla,HAS,115,0.02,0,
2011,12 Haziran 2011,48,Muğla,DYP,164,0.03,0,
2011,12 Haziran 2011,49,Muş,Bağımsız,75885,44.26,2,EVET
2011,12 Haziran 2011,49,Muş,AK Parti,73431,42.83,2,
2011,12 Haziran 2011,49,Muş,MHP,7517,4.38,0,
2011,12 Haziran 2011,49,Muş,CHP,7115,4.15,0,
2011,12 Haziran 2011,49,Muş,BBP,1222,0.71,0,
2011,12 Haziran 2011,49,Muş,HAS,373,0.22,0,
2011,12 Haziran 2011,49,Muş,SP,1817,1.06,0,
2011,12 Haziran 2011,50,Nevşehir,AK Parti,102384,60.19,3,EVET
2011,12 Haziran 2011,50,Nevşehir,MHP,31031,18.24,0,
2011,12 Haziran 2011,50,Nevşehir,CHP,27783,16.33,0,
2011,12 Haziran 2011,50,Nevşehir,SP,2653,1.56,0,
2011,12 Haziran 2011,50,Nevşehir,HAS,608,0.36,0,
2011,12 Haziran 2011,50,Nevşehir,BBP,1174,0.69,0,
2011,12 Haziran 2011,50,Nevşehir,DP,278,0.16,0,
2011,12 Haziran 2011,50,Nevşehir,Bağımsız,74,0.04,0,
2011,12 Haziran 2011,51,Niğde,AK Parti,100380,54.25,2,EVET
2011,12 Haziran 2011,51,Niğde,MHP,35369,19.11,0,
2011,12 Haziran 2011,51,Niğde,CHP,39774,21.5,1,
2011,12 Haziran 2011,51,Niğde,SP,2731,1.48,0,
2011,12 Haziran 2011,51,Niğde,BBP,1988,1.07,0,
2011,12 Haziran 2011,51,Niğde,DP,247,0.13,0,
2011,12 Haziran 2011,51,Niğde,Bağımsız,174,0.09,0,
2011,12 Haziran 2011,52,Ordu,AK Parti,251319,60.21,5,EVET
2011,12 Haziran 2011,52,Ordu,CHP,94353,22.61,1,
2011,12 Haziran 2011,52,Ordu,MHP,48647,11.66,0,
2011,12 Haziran 2011,52,Ordu,HAS,5626,1.35,0,
2011,12 Haziran 2011,52,Ordu,DP,656,0.16,0,
2011,12 Haziran 2011,52,Ordu,SP,2523,0.6,0,
2011,12 Haziran 2011,52,Ordu,Bağımsız,3281,0.79,0,
2011,12 Haziran 2011,52,Ordu,BBP,31,0.01,0,
2011,12 Haziran 2011,53,Rize,AK Parti,134549,68.91,3,EVET
2011,12 Haziran 2011,53,Rize,MHP,14929,7.65,0,
2011,12 Haziran 2011,53,Rize,CHP,33408,17.11,0,
2011,12 Haziran 2011,53,Rize,SP,6221,3.19,0,
2011,12 Haziran 2011,53,Rize,HAS,1583,0.81,0,
2011,12 Haziran 2011,53,Rize,DP,96,0.05,0,
2011,12 Haziran 2011,53,Rize,BBP,350,0.18,0,
2011,12 Haziran 2011,53,Rize,Bağımsız,679,0.35,0,
2011,12 Haziran 2011,54,Sakarya,AK Parti,334823,61.62,5,EVET
2011,12 Haziran 2011,54,Sakarya,CHP,88043,16.2,1,
2011,12 Haziran 2011,54,Sakarya,MHP,81515,15.0,1,
2011,12 Haziran 2011,54,Sakarya,SP,14560,2.68,0,
2011,12 Haziran 2011,54,Sakarya,HAS,8419,1.55,0,
2011,12 Haziran 2011,54,Sakarya,Bağımsız,3450,0.63,0,
2011,12 Haziran 2011,54,Sakarya,DP,142,0.03,0,
2011,12 Haziran 2011,55,Samsun,AK Parti,462067,61.5,6,EVET
2011,12 Haziran 2011,55,Samsun,CHP,162718,21.66,2,
2011,12 Haziran 2011,55,Samsun,MHP,84520,11.25,1,
2011,12 Haziran 2011,55,Samsun,DP,3829,0.51,0,
2011,12 Haziran 2011,55,Samsun,SP,10924,1.45,0,
2011,12 Haziran 2011,55,Samsun,HAS,5446,0.72,0,
2011,12 Haziran 2011,55,Samsun,BBP,886,0.12,0,
2011,12 Haziran 2011,55,Samsun,Bağımsız,648,0.09,0,
2011,12 Haziran 2011,56,Siirt,AK Parti,58623,48.03,2,EVET
2011,12 Haziran 2011,56,Siirt,Bağımsız,51809,42.45,1,
2011,12 Haziran 2011,56,Siirt,MHP,1433,1.17,0,
2011,12 Haziran 2011,56,Siirt,SP,29,0.02,0,
2011,12 Haziran 2011,56,Siirt,CHP,3520,2.88,0,
2011,12 Haziran 2011,56,Siirt,DSP,121,0.1,0,
2011,12 Haziran 2011,56,Siirt,HAS,860,0.7,0,
2011,12 Haziran 2011,56,Siirt,BBP,1760,1.44,0,
2011,12 Haziran 2011,57,Sinop,AK Parti,69587,54.92,1,EVET
2011,12 Haziran 2011,57,Sinop,CHP,39264,30.99,1,
2011,12 Haziran 2011,57,Sinop,MHP,10486,8.28,0,
2011,12 Haziran 2011,57,Sinop,SP,1440,1.14,0,
2011,12 Haziran 2011,57,Sinop,DP,136,0.11,0,
2011,12 Haziran 2011,57,Sinop,HEPAR,743,0.59,0,
2011,12 Haziran 2011,57,Sinop,HAS,801,0.63,0,
2011,12 Haziran 2011,57,Sinop,Bağımsız,0,0.0,0,
2011,12 Haziran 2011,58,Sivas,AK Parti,234505,63.34,4,EVET
2011,12 Haziran 2011,58,Sivas,CHP,56534,15.27,1,
2011,12 Haziran 2011,58,Sivas,BBP,12504,3.38,0,
2011,12 Haziran 2011,58,Sivas,MHP,36836,9.95,0,
2011,12 Haziran 2011,58,Sivas,Bağımsız,17101,4.62,0,
2011,12 Haziran 2011,58,Sivas,EMEP,73,0.02,0,
2011,12 Haziran 2011,58,Sivas,SP,699,0.19,0,
2011,12 Haziran 2011,59,Tekirdağ,AK Parti,183548,35.94,2,
2011,12 Haziran 2011,59,Tekirdağ,CHP,226824,44.41,3,EVET
2011,12 Haziran 2011,59,Tekirdağ,MHP,68483,13.41,1,
2011,12 Haziran 2011,59,Tekirdağ,Bağımsız,8001,1.57,0,
2011,12 Haziran 2011,59,Tekirdağ,DSP,1108,0.22,0,
2011,12 Haziran 2011,59,Tekirdağ,HEPAR,1734,0.34,0,
2011,12 Haziran 2011,59,Tekirdağ,DP,1644,0.32,0,
2011,12 Haziran 2011,59,Tekirdağ,SP,675,0.13,0,
2011,12 Haziran 2011,59,Tekirdağ,HAS,1534,0.3,0,
2011,12 Haziran 2011,59,Tekirdağ,BBP,100,0.02,0,
2011,12 Haziran 2011,60,Tokat,AK Parti,202481,55.9,3,EVET
2011,12 Haziran 2011,60,Tokat,CHP,85149,23.51,1,
2011,12 Haziran 2011,60,Tokat,MHP,57257,15.81,1,
2011,12 Haziran 2011,60,Tokat,SP,6204,1.71,0,
2011,12 Haziran 2011,60,Tokat,DP,120,0.03,0,
2011,12 Haziran 2011,60,Tokat,HAS,713,0.2,0,
2011,12 Haziran 2011,60,Tokat,BBP,3170,0.88,0,
2011,12 Haziran 2011,60,Tokat,Bağımsız,173,0.05,0,
2011,12 Haziran 2011,61,Trabzon,AK Parti,266605,58.65,4,EVET
2011,12 Haziran 2011,61,Trabzon,MHP,69500,15.29,1,
2011,12 Haziran 2011,61,Trabzon,CHP,83198,18.3,1,
2011,12 Haziran 2011,61,Trabzon,SP,15783,3.47,0,
2011,12 Haziran 2011,61,Trabzon,HAS,7171,1.58,0,
2011,12 Haziran 2011,61,Trabzon,DP,168,0.04,0,
2011,12 Haziran 2011,61,Trabzon,BBP,311,0.07,0,
2011,12 Haziran 2011,61,Trabzon,Bağımsız,431,0.09,0,
2011,12 Haziran 2011,62,Tunceli,AK Parti,7339,15.75,0,
2011,12 Haziran 2011,62,Tunceli,CHP,26804,57.53,2,EVET
2011,12 Haziran 2011,62,Tunceli,MHP,992,2.13,0,
2011,12 Haziran 2011,62,Tunceli,Bağımsız,10354,22.22,0,
2011,12 Haziran 2011,62,Tunceli,BBP,316,0.68,0,
2011,12 Haziran 2011,62,Tunceli,DP,39,0.08,0,
2011,12 Haziran 2011,63,Şanlıurfa,AK Parti,430453,63.46,10,EVET
2011,12 Haziran 2011,63,Şanlıurfa,Bağımsız,182915,26.97,2,
2011,12 Haziran 2011,63,Şanlıurfa,MHP,22357,3.3,0,
2011,12 Haziran 2011,63,Şanlıurfa,CHP,21777,3.21,0,
2011,12 Haziran 2011,63,Şanlıurfa,HAS,2880,0.42,0,
2011,12 Haziran 2011,63,Şanlıurfa,BBP,5459,0.8,0,
2011,12 Haziran 2011,64,Uşak,AK Parti,110931,49.75,2,EVET
2011,12 Haziran 2011,64,Uşak,CHP,66387,29.77,1,
2011,12 Haziran 2011,64,Uşak,MHP,36394,16.32,0,
2011,12 Haziran 2011,64,Uşak,DP,1603,0.72,0,
2011,12 Haziran 2011,64,Uşak,SP,2593,1.16,0,
2011,12 Haziran 2011,64,Uşak,HAS,116,0.05,0,
2011,12 Haziran 2011,64,Uşak,Bağımsız,0,0.0,0,
2011,12 Haziran 2011,65,Van,Bağımsız,211131,49.47,4,EVET
2011,12 Haziran 2011,65,Van,AK Parti,171753,40.25,4,
2011,12 Haziran 2011,65,Van,CHP,16044,3.76,0,
2011,12 Haziran 2011,65,Van,BBP,5382,1.26,0,
2011,12 Haziran 2011,65,Van,MHP,12737,2.98,0,
2011,12 Haziran 2011,65,Van,SP,69,0.02,0,
2011,12 Haziran 2011,65,Van,HAS,164,0.04,0,
2011,12 Haziran 2011,65,Van,DSP,255,0.06,0,
2011,12 Haziran 2011,66,Yozgat,AK Parti,170919,66.42,3,EVET
2011,12 Haziran 2011,66,Yozgat,MHP,47062,18.29,1,
2011,12 Haziran 2011,66,Yozgat,CHP,28166,10.95,0,
2011,12 Haziran 2011,66,Yozgat,BBP,2669,1.04,0,
2011,12 Haziran 2011,66,Yozgat,SP,2370,0.92,0,
2011,12 Haziran 2011,66,Yozgat,HAS,1353,0.53,0,
2011,12 Haziran 2011,66,Yozgat,DP,158,0.06,0,
2011,12 Haziran 2011,66,Yozgat,Bağımsız,0,0.0,0,
2011,12 Haziran 2011,67,Zonguldak,CHP,146342,37.49,2,
2011,12 Haziran 2011,67,Zonguldak,AK Parti,184346,47.23,3,EVET
2011,12 Haziran 2011,67,Zonguldak,MHP,24633,6.31,0,
2011,12 Haziran 2011,67,Zonguldak,SP,7256,1.86,0,
2011,12 Haziran 2011,67,Zonguldak,Bağımsız,11515,2.95,0,
2011,12 Haziran 2011,67,Zonguldak,BBP,916,0.23,0,
2011,12 Haziran 2011,68,Aksaray,AK Parti,132455,66.09,3,EVET
2011,12 Haziran 2011,68,Aksaray,MHP,36030,17.98,0,
2011,12 Haziran 2011,68,Aksaray,CHP,23494,11.72,0,
2011,12 Haziran 2011,68,Aksaray,SP,1668,0.83,0,
2011,12 Haziran 2011,68,Aksaray,HAS,447,0.22,0,
2011,12 Haziran 2011,68,Aksaray,BBP,1845,0.92,0,
2011,12 Haziran 2011,68,Aksaray,DP,134,0.07,0,
2011,12 Haziran 2011,68,Aksaray,Bağımsız,97,0.05,0,
2011,12 Haziran 2011,69,Bayburt,AK Parti,27318,63.39,1,EVET
2011,12 Haziran 2011,69,Bayburt,MHP,10434,24.21,0,
2011,12 Haziran 2011,69,Bayburt,SP,2027,4.7,0,
2011,12 Haziran 2011,69,Bayburt,CHP,1676,3.89,0,
2011,12 Haziran 2011,69,Bayburt,DP,98,0.23,0,
2011,12 Haziran 2011,69,Bayburt,HAS,533,1.24,0,
2011,12 Haziran 2011,69,Bayburt,Bağımsız,0,0.0,0,
2011,12 Haziran 2011,70,Karaman,AK Parti,80455,57.29,2,EVET
2011,12 Haziran 2011,70,Karaman,MHP,25642,18.26,0,
2011,12 Haziran 2011,70,Karaman,CHP,26511,18.88,0,
2011,12 Haziran 2011,70,Karaman,SP,2592,1.85,0,
2011,12 Haziran 2011,70,Karaman,DP,172,0.12,0,
2011,12 Haziran 2011,70,Karaman,HAS,1421,1.01,0,
2011,12 Haziran 2011,70,Karaman,BBP,21,0.01,0,
2011,12 Haziran 2011,70,Karaman,Bağımsız,0,0.0,0,
2011,12 Haziran 2011,71,Kırıkkale,AK Parti,105036,62.11,3,EVET
2011,12 Haziran 2011,71,Kırıkkale,MHP,31802,18.81,0,
2011,12 Haziran 2011,71,Kırıkkale,CHP,25620,15.15,0,
2011,12 Haziran 2011,71,Kırıkkale,HAS,1530,0.9,0,
2011,12 Haziran 2011,71,Kırıkkale,BBP,256,0.15,0,
2011,12 Haziran 2011,71,Kırıkkale,SP,1535,0.91,0,
2011,12 Haziran 2011,71,Kırıkkale,DP,25,0.01,0,
2011,12 Haziran 2011,71,Kırıkkale,Bağımsız,0,0.0,0,
2011,12 Haziran 2011,72,Batman,AK Parti,81778,37.13,2,
2011,12 Haziran 2011,72,Batman,Bağımsız,113378,51.48,2,EVET
2011,12 Haziran 2011,72,Batman,CHP,14754,6.7,0,
2011,12 Haziran 2011,72,Batman,BBP,3273,1.49,0,
2011,12 Haziran 2011,72,Batman,MHP,1281,0.58,0,
2011,12 Haziran 2011,72,Batman,HAS,25,0.01,0,
2011,12 Haziran 2011,72,Batman,SP,1939,0.88,0,
2011,12 Haziran 2011,73,Şırnak,Bağımsız,125282,72.31,3,EVET
2011,12 Haziran 2011,73,Şırnak,AK Parti,35714,20.61,1,
2011,12 Haziran 2011,73,Şırnak,CHP,5155,2.98,0,
2011,12 Haziran 2011,73,Şırnak,MHP,2033,1.17,0,
2011,12 Haziran 2011,73,Şırnak,BBP,1593,0.92,0,
2011,12 Haziran 2011,73,Şırnak,HAS,363,0.21,0,
2011,12 Haziran 2011,73,Şırnak,DSP,297,0.17,0,
2011,12 Haziran 2011,74,Bartın,CHP,34499,28.76,1,
2011,12 Haziran 2011,74,Bartın,AK Parti,57783,48.17,1,EVET
2011,12 Haziran 2011,74,Bartın,MHP,19189,16.0,0,
2011,12 Haziran 2011,74,Bartın,SP,2939,2.45,0,
2011,12 Haziran 2011,74,Bartın,DP,446,0.37,0,
2011,12 Haziran 2011,74,Bartın,HAS,909,0.76,0,
2011,12 Haziran 2011,74,Bartın,Bağımsız,0,0.0,0,
2011,12 Haziran 2011,75,Ardahan,AK Parti,22831,40.22,1,EVET
2011,12 Haziran 2011,75,Ardahan,CHP,17476,30.78,1,
2011,12 Haziran 2011,75,Ardahan,Bağımsız,7089,12.49,0,
2011,12 Haziran 2011,75,Ardahan,MHP,5651,9.95,0,
2011,12 Haziran 2011,75,Ardahan,BBP,1613,2.84,0,
2011,12 Haziran 2011,75,Ardahan,DSP,86,0.15,0,
2011,12 Haziran 2011,75,Ardahan,DP,80,0.14,0,
2011,12 Haziran 2011,75,Ardahan,MP92,45,0.08,0,
2011,12 Haziran 2011,75,Ardahan,HAS,56,0.1,0,
2011,12 Haziran 2011,76,Iğdır,AK Parti,22860,28.29,0,
2011,12 Haziran 2011,76,Iğdır,Bağımsız,25437,31.48,1,
2011,12 Haziran 2011,76,Iğdır,MHP,27554,34.09,1,EVET
2011,12 Haziran 2011,76,Iğdır,CHP,1374,1.7,0,
2011,12 Haziran 2011,76,Iğdır,BBP,1219,1.51,0,
2011,12 Haziran 2011,77,Yalova,AK Parti,59175,47.23,1,EVET
2011,12 Haziran 2011,77,Yalova,CHP,40975,32.7,1,
2011,12 Haziran 2011,77,Yalova,MHP,13112,10.46,0,
2011,12 Haziran 2011,77,Yalova,Bağımsız,5841,4.66,0,
2011,12 Haziran 2011,77,Yalova,SP,1934,1.54,0,
2011,12 Haziran 2011,78,Karabük,AK Parti,82141,57.93,2,EVET
2011,12 Haziran 2011,78,Karabük,CHP,26981,19.03,0,
2011,12 Haziran 2011,78,Karabük,MHP,22074,15.57,0,
2011,12 Haziran 2011,78,Karabük,HAS,2381,1.68,0,
2011,12 Haziran 2011,78,Karabük,SP,3367,2.37,0,
2011,12 Haziran 2011,78,Karabük,DP,35,0.02,0,
2011,12 Haziran 2011,78,Karabük,Bağımsız,0,0.0,0,
2011,12 Haziran 2011,79,Kilis,AK Parti,38967,59.54,2,EVET
2011,12 Haziran 2011,79,Kilis,CHP,9948,15.2,0,
2011,12 Haziran 2011,79,Kilis,MHP,13708,20.94,0,
2011,12 Haziran 2011,79,Kilis,DP,826,1.26,0,
2011,12 Haziran 2011,79,Kilis,MP92,20,0.03,0,
2011,12 Haziran 2011,79,Kilis,SP,161,0.25,0,
2011,12 Haziran 2011,79,Kilis,HAS,486,0.74,0,
2011,12 Haziran 2011,79,Kilis,Bağımsız,83,0.13,0,
2011,12 Haziran 2011,80,Osmaniye,AK Parti,115785,43.11,2,EVET
2011,12 Haziran 2011,80,Osmaniye,MHP,110708,41.22,2,
2011,12 Haziran 2011,80,Osmaniye,CHP,30877,11.5,0,
2011,12 Haziran 2011,80,Osmaniye,HAS,599,0.22,0,
2011,12 Haziran 2011,80,Osmaniye,BBP,432,0.16,0,
2011,12 Haziran 2011,80,Osmaniye,SP,1604,0.6,0,
2011,12 Haziran 2011,80,Osmaniye,Bağımsız,2038,0.76,0,
2011,12 Haziran 2011,80,Osmaniye,DP,462,0.17,0,
2011,12 Haziran 2011,81,Düzce,AK Parti,141181,65.95,3,EVET
2011,12 Haziran 2011,81,Düzce,MHP,34776,16.24,0,
2011,12 Haziran 2011,81,Düzce,CHP,26578,12.42,0,
2011,12 Haziran 2011,81,Düzce,BBP,141,0.07,0,
2011,12 Haziran 2011,81,Düzce,SP,3814,1.78,0,
2011,12 Haziran 2011,81,Düzce,HAS,2817,1.32,0,
2011,12 Haziran 2011,81,Düzce,DP,95,0.04,0,
2011,12 Haziran 2011,81,Düzce,Bağımsız,0,0.0,0,
2015Haziran,7 Haziran 2015,1,Adana,CHP,354389,28.82,4,
2015Haziran,7 Haziran 2015,1,Adana,MHP,287799,23.4,3,
2015Haziran,7 Haziran 2015,1,Adana,AK Parti,368055,29.93,5,EVET
2015Haziran,7 Haziran 2015,1,Adana,HDP,177730,14.45,2,
2015Haziran,7 Haziran 2015,1,Adana,SP,18947,1.54,0,
2015Haziran,7 Haziran 2015,1,Adana,TURKPARTİ,233,0.02,0,
2015Haziran,7 Haziran 2015,2,Adıyaman,AK Parti,178387,58.19,4,EVET
2015Haziran,7 Haziran 2015,2,Adıyaman,CHP,34814,11.36,0,
2015Haziran,7 Haziran 2015,2,Adıyaman,MHP,12946,4.22,0,
2015Haziran,7 Haziran 2015,2,Adıyaman,HDP,69543,22.68,1,
2015Haziran,7 Haziran 2015,2,Adıyaman,SP,6012,1.96,0,
2015Haziran,7 Haziran 2015,3,Afyonkarahisar,AK Parti,222467,52.36,3,EVET
2015Haziran,7 Haziran 2015,3,Afyonkarahisar,MHP,108175,25.46,1,
2015Haziran,7 Haziran 2015,3,Afyonkarahisar,CHP,71131,16.74,1,
2015Haziran,7 Haziran 2015,3,Afyonkarahisar,SP,7916,1.86,0,
2015Haziran,7 Haziran 2015,3,Afyonkarahisar,HDP,4447,1.05,0,
2015Haziran,7 Haziran 2015,3,Afyonkarahisar,TURKPARTİ,256,0.06,0,
2015Haziran,7 Haziran 2015,4,Ağrı,HDP,185506,78.22,4,EVET
2015Haziran,7 Haziran 2015,4,Ağrı,AK Parti,37622,15.86,0,
2015Haziran,7 Haziran 2015,4,Ağrı,MHP,6086,2.57,0,
2015Haziran,7 Haziran 2015,4,Ağrı,CHP,2340,0.99,0,
2015Haziran,7 Haziran 2015,4,Ağrı,SP,469,0.2,0,
2015Haziran,7 Haziran 2015,4,Ağrı,Bağımsız,1842,0.78,0,
2015Haziran,7 Haziran 2015,5,Amasya,CHP,54934,26.22,1,
2015Haziran,7 Haziran 2015,5,Amasya,AK Parti,95918,45.77,2,EVET
2015Haziran,7 Haziran 2015,5,Amasya,MHP,48037,22.92,0,
2015Haziran,7 Haziran 2015,5,Amasya,SP,4693,2.24,0,
2015Haziran,7 Haziran 2015,5,Amasya,HDP,2465,1.18,0,
2015Haziran,7 Haziran 2015,5,Amasya,TURKPARTİ,21,0.01,0,
2015Haziran,7 Haziran 2015,6,Ankara,AK Parti,1320517,41.21,15,EVET
2015Haziran,7 Haziran 2015,6,Ankara,MHP,577418,18.02,5,
2015Haziran,7 Haziran 2015,6,Ankara,CHP,943550,29.44,11,
2015Haziran,7 Haziran 2015,6,Ankara,VATAN,254,0.01,0,
2015Haziran,7 Haziran 2015,6,Ankara,HDP,167654,5.23,1,
2015Haziran,7 Haziran 2015,6,Ankara,SP,27370,0.85,0,
2015Haziran,7 Haziran 2015,6,Ankara,Bağımsız,65470,2.04,0,
2015Haziran,7 Haziran 2015,7,Antalya,AK Parti,456645,34.94,5,EVET
2015Haziran,7 Haziran 2015,7,Antalya,MHP,287161,21.97,3,
2015Haziran,7 Haziran 2015,7,Antalya,CHP,429075,32.83,5,
2015Haziran,7 Haziran 2015,7,Antalya,HDP,90644,6.94,1,
2015Haziran,7 Haziran 2015,7,Antalya,SP,17062,1.31,0,
2015Haziran,7 Haziran 2015,7,Antalya,HAK-PAR,97,0.01,0,
2015Haziran,7 Haziran 2015,8,Artvin,CHP,33528,30.99,1,
2015Haziran,7 Haziran 2015,8,Artvin,AK Parti,41982,38.8,1,EVET
2015Haziran,7 Haziran 2015,8,Artvin,MHP,24820,22.94,0,
2015Haziran,7 Haziran 2015,8,Artvin,HDP,2943,2.72,0,
2015Haziran,7 Haziran 2015,8,Artvin,SP,1862,1.72,0,
2015Haziran,7 Haziran 2015,8,Artvin,TURKPARTİ,108,0.1,0,
2015Haziran,7 Haziran 2015,9,Aydın,AK Parti,192688,29.25,2,
2015Haziran,7 Haziran 2015,9,Aydın,CHP,267395,40.59,4,EVET
2015Haziran,7 Haziran 2015,9,Aydın,MHP,119539,18.15,1,
2015Haziran,7 Haziran 2015,9,Aydın,SP,5948,0.9,0,
2015Haziran,7 Haziran 2015,9,Aydın,HDP,58254,8.84,0,
2015Haziran,7 Haziran 2015,9,Aydın,DP,424,0.06,0,
2015Haziran,7 Haziran 2015,9,Aydın,VATAN,1374,0.21,0,
2015Haziran,7 Haziran 2015,10,Balıkesir,AK Parti,305602,38.87,3,EVET
2015Haziran,7 Haziran 2015,10,Balıkesir,CHP,267677,34.05,3,
2015Haziran,7 Haziran 2015,10,Balıkesir,MHP,159274,20.26,2,
2015Haziran,7 Haziran 2015,10,Balıkesir,HDP,24121,3.07,0,
2015Haziran,7 Haziran 2015,10,Balıkesir,SP,13522,1.72,0,
2015Haziran,7 Haziran 2015,10,Balıkesir,VATAN,1097,0.14,0,
2015Haziran,7 Haziran 2015,10,Balıkesir,DP,413,0.05,0,
2015Haziran,7 Haziran 2015,11,Bilecik,AK Parti,49172,37.3,1,EVET
2015Haziran,7 Haziran 2015,11,Bilecik,CHP,38833,29.46,1,
2015Haziran,7 Haziran 2015,11,Bilecik,MHP,34006,25.79,0,
2015Haziran,7 Haziran 2015,11,Bilecik,SP,2887,2.19,0,
2015Haziran,7 Haziran 2015,11,Bilecik,HDP,4349,3.3,0,
2015Haziran,7 Haziran 2015,12,Bingöl,HDP,53545,40.98,1,
2015Haziran,7 Haziran 2015,12,Bingöl,AK Parti,61293,46.91,2,EVET
2015Haziran,7 Haziran 2015,12,Bingöl,CHP,1629,1.25,0,
2015Haziran,7 Haziran 2015,12,Bingöl,MHP,3692,2.83,0,
2015Haziran,7 Haziran 2015,12,Bingöl,SP,1300,0.99,0,
2015Haziran,7 Haziran 2015,12,Bingöl,Bağımsız,6191,4.74,0,
2015Haziran,7 Haziran 2015,13,Bitlis,HDP,93263,60.35,2,EVET
2015Haziran,7 Haziran 2015,13,Bitlis,AK Parti,47788,30.92,1,
2015Haziran,7 Haziran 2015,13,Bitlis,MHP,6049,3.91,0,
2015Haziran,7 Haziran 2015,13,Bitlis,CHP,2072,1.34,0,
2015Haziran,7 Haziran 2015,13,Bitlis,SP,363,0.23,0,
2015Haziran,7 Haziran 2015,13,Bitlis,Bağımsız,1634,1.06,0,
2015Haziran,7 Haziran 2015,14,Bolu,AK Parti,95752,52.0,2,EVET
2015Haziran,7 Haziran 2015,14,Bolu,CHP,45313,24.61,1,
2015Haziran,7 Haziran 2015,14,Bolu,MHP,29635,16.09,0,
2015Haziran,7 Haziran 2015,14,Bolu,SP,6557,3.56,0,
2015Haziran,7 Haziran 2015,14,Bolu,HDP,3069,1.67,0,
2015Haziran,7 Haziran 2015,14,Bolu,HAK-PAR,98,0.05,0,
2015Haziran,7 Haziran 2015,14,Bolu,DP,149,0.08,0,
2015Haziran,7 Haziran 2015,14,Bolu,DSP,21,0.01,0,
2015Haziran,7 Haziran 2015,15,Burdur,AK Parti,71464,42.94,1,EVET
2015Haziran,7 Haziran 2015,15,Burdur,MHP,38655,23.23,1,
2015Haziran,7 Haziran 2015,15,Burdur,CHP,45467,27.32,1,
2015Haziran,7 Haziran 2015,15,Burdur,SP,4392,2.64,0,
2015Haziran,7 Haziran 2015,15,Burdur,HDP,2457,1.48,0,
2015Haziran,7 Haziran 2015,15,Burdur,HAK-PAR,48,0.03,0,
2015Haziran,7 Haziran 2015,15,Burdur,DSP,23,0.01,0,
2015Haziran,7 Haziran 2015,15,Burdur,VATAN,111,0.07,0,
2015Haziran,7 Haziran 2015,16,Bursa,AK Parti,767541,43.86,9,EVET
2015Haziran,7 Haziran 2015,16,Bursa,MHP,309376,17.68,3,
2015Haziran,7 Haziran 2015,16,Bursa,CHP,489254,27.95,5,
2015Haziran,7 Haziran 2015,16,Bursa,SP,56197,3.21,0,
2015Haziran,7 Haziran 2015,16,Bursa,DP,113,0.01,0,
2015Haziran,7 Haziran 2015,16,Bursa,HDP,96513,5.51,1,
2015Haziran,7 Haziran 2015,16,Bursa,HAK-PAR,80,0.0,0,
2015Haziran,7 Haziran 2015,17,Çanakkale,AK Parti,116367,34.21,1,
2015Haziran,7 Haziran 2015,17,Çanakkale,CHP,134508,39.54,2,EVET
2015Haziran,7 Haziran 2015,17,Çanakkale,MHP,68089,20.02,1,
2015Haziran,7 Haziran 2015,17,Çanakkale,HDP,9106,2.68,0,
2015Haziran,7 Haziran 2015,17,Çanakkale,SP,3394,1.0,0,
2015Haziran,7 Haziran 2015,17,Çanakkale,VATAN,80,0.02,0,
2015Haziran,7 Haziran 2015,17,Çanakkale,DP,399,0.12,0,
2015Haziran,7 Haziran 2015,18,Çankırı,AK Parti,64313,59.41,2,EVET
2015Haziran,7 Haziran 2015,18,Çankırı,MHP,30965,28.61,0,
2015Haziran,7 Haziran 2015,18,Çankırı,CHP,7213,6.66,0,
2015Haziran,7 Haziran 2015,18,Çankırı,SP,2609,2.41,0,
2015Haziran,7 Haziran 2015,18,Çankırı,TURKPARTİ,236,0.22,0,
2015Haziran,7 Haziran 2015,18,Çankırı,HDP,914,0.84,0,
2015Haziran,7 Haziran 2015,19,Çorum,AK Parti,180281,54.38,3,EVET
2015Haziran,7 Haziran 2015,19,Çorum,MHP,59108,17.83,0,
2015Haziran,7 Haziran 2015,19,Çorum,CHP,74268,22.4,1,
2015Haziran,7 Haziran 2015,19,Çorum,SP,6574,1.98,0,
2015Haziran,7 Haziran 2015,19,Çorum,HDP,6134,1.85,0,
2015Haziran,7 Haziran 2015,19,Çorum,HAK-PAR,549,0.17,0,
2015Haziran,7 Haziran 2015,20,Denizli,CHP,220526,35.17,3,
2015Haziran,7 Haziran 2015,20,Denizli,AK Parti,247998,39.55,3,EVET
2015Haziran,7 Haziran 2015,20,Denizli,MHP,115016,18.34,1,
2015Haziran,7 Haziran 2015,20,Denizli,VATAN,193,0.03,0,
2015Haziran,7 Haziran 2015,20,Denizli,HDP,23849,3.8,0,
2015Haziran,7 Haziran 2015,20,Denizli,SP,8685,1.39,0,
2015Haziran,7 Haziran 2015,20,Denizli,DP,197,0.03,0,
2015Haziran,7 Haziran 2015,21,Diyarbakır,HDP,636915,79.06,10,EVET
2015Haziran,7 Haziran 2015,21,Diyarbakır,AK Parti,112752,14.0,1,
2015Haziran,7 Haziran 2015,21,Diyarbakır,Bağımsız,27859,3.46,0,
2015Haziran,7 Haziran 2015,21,Diyarbakır,CHP,7626,0.95,0,
2015Haziran,7 Haziran 2015,21,Diyarbakır,MHP,8491,1.05,0,
2015Haziran,7 Haziran 2015,21,Diyarbakır,SP,285,0.04,0,
2015Haziran,7 Haziran 2015,22,Edirne,CHP,140848,53.76,2,EVET
2015Haziran,7 Haziran 2015,22,Edirne,AK Parti,63381,24.19,1,
2015Haziran,7 Haziran 2015,22,Edirne,MHP,41316,15.77,0,
2015Haziran,7 Haziran 2015,22,Edirne,SP,3853,1.47,0,
2015Haziran,7 Haziran 2015,22,Edirne,HDP,6955,2.65,0,
2015Haziran,7 Haziran 2015,23,Elazığ,HDP,48704,15.25,0,
2015Haziran,7 Haziran 2015,23,Elazığ,AK Parti,169043,52.92,3,EVET
2015Haziran,7 Haziran 2015,23,Elazığ,SP,9422,2.95,0,
2015Haziran,7 Haziran 2015,23,Elazığ,CHP,21259,6.66,0,
2015Haziran,7 Haziran 2015,23,Elazığ,MHP,66600,20.85,1,
2015Haziran,7 Haziran 2015,24,Erzincan,AK Parti,63931,49.2,1,EVET
2015Haziran,7 Haziran 2015,24,Erzincan,CHP,33156,25.52,1,
2015Haziran,7 Haziran 2015,24,Erzincan,MHP,21691,16.69,0,
2015Haziran,7 Haziran 2015,24,Erzincan,HDP,7161,5.51,0,
2015Haziran,7 Haziran 2015,24,Erzincan,SP,2493,1.92,0,
2015Haziran,7 Haziran 2015,24,Erzincan,VATAN,52,0.04,0,
2015Haziran,7 Haziran 2015,25,Erzurum,AK Parti,209875,52.02,4,EVET
2015Haziran,7 Haziran 2015,25,Erzurum,MHP,94732,23.48,1,
2015Haziran,7 Haziran 2015,25,Erzurum,CHP,11078,2.75,0,
2015Haziran,7 Haziran 2015,25,Erzurum,SP,9610,2.38,0,
2015Haziran,7 Haziran 2015,25,Erzurum,HDP,71742,17.78,1,
2015Haziran,7 Haziran 2015,25,Erzurum,TURKPARTİ,230,0.06,0,
2015Haziran,7 Haziran 2015,26,Eskişehir,AK Parti,190338,35.93,2,
2015Haziran,7 Haziran 2015,26,Eskişehir,CHP,208233,39.3,3,EVET
2015Haziran,7 Haziran 2015,26,Eskişehir,MHP,89226,16.84,1,
2015Haziran,7 Haziran 2015,26,Eskişehir,SP,12163,2.3,0,
2015Haziran,7 Haziran 2015,26,Eskişehir,HDP,18957,3.58,0,
2015Haziran,7 Haziran 2015,26,Eskişehir,HAK-PAR,14,0.0,0,
2015Haziran,7 Haziran 2015,27,Gaziantep,AK Parti,428451,46.96,6,EVET
2015Haziran,7 Haziran 2015,27,Gaziantep,CHP,149170,16.35,2,
2015Haziran,7 Haziran 2015,27,Gaziantep,MHP,163967,17.97,2,
2015Haziran,7 Haziran 2015,27,Gaziantep,HDP,138678,15.2,2,
2015Haziran,7 Haziran 2015,27,Gaziantep,SP,18835,2.06,0,
2015Haziran,7 Haziran 2015,28,Giresun,AK Parti,139893,53.6,2,EVET
2015Haziran,7 Haziran 2015,28,Giresun,MHP,48374,18.53,1,
2015Haziran,7 Haziran 2015,28,Giresun,CHP,57313,21.96,1,
2015Haziran,7 Haziran 2015,28,Giresun,SP,6392,2.45,0,
2015Haziran,7 Haziran 2015,28,Giresun,HDP,2599,1.0,0,
2015Haziran,7 Haziran 2015,28,Giresun,TURKPARTİ,563,0.22,0,
2015Haziran,7 Haziran 2015,29,Gümüşhane,AK Parti,41682,56.91,1,EVET
2015Haziran,7 Haziran 2015,29,Gümüşhane,MHP,23025,31.44,1,
2015Haziran,7 Haziran 2015,29,Gümüşhane,CHP,3727,5.09,0,
2015Haziran,7 Haziran 2015,29,Gümüşhane,SP,2155,2.94,0,
2015Haziran,7 Haziran 2015,29,Gümüşhane,HDP,1109,1.51,0,
2015Haziran,7 Haziran 2015,29,Gümüşhane,TURKPARTİ,28,0.04,0,
2015Haziran,7 Haziran 2015,30,Hakkari,HDP,122940,86.37,3,EVET
2015Haziran,7 Haziran 2015,30,Hakkari,AK Parti,12493,8.78,0,
2015Haziran,7 Haziran 2015,30,Hakkari,MHP,3576,2.51,0,
2015Haziran,7 Haziran 2015,30,Hakkari,CHP,1453,1.02,0,
2015Haziran,7 Haziran 2015,30,Hakkari,SP,341,0.24,0,
2015Haziran,7 Haziran 2015,30,Hakkari,Bağımsız,396,0.28,0,
2015Haziran,7 Haziran 2015,31,Hatay,CHP,300769,36.33,4,
2015Haziran,7 Haziran 2015,31,Hatay,HDP,54456,6.58,0,
2015Haziran,7 Haziran 2015,31,Hatay,AK Parti,312887,37.79,5,EVET
2015Haziran,7 Haziran 2015,31,Hatay,Bağımsız,16131,1.95,0,
2015Haziran,7 Haziran 2015,31,Hatay,MHP,116062,14.02,1,
2015Haziran,7 Haziran 2015,31,Hatay,SP,12688,1.53,0,
2015Haziran,7 Haziran 2015,32,Isparta,AK Parti,114348,44.11,2,EVET
2015Haziran,7 Haziran 2015,32,Isparta,MHP,70152,27.06,1,
2015Haziran,7 Haziran 2015,32,Isparta,CHP,57712,22.26,1,
2015Haziran,7 Haziran 2015,32,Isparta,SP,6942,2.68,0,
2015Haziran,7 Haziran 2015,32,Isparta,HDP,4680,1.81,0,
2015Haziran,7 Haziran 2015,32,Isparta,DP,843,0.33,0,
2015Haziran,7 Haziran 2015,32,Isparta,VATAN,5,0.0,0,
2015Haziran,7 Haziran 2015,33,Mersin,MHP,255705,24.81,3,
2015Haziran,7 Haziran 2015,33,Mersin,AK Parti,266760,25.88,3,
2015Haziran,7 Haziran 2015,33,Mersin,CHP,298278,28.94,3,EVET
2015Haziran,7 Haziran 2015,33,Mersin,SP,10586,1.03,0,
2015Haziran,7 Haziran 2015,33,Mersin,HDP,184018,17.85,2,
2015Haziran,7 Haziran 2015,33,Mersin,DP,54,0.01,0,
2015Haziran,7 Haziran 2015,34,İstanbul,AK Parti,3393862,40.91,39,EVET
2015Haziran,7 Haziran 2015,34,İstanbul,CHP,2440167,29.42,28,
2015Haziran,7 Haziran 2015,34,İstanbul,HDP,1030808,12.43,11,
2015Haziran,7 Haziran 2015,34,İstanbul,MHP,918540,11.07,10,
2015Haziran,7 Haziran 2015,34,İstanbul,Bağımsız,143421,1.73,0,
2015Haziran,7 Haziran 2015,34,İstanbul,SP,89771,1.08,0,
2015Haziran,7 Haziran 2015,35,İzmir,CHP,1202151,45.41,12,EVET
2015Haziran,7 Haziran 2015,35,İzmir,AK Parti,694282,26.23,8,
2015Haziran,7 Haziran 2015,35,İzmir,MHP,363065,13.71,4,
2015Haziran,7 Haziran 2015,35,İzmir,HDP,273209,10.32,2,
2015Haziran,7 Haziran 2015,35,İzmir,SP,14624,0.55,0,
2015Haziran,7 Haziran 2015,35,İzmir,Bağımsız,26158,0.99,0,
2015Haziran,7 Haziran 2015,35,İzmir,VATAN,7012,0.26,0,
2015Haziran,7 Haziran 2015,36,Kars,HDP,64315,44.0,2,EVET
2015Haziran,7 Haziran 2015,36,Kars,AK Parti,38950,26.64,1,
2015Haziran,7 Haziran 2015,36,Kars,MHP,20507,14.03,0,
2015Haziran,7 Haziran 2015,36,Kars,CHP,17485,11.96,0,
2015Haziran,7 Haziran 2015,36,Kars,SP,1247,0.85,0,
2015Haziran,7 Haziran 2015,36,Kars,VATAN,65,0.04,0,
2015Haziran,7 Haziran 2015,37,Kastamonu,AK Parti,111835,48.69,2,EVET
2015Haziran,7 Haziran 2015,37,Kastamonu,CHP,42791,18.63,0,
2015Haziran,7 Haziran 2015,37,Kastamonu,MHP,62563,27.24,1,
2015Haziran,7 Haziran 2015,37,Kastamonu,SP,3619,1.58,0,
2015Haziran,7 Haziran 2015,37,Kastamonu,TURKPARTİ,1123,0.49,0,
2015Haziran,7 Haziran 2015,37,Kastamonu,HAK-PAR,41,0.02,0,
2015Haziran,7 Haziran 2015,37,Kastamonu,HDP,1528,0.67,0,
2015Haziran,7 Haziran 2015,37,Kastamonu,DSP,15,0.01,0,
2015Haziran,7 Haziran 2015,38,Kayseri,AK Parti,409658,52.41,5,EVET
2015Haziran,7 Haziran 2015,38,Kayseri,MHP,217384,27.81,3,
2015Haziran,7 Haziran 2015,38,Kayseri,CHP,97165,12.43,1,
2015Haziran,7 Haziran 2015,38,Kayseri,SP,24278,3.11,0,
2015Haziran,7 Haziran 2015,38,Kayseri,HDP,18070,2.31,0,
2015Haziran,7 Haziran 2015,38,Kayseri,Bağımsız,1173,0.15,0,
2015Haziran,7 Haziran 2015,39,Kırklareli,CHP,115951,50.14,2,EVET
2015Haziran,7 Haziran 2015,39,Kırklareli,AK Parti,53399,23.09,1,
2015Haziran,7 Haziran 2015,39,Kırklareli,MHP,49487,21.4,0,
2015Haziran,7 Haziran 2015,39,Kırklareli,HDP,5342,2.31,0,
2015Haziran,7 Haziran 2015,39,Kırklareli,SP,2010,0.87,0,
2015Haziran,7 Haziran 2015,39,Kırklareli,VATAN,55,0.02,0,
2015Haziran,7 Haziran 2015,39,Kırklareli,DP,176,0.08,0,
2015Haziran,7 Haziran 2015,40,Kırşehir,AK Parti,52732,39.61,1,EVET
2015Haziran,7 Haziran 2015,40,Kırşehir,MHP,42801,32.15,1,
2015Haziran,7 Haziran 2015,40,Kırşehir,CHP,25762,19.35,0,
2015Haziran,7 Haziran 2015,40,Kırşehir,SP,1702,1.28,0,
2015Haziran,7 Haziran 2015,40,Kırşehir,HDP,8121,6.1,0,
2015Haziran,7 Haziran 2015,41,Kocaeli,AK Parti,487781,46.33,6,EVET
2015Haziran,7 Haziran 2015,41,Kocaeli,CHP,256678,24.38,3,
2015Haziran,7 Haziran 2015,41,Kocaeli,MHP,161492,15.34,1,
2015Haziran,7 Haziran 2015,41,Kocaeli,SP,52246,4.96,0,
2015Haziran,7 Haziran 2015,41,Kocaeli,HDP,77562,7.37,1,
2015Haziran,7 Haziran 2015,42,Konya,AK Parti,798526,65.45,11,EVET
2015Haziran,7 Haziran 2015,42,Konya,MHP,200395,16.42,2,
2015Haziran,7 Haziran 2015,42,Konya,CHP,118822,9.74,1,
2015Haziran,7 Haziran 2015,42,Konya,SP,36375,2.98,0,
2015Haziran,7 Haziran 2015,42,Konya,HAK-PAR,239,0.02,0,
2015Haziran,7 Haziran 2015,42,Konya,HDP,50773,4.16,0,
2015Haziran,7 Haziran 2015,42,Konya,DP,295,0.02,0,
2015Haziran,7 Haziran 2015,43,Kütahya,AK Parti,200179,54.61,3,EVET
2015Haziran,7 Haziran 2015,43,Kütahya,MHP,98882,26.98,1,
2015Haziran,7 Haziran 2015,43,Kütahya,CHP,43514,11.87,0,
2015Haziran,7 Haziran 2015,43,Kütahya,SP,13187,3.6,0,
2015Haziran,7 Haziran 2015,43,Kütahya,HDP,3216,0.88,0,
2015Haziran,7 Haziran 2015,43,Kütahya,DP,648,0.18,0,
2015Haziran,7 Haziran 2015,44,Malatya,AK Parti,257512,58.62,5,EVET
2015Haziran,7 Haziran 2015,44,Malatya,MHP,50091,11.4,0,
2015Haziran,7 Haziran 2015,44,Malatya,CHP,72917,16.6,1,
2015Haziran,7 Haziran 2015,44,Malatya,HDP,34765,7.91,0,
2015Haziran,7 Haziran 2015,44,Malatya,SP,5028,1.14,0,
2015Haziran,7 Haziran 2015,44,Malatya,Bağımsız,7728,1.76,0,
2015Haziran,7 Haziran 2015,45,Manisa,CHP,259396,29.22,3,
2015Haziran,7 Haziran 2015,45,Manisa,AK Parti,327012,36.83,4,EVET
2015Haziran,7 Haziran 2015,45,Manisa,MHP,210986,23.76,2,
2015Haziran,7 Haziran 2015,45,Manisa,HDP,59717,6.73,0,
2015Haziran,7 Haziran 2015,45,Manisa,SP,13178,1.48,0,
2015Haziran,7 Haziran 2015,46,Kahramanmaraş,AK Parti,352949,61.04,6,EVET
2015Haziran,7 Haziran 2015,46,Kahramanmaraş,MHP,115291,19.94,2,
2015Haziran,7 Haziran 2015,46,Kahramanmaraş,CHP,49112,8.49,0,
2015Haziran,7 Haziran 2015,46,Kahramanmaraş,SP,21092,3.65,0,
2015Haziran,7 Haziran 2015,46,Kahramanmaraş,TURKPARTİ,215,0.04,0,
2015Haziran,7 Haziran 2015,46,Kahramanmaraş,HDP,29749,5.15,0,
2015Haziran,7 Haziran 2015,47,Mardin,HDP,276920,73.25,5,EVET
2015Haziran,7 Haziran 2015,47,Mardin,AK Parti,72645,19.22,1,
2015Haziran,7 Haziran 2015,47,Mardin,Bağımsız,15952,4.22,0,
2015Haziran,7 Haziran 2015,47,Mardin,MHP,4190,1.11,0,
2015Haziran,7 Haziran 2015,47,Mardin,CHP,3736,0.99,0,
2015Haziran,7 Haziran 2015,47,Mardin,SP,52,0.01,0,
2015Haziran,7 Haziran 2015,48,Muğla,CHP,257460,45.76,3,EVET
2015Haziran,7 Haziran 2015,48,Muğla,AK Parti,148528,26.4,2,
2015Haziran,7 Haziran 2015,48,Muğla,MHP,106258,18.89,1,
2015Haziran,7 Haziran 2015,48,Muğla,HDP,28750,5.11,0,
2015Haziran,7 Haziran 2015,48,Muğla,VATAN,2855,0.51,0,
2015Haziran,7 Haziran 2015,48,Muğla,SP,1960,0.35,0,
2015Haziran,7 Haziran 2015,48,Muğla,DP,1550,0.28,0,
2015Haziran,7 Haziran 2015,49,Muş,HDP,137878,71.32,2,EVET
2015Haziran,7 Haziran 2015,49,Muş,AK Parti,46940,24.28,1,
2015Haziran,7 Haziran 2015,49,Muş,MHP,3606,1.87,0,
2015Haziran,7 Haziran 2015,49,Muş,CHP,2110,1.09,0,
2015Haziran,7 Haziran 2015,49,Muş,SP,1490,0.77,0,
2015Haziran,7 Haziran 2015,50,Nevşehir,CHP,25851,14.93,0,
2015Haziran,7 Haziran 2015,50,Nevşehir,AK Parti,90819,52.46,2,EVET
2015Haziran,7 Haziran 2015,50,Nevşehir,MHP,47983,27.71,1,
2015Haziran,7 Haziran 2015,50,Nevşehir,HDP,2414,1.39,0,
2015Haziran,7 Haziran 2015,50,Nevşehir,SP,3122,1.8,0,
2015Haziran,7 Haziran 2015,50,Nevşehir,TURKPARTİ,131,0.08,0,
2015Haziran,7 Haziran 2015,51,Niğde,AK Parti,91065,47.85,2,EVET
2015Haziran,7 Haziran 2015,51,Niğde,MHP,48686,25.58,1,
2015Haziran,7 Haziran 2015,51,Niğde,CHP,40701,21.39,0,
2015Haziran,7 Haziran 2015,51,Niğde,SP,4527,2.38,0,
2015Haziran,7 Haziran 2015,51,Niğde,HAK-PAR,89,0.05,0,
2015Haziran,7 Haziran 2015,51,Niğde,HDP,2274,1.19,0,
2015Haziran,7 Haziran 2015,51,Niğde,DP,47,0.02,0,
2015Haziran,7 Haziran 2015,52,Ordu,AK Parti,221213,53.0,3,EVET
2015Haziran,7 Haziran 2015,52,Ordu,CHP,118934,28.49,2,
2015Haziran,7 Haziran 2015,52,Ordu,MHP,53929,12.92,0,
2015Haziran,7 Haziran 2015,52,Ordu,SP,9698,2.32,0,
2015Haziran,7 Haziran 2015,52,Ordu,TURKPARTİ,1725,0.41,0,
2015Haziran,7 Haziran 2015,52,Ordu,HDP,3422,0.82,0,
2015Haziran,7 Haziran 2015,53,Rize,AK Parti,131168,66.76,3,EVET
2015Haziran,7 Haziran 2015,53,Rize,CHP,37110,18.89,0,
2015Haziran,7 Haziran 2015,53,Rize,MHP,15870,8.08,0,
2015Haziran,7 Haziran 2015,53,Rize,SP,6794,3.46,0,
2015Haziran,7 Haziran 2015,53,Rize,TURKPARTİ,37,0.02,0,
2015Haziran,7 Haziran 2015,53,Rize,HDP,2232,1.14,0,
2015Haziran,7 Haziran 2015,53,Rize,VATAN,29,0.01,0,
2015Haziran,7 Haziran 2015,54,Sakarya,AK Parti,324001,56.65,5,EVET
2015Haziran,7 Haziran 2015,54,Sakarya,MHP,111127,19.43,1,
2015Haziran,7 Haziran 2015,54,Sakarya,CHP,90733,15.86,1,
2015Haziran,7 Haziran 2015,54,Sakarya,SP,22446,3.92,0,
2015Haziran,7 Haziran 2015,54,Sakarya,HDP,14772,2.58,0,
2015Haziran,7 Haziran 2015,54,Sakarya,DP,19,0.0,0,
2015Haziran,7 Haziran 2015,55,Samsun,AK Parti,399684,52.94,5,EVET
2015Haziran,7 Haziran 2015,55,Samsun,CHP,174614,23.13,2,
2015Haziran,7 Haziran 2015,55,Samsun,MHP,134840,17.86,2,
2015Haziran,7 Haziran 2015,55,Samsun,HDP,8881,1.18,0,
2015Haziran,7 Haziran 2015,55,Samsun,SP,21657,2.87,0,
2015Haziran,7 Haziran 2015,55,Samsun,TURKPARTİ,445,0.06,0,
2015Haziran,7 Haziran 2015,55,Samsun,DP,455,0.06,0,
2015Haziran,7 Haziran 2015,56,Siirt,HDP,93518,65.76,2,EVET
2015Haziran,7 Haziran 2015,56,Siirt,AK Parti,40137,28.22,1,
2015Haziran,7 Haziran 2015,56,Siirt,MHP,3389,2.38,0,
2015Haziran,7 Haziran 2015,56,Siirt,SP,1418,1.0,0,
2015Haziran,7 Haziran 2015,56,Siirt,CHP,1735,1.22,0,
2015Haziran,7 Haziran 2015,56,Siirt,TURKPARTİ,90,0.06,0,
2015Haziran,7 Haziran 2015,57,Sinop,AK Parti,60087,47.48,1,EVET
2015Haziran,7 Haziran 2015,57,Sinop,CHP,36271,28.66,1,
2015Haziran,7 Haziran 2015,57,Sinop,MHP,21453,16.95,0,
2015Haziran,7 Haziran 2015,57,Sinop,SP,2305,1.82,0,
2015Haziran,7 Haziran 2015,57,Sinop,HDP,1563,1.24,0,
2015Haziran,7 Haziran 2015,57,Sinop,TURKPARTİ,676,0.53,0,
2015Haziran,7 Haziran 2015,58,Sivas,AK Parti,212853,57.69,3,EVET
2015Haziran,7 Haziran 2015,58,Sivas,CHP,55138,14.94,1,
2015Haziran,7 Haziran 2015,58,Sivas,MHP,67145,18.2,1,
2015Haziran,7 Haziran 2015,58,Sivas,SP,23310,6.32,0,
2015Haziran,7 Haziran 2015,58,Sivas,HDP,5036,1.36,0,
2015Haziran,7 Haziran 2015,58,Sivas,TURKPARTİ,262,0.07,0,
2015Haziran,7 Haziran 2015,59,Tekirdağ,CHP,253295,44.49,3,EVET
2015Haziran,7 Haziran 2015,59,Tekirdağ,AK Parti,177458,31.17,2,
2015Haziran,7 Haziran 2015,59,Tekirdağ,MHP,86333,15.16,1,
2015Haziran,7 Haziran 2015,59,Tekirdağ,HDP,31543,5.54,0,
2015Haziran,7 Haziran 2015,59,Tekirdağ,SP,7796,1.37,0,
2015Haziran,7 Haziran 2015,59,Tekirdağ,Bağımsız,157,0.03,0,
2015Haziran,7 Haziran 2015,60,Tokat,AK Parti,180538,51.62,3,EVET
2015Haziran,7 Haziran 2015,60,Tokat,CHP,72867,20.83,1,
2015Haziran,7 Haziran 2015,60,Tokat,MHP,76872,21.98,1,
2015Haziran,7 Haziran 2015,60,Tokat,HDP,4430,1.27,0,
2015Haziran,7 Haziran 2015,60,Tokat,SP,10217,2.92,0,
2015Haziran,7 Haziran 2015,60,Tokat,BTP,24,0.01,0,
2015Haziran,7 Haziran 2015,60,Tokat,HAK-PAR,114,0.03,0,
2015Haziran,7 Haziran 2015,61,Trabzon,AK Parti,253418,55.42,4,EVET
2015Haziran,7 Haziran 2015,61,Trabzon,MHP,96086,21.01,1,
2015Haziran,7 Haziran 2015,61,Trabzon,CHP,77784,17.01,1,
2015Haziran,7 Haziran 2015,61,Trabzon,SP,16462,3.6,0,
2015Haziran,7 Haziran 2015,61,Trabzon,HDP,4033,0.88,0,
2015Haziran,7 Haziran 2015,61,Trabzon,BTP,1032,0.23,0,
2015Haziran,7 Haziran 2015,61,Trabzon,TURKPARTİ,547,0.12,0,
2015Haziran,7 Haziran 2015,62,Tunceli,AK Parti,5631,10.63,0,
2015Haziran,7 Haziran 2015,62,Tunceli,HDP,32281,60.94,2,EVET
2015Haziran,7 Haziran 2015,62,Tunceli,CHP,10906,20.59,0,
2015Haziran,7 Haziran 2015,62,Tunceli,MHP,3131,5.91,0,
2015Haziran,7 Haziran 2015,62,Tunceli,SP,373,0.7,0,
2015Haziran,7 Haziran 2015,62,Tunceli,HAK-PAR,10,0.02,0,
2015Haziran,7 Haziran 2015,63,Şanlıurfa,AK Parti,356537,46.71,7,EVET
2015Haziran,7 Haziran 2015,63,Şanlıurfa,MHP,42479,5.56,0,
2015Haziran,7 Haziran 2015,63,Şanlıurfa,HDP,293841,38.49,5,
2015Haziran,7 Haziran 2015,63,Şanlıurfa,Bağımsız,24456,3.2,0,
2015Haziran,7 Haziran 2015,63,Şanlıurfa,CHP,31273,4.1,0,
2015Haziran,7 Haziran 2015,63,Şanlıurfa,SP,123,0.02,0,
2015Haziran,7 Haziran 2015,64,Uşak,AK Parti,86399,38.02,1,EVET
2015Haziran,7 Haziran 2015,64,Uşak,CHP,64442,28.36,1,
2015Haziran,7 Haziran 2015,64,Uşak,MHP,63310,27.86,1,
2015Haziran,7 Haziran 2015,64,Uşak,SP,4111,1.81,0,
2015Haziran,7 Haziran 2015,64,Uşak,HDP,5422,2.39,0,
2015Haziran,7 Haziran 2015,65,Van,HDP,368522,74.81,7,EVET
2015Haziran,7 Haziran 2015,65,Van,AK Parti,95480,19.38,1,
2015Haziran,7 Haziran 2015,65,Van,MHP,13329,2.71,0,
2015Haziran,7 Haziran 2015,65,Van,SP,1645,0.33,0,
2015Haziran,7 Haziran 2015,65,Van,CHP,4845,0.98,0,
2015Haziran,7 Haziran 2015,65,Van,Bağımsız,2406,0.49,0,
2015Haziran,7 Haziran 2015,66,Yozgat,AK Parti,139934,58.31,3,EVET
2015Haziran,7 Haziran 2015,66,Yozgat,MHP,66958,27.9,1,
2015Haziran,7 Haziran 2015,66,Yozgat,CHP,21626,9.01,0,
2015Haziran,7 Haziran 2015,66,Yozgat,SP,6054,2.52,0,
2015Haziran,7 Haziran 2015,66,Yozgat,HDP,2298,0.96,0,
2015Haziran,7 Haziran 2015,66,Yozgat,HAK-PAR,22,0.01,0,
2015Haziran,7 Haziran 2015,67,Zonguldak,AK Parti,142329,37.99,2,
2015Haziran,7 Haziran 2015,67,Zonguldak,CHP,146162,39.01,2,EVET
2015Haziran,7 Haziran 2015,67,Zonguldak,MHP,61500,16.42,1,
2015Haziran,7 Haziran 2015,67,Zonguldak,SP,12165,3.25,0,
2015Haziran,7 Haziran 2015,67,Zonguldak,HDP,4399,1.17,0,
2015Haziran,7 Haziran 2015,68,Aksaray,AK Parti,119896,58.5,2,EVET
2015Haziran,7 Haziran 2015,68,Aksaray,MHP,62171,30.34,1,
2015Haziran,7 Haziran 2015,68,Aksaray,CHP,13705,6.69,0,
2015Haziran,7 Haziran 2015,68,Aksaray,SP,2688,1.31,0,
2015Haziran,7 Haziran 2015,68,Aksaray,HDP,3487,1.7,0,
2015Haziran,7 Haziran 2015,68,Aksaray,HAK-PAR,29,0.01,0,
2015Haziran,7 Haziran 2015,69,Bayburt,AK Parti,27219,60.25,1,EVET
2015Haziran,7 Haziran 2015,69,Bayburt,MHP,14461,32.01,1,
2015Haziran,7 Haziran 2015,69,Bayburt,SP,1305,2.89,0,
2015Haziran,7 Haziran 2015,69,Bayburt,CHP,1110,2.46,0,
2015Haziran,7 Haziran 2015,69,Bayburt,TURKPARTİ,58,0.13,0,
2015Haziran,7 Haziran 2015,69,Bayburt,HDP,490,1.08,0,
2015Haziran,7 Haziran 2015,70,Karaman,AK Parti,80042,55.53,2,EVET
2015Haziran,7 Haziran 2015,70,Karaman,MHP,32876,22.81,0,
2015Haziran,7 Haziran 2015,70,Karaman,CHP,22366,15.52,0,
2015Haziran,7 Haziran 2015,70,Karaman,HDP,1724,1.2,0,
2015Haziran,7 Haziran 2015,70,Karaman,SP,4032,2.8,0,
2015Haziran,7 Haziran 2015,70,Karaman,TURKPARTİ,300,0.21,0,
2015Haziran,7 Haziran 2015,71,Kırıkkale,AK Parti,81710,50.62,2,EVET
2015Haziran,7 Haziran 2015,71,Kırıkkale,MHP,46610,28.87,1,
2015Haziran,7 Haziran 2015,71,Kırıkkale,CHP,24733,15.32,0,
2015Haziran,7 Haziran 2015,71,Kırıkkale,SP,3776,2.34,0,
2015Haziran,7 Haziran 2015,71,Kırıkkale,HDP,2037,1.26,0,
2015Haziran,7 Haziran 2015,71,Kırıkkale,DSP,7,0.0,0,
2015Haziran,7 Haziran 2015,72,Batman,HDP,191310,72.57,3,EVET
2015Haziran,7 Haziran 2015,72,Batman,AK Parti,47921,18.18,1,
2015Haziran,7 Haziran 2015,72,Batman,Bağımsız,14723,5.59,0,
2015Haziran,7 Haziran 2015,72,Batman,MHP,2752,1.04,0,
2015Haziran,7 Haziran 2015,72,Batman,SP,2182,0.83,0,
2015Haziran,7 Haziran 2015,72,Batman,CHP,2083,0.79,0,
2015Haziran,7 Haziran 2015,73,Şırnak,HDP,188012,85.32,4,EVET
2015Haziran,7 Haziran 2015,73,Şırnak,AK Parti,19357,8.78,0,
2015Haziran,7 Haziran 2015,73,Şırnak,MHP,5315,2.41,0,
2015Haziran,7 Haziran 2015,73,Şırnak,CHP,2111,0.96,0,
2015Haziran,7 Haziran 2015,73,Şırnak,SP,146,0.07,0,
2015Haziran,7 Haziran 2015,73,Şırnak,Bağımsız,2806,1.27,0,
2015Haziran,7 Haziran 2015,74,Bartın,CHP,36526,30.53,1,
2015Haziran,7 Haziran 2015,74,Bartın,AK Parti,49600,41.45,1,EVET
2015Haziran,7 Haziran 2015,74,Bartın,MHP,21782,18.2,0,
2015Haziran,7 Haziran 2015,74,Bartın,SP,5681,4.75,0,
2015Haziran,7 Haziran 2015,74,Bartın,HDP,1484,1.24,0,
2015Haziran,7 Haziran 2015,74,Bartın,TURKPARTİ,275,0.23,0,
2015Haziran,7 Haziran 2015,75,Ardahan,CHP,12494,22.2,0,
2015Haziran,7 Haziran 2015,75,Ardahan,AK Parti,14759,26.22,1,
2015Haziran,7 Haziran 2015,75,Ardahan,Bağımsız,4679,8.31,0,
2015Haziran,7 Haziran 2015,75,Ardahan,MHP,4393,7.81,0,
2015Haziran,7 Haziran 2015,75,Ardahan,HDP,17096,30.37,1,EVET
2015Haziran,7 Haziran 2015,76,Iğdır,HDP,53844,56.73,2,EVET
2015Haziran,7 Haziran 2015,76,Iğdır,MHP,25700,27.08,0,
2015Haziran,7 Haziran 2015,76,Iğdır,AK Parti,10293,10.85,0,
2015Haziran,7 Haziran 2015,76,Iğdır,CHP,3409,3.59,0,
2015Haziran,7 Haziran 2015,76,Iğdır,SP,479,0.5,0,
2015Haziran,7 Haziran 2015,77,Yalova,AK Parti,54366,39.49,1,EVET
2015Haziran,7 Haziran 2015,77,Yalova,CHP,40065,29.11,1,
2015Haziran,7 Haziran 2015,77,Yalova,MHP,26778,19.45,0,
2015Haziran,7 Haziran 2015,77,Yalova,HDP,11422,8.3,0,
2015Haziran,7 Haziran 2015,77,Yalova,SP,2687,1.95,0,
2015Haziran,7 Haziran 2015,78,Karabük,AK Parti,67540,47.91,1,EVET
2015Haziran,7 Haziran 2015,78,Karabük,MHP,38902,27.59,1,
2015Haziran,7 Haziran 2015,78,Karabük,CHP,24292,17.23,0,
2015Haziran,7 Haziran 2015,78,Karabük,SP,4701,3.33,0,
2015Haziran,7 Haziran 2015,78,Karabük,TURKPARTİ,277,0.2,0,
2015Haziran,7 Haziran 2015,78,Karabük,HDP,1578,1.12,0,
2015Haziran,7 Haziran 2015,79,Kilis,AK Parti,32279,49.18,1,EVET
2015Haziran,7 Haziran 2015,79,Kilis,MHP,23375,35.61,1,
2015Haziran,7 Haziran 2015,79,Kilis,CHP,5042,7.68,0,
2015Haziran,7 Haziran 2015,79,Kilis,HDP,2428,3.7,0,
2015Haziran,7 Haziran 2015,79,Kilis,BTP,37,0.06,0,
2015Haziran,7 Haziran 2015,79,Kilis,SP,851,1.3,0,
2015Haziran,7 Haziran 2015,80,Osmaniye,MHP,114990,41.08,2,EVET
2015Haziran,7 Haziran 2015,80,Osmaniye,AK Parti,108756,38.85,2,
2015Haziran,7 Haziran 2015,80,Osmaniye,CHP,37330,13.34,0,
2015Haziran,7 Haziran 2015,80,Osmaniye,SP,3779,1.35,0,
2015Haziran,7 Haziran 2015,80,Osmaniye,HDP,10735,3.83,0,
2015Haziran,7 Haziran 2015,81,Düzce,AK Parti,130782,59.38,3,EVET
2015Haziran,7 Haziran 2015,81,Düzce,MHP,34729,15.77,0,
2015Haziran,7 Haziran 2015,81,Düzce,CHP,35373,16.06,0,
2015Haziran,7 Haziran 2015,81,Düzce,SP,8862,4.02,0,
2015Haziran,7 Haziran 2015,81,Düzce,HDP,4463,2.03,0,
2015Haziran,7 Haziran 2015,81,Düzce,BTP,76,0.03,0,
2015Haziran,7 Haziran 2015,81,Düzce,Bağımsız,659,0.3,0,
2015Haziran,7 Haziran 2015,81,Düzce,HAK-PAR,88,0.04,0,
2015Kasim,1 Kasım 2015,1,Adana,AK Parti,462362,36.82,6,EVET
2015Kasim,1 Kasım 2015,1,Adana,MHP,246182,19.6,3,
2015Kasim,1 Kasım 2015,1,Adana,CHP,374000,29.78,4,
2015Kasim,1 Kasım 2015,1,Adana,SP,7926,0.63,0,
2015Kasim,1 Kasım 2015,1,Adana,BBP,401,0.03,0,
2015Kasim,1 Kasım 2015,1,Adana,HDP,147572,11.75,1,
2015Kasim,1 Kasım 2015,1,Adana,HKP,70,0.01,0,
2015Kasim,1 Kasım 2015,1,Adana,DP,90,0.01,0,
2015Kasim,1 Kasım 2015,2,Adıyaman,AK Parti,222189,69.46,4,EVET
2015Kasim,1 Kasım 2015,2,Adıyaman,CHP,35985,11.25,0,
2015Kasim,1 Kasım 2015,2,Adıyaman,MHP,9477,2.96,0,
2015Kasim,1 Kasım 2015,2,Adıyaman,HDP,45431,14.2,1,
2015Kasim,1 Kasım 2015,2,Adıyaman,BBP,497,0.16,0,
2015Kasim,1 Kasım 2015,2,Adıyaman,SP,1719,0.54,0,
2015Kasim,1 Kasım 2015,3,Afyonkarahisar,AK Parti,273797,63.4,3,EVET
2015Kasim,1 Kasım 2015,3,Afyonkarahisar,MHP,73417,17.0,1,
2015Kasim,1 Kasım 2015,3,Afyonkarahisar,CHP,70153,16.24,1,
2015Kasim,1 Kasım 2015,3,Afyonkarahisar,SP,3241,0.75,0,
2015Kasim,1 Kasım 2015,3,Afyonkarahisar,BBP,2723,0.63,0,
2015Kasim,1 Kasım 2015,3,Afyonkarahisar,DP,579,0.13,0,
2015Kasim,1 Kasım 2015,3,Afyonkarahisar,HKP,43,0.01,0,
2015Kasim,1 Kasım 2015,3,Afyonkarahisar,HDP,2373,0.55,0,
2015Kasim,1 Kasım 2015,4,Ağrı,HDP,145689,68.14,3,EVET
2015Kasim,1 Kasım 2015,4,Ağrı,AK Parti,57780,27.02,1,
2015Kasim,1 Kasım 2015,4,Ağrı,CHP,2789,1.3,0,
2015Kasim,1 Kasım 2015,4,Ağrı,MHP,3275,1.53,0,
2015Kasim,1 Kasım 2015,4,Ağrı,BBP,874,0.41,0,
2015Kasim,1 Kasım 2015,4,Ağrı,SP,354,0.17,0,
2015Kasim,1 Kasım 2015,5,Amasya,AK Parti,109491,51.53,2,EVET
2015Kasim,1 Kasım 2015,5,Amasya,CHP,52129,24.53,1,
2015Kasim,1 Kasım 2015,5,Amasya,MHP,43679,20.56,0,
2015Kasim,1 Kasım 2015,5,Amasya,HDP,1666,0.78,0,
2015Kasim,1 Kasım 2015,5,Amasya,SP,795,0.37,0,
2015Kasim,1 Kasım 2015,5,Amasya,BBP,872,0.41,0,
2015Kasim,1 Kasım 2015,5,Amasya,HAK-PAR,139,0.07,0,
2015Kasim,1 Kasım 2015,5,Amasya,HKP,106,0.05,0,
2015Kasim,1 Kasım 2015,6,Ankara,AK Parti,1618972,48.8,16,EVET
2015Kasim,1 Kasım 2015,6,Ankara,MHP,471092,14.2,4,
2015Kasim,1 Kasım 2015,6,Ankara,CHP,1022500,30.82,11,
2015Kasim,1 Kasım 2015,6,Ankara,BBP,21519,0.65,0,
2015Kasim,1 Kasım 2015,6,Ankara,HDP,134449,4.05,1,
2015Kasim,1 Kasım 2015,6,Ankara,VATAN,4558,0.14,0,
2015Kasim,1 Kasım 2015,6,Ankara,DP,48,0.0,0,
2015Kasim,1 Kasım 2015,6,Ankara,SP,891,0.03,0,
2015Kasim,1 Kasım 2015,7,Antalya,AK Parti,560344,41.32,7,EVET
2015Kasim,1 Kasım 2015,7,Antalya,CHP,451878,33.32,5,
2015Kasim,1 Kasım 2015,7,Antalya,MHP,238820,17.61,2,
2015Kasim,1 Kasım 2015,7,Antalya,SP,2092,0.15,0,
2015Kasim,1 Kasım 2015,7,Antalya,HAK-PAR,156,0.01,0,
2015Kasim,1 Kasım 2015,7,Antalya,HDP,75366,5.56,0,
2015Kasim,1 Kasım 2015,7,Antalya,BBP,4214,0.31,0,
2015Kasim,1 Kasım 2015,7,Antalya,VATAN,1318,0.1,0,
2015Kasim,1 Kasım 2015,7,Antalya,DP,240,0.02,0,
2015Kasim,1 Kasım 2015,8,Artvin,AK Parti,48128,45.19,1,EVET
2015Kasim,1 Kasım 2015,8,Artvin,CHP,37670,35.37,1,
2015Kasim,1 Kasım 2015,8,Artvin,MHP,14372,13.49,0,
2015Kasim,1 Kasım 2015,8,Artvin,SP,902,0.85,0,
2015Kasim,1 Kasım 2015,8,Artvin,HDP,2185,2.05,0,
2015Kasim,1 Kasım 2015,8,Artvin,HAK-PAR,207,0.19,0,
2015Kasim,1 Kasım 2015,8,Artvin,DP,22,0.02,0,
2015Kasim,1 Kasım 2015,9,Aydın,AK Parti,226022,33.84,3,
2015Kasim,1 Kasım 2015,9,Aydın,CHP,272532,40.81,3,EVET
2015Kasim,1 Kasım 2015,9,Aydın,MHP,105247,15.76,1,
2015Kasim,1 Kasım 2015,9,Aydın,SP,401,0.06,0,
2015Kasim,1 Kasım 2015,9,Aydın,HAK-PAR,762,0.11,0,
2015Kasim,1 Kasım 2015,9,Aydın,DP,300,0.04,0,
2015Kasim,1 Kasım 2015,9,Aydın,HDP,46753,7.0,0,
2015Kasim,1 Kasım 2015,9,Aydın,VATAN,1303,0.2,0,
2015Kasim,1 Kasım 2015,9,Aydın,BBP,1641,0.25,0,
2015Kasim,1 Kasım 2015,10,Balıkesir,AK Parti,361821,45.54,4,EVET
2015Kasim,1 Kasım 2015,10,Balıkesir,CHP,275229,34.64,3,
2015Kasim,1 Kasım 2015,10,Balıkesir,MHP,117551,14.79,1,
2015Kasim,1 Kasım 2015,10,Balıkesir,HDP,18382,2.31,0,
2015Kasim,1 Kasım 2015,10,Balıkesir,SP,6182,0.78,0,
2015Kasim,1 Kasım 2015,10,Balıkesir,VATAN,781,0.1,0,
2015Kasim,1 Kasım 2015,10,Balıkesir,BBP,307,0.04,0,
2015Kasim,1 Kasım 2015,10,Balıkesir,DP,808,0.1,0,
2015Kasim,1 Kasım 2015,10,Balıkesir,HKP,20,0.0,0,
2015Kasim,1 Kasım 2015,11,Bilecik,AK Parti,61338,46.31,1,EVET
2015Kasim,1 Kasım 2015,11,Bilecik,CHP,44792,33.82,1,
2015Kasim,1 Kasım 2015,11,Bilecik,MHP,18596,14.04,0,
2015Kasim,1 Kasım 2015,11,Bilecik,HDP,3219,2.43,0,
2015Kasim,1 Kasım 2015,11,Bilecik,BBP,459,0.35,0,
2015Kasim,1 Kasım 2015,11,Bilecik,SP,782,0.59,0,
2015Kasim,1 Kasım 2015,11,Bilecik,DP,103,0.08,0,
2015Kasim,1 Kasım 2015,11,Bilecik,HAK-PAR,103,0.08,0,
2015Kasim,1 Kasım 2015,12,Bingöl,AK Parti,83492,64.6,2,EVET
2015Kasim,1 Kasım 2015,12,Bingöl,HDP,38065,29.45,1,
2015Kasim,1 Kasım 2015,12,Bingöl,MHP,2273,1.76,0,
2015Kasim,1 Kasım 2015,12,Bingöl,SP,272,0.21,0,
2015Kasim,1 Kasım 2015,12,Bingöl,BBP,881,0.68,0,
2015Kasim,1 Kasım 2015,12,Bingöl,CHP,1868,1.45,0,
2015Kasim,1 Kasım 2015,12,Bingöl,HKP,81,0.06,0,
2015Kasim,1 Kasım 2015,12,Bingöl,HAK-PAR,31,0.02,0,
2015Kasim,1 Kasım 2015,13,Bitlis,HDP,73786,49.44,2,EVET
2015Kasim,1 Kasım 2015,13,Bitlis,AK Parti,65370,43.8,1,
2015Kasim,1 Kasım 2015,13,Bitlis,MHP,2902,1.94,0,
2015Kasim,1 Kasım 2015,13,Bitlis,CHP,4112,2.76,0,
2015Kasim,1 Kasım 2015,13,Bitlis,BBP,158,0.11,0,
2015Kasim,1 Kasım 2015,13,Bitlis,SP,695,0.47,0,
2015Kasim,1 Kasım 2015,14,Bolu,AK Parti,117527,62.82,2,EVET
2015Kasim,1 Kasım 2015,14,Bolu,CHP,40307,21.54,1,
2015Kasim,1 Kasım 2015,14,Bolu,MHP,20352,10.88,0,
2015Kasim,1 Kasım 2015,14,Bolu,SP,2012,1.08,0,
2015Kasim,1 Kasım 2015,14,Bolu,HAK-PAR,139,0.07,0,
2015Kasim,1 Kasım 2015,14,Bolu,BBP,432,0.23,0,
2015Kasim,1 Kasım 2015,14,Bolu,HDP,2044,1.09,0,
2015Kasim,1 Kasım 2015,14,Bolu,DP,163,0.09,0,
2015Kasim,1 Kasım 2015,15,Burdur,AK Parti,84716,50.59,2,EVET
2015Kasim,1 Kasım 2015,15,Burdur,CHP,41876,25.01,1,
2015Kasim,1 Kasım 2015,15,Burdur,MHP,33022,19.72,0,
2015Kasim,1 Kasım 2015,15,Burdur,SP,1838,1.1,0,
2015Kasim,1 Kasım 2015,15,Burdur,BBP,544,0.32,0,
2015Kasim,1 Kasım 2015,15,Burdur,HAK-PAR,125,0.07,0,
2015Kasim,1 Kasım 2015,15,Burdur,DP,41,0.02,0,
2015Kasim,1 Kasım 2015,15,Burdur,HDP,1239,0.74,0,
2015Kasim,1 Kasım 2015,15,Burdur,VATAN,104,0.06,0,
2015Kasim,1 Kasım 2015,16,Bursa,AK Parti,975760,53.97,11,EVET
2015Kasim,1 Kasım 2015,16,Bursa,CHP,482124,26.66,5,
2015Kasim,1 Kasım 2015,16,Bursa,MHP,223866,12.38,2,
2015Kasim,1 Kasım 2015,16,Bursa,HDP,74600,4.13,0,
2015Kasim,1 Kasım 2015,16,Bursa,SP,18679,1.03,0,
2015Kasim,1 Kasım 2015,16,Bursa,DP,185,0.01,0,
2015Kasim,1 Kasım 2015,16,Bursa,BBP,32,0.0,0,
2015Kasim,1 Kasım 2015,16,Bursa,HAK-PAR,65,0.0,0,
2015Kasim,1 Kasım 2015,17,Çanakkale,CHP,134957,39.56,2,
2015Kasim,1 Kasım 2015,17,Çanakkale,AK Parti,135609,39.75,2,EVET
2015Kasim,1 Kasım 2015,17,Çanakkale,MHP,53207,15.6,0,
2015Kasim,1 Kasım 2015,17,Çanakkale,HDP,7090,2.08,0,
2015Kasim,1 Kasım 2015,17,Çanakkale,DP,523,0.15,0,
2015Kasim,1 Kasım 2015,17,Çanakkale,VATAN,906,0.27,0,
2015Kasim,1 Kasım 2015,17,Çanakkale,SP,400,0.12,0,
2015Kasim,1 Kasım 2015,17,Çanakkale,HAK-PAR,461,0.14,0,
2015Kasim,1 Kasım 2015,17,Çanakkale,BBP,136,0.04,0,
2015Kasim,1 Kasım 2015,18,Çankırı,AK Parti,75808,69.09,2,EVET
2015Kasim,1 Kasım 2015,18,Çankırı,MHP,23781,21.67,0,
2015Kasim,1 Kasım 2015,18,Çankırı,CHP,6469,5.9,0,
2015Kasim,1 Kasım 2015,18,Çankırı,SP,507,0.46,0,
2015Kasim,1 Kasım 2015,18,Çankırı,BBP,949,0.86,0,
2015Kasim,1 Kasım 2015,18,Çankırı,HAK-PAR,21,0.02,0,
2015Kasim,1 Kasım 2015,18,Çankırı,HKP,16,0.01,0,
2015Kasim,1 Kasım 2015,18,Çankırı,HDP,459,0.42,0,
2015Kasim,1 Kasım 2015,19,Çorum,AK Parti,207137,61.3,3,EVET
2015Kasim,1 Kasım 2015,19,Çorum,CHP,74581,22.07,1,
2015Kasim,1 Kasım 2015,19,Çorum,MHP,41731,12.35,0,
2015Kasim,1 Kasım 2015,19,Çorum,HDP,5088,1.51,0,
2015Kasim,1 Kasım 2015,19,Çorum,BBP,2566,0.76,0,
2015Kasim,1 Kasım 2015,19,Çorum,HAK-PAR,352,0.1,0,
2015Kasim,1 Kasım 2015,19,Çorum,SP,478,0.14,0,
2015Kasim,1 Kasım 2015,20,Denizli,AK Parti,289081,45.47,4,EVET
2015Kasim,1 Kasım 2015,20,Denizli,CHP,218151,34.32,2,
2015Kasim,1 Kasım 2015,20,Denizli,MHP,93629,14.73,1,
2015Kasim,1 Kasım 2015,20,Denizli,BBP,4165,0.66,0,
2015Kasim,1 Kasım 2015,20,Denizli,HAK-PAR,282,0.04,0,
2015Kasim,1 Kasım 2015,20,Denizli,HDP,16917,2.66,0,
2015Kasim,1 Kasım 2015,20,Denizli,DP,369,0.06,0,
2015Kasim,1 Kasım 2015,20,Denizli,VATAN,297,0.05,0,
2015Kasim,1 Kasım 2015,20,Denizli,SP,264,0.04,0,
2015Kasim,1 Kasım 2015,21,Diyarbakır,HDP,576318,72.82,9,EVET
2015Kasim,1 Kasım 2015,21,Diyarbakır,AK Parti,169174,21.38,2,
2015Kasim,1 Kasım 2015,21,Diyarbakır,CHP,12335,1.56,0,
2015Kasim,1 Kasım 2015,21,Diyarbakır,MHP,4962,0.63,0,
2015Kasim,1 Kasım 2015,21,Diyarbakır,BBP,1181,0.15,0,
2015Kasim,1 Kasım 2015,21,Diyarbakır,Bağımsız,18108,2.29,0,
2015Kasim,1 Kasım 2015,21,Diyarbakır,SP,132,0.02,0,
2015Kasim,1 Kasım 2015,22,Edirne,CHP,149278,57.0,2,EVET
2015Kasim,1 Kasım 2015,22,Edirne,AK Parti,70648,26.98,1,
2015Kasim,1 Kasım 2015,22,Edirne,MHP,27966,10.68,0,
2015Kasim,1 Kasım 2015,22,Edirne,HDP,5405,2.06,0,
2015Kasim,1 Kasım 2015,22,Edirne,SP,1350,0.52,0,
2015Kasim,1 Kasım 2015,22,Edirne,HAK-PAR,948,0.36,0,
2015Kasim,1 Kasım 2015,23,Elazığ,AK Parti,219485,66.81,4,EVET
2015Kasim,1 Kasım 2015,23,Elazığ,HDP,36043,10.97,0,
2015Kasim,1 Kasım 2015,23,Elazığ,MHP,44198,13.45,0,
2015Kasim,1 Kasım 2015,23,Elazığ,SP,3804,1.16,0,
2015Kasim,1 Kasım 2015,23,Elazığ,CHP,19768,6.02,0,
2015Kasim,1 Kasım 2015,23,Elazığ,BBP,35,0.01,0,
2015Kasim,1 Kasım 2015,24,Erzincan,AK Parti,74940,56.75,2,EVET
2015Kasim,1 Kasım 2015,24,Erzincan,CHP,36740,27.82,0,
2015Kasim,1 Kasım 2015,24,Erzincan,MHP,13372,10.13,0,
2015Kasim,1 Kasım 2015,24,Erzincan,HDP,4073,3.08,0,
2015Kasim,1 Kasım 2015,24,Erzincan,SP,114,0.09,0,
2015Kasim,1 Kasım 2015,24,Erzincan,BBP,793,0.6,0,
2015Kasim,1 Kasım 2015,24,Erzincan,HAK-PAR,40,0.03,0,
2015Kasim,1 Kasım 2015,25,Erzurum,AK Parti,275427,68.08,5,EVET
2015Kasim,1 Kasım 2015,25,Erzurum,MHP,57997,14.33,1,
2015Kasim,1 Kasım 2015,25,Erzurum,CHP,12065,2.98,0,
2015Kasim,1 Kasım 2015,25,Erzurum,HDP,49172,12.15,0,
2015Kasim,1 Kasım 2015,25,Erzurum,SP,2886,0.71,0,
2015Kasim,1 Kasım 2015,25,Erzurum,BBP,725,0.18,0,
2015Kasim,1 Kasım 2015,25,Erzurum,HKP,136,0.03,0,
2015Kasim,1 Kasım 2015,25,Erzurum,HAK-PAR,27,0.01,0,
2015Kasim,1 Kasım 2015,26,Eskişehir,AK Parti,232668,43.15,3,EVET
2015Kasim,1 Kasım 2015,26,Eskişehir,CHP,208699,38.7,3,
2015Kasim,1 Kasım 2015,26,Eskişehir,MHP,68686,12.74,0,
2015Kasim,1 Kasım 2015,26,Eskişehir,BBP,2575,0.48,0,
2015Kasim,1 Kasım 2015,26,Eskişehir,DP,43,0.01,0,
2015Kasim,1 Kasım 2015,26,Eskişehir,SP,1786,0.33,0,
2015Kasim,1 Kasım 2015,26,Eskişehir,HDP,13871,2.57,0,
2015Kasim,1 Kasım 2015,26,Eskişehir,HAK-PAR,75,0.01,0,
2015Kasim,1 Kasım 2015,27,Gaziantep,AK Parti,581085,61.67,8,EVET
2015Kasim,1 Kasım 2015,27,Gaziantep,CHP,153075,16.25,2,
2015Kasim,1 Kasım 2015,27,Gaziantep,HDP,98516,10.46,1,
2015Kasim,1 Kasım 2015,27,Gaziantep,MHP,90142,9.57,1,
2015Kasim,1 Kasım 2015,27,Gaziantep,BBP,447,0.05,0,
2015Kasim,1 Kasım 2015,27,Gaziantep,SP,5580,0.59,0,
2015Kasim,1 Kasım 2015,28,Giresun,AK Parti,165268,61.78,3,EVET
2015Kasim,1 Kasım 2015,28,Giresun,MHP,38312,14.32,0,
2015Kasim,1 Kasım 2015,28,Giresun,CHP,53532,20.01,1,
2015Kasim,1 Kasım 2015,28,Giresun,HAK-PAR,552,0.21,0,
2015Kasim,1 Kasım 2015,28,Giresun,BBP,766,0.29,0,
2015Kasim,1 Kasım 2015,28,Giresun,SP,1974,0.74,0,
2015Kasim,1 Kasım 2015,28,Giresun,HDP,1490,0.56,0,
2015Kasim,1 Kasım 2015,29,Gümüşhane,AK Parti,50445,68.33,2,EVET
2015Kasim,1 Kasım 2015,29,Gümüşhane,MHP,17052,23.1,0,
2015Kasim,1 Kasım 2015,29,Gümüşhane,CHP,3527,4.78,0,
2015Kasim,1 Kasım 2015,29,Gümüşhane,SP,753,1.02,0,
2015Kasim,1 Kasım 2015,29,Gümüşhane,HDP,546,0.74,0,
2015Kasim,1 Kasım 2015,29,Gümüşhane,HKP,59,0.08,0,
2015Kasim,1 Kasım 2015,29,Gümüşhane,BBP,114,0.15,0,
2015Kasim,1 Kasım 2015,29,Gümüşhane,HAK-PAR,55,0.07,0,
2015Kasim,1 Kasım 2015,30,Hakkari,HDP,114221,83.71,3,EVET
2015Kasim,1 Kasım 2015,30,Hakkari,AK Parti,17216,12.62,0,
2015Kasim,1 Kasım 2015,30,Hakkari,MHP,1964,1.44,0,
2015Kasim,1 Kasım 2015,30,Hakkari,CHP,1658,1.22,0,
2015Kasim,1 Kasım 2015,30,Hakkari,HKP,364,0.27,0,
2015Kasim,1 Kasım 2015,30,Hakkari,BBP,25,0.02,0,
2015Kasim,1 Kasım 2015,31,Hatay,AK Parti,367940,43.18,5,EVET
2015Kasim,1 Kasım 2015,31,Hatay,CHP,307803,36.12,4,
2015Kasim,1 Kasım 2015,31,Hatay,MHP,104885,12.31,1,
2015Kasim,1 Kasım 2015,31,Hatay,HDP,57533,6.75,0,
2015Kasim,1 Kasım 2015,31,Hatay,BBP,373,0.04,0,
2015Kasim,1 Kasım 2015,31,Hatay,SP,3592,0.42,0,
2015Kasim,1 Kasım 2015,31,Hatay,VATAN,410,0.05,0,
2015Kasim,1 Kasım 2015,31,Hatay,HAK-PAR,246,0.03,0,
2015Kasim,1 Kasım 2015,32,Isparta,AK Parti,138723,53.19,2,EVET
2015Kasim,1 Kasım 2015,32,Isparta,MHP,53296,20.44,1,
2015Kasim,1 Kasım 2015,32,Isparta,CHP,55744,21.38,1,
2015Kasim,1 Kasım 2015,32,Isparta,DP,681,0.26,0,
2015Kasim,1 Kasım 2015,32,Isparta,BBP,708,0.27,0,
2015Kasim,1 Kasım 2015,32,Isparta,SP,2390,0.92,0,
2015Kasim,1 Kasım 2015,32,Isparta,HDP,2981,1.14,0,
2015Kasim,1 Kasım 2015,32,Isparta,HAK-PAR,77,0.03,0,
2015Kasim,1 Kasım 2015,33,Mersin,AK Parti,325723,31.06,4,EVET
2015Kasim,1 Kasım 2015,33,Mersin,MHP,224219,21.38,2,
2015Kasim,1 Kasım 2015,33,Mersin,CHP,319630,30.48,4,
2015Kasim,1 Kasım 2015,33,Mersin,HDP,156873,14.96,1,
2015Kasim,1 Kasım 2015,33,Mersin,SP,1275,0.12,0,
2015Kasim,1 Kasım 2015,33,Mersin,BBP,2462,0.23,0,
2015Kasim,1 Kasım 2015,33,Mersin,HAK-PAR,525,0.05,0,
2015Kasim,1 Kasım 2015,33,Mersin,VATAN,981,0.09,0,
2015Kasim,1 Kasım 2015,34,İstanbul,CHP,2736490,30.44,28,
2015Kasim,1 Kasım 2015,34,İstanbul,AK Parti,4381816,48.75,46,EVET
2015Kasim,1 Kasım 2015,34,İstanbul,HDP,904793,10.07,7,
2015Kasim,1 Kasım 2015,34,İstanbul,MHP,772549,8.59,7,
2015Kasim,1 Kasım 2015,34,İstanbul,VATAN,4420,0.05,0,
2015Kasim,1 Kasım 2015,34,İstanbul,SP,65824,0.73,0,
2015Kasim,1 Kasım 2015,34,İstanbul,BBP,586,0.01,0,
2015Kasim,1 Kasım 2015,35,İzmir,CHP,1264541,46.76,14,EVET
2015Kasim,1 Kasım 2015,35,İzmir,AK Parti,839079,31.03,8,
2015Kasim,1 Kasım 2015,35,İzmir,MHP,307057,11.35,2,
2015Kasim,1 Kasım 2015,35,İzmir,HDP,233653,8.64,2,
2015Kasim,1 Kasım 2015,35,İzmir,VATAN,11959,0.44,0,
2015Kasim,1 Kasım 2015,35,İzmir,SP,2565,0.09,0,
2015Kasim,1 Kasım 2015,35,İzmir,DP,1270,0.05,0,
2015Kasim,1 Kasım 2015,35,İzmir,HAK-PAR,202,0.01,0,
2015Kasim,1 Kasım 2015,36,Kars,HDP,48625,34.47,1,
2015Kasim,1 Kasım 2015,36,Kars,AK Parti,50267,35.63,2,EVET
2015Kasim,1 Kasım 2015,36,Kars,CHP,21315,15.11,0,
2015Kasim,1 Kasım 2015,36,Kars,MHP,17579,12.46,0,
2015Kasim,1 Kasım 2015,36,Kars,HKP,631,0.45,0,
2015Kasim,1 Kasım 2015,36,Kars,BBP,113,0.08,0,
2015Kasim,1 Kasım 2015,37,Kastamonu,AK Parti,137752,59.99,3,EVET
2015Kasim,1 Kasım 2015,37,Kastamonu,CHP,38975,16.97,0,
2015Kasim,1 Kasım 2015,37,Kastamonu,MHP,43350,18.88,0,
2015Kasim,1 Kasım 2015,37,Kastamonu,HAK-PAR,1016,0.44,0,
2015Kasim,1 Kasım 2015,37,Kastamonu,SP,713,0.31,0,
2015Kasim,1 Kasım 2015,37,Kastamonu,BBP,1374,0.6,0,
2015Kasim,1 Kasım 2015,37,Kastamonu,VATAN,18,0.01,0,
2015Kasim,1 Kasım 2015,37,Kastamonu,HDP,862,0.38,0,
2015Kasim,1 Kasım 2015,38,Kayseri,AK Parti,528722,65.57,7,EVET
2015Kasim,1 Kasım 2015,38,Kayseri,MHP,148034,18.36,1,
2015Kasim,1 Kasım 2015,38,Kayseri,CHP,98655,12.23,1,
2015Kasim,1 Kasım 2015,38,Kayseri,HKP,52,0.01,0,
2015Kasim,1 Kasım 2015,38,Kayseri,HAK-PAR,34,0.0,0,
2015Kasim,1 Kasım 2015,38,Kayseri,SP,1062,0.13,0,
2015Kasim,1 Kasım 2015,38,Kayseri,BBP,7144,0.89,0,
2015Kasim,1 Kasım 2015,38,Kayseri,HDP,10374,1.29,0,
2015Kasim,1 Kasım 2015,39,Kırklareli,CHP,129440,55.72,2,EVET
2015Kasim,1 Kasım 2015,39,Kırklareli,AK Parti,64270,27.67,1,
2015Kasim,1 Kasım 2015,39,Kırklareli,MHP,28776,12.39,0,
2015Kasim,1 Kasım 2015,39,Kırklareli,HAK-PAR,355,0.15,0,
2015Kasim,1 Kasım 2015,39,Kırklareli,HDP,4212,1.81,0,
2015Kasim,1 Kasım 2015,39,Kırklareli,VATAN,742,0.32,0,
2015Kasim,1 Kasım 2015,39,Kırklareli,SP,74,0.03,0,
2015Kasim,1 Kasım 2015,39,Kırklareli,DP,133,0.06,0,
2015Kasim,1 Kasım 2015,40,Kırşehir,AK Parti,67797,50.66,2,EVET
2015Kasim,1 Kasım 2015,40,Kırşehir,MHP,32496,24.28,0,
2015Kasim,1 Kasım 2015,40,Kırşehir,CHP,23941,17.89,0,
2015Kasim,1 Kasım 2015,40,Kırşehir,HDP,6270,4.69,0,
2015Kasim,1 Kasım 2015,40,Kırşehir,BBP,874,0.65,0,
2015Kasim,1 Kasım 2015,40,Kırşehir,SP,91,0.07,0,
2015Kasim,1 Kasım 2015,41,Kocaeli,AK Parti,621198,56.48,7,EVET
2015Kasim,1 Kasım 2015,41,Kocaeli,CHP,257810,23.44,3,
2015Kasim,1 Kasım 2015,41,Kocaeli,MHP,123662,11.24,1,
2015Kasim,1 Kasım 2015,41,Kocaeli,SP,17943,1.63,0,
2015Kasim,1 Kasım 2015,41,Kocaeli,HDP,60722,5.52,0,
2015Kasim,1 Kasım 2015,42,Konya,AK Parti,938230,74.52,12,EVET
2015Kasim,1 Kasım 2015,42,Konya,MHP,143571,11.4,1,
2015Kasim,1 Kasım 2015,42,Konya,CHP,115505,9.17,1,
2015Kasim,1 Kasım 2015,42,Konya,SP,10899,0.87,0,
2015Kasim,1 Kasım 2015,42,Konya,BBP,2230,0.18,0,
2015Kasim,1 Kasım 2015,42,Konya,HAK-PAR,43,0.0,0,
2015Kasim,1 Kasım 2015,42,Konya,HDP,33769,2.68,0,
2015Kasim,1 Kasım 2015,42,Konya,DP,91,0.01,0,
2015Kasim,1 Kasım 2015,42,Konya,HKP,23,0.0,0,
2015Kasim,1 Kasım 2015,43,Kütahya,AK Parti,251067,67.61,4,EVET
2015Kasim,1 Kasım 2015,43,Kütahya,MHP,58804,15.84,0,
2015Kasim,1 Kasım 2015,43,Kütahya,CHP,45931,12.37,0,
2015Kasim,1 Kasım 2015,43,Kütahya,SP,4545,1.22,0,
2015Kasim,1 Kasım 2015,43,Kütahya,BBP,1494,0.4,0,
2015Kasim,1 Kasım 2015,43,Kütahya,DP,387,0.1,0,
2015Kasim,1 Kasım 2015,43,Kütahya,HAK-PAR,66,0.02,0,
2015Kasim,1 Kasım 2015,43,Kütahya,HDP,1769,0.48,0,
2015Kasim,1 Kasım 2015,44,Malatya,AK Parti,309173,67.88,5,EVET
2015Kasim,1 Kasım 2015,44,Malatya,CHP,69808,15.33,1,
2015Kasim,1 Kasım 2015,44,Malatya,MHP,42138,9.25,0,
2015Kasim,1 Kasım 2015,44,Malatya,HDP,25584,5.62,0,
2015Kasim,1 Kasım 2015,44,Malatya,HAK-PAR,40,0.01,0,
2015Kasim,1 Kasım 2015,44,Malatya,SP,2505,0.55,0,
2015Kasim,1 Kasım 2015,44,Malatya,BBP,116,0.03,0,
2015Kasim,1 Kasım 2015,44,Malatya,VATAN,25,0.01,0,
2015Kasim,1 Kasım 2015,45,Manisa,AK Parti,393858,43.99,5,EVET
2015Kasim,1 Kasım 2015,45,Manisa,CHP,266039,29.71,3,
2015Kasim,1 Kasım 2015,45,Manisa,MHP,160813,17.96,1,
2015Kasim,1 Kasım 2015,45,Manisa,HDP,48180,5.38,0,
2015Kasim,1 Kasım 2015,45,Manisa,BBP,2767,0.31,0,
2015Kasim,1 Kasım 2015,45,Manisa,SP,2889,0.32,0,
2015Kasim,1 Kasım 2015,45,Manisa,DP,830,0.09,0,
2015Kasim,1 Kasım 2015,45,Manisa,HAK-PAR,111,0.01,0,
2015Kasim,1 Kasım 2015,46,Kahramanmaraş,AK Parti,431802,71.79,7,EVET
2015Kasim,1 Kasım 2015,46,Kahramanmaraş,MHP,77745,12.93,1,
2015Kasim,1 Kasım 2015,46,Kahramanmaraş,CHP,57309,9.53,0,
2015Kasim,1 Kasım 2015,46,Kahramanmaraş,HDP,20453,3.4,0,
2015Kasim,1 Kasım 2015,46,Kahramanmaraş,BBP,4876,0.81,0,
2015Kasim,1 Kasım 2015,46,Kahramanmaraş,SP,2036,0.34,0,
2015Kasim,1 Kasım 2015,47,Mardin,AK Parti,107804,28.52,2,
2015Kasim,1 Kasım 2015,47,Mardin,HDP,258384,68.36,4,EVET
2015Kasim,1 Kasım 2015,47,Mardin,CHP,5087,1.35,0,
2015Kasim,1 Kasım 2015,47,Mardin,MHP,2959,0.78,0,
2015Kasim,1 Kasım 2015,47,Mardin,BBP,795,0.21,0,
2015Kasim,1 Kasım 2015,47,Mardin,SP,282,0.07,0,
2015Kasim,1 Kasım 2015,48,Muğla,CHP,278651,48.37,3,EVET
2015Kasim,1 Kasım 2015,48,Muğla,AK Parti,172268,29.9,2,
2015Kasim,1 Kasım 2015,48,Muğla,MHP,86106,14.95,1,
2015Kasim,1 Kasım 2015,48,Muğla,HDP,23308,4.05,0,
2015Kasim,1 Kasım 2015,48,Muğla,BBP,892,0.15,0,
2015Kasim,1 Kasım 2015,48,Muğla,VATAN,2069,0.36,0,
2015Kasim,1 Kasım 2015,48,Muğla,SP,45,0.01,0,
2015Kasim,1 Kasım 2015,48,Muğla,DP,1149,0.2,0,
2015Kasim,1 Kasım 2015,49,Muş,AK Parti,61768,33.86,1,
2015Kasim,1 Kasım 2015,49,Muş,HDP,112726,61.8,2,EVET
2015Kasim,1 Kasım 2015,49,Muş,CHP,2419,1.33,0,
2015Kasim,1 Kasım 2015,49,Muş,SP,774,0.42,0,
2015Kasim,1 Kasım 2015,49,Muş,MHP,2350,1.29,0,
2015Kasim,1 Kasım 2015,49,Muş,BBP,237,0.13,0,
2015Kasim,1 Kasım 2015,49,Muş,HKP,93,0.05,0,
2015Kasim,1 Kasım 2015,50,Nevşehir,AK Parti,110867,62.75,3,EVET
2015Kasim,1 Kasım 2015,50,Nevşehir,MHP,32412,18.35,0,
2015Kasim,1 Kasım 2015,50,Nevşehir,CHP,26814,15.18,0,
2015Kasim,1 Kasım 2015,50,Nevşehir,BBP,1375,0.78,0,
2015Kasim,1 Kasım 2015,50,Nevşehir,HDP,1627,0.92,0,
2015Kasim,1 Kasım 2015,50,Nevşehir,SP,221,0.13,0,
2015Kasim,1 Kasım 2015,50,Nevşehir,HAK-PAR,103,0.06,0,
2015Kasim,1 Kasım 2015,51,Niğde,AK Parti,110633,57.14,2,EVET
2015Kasim,1 Kasım 2015,51,Niğde,CHP,39495,20.4,1,
2015Kasim,1 Kasım 2015,51,Niğde,MHP,36415,18.81,0,
2015Kasim,1 Kasım 2015,51,Niğde,SP,1335,0.69,0,
2015Kasim,1 Kasım 2015,51,Niğde,HAK-PAR,208,0.11,0,
2015Kasim,1 Kasım 2015,51,Niğde,BBP,492,0.25,0,
2015Kasim,1 Kasım 2015,51,Niğde,HDP,1388,0.72,0,
2015Kasim,1 Kasım 2015,52,Ordu,AK Parti,276892,63.3,4,EVET
2015Kasim,1 Kasım 2015,52,Ordu,CHP,107132,24.49,1,
2015Kasim,1 Kasım 2015,52,Ordu,MHP,41202,9.42,0,
2015Kasim,1 Kasım 2015,52,Ordu,BBP,779,0.18,0,
2015Kasim,1 Kasım 2015,52,Ordu,HKP,416,0.1,0,
2015Kasim,1 Kasım 2015,52,Ordu,SP,3083,0.7,0,
2015Kasim,1 Kasım 2015,52,Ordu,HDP,1849,0.42,0,
2015Kasim,1 Kasım 2015,52,Ordu,VATAN,128,0.03,0,
2015Kasim,1 Kasım 2015,53,Rize,AK Parti,152923,75.88,3,EVET
2015Kasim,1 Kasım 2015,53,Rize,CHP,29970,14.87,0,
2015Kasim,1 Kasım 2015,53,Rize,MHP,10815,5.37,0,
2015Kasim,1 Kasım 2015,53,Rize,SP,2923,1.45,0,
2015Kasim,1 Kasım 2015,53,Rize,BBP,953,0.47,0,
2015Kasim,1 Kasım 2015,53,Rize,HAK-PAR,120,0.06,0,
2015Kasim,1 Kasım 2015,53,Rize,HDP,1150,0.57,0,
2015Kasim,1 Kasım 2015,54,Sakarya,AK Parti,399039,67.6,5,EVET
2015Kasim,1 Kasım 2015,54,Sakarya,CHP,90810,15.38,1,
2015Kasim,1 Kasım 2015,54,Sakarya,MHP,72269,12.24,1,
2015Kasim,1 Kasım 2015,54,Sakarya,SP,7862,1.33,0,
2015Kasim,1 Kasım 2015,54,Sakarya,HDP,9924,1.68,0,
2015Kasim,1 Kasım 2015,54,Sakarya,BBP,721,0.12,0,
2015Kasim,1 Kasım 2015,55,Samsun,AK Parti,501843,63.69,6,EVET
2015Kasim,1 Kasım 2015,55,Samsun,CHP,160950,20.43,2,
2015Kasim,1 Kasım 2015,55,Samsun,MHP,98426,12.49,1,
2015Kasim,1 Kasım 2015,55,Samsun,HDP,5025,0.64,0,
2015Kasim,1 Kasım 2015,55,Samsun,SP,7176,0.91,0,
2015Kasim,1 Kasım 2015,55,Samsun,BBP,2741,0.35,0,
2015Kasim,1 Kasım 2015,55,Samsun,DP,110,0.01,0,
2015Kasim,1 Kasım 2015,56,Siirt,HDP,81702,58.28,2,EVET
2015Kasim,1 Kasım 2015,56,Siirt,AK Parti,51409,36.67,1,
2015Kasim,1 Kasım 2015,56,Siirt,MHP,2104,1.5,0,
2015Kasim,1 Kasım 2015,56,Siirt,CHP,2314,1.65,0,
2015Kasim,1 Kasım 2015,56,Siirt,BBP,555,0.4,0,
2015Kasim,1 Kasım 2015,56,Siirt,SP,227,0.16,0,
2015Kasim,1 Kasım 2015,57,Sinop,AK Parti,71770,56.27,1,EVET
2015Kasim,1 Kasım 2015,57,Sinop,CHP,37953,29.76,1,
2015Kasim,1 Kasım 2015,57,Sinop,MHP,11090,8.69,0,
2015Kasim,1 Kasım 2015,57,Sinop,HAK-PAR,911,0.71,0,
2015Kasim,1 Kasım 2015,57,Sinop,HDP,1043,0.82,0,
2015Kasim,1 Kasım 2015,57,Sinop,SP,813,0.64,0,
2015Kasim,1 Kasım 2015,57,Sinop,HKP,32,0.03,0,
2015Kasim,1 Kasım 2015,58,Sivas,AK Parti,256886,68.69,4,EVET
2015Kasim,1 Kasım 2015,58,Sivas,MHP,44260,11.84,0,
2015Kasim,1 Kasım 2015,58,Sivas,CHP,55227,14.77,1,
2015Kasim,1 Kasım 2015,58,Sivas,BBP,7643,2.04,0,
2015Kasim,1 Kasım 2015,58,Sivas,SP,2967,0.79,0,
2015Kasim,1 Kasım 2015,58,Sivas,HDP,3388,0.91,0,
2015Kasim,1 Kasım 2015,58,Sivas,HAK-PAR,53,0.01,0,
2015Kasim,1 Kasım 2015,59,Tekirdağ,CHP,267409,45.67,3,EVET
2015Kasim,1 Kasım 2015,59,Tekirdağ,AK Parti,217582,37.16,3,
2015Kasim,1 Kasım 2015,59,Tekirdağ,MHP,60056,10.26,0,
2015Kasim,1 Kasım 2015,59,Tekirdağ,HAK-PAR,511,0.09,0,
2015Kasim,1 Kasım 2015,59,Tekirdağ,VATAN,905,0.15,0,
2015Kasim,1 Kasım 2015,59,Tekirdağ,HDP,25472,4.35,0,
2015Kasim,1 Kasım 2015,59,Tekirdağ,SP,1754,0.3,0,
2015Kasim,1 Kasım 2015,59,Tekirdağ,BBP,74,0.01,0,
2015Kasim,1 Kasım 2015,60,Tokat,AK Parti,212144,59.55,4,EVET
2015Kasim,1 Kasım 2015,60,Tokat,CHP,79087,22.2,1,
2015Kasim,1 Kasım 2015,60,Tokat,MHP,52973,14.87,0,
2015Kasim,1 Kasım 2015,60,Tokat,HDP,2581,0.72,0,
2015Kasim,1 Kasım 2015,60,Tokat,SP,3278,0.92,0,
2015Kasim,1 Kasım 2015,60,Tokat,BBP,644,0.18,0,
2015Kasim,1 Kasım 2015,60,Tokat,HKP,11,0.0,0,
2015Kasim,1 Kasım 2015,61,Trabzon,AK Parti,315194,66.81,5,EVET
2015Kasim,1 Kasım 2015,61,Trabzon,CHP,77242,16.37,1,
2015Kasim,1 Kasım 2015,61,Trabzon,MHP,61782,13.1,0,
2015Kasim,1 Kasım 2015,61,Trabzon,SP,6676,1.42,0,
2015Kasim,1 Kasım 2015,61,Trabzon,BTP,702,0.15,0,
2015Kasim,1 Kasım 2015,61,Trabzon,BBP,837,0.18,0,
2015Kasim,1 Kasım 2015,61,Trabzon,HDP,2422,0.51,0,
2015Kasim,1 Kasım 2015,61,Trabzon,HKP,37,0.01,0,
2015Kasim,1 Kasım 2015,62,Tunceli,HDP,27882,55.85,1,EVET
2015Kasim,1 Kasım 2015,62,Tunceli,CHP,14094,28.23,1,
2015Kasim,1 Kasım 2015,62,Tunceli,AK Parti,5837,11.69,0,
2015Kasim,1 Kasım 2015,62,Tunceli,MHP,1292,2.59,0,
2015Kasim,1 Kasım 2015,62,Tunceli,BBP,196,0.39,0,
2015Kasim,1 Kasım 2015,62,Tunceli,HKP,10,0.02,0,
2015Kasim,1 Kasım 2015,62,Tunceli,HAK-PAR,40,0.08,0,
2015Kasim,1 Kasım 2015,63,Şanlıurfa,AK Parti,519078,64.57,9,EVET
2015Kasim,1 Kasım 2015,63,Şanlıurfa,HDP,228807,28.46,3,
2015Kasim,1 Kasım 2015,63,Şanlıurfa,CHP,21686,2.7,0,
2015Kasim,1 Kasım 2015,63,Şanlıurfa,MHP,22086,2.75,0,
2015Kasim,1 Kasım 2015,63,Şanlıurfa,BBP,2096,0.26,0,
2015Kasim,1 Kasım 2015,63,Şanlıurfa,SP,1423,0.18,0,
2015Kasim,1 Kasım 2015,63,Şanlıurfa,KP,45,0.01,0,
2015Kasim,1 Kasım 2015,64,Uşak,AK Parti,105992,46.57,2,EVET
2015Kasim,1 Kasım 2015,64,Uşak,CHP,69188,30.4,1,
2015Kasim,1 Kasım 2015,64,Uşak,MHP,41364,18.18,0,
2015Kasim,1 Kasım 2015,64,Uşak,HAK-PAR,303,0.13,0,
2015Kasim,1 Kasım 2015,64,Uşak,SP,1552,0.68,0,
2015Kasim,1 Kasım 2015,64,Uşak,HDP,4013,1.76,0,
2015Kasim,1 Kasım 2015,64,Uşak,BBP,94,0.04,0,
2015Kasim,1 Kasım 2015,65,Van,HDP,310794,65.53,6,EVET
2015Kasim,1 Kasım 2015,65,Van,AK Parti,142436,30.03,2,
2015Kasim,1 Kasım 2015,65,Van,CHP,6946,1.46,0,
2015Kasim,1 Kasım 2015,65,Van,MHP,5417,1.14,0,
2015Kasim,1 Kasım 2015,65,Van,BBP,948,0.2,0,
2015Kasim,1 Kasım 2015,65,Van,SP,1677,0.35,0,
2015Kasim,1 Kasım 2015,66,Yozgat,AK Parti,157622,64.83,4,EVET
2015Kasim,1 Kasım 2015,66,Yozgat,Bağımsız,28665,11.79,0,
2015Kasim,1 Kasım 2015,66,Yozgat,CHP,17904,7.36,0,
2015Kasim,1 Kasım 2015,66,Yozgat,MHP,30374,12.49,0,
2015Kasim,1 Kasım 2015,66,Yozgat,SP,160,0.07,0,
2015Kasim,1 Kasım 2015,66,Yozgat,DYP,415,0.17,0,
2015Kasim,1 Kasım 2015,66,Yozgat,HDP,1202,0.49,0,
2015Kasim,1 Kasım 2015,66,Yozgat,BBP,859,0.35,0,
2015Kasim,1 Kasım 2015,67,Zonguldak,AK Parti,185261,49.35,3,EVET
2015Kasim,1 Kasım 2015,67,Zonguldak,CHP,136695,36.42,2,
2015Kasim,1 Kasım 2015,67,Zonguldak,MHP,35755,9.53,0,
2015Kasim,1 Kasım 2015,67,Zonguldak,SP,4534,1.21,0,
2015Kasim,1 Kasım 2015,67,Zonguldak,BBP,1969,0.52,0,
2015Kasim,1 Kasım 2015,67,Zonguldak,DSP,74,0.02,0,
2015Kasim,1 Kasım 2015,67,Zonguldak,HDP,2922,0.78,0,
2015Kasim,1 Kasım 2015,68,Aksaray,AK Parti,151423,71.62,3,EVET
2015Kasim,1 Kasım 2015,68,Aksaray,MHP,38256,18.09,0,
2015Kasim,1 Kasım 2015,68,Aksaray,CHP,15590,7.37,0,
2015Kasim,1 Kasım 2015,68,Aksaray,SP,273,0.13,0,
2015Kasim,1 Kasım 2015,68,Aksaray,BBP,1255,0.59,0,
2015Kasim,1 Kasım 2015,68,Aksaray,HAK-PAR,46,0.02,0,
2015Kasim,1 Kasım 2015,68,Aksaray,HDP,1650,0.78,0,
2015Kasim,1 Kasım 2015,69,Bayburt,AK Parti,32730,73.35,2,EVET
2015Kasim,1 Kasım 2015,69,Bayburt,MHP,9383,21.03,0,
2015Kasim,1 Kasım 2015,69,Bayburt,CHP,915,2.05,0,
2015Kasim,1 Kasım 2015,69,Bayburt,SP,636,1.43,0,
2015Kasim,1 Kasım 2015,69,Bayburt,HAK-PAR,21,0.05,0,
2015Kasim,1 Kasım 2015,69,Bayburt,HDP,259,0.58,0,
2015Kasim,1 Kasım 2015,70,Karaman,AK Parti,94321,64.61,2,EVET
2015Kasim,1 Kasım 2015,70,Karaman,CHP,22088,15.13,0,
2015Kasim,1 Kasım 2015,70,Karaman,MHP,23692,16.23,0,
2015Kasim,1 Kasım 2015,70,Karaman,VATAN,33,0.02,0,
2015Kasim,1 Kasım 2015,70,Karaman,BBP,257,0.18,0,
2015Kasim,1 Kasım 2015,70,Karaman,SP,1247,0.85,0,
2015Kasim,1 Kasım 2015,70,Karaman,HAK-PAR,210,0.14,0,
2015Kasim,1 Kasım 2015,70,Karaman,HDP,1201,0.82,0,
2015Kasim,1 Kasım 2015,71,Kırıkkale,AK Parti,102479,62.33,3,EVET
2015Kasim,1 Kasım 2015,71,Kırıkkale,CHP,22415,13.63,0,
2015Kasim,1 Kasım 2015,71,Kırıkkale,MHP,34305,20.86,0,
2015Kasim,1 Kasım 2015,71,Kırıkkale,HDP,1086,0.66,0,
2015Kasim,1 Kasım 2015,71,Kırıkkale,SP,1103,0.67,0,
2015Kasim,1 Kasım 2015,71,Kırıkkale,BBP,1255,0.76,0,
2015Kasim,1 Kasım 2015,71,Kırıkkale,HAK-PAR,16,0.01,0,
2015Kasim,1 Kasım 2015,72,Batman,HDP,177129,68.15,3,EVET
2015Kasim,1 Kasım 2015,72,Batman,AK Parti,73775,28.38,1,
2015Kasim,1 Kasım 2015,72,Batman,CHP,3101,1.19,0,
2015Kasim,1 Kasım 2015,72,Batman,MHP,1654,0.64,0,
2015Kasim,1 Kasım 2015,72,Batman,BBP,192,0.07,0,
2015Kasim,1 Kasım 2015,72,Batman,SP,1288,0.5,0,
2015Kasim,1 Kasım 2015,72,Batman,HKP,47,0.02,0,
2015Kasim,1 Kasım 2015,73,Şırnak,HDP,183320,85.53,4,EVET
2015Kasim,1 Kasım 2015,73,Şırnak,AK Parti,23822,11.11,0,
2015Kasim,1 Kasım 2015,73,Şırnak,CHP,2304,1.07,0,
2015Kasim,1 Kasım 2015,73,Şırnak,MHP,2660,1.24,0,
2015Kasim,1 Kasım 2015,73,Şırnak,BBP,215,0.1,0,
2015Kasim,1 Kasım 2015,73,Şırnak,HKP,437,0.2,0,
2015Kasim,1 Kasım 2015,74,Bartın,CHP,36208,30.18,1,
2015Kasim,1 Kasım 2015,74,Bartın,AK Parti,63965,53.31,1,EVET
2015Kasim,1 Kasım 2015,74,Bartın,MHP,12518,10.43,0,
2015Kasim,1 Kasım 2015,74,Bartın,SP,2388,1.99,0,
2015Kasim,1 Kasım 2015,74,Bartın,HDP,999,0.83,0,
2015Kasim,1 Kasım 2015,74,Bartın,HAK-PAR,253,0.21,0,
2015Kasim,1 Kasım 2015,75,Ardahan,AK Parti,19916,36.48,1,EVET
2015Kasim,1 Kasım 2015,75,Ardahan,CHP,15850,29.03,1,
2015Kasim,1 Kasım 2015,75,Ardahan,MHP,4857,8.9,0,
2015Kasim,1 Kasım 2015,75,Ardahan,HDP,12113,22.19,0,
2015Kasim,1 Kasım 2015,75,Ardahan,HKP,42,0.08,0,
2015Kasim,1 Kasım 2015,75,Ardahan,BBP,266,0.49,0,
2015Kasim,1 Kasım 2015,75,Ardahan,HAK-PAR,116,0.21,0,
2015Kasim,1 Kasım 2015,76,Iğdır,HDP,48975,52.64,1,EVET
2015Kasim,1 Kasım 2015,76,Iğdır,AK Parti,28816,30.97,1,
2015Kasim,1 Kasım 2015,76,Iğdır,MHP,11790,12.67,0,
2015Kasim,1 Kasım 2015,76,Iğdır,CHP,1620,1.74,0,
2015Kasim,1 Kasım 2015,76,Iğdır,BBP,51,0.05,0,
2015Kasim,1 Kasım 2015,76,Iğdır,HKP,455,0.49,0,
2015Kasim,1 Kasım 2015,77,Yalova,AK Parti,68818,49.1,1,EVET
2015Kasim,1 Kasım 2015,77,Yalova,CHP,44405,31.68,1,
2015Kasim,1 Kasım 2015,77,Yalova,MHP,13866,9.89,0,
2015Kasim,1 Kasım 2015,77,Yalova,HDP,9129,6.51,0,
2015Kasim,1 Kasım 2015,77,Yalova,SP,1115,0.8,0,
2015Kasim,1 Kasım 2015,77,Yalova,BBP,98,0.07,0,
2015Kasim,1 Kasım 2015,78,Karabük,AK Parti,86994,60.53,2,EVET
2015Kasim,1 Kasım 2015,78,Karabük,MHP,28396,19.76,0,
2015Kasim,1 Kasım 2015,78,Karabük,CHP,21911,15.25,0,
2015Kasim,1 Kasım 2015,78,Karabük,SP,1801,1.25,0,
2015Kasim,1 Kasım 2015,78,Karabük,BBP,58,0.04,0,
2015Kasim,1 Kasım 2015,78,Karabük,HDP,931,0.65,0,
2015Kasim,1 Kasım 2015,78,Karabük,HAK-PAR,214,0.15,0,
2015Kasim,1 Kasım 2015,79,Kilis,AK Parti,43941,65.59,2,EVET
2015Kasim,1 Kasım 2015,79,Kilis,MHP,12302,18.36,0,
2015Kasim,1 Kasım 2015,79,Kilis,CHP,8149,12.16,0,
2015Kasim,1 Kasım 2015,79,Kilis,HDP,1041,1.55,0,
2015Kasim,1 Kasım 2015,79,Kilis,BBP,306,0.46,0,
2015Kasim,1 Kasım 2015,79,Kilis,SP,69,0.1,0,
2015Kasim,1 Kasım 2015,80,Osmaniye,MHP,98178,34.58,2,
2015Kasim,1 Kasım 2015,80,Osmaniye,AK Parti,132713,46.75,2,EVET
2015Kasim,1 Kasım 2015,80,Osmaniye,CHP,38526,13.57,0,
2015Kasim,1 Kasım 2015,80,Osmaniye,HKP,47,0.02,0,
2015Kasim,1 Kasım 2015,80,Osmaniye,HAK-PAR,39,0.01,0,
2015Kasim,1 Kasım 2015,80,Osmaniye,HDP,7553,2.66,0,
2015Kasim,1 Kasım 2015,80,Osmaniye,SP,1031,0.36,0,
2015Kasim,1 Kasım 2015,80,Osmaniye,BBP,689,0.24,0,
2015Kasim,1 Kasım 2015,81,Düzce,AK Parti,159916,70.8,3,EVET
2015Kasim,1 Kasım 2015,81,Düzce,CHP,37005,16.38,0,
2015Kasim,1 Kasım 2015,81,Düzce,MHP,19009,8.42,0,
2015Kasim,1 Kasım 2015,81,Düzce,SP,2561,1.13,0,
2015Kasim,1 Kasım 2015,81,Düzce,BBP,179,0.08,0,
2015Kasim,1 Kasım 2015,81,Düzce,HDP,2527,1.12,0,
2015Kasim,1 Kasım 2015,81,Düzce,HAK-PAR,170,0.08,0,
2018,24 Haziran 2018,1,Adana,AK Parti,440540,34.17,5,EVET
2018,24 Haziran 2018,1,Adana,MHP,153060,11.87,2,
2018,24 Haziran 2018,1,Adana,İYİ Parti,159881,12.4,2,
2018,24 Haziran 2018,1,Adana,CHP,339339,26.32,4,
2018,24 Haziran 2018,1,Adana,SP,9678,0.75,0,
2018,24 Haziran 2018,1,Adana,HDP,172831,13.41,2,
2018,24 Haziran 2018,1,Adana,HÜDAPAR,2929,0.23,0,
2018,24 Haziran 2018,2,Adıyaman,AK Parti,185691,55.2,4,EVET
2018,24 Haziran 2018,2,Adıyaman,HDP,51641,15.35,0,
2018,24 Haziran 2018,2,Adıyaman,CHP,39947,11.88,1,
2018,24 Haziran 2018,2,Adıyaman,MHP,30882,9.18,0,
2018,24 Haziran 2018,2,Adıyaman,SP,5238,1.56,0,
2018,24 Haziran 2018,2,Adıyaman,İYİ Parti,17856,5.31,0,
2018,24 Haziran 2018,2,Adıyaman,HÜDAPAR,2520,0.75,0,
2018,24 Haziran 2018,3,Afyonkarahisar,AK Parti,248264,55.5,3,EVET
2018,24 Haziran 2018,3,Afyonkarahisar,CHP,64241,14.36,1,
2018,24 Haziran 2018,3,Afyonkarahisar,İYİ Parti,61123,13.66,1,
2018,24 Haziran 2018,3,Afyonkarahisar,MHP,63233,14.13,1,
2018,24 Haziran 2018,3,Afyonkarahisar,SP,3570,0.8,0,
2018,24 Haziran 2018,3,Afyonkarahisar,HDP,3382,0.76,0,
2018,24 Haziran 2018,4,Ağrı,HDP,142683,63.62,3,EVET
2018,24 Haziran 2018,4,Ağrı,AK Parti,63032,28.11,1,
2018,24 Haziran 2018,4,Ağrı,MHP,5244,2.34,0,
2018,24 Haziran 2018,4,Ağrı,İYİ Parti,3553,1.58,0,
2018,24 Haziran 2018,4,Ağrı,CHP,5496,2.45,0,
2018,24 Haziran 2018,4,Ağrı,SP,1047,0.47,0,
2018,24 Haziran 2018,4,Ağrı,HÜDAPAR,873,0.39,0,
2018,24 Haziran 2018,5,Amasya,AK Parti,103401,46.84,2,EVET
2018,24 Haziran 2018,5,Amasya,CHP,55100,24.96,1,
2018,24 Haziran 2018,5,Amasya,MHP,27693,12.55,0,
2018,24 Haziran 2018,5,Amasya,İYİ Parti,27278,12.36,0,
2018,24 Haziran 2018,5,Amasya,HDP,3982,1.8,0,
2018,24 Haziran 2018,5,Amasya,SP,2225,1.01,0,
2018,24 Haziran 2018,6,Ankara,CHP,906435,26.35,10,
2018,24 Haziran 2018,6,Ankara,AK Parti,1379020,40.08,15,EVET
2018,24 Haziran 2018,6,Ankara,İYİ Parti,424928,12.35,5,
2018,24 Haziran 2018,6,Ankara,HDP,208792,6.07,1,
2018,24 Haziran 2018,6,Ankara,MHP,456434,13.27,5,
2018,24 Haziran 2018,6,Ankara,SP,51643,1.5,0,
2018,24 Haziran 2018,7,Antalya,AK Parti,494530,34.44,6,EVET
2018,24 Haziran 2018,7,Antalya,CHP,423783,29.51,5,
2018,24 Haziran 2018,7,Antalya,İYİ Parti,248494,17.31,3,
2018,24 Haziran 2018,7,Antalya,MHP,146216,10.18,1,
2018,24 Haziran 2018,7,Antalya,HDP,100782,7.02,1,
2018,24 Haziran 2018,7,Antalya,SP,3040,0.21,0,
2018,24 Haziran 2018,8,Artvin,AK Parti,44975,40.16,1,EVET
2018,24 Haziran 2018,8,Artvin,CHP,36358,32.47,1,
2018,24 Haziran 2018,8,Artvin,MHP,11496,10.27,0,
2018,24 Haziran 2018,8,Artvin,İYİ Parti,11685,10.43,0,
2018,24 Haziran 2018,8,Artvin,HDP,5076,4.53,0,
2018,24 Haziran 2018,8,Artvin,SP,1452,1.3,0,
2018,24 Haziran 2018,9,Aydın,CHP,244459,34.45,3,EVET
2018,24 Haziran 2018,9,Aydın,AK Parti,226369,31.9,4,
2018,24 Haziran 2018,9,Aydın,HDP,64644,9.11,0,
2018,24 Haziran 2018,9,Aydın,İYİ Parti,107254,15.12,1,
2018,24 Haziran 2018,9,Aydın,MHP,57452,8.1,0,
2018,24 Haziran 2018,9,Aydın,SP,325,0.05,0,
2018,24 Haziran 2018,10,Balıkesir,CHP,257957,30.76,3,
2018,24 Haziran 2018,10,Balıkesir,AK Parti,344499,41.08,5,EVET
2018,24 Haziran 2018,10,Balıkesir,İYİ Parti,126162,15.04,1,
2018,24 Haziran 2018,10,Balıkesir,MHP,63300,7.55,0,
2018,24 Haziran 2018,10,Balıkesir,HDP,32275,3.85,0,
2018,24 Haziran 2018,10,Balıkesir,SP,7373,0.88,0,
2018,24 Haziran 2018,11,Bilecik,AK Parti,59063,43.04,1,EVET
2018,24 Haziran 2018,11,Bilecik,CHP,39070,28.47,1,
2018,24 Haziran 2018,11,Bilecik,MHP,12873,9.38,0,
2018,24 Haziran 2018,11,Bilecik,İYİ Parti,19788,14.42,0,
2018,24 Haziran 2018,11,Bilecik,HDP,4040,2.94,0,
2018,24 Haziran 2018,11,Bilecik,SP,952,0.69,0,
2018,24 Haziran 2018,12,Bingöl,AK Parti,77773,55.39,2,EVET
2018,24 Haziran 2018,12,Bingöl,HDP,38050,27.1,1,
2018,24 Haziran 2018,12,Bingöl,MHP,8154,5.81,0,
2018,24 Haziran 2018,12,Bingöl,İYİ Parti,5733,4.08,0,
2018,24 Haziran 2018,12,Bingöl,CHP,2540,1.81,0,
2018,24 Haziran 2018,12,Bingöl,SP,1336,0.95,0,
2018,24 Haziran 2018,12,Bingöl,HÜDAPAR,6217,4.43,0,
2018,24 Haziran 2018,13,Bitlis,AK Parti,71151,44.6,2,EVET
2018,24 Haziran 2018,13,Bitlis,HDP,69110,43.32,1,
2018,24 Haziran 2018,13,Bitlis,MHP,6320,3.96,0,
2018,24 Haziran 2018,13,Bitlis,CHP,3618,2.27,0,
2018,24 Haziran 2018,13,Bitlis,İYİ Parti,5197,3.26,0,
2018,24 Haziran 2018,13,Bitlis,SP,1432,0.9,0,
2018,24 Haziran 2018,13,Bitlis,HÜDAPAR,1432,0.9,0,
2018,24 Haziran 2018,14,Bolu,AK Parti,101969,52.14,2,EVET
2018,24 Haziran 2018,14,Bolu,MHP,29638,15.15,0,
2018,24 Haziran 2018,14,Bolu,CHP,39879,20.39,1,
2018,24 Haziran 2018,14,Bolu,İYİ Parti,16990,8.69,0,
2018,24 Haziran 2018,14,Bolu,SP,2990,1.53,0,
2018,24 Haziran 2018,14,Bolu,HDP,3140,1.61,0,
2018,24 Haziran 2018,15,Burdur,AK Parti,73382,42.88,2,EVET
2018,24 Haziran 2018,15,Burdur,İYİ Parti,34940,20.42,0,
2018,24 Haziran 2018,15,Burdur,CHP,34749,20.31,1,
2018,24 Haziran 2018,15,Burdur,MHP,21635,12.64,0,
2018,24 Haziran 2018,15,Burdur,SP,2629,1.54,0,
2018,24 Haziran 2018,15,Burdur,HDP,2468,1.44,0,
2018,24 Haziran 2018,15,Burdur,VATAN,124,0.07,0,
2018,24 Haziran 2018,16,Bursa,AK Parti,871202,46.01,11,EVET
2018,24 Haziran 2018,16,Bursa,CHP,432987,22.87,5,
2018,24 Haziran 2018,16,Bursa,MHP,204766,10.81,2,
2018,24 Haziran 2018,16,Bursa,İYİ Parti,240641,12.71,2,
2018,24 Haziran 2018,16,Bursa,HDP,100881,5.33,0,
2018,24 Haziran 2018,16,Bursa,SP,33046,1.75,0,
2018,24 Haziran 2018,17,Çanakkale,AK Parti,133986,36.93,2,EVET
2018,24 Haziran 2018,17,Çanakkale,CHP,124504,34.31,2,
2018,24 Haziran 2018,17,Çanakkale,İYİ Parti,62261,17.16,0,
2018,24 Haziran 2018,17,Çanakkale,MHP,25038,6.9,0,
2018,24 Haziran 2018,17,Çanakkale,HDP,12069,3.33,0,
2018,24 Haziran 2018,17,Çanakkale,SP,430,0.12,0,
2018,24 Haziran 2018,18,Çankırı,AK Parti,68682,59.44,2,EVET
2018,24 Haziran 2018,18,Çankırı,İYİ Parti,13998,12.11,0,
2018,24 Haziran 2018,18,Çankırı,MHP,23088,19.98,0,
2018,24 Haziran 2018,18,Çankırı,CHP,7347,6.36,0,
2018,24 Haziran 2018,18,Çankırı,SP,1116,0.97,0,
2018,24 Haziran 2018,18,Çankırı,HDP,702,0.61,0,
2018,24 Haziran 2018,19,Çorum,AK Parti,181338,52.08,3,EVET
2018,24 Haziran 2018,19,Çorum,CHP,71031,20.4,1,
2018,24 Haziran 2018,19,Çorum,MHP,49524,14.22,0,
2018,24 Haziran 2018,19,Çorum,İYİ Parti,29778,8.55,0,
2018,24 Haziran 2018,19,Çorum,HDP,11230,3.23,0,
2018,24 Haziran 2018,19,Çorum,SP,2745,0.79,0,
2018,24 Haziran 2018,20,Denizli,AK Parti,268289,40.41,4,EVET
2018,24 Haziran 2018,20,Denizli,CHP,188363,28.37,3,
2018,24 Haziran 2018,20,Denizli,İYİ Parti,111881,16.85,1,
2018,24 Haziran 2018,20,Denizli,MHP,61458,9.26,0,
2018,24 Haziran 2018,20,Denizli,HDP,24029,3.62,0,
2018,24 Haziran 2018,20,Denizli,VATAN,51,0.01,0,
2018,24 Haziran 2018,20,Denizli,SP,51,0.01,0,
2018,24 Haziran 2018,21,Diyarbakır,HDP,554172,67.07,9,EVET
2018,24 Haziran 2018,21,Diyarbakır,AK Parti,169529,20.52,3,
2018,24 Haziran 2018,21,Diyarbakır,Bağımsız,37676,4.56,0,
2018,24 Haziran 2018,21,Diyarbakır,CHP,16765,2.03,0,
2018,24 Haziran 2018,21,Diyarbakır,İYİ Parti,22824,2.76,0,
2018,24 Haziran 2018,21,Diyarbakır,MHP,9932,1.2,0,
2018,24 Haziran 2018,21,Diyarbakır,SP,13089,1.58,0,
2018,24 Haziran 2018,22,Edirne,CHP,124003,46.26,2,EVET
2018,24 Haziran 2018,22,Edirne,AK Parti,74688,27.86,1,
2018,24 Haziran 2018,22,Edirne,İYİ Parti,42878,15.99,1,
2018,24 Haziran 2018,22,Edirne,MHP,13293,4.96,0,
2018,24 Haziran 2018,22,Edirne,HDP,8744,3.26,0,
2018,24 Haziran 2018,22,Edirne,SP,1783,0.67,0,
2018,24 Haziran 2018,23,Elazığ,AK Parti,186167,54.62,4,EVET
2018,24 Haziran 2018,23,Elazığ,HDP,33633,9.87,0,
2018,24 Haziran 2018,23,Elazığ,MHP,46713,13.71,0,
2018,24 Haziran 2018,23,Elazığ,CHP,35878,10.53,1,
2018,24 Haziran 2018,23,Elazığ,İYİ Parti,26560,7.79,0,
2018,24 Haziran 2018,23,Elazığ,HÜDAPAR,5139,1.51,0,
2018,24 Haziran 2018,23,Elazığ,SP,6070,1.78,0,
2018,24 Haziran 2018,24,Erzincan,AK Parti,64158,44.54,2,EVET
2018,24 Haziran 2018,24,Erzincan,CHP,37073,25.74,0,
2018,24 Haziran 2018,24,Erzincan,MHP,27295,18.95,0,
2018,24 Haziran 2018,24,Erzincan,HDP,7615,5.29,0,
2018,24 Haziran 2018,24,Erzincan,İYİ Parti,6013,4.17,0,
2018,24 Haziran 2018,24,Erzincan,SP,1412,0.98,0,
2018,24 Haziran 2018,25,Erzurum,AK Parti,232168,54.91,4,EVET
2018,24 Haziran 2018,25,Erzurum,MHP,79731,18.86,1,
2018,24 Haziran 2018,25,Erzurum,İYİ Parti,34974,8.27,1,
2018,24 Haziran 2018,25,Erzurum,CHP,16956,4.01,0,
2018,24 Haziran 2018,25,Erzurum,SP,7134,1.69,0,
2018,24 Haziran 2018,25,Erzurum,HDP,49885,11.8,0,
2018,24 Haziran 2018,26,Eskişehir,AK Parti,216516,38.38,3,EVET
2018,24 Haziran 2018,26,Eskişehir,CHP,184576,32.72,2,
2018,24 Haziran 2018,26,Eskişehir,MHP,56348,9.99,1,
2018,24 Haziran 2018,26,Eskişehir,İYİ Parti,76077,13.49,1,
2018,24 Haziran 2018,26,Eskişehir,HDP,21797,3.86,0,
2018,24 Haziran 2018,26,Eskişehir,SP,5884,1.04,0,
2018,24 Haziran 2018,27,Gaziantep,AK Parti,524405,51.44,8,EVET
2018,24 Haziran 2018,27,Gaziantep,HDP,119393,11.71,1,
2018,24 Haziran 2018,27,Gaziantep,MHP,130674,12.82,2,
2018,24 Haziran 2018,27,Gaziantep,CHP,153165,15.02,2,
2018,24 Haziran 2018,27,Gaziantep,İYİ Parti,68901,6.76,1,
2018,24 Haziran 2018,27,Gaziantep,SP,12203,1.2,0,
2018,24 Haziran 2018,27,Gaziantep,HÜDAPAR,5604,0.55,0,
2018,24 Haziran 2018,28,Giresun,AK Parti,151916,53.71,3,EVET
2018,24 Haziran 2018,28,Giresun,CHP,50285,17.78,1,
2018,24 Haziran 2018,28,Giresun,İYİ Parti,41642,14.72,0,
2018,24 Haziran 2018,28,Giresun,MHP,30855,10.91,0,
2018,24 Haziran 2018,28,Giresun,SP,3184,1.13,0,
2018,24 Haziran 2018,28,Giresun,HDP,2983,1.05,0,
2018,24 Haziran 2018,29,Gümüşhane,AK Parti,44961,57.02,2,EVET
2018,24 Haziran 2018,29,Gümüşhane,MHP,16516,20.94,0,
2018,24 Haziran 2018,29,Gümüşhane,İYİ Parti,9119,11.56,0,
2018,24 Haziran 2018,29,Gümüşhane,CHP,5624,7.13,0,
2018,24 Haziran 2018,29,Gümüşhane,SP,1586,2.01,0,
2018,24 Haziran 2018,29,Gümüşhane,HDP,654,0.83,0,
2018,24 Haziran 2018,30,Hakkari,HDP,97337,71.8,2,EVET
2018,24 Haziran 2018,30,Hakkari,AK Parti,25877,19.09,1,
2018,24 Haziran 2018,30,Hakkari,MHP,4831,3.56,0,
2018,24 Haziran 2018,30,Hakkari,CHP,4088,3.02,0,
2018,24 Haziran 2018,30,Hakkari,İYİ Parti,1656,1.22,0,
2018,24 Haziran 2018,31,Hatay,AK Parti,325525,35.72,5,EVET
2018,24 Haziran 2018,31,Hatay,MHP,133407,14.64,1,
2018,24 Haziran 2018,31,Hatay,CHP,282429,30.99,4,
2018,24 Haziran 2018,31,Hatay,İYİ Parti,60237,6.61,0,
2018,24 Haziran 2018,31,Hatay,HDP,98645,10.82,1,
2018,24 Haziran 2018,31,Hatay,SP,5419,0.59,0,
2018,24 Haziran 2018,32,Isparta,AK Parti,129357,47.63,3,EVET
2018,24 Haziran 2018,32,Isparta,İYİ Parti,51168,18.84,1,
2018,24 Haziran 2018,32,Isparta,CHP,44731,16.47,0,
2018,24 Haziran 2018,32,Isparta,MHP,36093,13.29,0,
2018,24 Haziran 2018,32,Isparta,HDP,4503,1.66,0,
2018,24 Haziran 2018,32,Isparta,SP,3882,1.43,0,
2018,24 Haziran 2018,32,Isparta,VATAN,49,0.02,0,
2018,24 Haziran 2018,33,Mersin,AK Parti,307858,27.92,4,EVET
2018,24 Haziran 2018,33,Mersin,MHP,142295,12.91,2,
2018,24 Haziran 2018,33,Mersin,İYİ Parti,152763,13.86,2,
2018,24 Haziran 2018,33,Mersin,CHP,298172,27.04,3,
2018,24 Haziran 2018,33,Mersin,HDP,186663,16.93,2,
2018,24 Haziran 2018,33,Mersin,SP,1453,0.13,0,
2018,24 Haziran 2018,34,İstanbul,AK Parti,3882775,42.41,43,EVET
2018,24 Haziran 2018,34,İstanbul,HDP,1146449,12.52,12,
2018,24 Haziran 2018,34,İstanbul,MHP,757238,8.27,8,
2018,24 Haziran 2018,34,İstanbul,CHP,2448244,26.74,27,
2018,24 Haziran 2018,34,İstanbul,İYİ Parti,743920,8.13,8,
2018,24 Haziran 2018,34,İstanbul,SP,126260,1.38,0,
2018,24 Haziran 2018,35,İzmir,CHP,1188826,42.04,14,EVET
2018,24 Haziran 2018,35,İzmir,AK Parti,791283,27.98,8,
2018,24 Haziran 2018,35,İzmir,HDP,319815,11.31,2,
2018,24 Haziran 2018,35,İzmir,İYİ Parti,313546,11.09,2,
2018,24 Haziran 2018,35,İzmir,MHP,176299,6.23,2,
2018,24 Haziran 2018,35,İzmir,SP,2126,0.08,0,
2018,24 Haziran 2018,36,Kars,AK Parti,53620,37.48,2,EVET
2018,24 Haziran 2018,36,Kars,CHP,20346,14.22,0,
2018,24 Haziran 2018,36,Kars,İYİ Parti,10674,7.46,0,
2018,24 Haziran 2018,36,Kars,HDP,46285,32.36,1,
2018,24 Haziran 2018,36,Kars,MHP,10309,7.21,0,
2018,24 Haziran 2018,36,Kars,SP,356,0.25,0,
2018,24 Haziran 2018,37,Kastamonu,AK Parti,126395,52.25,2,EVET
2018,24 Haziran 2018,37,Kastamonu,CHP,37463,15.49,1,
2018,24 Haziran 2018,37,Kastamonu,MHP,49472,20.45,0,
2018,24 Haziran 2018,37,Kastamonu,İYİ Parti,22948,9.49,0,
2018,24 Haziran 2018,37,Kastamonu,SP,966,0.4,0,
2018,24 Haziran 2018,37,Kastamonu,VATAN,71,0.03,0,
2018,24 Haziran 2018,37,Kastamonu,HDP,1524,0.63,0,
2018,24 Haziran 2018,38,Kayseri,AK Parti,429421,50.6,6,EVET
2018,24 Haziran 2018,38,Kayseri,CHP,103603,12.21,1,
2018,24 Haziran 2018,38,Kayseri,İYİ Parti,95270,11.23,1,
2018,24 Haziran 2018,38,Kayseri,MHP,185831,21.9,2,
2018,24 Haziran 2018,38,Kayseri,SP,14836,1.75,0,
2018,24 Haziran 2018,38,Kayseri,HDP,16193,1.91,0,
2018,24 Haziran 2018,39,Kırklareli,CHP,116842,48.41,2,EVET
2018,24 Haziran 2018,39,Kırklareli,AK Parti,63019,26.11,1,
2018,24 Haziran 2018,39,Kırklareli,İYİ Parti,40301,16.7,0,
2018,24 Haziran 2018,39,Kırklareli,MHP,11526,4.78,0,
2018,24 Haziran 2018,39,Kırklareli,HDP,7123,2.95,0,
2018,24 Haziran 2018,39,Kırklareli,VATAN,20,0.01,0,
2018,24 Haziran 2018,40,Kırşehir,AK Parti,57230,40.91,1,EVET
2018,24 Haziran 2018,40,Kırşehir,MHP,24071,17.21,0,
2018,24 Haziran 2018,40,Kırşehir,CHP,36092,25.8,1,
2018,24 Haziran 2018,40,Kırşehir,İYİ Parti,14427,10.31,0,
2018,24 Haziran 2018,40,Kırşehir,SP,1060,0.76,0,
2018,24 Haziran 2018,40,Kırşehir,HDP,6029,4.31,0,
2018,24 Haziran 2018,41,Kocaeli,AK Parti,566482,48.18,7,EVET
2018,24 Haziran 2018,41,Kocaeli,CHP,237366,20.19,3,
2018,24 Haziran 2018,41,Kocaeli,MHP,134792,11.47,1,
2018,24 Haziran 2018,41,Kocaeli,HDP,82860,7.05,1,
2018,24 Haziran 2018,41,Kocaeli,İYİ Parti,123644,10.52,1,
2018,24 Haziran 2018,41,Kocaeli,SP,26161,2.23,0,
2018,24 Haziran 2018,42,Konya,AK Parti,783116,59.65,10,EVET
2018,24 Haziran 2018,42,Konya,MHP,206466,15.73,2,
2018,24 Haziran 2018,42,Konya,İYİ Parti,119710,9.12,1,
2018,24 Haziran 2018,42,Konya,CHP,123746,9.43,2,
2018,24 Haziran 2018,42,Konya,SP,31282,2.38,0,
2018,24 Haziran 2018,42,Konya,HDP,43228,3.29,0,
2018,24 Haziran 2018,43,Kütahya,AK Parti,207307,54.92,3,EVET
2018,24 Haziran 2018,43,Kütahya,MHP,70911,18.79,1,
2018,24 Haziran 2018,43,Kütahya,İYİ Parti,40808,10.81,0,
2018,24 Haziran 2018,43,Kütahya,CHP,47175,12.5,1,
2018,24 Haziran 2018,43,Kütahya,SP,6497,1.72,0,
2018,24 Haziran 2018,43,Kütahya,HDP,2678,0.71,0,
2018,24 Haziran 2018,44,Malatya,AK Parti,258166,53.93,4,EVET
2018,24 Haziran 2018,44,Malatya,MHP,78401,16.38,1,
2018,24 Haziran 2018,44,Malatya,CHP,80020,16.72,1,
2018,24 Haziran 2018,44,Malatya,İYİ Parti,20456,4.27,0,
2018,24 Haziran 2018,44,Malatya,SP,7047,1.47,0,
2018,24 Haziran 2018,44,Malatya,HDP,32081,6.7,0,
2018,24 Haziran 2018,45,Manisa,AK Parti,370178,39.8,5,EVET
2018,24 Haziran 2018,45,Manisa,CHP,247465,26.6,3,
2018,24 Haziran 2018,45,Manisa,İYİ Parti,128843,13.85,1,
2018,24 Haziran 2018,45,Manisa,MHP,107505,11.56,1,
2018,24 Haziran 2018,45,Manisa,HDP,62198,6.69,0,
2018,24 Haziran 2018,45,Manisa,SP,3889,0.42,0,
2018,24 Haziran 2018,46,Kahramanmaraş,AK Parti,380706,58.68,6,EVET
2018,24 Haziran 2018,46,Kahramanmaraş,İYİ Parti,63681,9.82,0,
2018,24 Haziran 2018,46,Kahramanmaraş,CHP,61782,9.52,1,
2018,24 Haziran 2018,46,Kahramanmaraş,MHP,107607,16.59,1,
2018,24 Haziran 2018,46,Kahramanmaraş,HDP,22252,3.43,0,
2018,24 Haziran 2018,46,Kahramanmaraş,HÜDAPAR,145,0.02,0,
2018,24 Haziran 2018,46,Kahramanmaraş,SP,9547,1.47,0,
2018,24 Haziran 2018,47,Mardin,AK Parti,114683,29.77,2,
2018,24 Haziran 2018,47,Mardin,HDP,233657,60.65,4,EVET
2018,24 Haziran 2018,47,Mardin,MHP,9474,2.46,0,
2018,24 Haziran 2018,47,Mardin,CHP,11035,2.86,0,
2018,24 Haziran 2018,47,Mardin,HÜDAPAR,8202,2.13,0,
2018,24 Haziran 2018,47,Mardin,İYİ Parti,4000,1.04,0,
2018,24 Haziran 2018,47,Mardin,SP,1667,0.43,0,
2018,24 Haziran 2018,48,Muğla,CHP,261387,41.58,4,EVET
2018,24 Haziran 2018,48,Muğla,AK Parti,172610,27.46,2,
2018,24 Haziran 2018,48,Muğla,İYİ Parti,106074,16.87,1,
2018,24 Haziran 2018,48,Muğla,HDP,40278,6.41,0,
2018,24 Haziran 2018,48,Muğla,MHP,40474,6.44,0,
2018,24 Haziran 2018,49,Muş,HDP,101744,55.59,3,EVET
2018,24 Haziran 2018,49,Muş,CHP,3661,2.0,0,
2018,24 Haziran 2018,49,Muş,AK Parti,58265,31.83,1,
2018,24 Haziran 2018,49,Muş,İYİ Parti,7935,4.34,0,
2018,24 Haziran 2018,49,Muş,MHP,6593,3.6,0,
2018,24 Haziran 2018,49,Muş,HÜDAPAR,2463,1.35,0,
2018,24 Haziran 2018,49,Muş,SP,1109,0.61,0,
2018,24 Haziran 2018,50,Nevşehir,AK Parti,98583,53.18,2,EVET
2018,24 Haziran 2018,50,Nevşehir,CHP,30686,16.55,1,
2018,24 Haziran 2018,50,Nevşehir,MHP,33658,18.16,0,
2018,24 Haziran 2018,50,Nevşehir,İYİ Parti,16960,9.15,0,
2018,24 Haziran 2018,50,Nevşehir,HDP,2335,1.26,0,
2018,24 Haziran 2018,50,Nevşehir,SP,1790,0.97,0,
2018,24 Haziran 2018,51,Niğde,AK Parti,89919,43.59,2,EVET
2018,24 Haziran 2018,51,Niğde,MHP,43619,21.14,0,
2018,24 Haziran 2018,51,Niğde,CHP,41840,20.28,1,
2018,24 Haziran 2018,51,Niğde,İYİ Parti,24931,12.09,0,
2018,24 Haziran 2018,51,Niğde,HDP,2424,1.18,0,
2018,24 Haziran 2018,51,Niğde,SP,1826,0.89,0,
2018,24 Haziran 2018,52,Ordu,AK Parti,228861,48.68,3,EVET
2018,24 Haziran 2018,52,Ordu,CHP,107653,22.9,2,
2018,24 Haziran 2018,52,Ordu,MHP,80514,17.13,1,
2018,24 Haziran 2018,52,Ordu,İYİ Parti,40443,8.6,0,
2018,24 Haziran 2018,52,Ordu,HDP,4269,0.91,0,
2018,24 Haziran 2018,52,Ordu,SP,4420,0.94,0,
2018,24 Haziran 2018,53,Rize,AK Parti,141928,65.25,3,EVET
2018,24 Haziran 2018,53,Rize,CHP,28039,12.89,0,
2018,24 Haziran 2018,53,Rize,MHP,27292,12.55,0,
2018,24 Haziran 2018,53,Rize,İYİ Parti,13206,6.07,0,
2018,24 Haziran 2018,53,Rize,HDP,2048,0.94,0,
2018,24 Haziran 2018,53,Rize,SP,4003,1.84,0,
2018,24 Haziran 2018,54,Sakarya,AK Parti,365372,58.38,4,EVET
2018,24 Haziran 2018,54,Sakarya,MHP,86470,13.82,1,
2018,24 Haziran 2018,54,Sakarya,CHP,85046,13.59,1,
2018,24 Haziran 2018,54,Sakarya,İYİ Parti,59801,9.55,1,
2018,24 Haziran 2018,54,Sakarya,HDP,14048,2.24,0,
2018,24 Haziran 2018,54,Sakarya,SP,13093,2.09,0,
2018,24 Haziran 2018,55,Samsun,AK Parti,430279,51.98,5,EVET
2018,24 Haziran 2018,55,Samsun,CHP,142905,17.26,2,
2018,24 Haziran 2018,55,Samsun,MHP,136427,16.48,1,
2018,24 Haziran 2018,55,Samsun,İYİ Parti,91779,11.09,1,
2018,24 Haziran 2018,55,Samsun,HDP,10645,1.29,0,
2018,24 Haziran 2018,55,Samsun,SP,11615,1.4,0,
2018,24 Haziran 2018,56,Siirt,HDP,76225,52.11,2,EVET
2018,24 Haziran 2018,56,Siirt,AK Parti,56417,38.57,1,
2018,24 Haziran 2018,56,Siirt,MHP,4951,3.38,0,
2018,24 Haziran 2018,56,Siirt,CHP,3037,2.08,0,
2018,24 Haziran 2018,56,Siirt,İYİ Parti,2216,1.52,0,
2018,24 Haziran 2018,56,Siirt,SP,1001,0.68,0,
2018,24 Haziran 2018,56,Siirt,HÜDAPAR,1401,0.96,0,
2018,24 Haziran 2018,57,Sinop,AK Parti,74918,55.38,1,EVET
2018,24 Haziran 2018,57,Sinop,CHP,33045,24.43,1,
2018,24 Haziran 2018,57,Sinop,İYİ Parti,12782,9.45,0,
2018,24 Haziran 2018,57,Sinop,MHP,9728,7.19,0,
2018,24 Haziran 2018,57,Sinop,HDP,2065,1.53,0,
2018,24 Haziran 2018,57,Sinop,SP,1376,1.02,0,
2018,24 Haziran 2018,57,Sinop,VATAN,65,0.05,0,
2018,24 Haziran 2018,58,Sivas,CHP,60163,15.15,1,
2018,24 Haziran 2018,58,Sivas,AK Parti,217215,54.71,3,EVET
2018,24 Haziran 2018,58,Sivas,HDP,6863,1.73,0,
2018,24 Haziran 2018,58,Sivas,MHP,76787,19.34,1,
2018,24 Haziran 2018,58,Sivas,İYİ Parti,27489,6.92,0,
2018,24 Haziran 2018,58,Sivas,SP,6833,1.72,0,
2018,24 Haziran 2018,59,Tekirdağ,CHP,250166,38.82,3,EVET
2018,24 Haziran 2018,59,Tekirdağ,AK Parti,220408,34.2,3,
2018,24 Haziran 2018,59,Tekirdağ,İYİ Parti,77214,11.98,1,
2018,24 Haziran 2018,59,Tekirdağ,MHP,48657,7.55,0,
2018,24 Haziran 2018,59,Tekirdağ,HDP,40274,6.25,0,
2018,24 Haziran 2018,60,Tokat,AK Parti,186939,49.85,3,EVET
2018,24 Haziran 2018,60,Tokat,CHP,77812,20.75,1,
2018,24 Haziran 2018,60,Tokat,MHP,62460,16.66,1,
2018,24 Haziran 2018,60,Tokat,HDP,5999,1.6,0,
2018,24 Haziran 2018,60,Tokat,İYİ Parti,35649,9.51,0,
2018,24 Haziran 2018,60,Tokat,SP,4268,1.14,0,
2018,24 Haziran 2018,61,Trabzon,AK Parti,279328,56.11,4,EVET
2018,24 Haziran 2018,61,Trabzon,MHP,68189,13.7,0,
2018,24 Haziran 2018,61,Trabzon,CHP,74920,15.05,1,
2018,24 Haziran 2018,61,Trabzon,İYİ Parti,56701,11.39,1,
2018,24 Haziran 2018,61,Trabzon,SP,12591,2.53,0,
2018,24 Haziran 2018,61,Trabzon,HDP,4273,0.86,0,
2018,24 Haziran 2018,62,Tunceli,HDP,28219,52.07,1,EVET
2018,24 Haziran 2018,62,Tunceli,CHP,14406,26.58,1,
2018,24 Haziran 2018,62,Tunceli,AK Parti,7348,13.56,0,
2018,24 Haziran 2018,62,Tunceli,MHP,3069,5.66,0,
2018,24 Haziran 2018,62,Tunceli,İYİ Parti,852,1.57,0,
2018,24 Haziran 2018,63,Şanlıurfa,AK Parti,444729,52.7,8,EVET
2018,24 Haziran 2018,63,Şanlıurfa,HDP,247256,29.3,4,
2018,24 Haziran 2018,63,Şanlıurfa,MHP,78717,9.33,1,
2018,24 Haziran 2018,63,Şanlıurfa,CHP,29153,3.45,1,
2018,24 Haziran 2018,63,Şanlıurfa,İYİ Parti,15116,1.79,0,
2018,24 Haziran 2018,63,Şanlıurfa,SP,8404,1.0,0,
2018,24 Haziran 2018,63,Şanlıurfa,HÜDAPAR,13358,1.58,0,
2018,24 Haziran 2018,64,Uşak,AK Parti,102003,43.22,2,EVET
2018,24 Haziran 2018,64,Uşak,CHP,67428,28.57,1,
2018,24 Haziran 2018,64,Uşak,İYİ Parti,30688,13.0,0,
2018,24 Haziran 2018,64,Uşak,MHP,25082,10.63,0,
2018,24 Haziran 2018,64,Uşak,HDP,6195,2.62,0,
2018,24 Haziran 2018,64,Uşak,SP,2764,1.17,0,
2018,24 Haziran 2018,65,Van,HDP,310273,60.62,5,EVET
2018,24 Haziran 2018,65,Van,AK Parti,159468,31.15,3,
2018,24 Haziran 2018,65,Van,CHP,11101,2.17,0,
2018,24 Haziran 2018,65,Van,MHP,14976,2.93,0,
2018,24 Haziran 2018,65,Van,SP,732,0.14,0,
2018,24 Haziran 2018,65,Van,İYİ Parti,6078,1.19,0,
2018,24 Haziran 2018,65,Van,HÜDAPAR,3333,0.65,0,
2018,24 Haziran 2018,66,Yozgat,AK Parti,134237,53.44,2,EVET
2018,24 Haziran 2018,66,Yozgat,MHP,63403,25.24,1,
2018,24 Haziran 2018,66,Yozgat,CHP,28757,11.45,1,
2018,24 Haziran 2018,66,Yozgat,İYİ Parti,18847,7.5,0,
2018,24 Haziran 2018,66,Yozgat,HDP,2100,0.84,0,
2018,24 Haziran 2018,66,Yozgat,SP,2399,0.96,0,
2018,24 Haziran 2018,67,Zonguldak,AK Parti,172946,45.8,3,EVET
2018,24 Haziran 2018,67,Zonguldak,CHP,117724,31.17,2,
2018,24 Haziran 2018,67,Zonguldak,MHP,41379,10.96,0,
2018,24 Haziran 2018,67,Zonguldak,İYİ Parti,29915,7.92,0,
2018,24 Haziran 2018,67,Zonguldak,SP,6778,1.79,0,
2018,24 Haziran 2018,67,Zonguldak,HDP,5382,1.43,0,
2018,24 Haziran 2018,68,Aksaray,AK Parti,127750,56.28,2,EVET
2018,24 Haziran 2018,68,Aksaray,MHP,47501,20.93,1,
2018,24 Haziran 2018,68,Aksaray,İYİ Parti,24375,10.74,1,
2018,24 Haziran 2018,68,Aksaray,CHP,21912,9.65,0,
2018,24 Haziran 2018,68,Aksaray,HDP,2461,1.08,0,
2018,24 Haziran 2018,68,Aksaray,SP,293,0.13,0,
2018,24 Haziran 2018,69,Bayburt,AK Parti,27453,57.63,1,EVET
2018,24 Haziran 2018,69,Bayburt,MHP,13345,28.01,0,
2018,24 Haziran 2018,69,Bayburt,CHP,1835,3.85,0,
2018,24 Haziran 2018,69,Bayburt,SP,1582,3.32,0,
2018,24 Haziran 2018,69,Bayburt,İYİ Parti,2960,6.21,0,
2018,24 Haziran 2018,69,Bayburt,HDP,338,0.71,0,
2018,24 Haziran 2018,70,Karaman,AK Parti,81960,53.58,2,EVET
2018,24 Haziran 2018,70,Karaman,MHP,23241,15.19,0,
2018,24 Haziran 2018,70,Karaman,İYİ Parti,18003,11.77,0,
2018,24 Haziran 2018,70,Karaman,CHP,24774,16.2,1,
2018,24 Haziran 2018,70,Karaman,SP,2322,1.52,0,
2018,24 Haziran 2018,70,Karaman,HDP,1671,1.09,0,
2018,24 Haziran 2018,71,Kırıkkale,AK Parti,74118,43.44,1,EVET
2018,24 Haziran 2018,71,Kırıkkale,MHP,42204,24.73,1,
2018,24 Haziran 2018,71,Kırıkkale,CHP,25950,15.21,1,
2018,24 Haziran 2018,71,Kırıkkale,İYİ Parti,23807,13.95,0,
2018,24 Haziran 2018,71,Kırıkkale,HDP,1881,1.1,0,
2018,24 Haziran 2018,71,Kırıkkale,SP,1970,1.15,0,
2018,24 Haziran 2018,72,Batman,HDP,180318,63.48,4,EVET
2018,24 Haziran 2018,72,Batman,AK Parti,68398,24.08,1,
2018,24 Haziran 2018,72,Batman,Bağımsız,15998,5.63,0,
2018,24 Haziran 2018,72,Batman,SP,9099,3.2,0,
2018,24 Haziran 2018,72,Batman,MHP,2857,1.01,0,
2018,24 Haziran 2018,72,Batman,CHP,3796,1.34,0,
2018,24 Haziran 2018,72,Batman,İYİ Parti,3174,1.12,0,
2018,24 Haziran 2018,73,Şırnak,HDP,162969,71.88,3,EVET
2018,24 Haziran 2018,73,Şırnak,AK Parti,38884,17.15,1,
2018,24 Haziran 2018,73,Şırnak,MHP,8808,3.88,0,
2018,24 Haziran 2018,73,Şırnak,İYİ Parti,4345,1.92,0,
2018,24 Haziran 2018,73,Şırnak,HÜDAPAR,4756,2.1,0,
2018,24 Haziran 2018,73,Şırnak,CHP,5117,2.26,0,
2018,24 Haziran 2018,74,Bartın,CHP,31654,25.72,1,
2018,24 Haziran 2018,74,Bartın,AK Parti,57715,46.89,1,EVET
2018,24 Haziran 2018,74,Bartın,MHP,21299,17.3,0,
2018,24 Haziran 2018,74,Bartın,İYİ Parti,7257,5.9,0,
2018,24 Haziran 2018,74,Bartın,HDP,1502,1.22,0,
2018,24 Haziran 2018,74,Bartın,SP,2661,2.16,0,
2018,24 Haziran 2018,75,Ardahan,CHP,14804,26.12,1,
2018,24 Haziran 2018,75,Ardahan,AK Parti,20796,36.69,1,EVET
2018,24 Haziran 2018,75,Ardahan,HDP,13358,23.57,0,
2018,24 Haziran 2018,75,Ardahan,MHP,3816,6.73,0,
2018,24 Haziran 2018,75,Ardahan,İYİ Parti,2923,5.16,0,
2018,24 Haziran 2018,75,Ardahan,SP,265,0.47,0,
2018,24 Haziran 2018,76,Iğdır,HDP,41057,45.06,1,EVET
2018,24 Haziran 2018,76,Iğdır,AK Parti,18007,19.76,0,
2018,24 Haziran 2018,76,Iğdır,MHP,22222,24.39,1,
2018,24 Haziran 2018,76,Iğdır,SP,1856,2.04,0,
2018,24 Haziran 2018,76,Iğdır,İYİ Parti,5404,5.93,0,
2018,24 Haziran 2018,76,Iğdır,CHP,2168,2.38,0,
2018,24 Haziran 2018,77,Yalova,AK Parti,66927,43.9,2,EVET
2018,24 Haziran 2018,77,Yalova,CHP,44148,28.96,1,
2018,24 Haziran 2018,77,Yalova,İYİ Parti,15195,9.97,0,
2018,24 Haziran 2018,77,Yalova,MHP,11866,7.78,0,
2018,24 Haziran 2018,77,Yalova,HDP,11713,7.68,0,
2018,24 Haziran 2018,77,Yalova,SP,1831,1.2,0,
2018,24 Haziran 2018,78,Karabük,AK Parti,80848,53.88,2,EVET
2018,24 Haziran 2018,78,Karabük,İYİ Parti,18641,12.42,0,
2018,24 Haziran 2018,78,Karabük,MHP,20635,13.75,0,
2018,24 Haziran 2018,78,Karabük,CHP,24947,16.63,1,
2018,24 Haziran 2018,78,Karabük,SP,2625,1.75,0,
2018,24 Haziran 2018,78,Karabük,HDP,1486,0.99,0,
2018,24 Haziran 2018,78,Karabük,VATAN,32,0.02,0,
2018,24 Haziran 2018,79,Kilis,AK Parti,37305,50.81,2,EVET
2018,24 Haziran 2018,79,Kilis,MHP,15223,20.73,0,
2018,24 Haziran 2018,79,Kilis,İYİ Parti,7598,10.35,0,
2018,24 Haziran 2018,79,Kilis,CHP,10647,14.5,0,
2018,24 Haziran 2018,79,Kilis,SP,974,1.33,0,
2018,24 Haziran 2018,79,Kilis,HDP,1347,1.83,0,
2018,24 Haziran 2018,80,Osmaniye,AK Parti,108468,35.79,2,EVET
2018,24 Haziran 2018,80,Osmaniye,MHP,98244,32.41,1,
2018,24 Haziran 2018,80,Osmaniye,CHP,40655,13.41,1,
2018,24 Haziran 2018,80,Osmaniye,İYİ Parti,41319,13.63,0,
2018,24 Haziran 2018,80,Osmaniye,HDP,9585,3.16,0,
2018,24 Haziran 2018,80,Osmaniye,SP,2056,0.68,0,
2018,24 Haziran 2018,81,Düzce,AK Parti,134668,56.2,2,EVET
2018,24 Haziran 2018,81,Düzce,CHP,34608,14.44,0,
2018,24 Haziran 2018,81,Düzce,MHP,45633,19.04,1,
2018,24 Haziran 2018,81,Düzce,İYİ Parti,16372,6.83,0,
2018,24 Haziran 2018,81,Düzce,SP,3466,1.45,0,
2018,24 Haziran 2018,81,Düzce,HDP,3818,1.59,0,
2023,14 Mayıs 2023,1,Adana,AK Parti,439641,30.84,5,EVET
2023,14 Mayıs 2023,1,Adana,CHP,408171,28.63,5,
2023,14 Mayıs 2023,1,Adana,MHP,157305,11.03,2,
2023,14 Mayıs 2023,1,Adana,İYİ Parti,153184,10.74,2,
2023,14 Mayıs 2023,1,Adana,YENİDEN REFAH,25465,1.79,0,
2023,14 Mayıs 2023,1,Adana,TİP,32763,2.3,0,
2023,14 Mayıs 2023,1,Adana,ZP,29497,2.07,0,
2023,14 Mayıs 2023,1,Adana,BBP,12967,0.91,0,
2023,14 Mayıs 2023,1,Adana,MEMLEKET,10730,0.75,0,
2023,14 Mayıs 2023,1,Adana,YEŞİL SOL,138727,9.73,1,
2023,14 Mayıs 2023,1,Adana,VATAN,1895,0.13,0,
2023,14 Mayıs 2023,1,Adana,GP,4093,0.29,0,
2023,14 Mayıs 2023,1,Adana,AB,1530,0.11,0,
2023,14 Mayıs 2023,1,Adana,TKP,1353,0.09,0,
2023,14 Mayıs 2023,1,Adana,HAK-PAR,873,0.06,0,
2023,14 Mayıs 2023,1,Adana,MP92,1410,0.1,0,
2023,14 Mayıs 2023,1,Adana,TKH,383,0.03,0,
2023,14 Mayıs 2023,1,Adana,Bağımsız,1019,0.07,0,
2023,14 Mayıs 2023,1,Adana,HKP,867,0.06,0,
2023,14 Mayıs 2023,1,Adana,SOL PARTİ,2313,0.16,0,
2023,14 Mayıs 2023,2,Adıyaman,AK Parti,170104,52.33,4,EVET
2023,14 Mayıs 2023,2,Adıyaman,CHP,60954,18.75,1,
2023,14 Mayıs 2023,2,Adıyaman,MHP,14134,4.35,0,
2023,14 Mayıs 2023,2,Adıyaman,YEŞİL SOL,39046,12.01,0,
2023,14 Mayıs 2023,2,Adıyaman,Bağımsız,14806,4.55,0,
2023,14 Mayıs 2023,2,Adıyaman,YENİDEN REFAH,15416,4.74,0,
2023,14 Mayıs 2023,2,Adıyaman,ZP,1955,0.6,0,
2023,14 Mayıs 2023,2,Adıyaman,BBP,3168,0.97,0,
2023,14 Mayıs 2023,2,Adıyaman,MEMLEKET,1401,0.43,0,
2023,14 Mayıs 2023,2,Adıyaman,MP92,515,0.16,0,
2023,14 Mayıs 2023,2,Adıyaman,TKP,435,0.13,0,
2023,14 Mayıs 2023,2,Adıyaman,SOL PARTİ,913,0.28,0,
2023,14 Mayıs 2023,2,Adıyaman,HKP,316,0.1,0,
2023,14 Mayıs 2023,2,Adıyaman,HAK-PAR,387,0.12,0,
2023,14 Mayıs 2023,2,Adıyaman,VATAN,304,0.09,0,
2023,14 Mayıs 2023,2,Adıyaman,GP,334,0.1,0,
2023,14 Mayıs 2023,2,Adıyaman,GBP,257,0.08,0,
2023,14 Mayıs 2023,2,Adıyaman,YP,170,0.05,0,
2023,14 Mayıs 2023,2,Adıyaman,TKH,115,0.04,0,
2023,14 Mayıs 2023,3,Afyonkarahisar,AK Parti,215286,44.17,3,EVET
2023,14 Mayıs 2023,3,Afyonkarahisar,İYİ Parti,60212,12.35,1,
2023,14 Mayıs 2023,3,Afyonkarahisar,CHP,91585,18.79,1,
2023,14 Mayıs 2023,3,Afyonkarahisar,MHP,78277,16.06,1,
2023,14 Mayıs 2023,3,Afyonkarahisar,YENİDEN REFAH,14354,2.94,0,
2023,14 Mayıs 2023,3,Afyonkarahisar,ZP,10605,2.18,0,
2023,14 Mayıs 2023,3,Afyonkarahisar,MEMLEKET,3716,0.76,0,
2023,14 Mayıs 2023,3,Afyonkarahisar,BBP,5201,1.07,0,
2023,14 Mayıs 2023,3,Afyonkarahisar,YEŞİL SOL,3126,0.64,0,
2023,14 Mayıs 2023,3,Afyonkarahisar,MP92,831,0.17,0,
2023,14 Mayıs 2023,3,Afyonkarahisar,TİP,1496,0.31,0,
2023,14 Mayıs 2023,3,Afyonkarahisar,HAK-PAR,426,0.09,0,
2023,14 Mayıs 2023,3,Afyonkarahisar,Bağımsız,174,0.04,0,
2023,14 Mayıs 2023,3,Afyonkarahisar,VATAN,410,0.08,0,
2023,14 Mayıs 2023,3,Afyonkarahisar,GBP,322,0.07,0,
2023,14 Mayıs 2023,3,Afyonkarahisar,HKP,364,0.07,0,
2023,14 Mayıs 2023,3,Afyonkarahisar,TKP,349,0.07,0,
2023,14 Mayıs 2023,3,Afyonkarahisar,TKH,124,0.03,0,
2023,14 Mayıs 2023,3,Afyonkarahisar,SOL PARTİ,125,0.03,0,
2023,14 Mayıs 2023,3,Afyonkarahisar,YP,134,0.03,0,
2023,14 Mayıs 2023,4,Ağrı,YEŞİL SOL,119412,54.46,3,EVET
2023,14 Mayıs 2023,4,Ağrı,AK Parti,55632,25.37,1,
2023,14 Mayıs 2023,4,Ağrı,CHP,24473,11.16,0,
2023,14 Mayıs 2023,4,Ağrı,MHP,5667,2.58,0,
2023,14 Mayıs 2023,4,Ağrı,İYİ Parti,3748,1.71,0,
2023,14 Mayıs 2023,4,Ağrı,YENİDEN REFAH,4321,1.97,0,
2023,14 Mayıs 2023,4,Ağrı,SOL PARTİ,1359,0.62,0,
2023,14 Mayıs 2023,4,Ağrı,MEMLEKET,1557,0.71,0,
2023,14 Mayıs 2023,4,Ağrı,BBP,610,0.28,0,
2023,14 Mayıs 2023,4,Ağrı,YP,356,0.16,0,
2023,14 Mayıs 2023,4,Ağrı,AP23,466,0.21,0,
2023,14 Mayıs 2023,4,Ağrı,HAK-PAR,285,0.13,0,
2023,14 Mayıs 2023,4,Ağrı,VATAN,242,0.11,0,
2023,14 Mayıs 2023,4,Ağrı,TKP,280,0.13,0,
2023,14 Mayıs 2023,4,Ağrı,HKP,199,0.09,0,
2023,14 Mayıs 2023,4,Ağrı,GP,188,0.09,0,
2023,14 Mayıs 2023,4,Ağrı,TKH,141,0.06,0,
2023,14 Mayıs 2023,4,Ağrı,MP92,125,0.06,0,
2023,14 Mayıs 2023,4,Ağrı,Bağımsız,57,0.03,0,
2023,14 Mayıs 2023,5,Amasya,AK Parti,94567,39.58,2,EVET
2023,14 Mayıs 2023,5,Amasya,CHP,70730,29.6,1,
2023,14 Mayıs 2023,5,Amasya,MHP,40034,16.76,0,
2023,14 Mayıs 2023,5,Amasya,İYİ Parti,17002,7.12,0,
2023,14 Mayıs 2023,5,Amasya,YENİDEN REFAH,4274,1.79,0,
2023,14 Mayıs 2023,5,Amasya,ZP,3510,1.47,0,
2023,14 Mayıs 2023,5,Amasya,BBP,1936,0.81,0,
2023,14 Mayıs 2023,5,Amasya,AP23,749,0.31,0,
2023,14 Mayıs 2023,5,Amasya,ANAP,424,0.18,0,
2023,14 Mayıs 2023,5,Amasya,MEMLEKET,1289,0.54,0,
2023,14 Mayıs 2023,5,Amasya,YEŞİL SOL,1573,0.66,0,
2023,14 Mayıs 2023,5,Amasya,HAK-PAR,247,0.1,0,
2023,14 Mayıs 2023,5,Amasya,HKP,156,0.07,0,
2023,14 Mayıs 2023,5,Amasya,GP,224,0.09,0,
2023,14 Mayıs 2023,5,Amasya,TİP,1078,0.45,0,
2023,14 Mayıs 2023,5,Amasya,TKP,139,0.06,0,
2023,14 Mayıs 2023,5,Amasya,VATAN,152,0.06,0,
2023,14 Mayıs 2023,5,Amasya,MP92,163,0.07,0,
2023,14 Mayıs 2023,5,Amasya,SOL PARTİ,139,0.06,0,
2023,14 Mayıs 2023,5,Amasya,YP,51,0.02,0,
2023,14 Mayıs 2023,5,Amasya,GBP,151,0.06,0,
2023,14 Mayıs 2023,5,Amasya,Bağımsız,68,0.03,0,
2023,14 Mayıs 2023,5,Amasya,TKH,63,0.03,0,
2023,14 Mayıs 2023,6,Ankara,AK Parti,1292189,32.53,15,EVET
2023,14 Mayıs 2023,6,Ankara,MHP,407150,10.25,3,
2023,14 Mayıs 2023,6,Ankara,CHP,1214147,30.56,13,
2023,14 Mayıs 2023,6,Ankara,İYİ Parti,508592,12.8,5,
2023,14 Mayıs 2023,6,Ankara,YEŞİL SOL,125024,3.15,0,
2023,14 Mayıs 2023,6,Ankara,YENİDEN REFAH,106014,2.67,0,
2023,14 Mayıs 2023,6,Ankara,BBP,49658,1.25,0,
2023,14 Mayıs 2023,6,Ankara,ZP,130909,3.3,0,
2023,14 Mayıs 2023,6,Ankara,MEMLEKET,38004,0.96,0,
2023,14 Mayıs 2023,6,Ankara,ANAP,5524,0.14,0,
2023,14 Mayıs 2023,6,Ankara,AP23,8551,0.22,0,
2023,14 Mayıs 2023,6,Ankara,AB,3296,0.08,0,
2023,14 Mayıs 2023,6,Ankara,SOL PARTİ,2998,0.08,0,
2023,14 Mayıs 2023,6,Ankara,MP92,3622,0.09,0,
2023,14 Mayıs 2023,6,Ankara,HAK-PAR,1318,0.03,0,
2023,14 Mayıs 2023,6,Ankara,TKP,5712,0.14,0,
2023,14 Mayıs 2023,6,Ankara,GP,6624,0.17,0,
2023,14 Mayıs 2023,6,Ankara,GBP,2004,0.05,0,
2023,14 Mayıs 2023,6,Ankara,TKH,1084,0.03,0,
2023,14 Mayıs 2023,6,Ankara,VATAN,2906,0.07,0,
2023,14 Mayıs 2023,6,Ankara,HKP,1220,0.03,0,
2023,14 Mayıs 2023,6,Ankara,MİLLİYOL,1912,0.05,0,
2023,14 Mayıs 2023,6,Ankara,Bağımsız,980,0.02,0,
2023,14 Mayıs 2023,6,Ankara,YP,332,0.01,0,
2023,14 Mayıs 2023,6,Ankara,TİP,48267,1.22,0,
2023,14 Mayıs 2023,7,Antalya,AK Parti,499464,29.06,6,
2023,14 Mayıs 2023,7,Antalya,CHP,555265,32.31,6,EVET
2023,14 Mayıs 2023,7,Antalya,MHP,172337,10.03,2,
2023,14 Mayıs 2023,7,Antalya,İYİ Parti,194340,11.31,2,
2023,14 Mayıs 2023,7,Antalya,ZP,47542,2.77,0,
2023,14 Mayıs 2023,7,Antalya,YENİDEN REFAH,21671,1.26,0,
2023,14 Mayıs 2023,7,Antalya,MEMLEKET,22265,1.3,0,
2023,14 Mayıs 2023,7,Antalya,TİP,78251,4.55,0,
2023,14 Mayıs 2023,7,Antalya,BBP,11131,0.65,0,
2023,14 Mayıs 2023,7,Antalya,AP23,4996,0.29,0,
2023,14 Mayıs 2023,7,Antalya,ANAP,2318,0.13,0,
2023,14 Mayıs 2023,7,Antalya,YEŞİL SOL,84268,4.9,1,
2023,14 Mayıs 2023,7,Antalya,HAK-PAR,1071,0.06,0,
2023,14 Mayıs 2023,7,Antalya,TKP,2553,0.15,0,
2023,14 Mayıs 2023,7,Antalya,AB,1693,0.1,0,
2023,14 Mayıs 2023,7,Antalya,MP92,2015,0.12,0,
2023,14 Mayıs 2023,7,Antalya,GP,5627,0.33,0,
2023,14 Mayıs 2023,7,Antalya,GBP,1615,0.09,0,
2023,14 Mayıs 2023,7,Antalya,SOL PARTİ,1853,0.11,0,
2023,14 Mayıs 2023,7,Antalya,HKP,919,0.05,0,
2023,14 Mayıs 2023,7,Antalya,Bağımsız,1942,0.11,0,
2023,14 Mayıs 2023,7,Antalya,TKH,646,0.04,0,
2023,14 Mayıs 2023,7,Antalya,VATAN,1678,0.1,0,
2023,14 Mayıs 2023,7,Antalya,MİLLİYOL,809,0.05,0,
2023,14 Mayıs 2023,7,Antalya,YP,336,0.02,0,
2023,14 Mayıs 2023,8,Artvin,CHP,35256,29.88,1,
2023,14 Mayıs 2023,8,Artvin,AK Parti,43864,37.17,1,EVET
2023,14 Mayıs 2023,8,Artvin,İYİ Parti,15387,13.04,0,
2023,14 Mayıs 2023,8,Artvin,MHP,11401,9.66,0,
2023,14 Mayıs 2023,8,Artvin,YENİDEN REFAH,2773,2.35,0,
2023,14 Mayıs 2023,8,Artvin,TİP,1831,1.55,0,
2023,14 Mayıs 2023,8,Artvin,MEMLEKET,1320,1.12,0,
2023,14 Mayıs 2023,8,Artvin,YEŞİL SOL,1371,1.16,0,
2023,14 Mayıs 2023,8,Artvin,ZP,1349,1.14,0,
2023,14 Mayıs 2023,8,Artvin,SOL PARTİ,462,0.39,0,
2023,14 Mayıs 2023,8,Artvin,AP23,440,0.37,0,
2023,14 Mayıs 2023,8,Artvin,BBP,443,0.38,0,
2023,14 Mayıs 2023,8,Artvin,HKP,151,0.13,0,
2023,14 Mayıs 2023,8,Artvin,TKP,407,0.34,0,
2023,14 Mayıs 2023,8,Artvin,HAK-PAR,148,0.13,0,
2023,14 Mayıs 2023,8,Artvin,ANAP,447,0.38,0,
2023,14 Mayıs 2023,8,Artvin,GBP,98,0.08,0,
2023,14 Mayıs 2023,8,Artvin,VATAN,96,0.08,0,
2023,14 Mayıs 2023,8,Artvin,MP92,113,0.1,0,
2023,14 Mayıs 2023,8,Artvin,Bağımsız,249,0.21,0,
2023,14 Mayıs 2023,8,Artvin,TKH,79,0.07,0,
2023,14 Mayıs 2023,8,Artvin,YP,28,0.02,0,
2023,14 Mayıs 2023,8,Artvin,GP,161,0.14,0,
2023,14 Mayıs 2023,9,Aydın,CHP,282541,35.59,4,EVET
2023,14 Mayıs 2023,9,Aydın,AK Parti,227930,28.71,3,
2023,14 Mayıs 2023,9,Aydın,İYİ Parti,102794,12.95,1,
2023,14 Mayıs 2023,9,Aydın,MHP,68666,8.65,0,
2023,14 Mayıs 2023,9,Aydın,ZP,17362,2.19,0,
2023,14 Mayıs 2023,9,Aydın,MEMLEKET,8870,1.12,0,
2023,14 Mayıs 2023,9,Aydın,YEŞİL SOL,58147,7.32,0,
2023,14 Mayıs 2023,9,Aydın,YENİDEN REFAH,5946,0.75,0,
2023,14 Mayıs 2023,9,Aydın,BBP,6648,0.84,0,
2023,14 Mayıs 2023,9,Aydın,AP23,2069,0.26,0,
2023,14 Mayıs 2023,9,Aydın,GP,2488,0.31,0,
2023,14 Mayıs 2023,9,Aydın,VATAN,1543,0.19,0,
2023,14 Mayıs 2023,9,Aydın,ANAP,1631,0.21,0,
2023,14 Mayıs 2023,9,Aydın,HAK-PAR,701,0.09,0,
2023,14 Mayıs 2023,9,Aydın,HKP,539,0.07,0,
2023,14 Mayıs 2023,9,Aydın,TKP,1233,0.16,0,
2023,14 Mayıs 2023,9,Aydın,MP92,759,0.1,0,
2023,14 Mayıs 2023,9,Aydın,TKH,354,0.04,0,
2023,14 Mayıs 2023,9,Aydın,SOL PARTİ,1149,0.14,0,
2023,14 Mayıs 2023,9,Aydın,YP,288,0.04,0,
2023,14 Mayıs 2023,9,Aydın,Bağımsız,1401,0.18,0,
2023,14 Mayıs 2023,10,Balıkesir,CHP,287000,31.47,3,
2023,14 Mayıs 2023,10,Balıkesir,AK Parti,316245,34.67,4,EVET
2023,14 Mayıs 2023,10,Balıkesir,İYİ Parti,133176,14.6,1,
2023,14 Mayıs 2023,10,Balıkesir,MHP,74778,8.2,1,
2023,14 Mayıs 2023,10,Balıkesir,YEŞİL SOL,20685,2.27,0,
2023,14 Mayıs 2023,10,Balıkesir,ZP,18422,2.02,0,
2023,14 Mayıs 2023,10,Balıkesir,TİP,11580,1.27,0,
2023,14 Mayıs 2023,10,Balıkesir,YENİDEN REFAH,18925,2.07,0,
2023,14 Mayıs 2023,10,Balıkesir,MEMLEKET,10805,1.18,0,
2023,14 Mayıs 2023,10,Balıkesir,BBP,6140,0.67,0,
2023,14 Mayıs 2023,10,Balıkesir,GP,2446,0.27,0,
2023,14 Mayıs 2023,10,Balıkesir,AP23,3258,0.36,0,
2023,14 Mayıs 2023,10,Balıkesir,VATAN,1643,0.18,0,
2023,14 Mayıs 2023,10,Balıkesir,TKP,866,0.09,0,
2023,14 Mayıs 2023,10,Balıkesir,MP92,1022,0.11,0,
2023,14 Mayıs 2023,10,Balıkesir,SOL PARTİ,698,0.08,0,
2023,14 Mayıs 2023,10,Balıkesir,AB,965,0.11,0,
2023,14 Mayıs 2023,10,Balıkesir,HAK-PAR,1104,0.12,0,
2023,14 Mayıs 2023,10,Balıkesir,HKP,649,0.07,0,
2023,14 Mayıs 2023,10,Balıkesir,TKH,274,0.03,0,
2023,14 Mayıs 2023,10,Balıkesir,YP,289,0.03,0,
2023,14 Mayıs 2023,10,Balıkesir,Bağımsız,86,0.01,0,
2023,14 Mayıs 2023,11,Bilecik,AK Parti,57696,37.22,1,EVET
2023,14 Mayıs 2023,11,Bilecik,CHP,41403,26.71,1,
2023,14 Mayıs 2023,11,Bilecik,MHP,15948,10.29,0,
2023,14 Mayıs 2023,11,Bilecik,İYİ Parti,18858,12.16,0,
2023,14 Mayıs 2023,11,Bilecik,YEŞİL SOL,4493,2.9,0,
2023,14 Mayıs 2023,11,Bilecik,ZP,3404,2.2,0,
2023,14 Mayıs 2023,11,Bilecik,YENİDEN REFAH,5145,3.32,0,
2023,14 Mayıs 2023,11,Bilecik,MEMLEKET,1858,1.2,0,
2023,14 Mayıs 2023,11,Bilecik,TİP,1395,0.9,0,
2023,14 Mayıs 2023,11,Bilecik,BBP,1302,0.84,0,
2023,14 Mayıs 2023,11,Bilecik,Bağımsız,771,0.5,0,
2023,14 Mayıs 2023,11,Bilecik,GP,557,0.36,0,
2023,14 Mayıs 2023,11,Bilecik,AP23,537,0.35,0,
2023,14 Mayıs 2023,11,Bilecik,ANAP,384,0.25,0,
2023,14 Mayıs 2023,11,Bilecik,MP92,196,0.13,0,
2023,14 Mayıs 2023,11,Bilecik,AB,176,0.11,0,
2023,14 Mayıs 2023,11,Bilecik,VATAN,168,0.11,0,
2023,14 Mayıs 2023,11,Bilecik,GBP,89,0.06,0,
2023,14 Mayıs 2023,11,Bilecik,SOL PARTİ,106,0.07,0,
2023,14 Mayıs 2023,11,Bilecik,TKP,115,0.07,0,
2023,14 Mayıs 2023,11,Bilecik,HAK-PAR,96,0.06,0,
2023,14 Mayıs 2023,11,Bilecik,HKP,89,0.06,0,
2023,14 Mayıs 2023,11,Bilecik,TKH,34,0.02,0,
2023,14 Mayıs 2023,11,Bilecik,YP,37,0.02,0,
2023,14 Mayıs 2023,12,Bingöl,AK Parti,58635,39.21,2,EVET
2023,14 Mayıs 2023,12,Bingöl,MHP,20341,13.6,0,
2023,14 Mayıs 2023,12,Bingöl,YEŞİL SOL,35816,23.95,1,
2023,14 Mayıs 2023,12,Bingöl,YENİDEN REFAH,14904,9.97,0,
2023,14 Mayıs 2023,12,Bingöl,CHP,8701,5.82,0,
2023,14 Mayıs 2023,12,Bingöl,Bağımsız,4215,2.82,0,
2023,14 Mayıs 2023,12,Bingöl,İYİ Parti,3018,2.02,0,
2023,14 Mayıs 2023,12,Bingöl,BBP,797,0.53,0,
2023,14 Mayıs 2023,12,Bingöl,SOL PARTİ,678,0.45,0,
2023,14 Mayıs 2023,12,Bingöl,MEMLEKET,525,0.35,0,
2023,14 Mayıs 2023,12,Bingöl,AP23,337,0.23,0,
2023,14 Mayıs 2023,12,Bingöl,AB,236,0.16,0,
2023,14 Mayıs 2023,12,Bingöl,ANAP,195,0.13,0,
2023,14 Mayıs 2023,12,Bingöl,HAK-PAR,199,0.13,0,
2023,14 Mayıs 2023,12,Bingöl,VATAN,94,0.06,0,
2023,14 Mayıs 2023,12,Bingöl,TKP,134,0.09,0,
2023,14 Mayıs 2023,12,Bingöl,MP92,125,0.08,0,
2023,14 Mayıs 2023,12,Bingöl,GP,109,0.07,0,
2023,14 Mayıs 2023,12,Bingöl,HKP,120,0.08,0,
2023,14 Mayıs 2023,12,Bingöl,GBP,114,0.08,0,
2023,14 Mayıs 2023,12,Bingöl,TKH,63,0.04,0,
2023,14 Mayıs 2023,12,Bingöl,YP,39,0.03,0,
2023,14 Mayıs 2023,13,Bitlis,YEŞİL SOL,71418,40.17,2,EVET
2023,14 Mayıs 2023,13,Bitlis,AK Parti,67036,37.71,1,
2023,14 Mayıs 2023,13,Bitlis,İYİ Parti,23126,13.01,0,
2023,14 Mayıs 2023,13,Bitlis,MHP,6880,3.87,0,
2023,14 Mayıs 2023,13,Bitlis,YENİDEN REFAH,3738,2.1,0,
2023,14 Mayıs 2023,13,Bitlis,SOL PARTİ,1014,0.57,0,
2023,14 Mayıs 2023,13,Bitlis,MEMLEKET,1046,0.59,0,
2023,14 Mayıs 2023,13,Bitlis,BBP,565,0.32,0,
2023,14 Mayıs 2023,13,Bitlis,AB,467,0.26,0,
2023,14 Mayıs 2023,13,Bitlis,AP23,306,0.17,0,
2023,14 Mayıs 2023,13,Bitlis,ANAP,300,0.17,0,
2023,14 Mayıs 2023,13,Bitlis,HAK-PAR,315,0.18,0,
2023,14 Mayıs 2023,13,Bitlis,GP,232,0.13,0,
2023,14 Mayıs 2023,13,Bitlis,TKP,287,0.16,0,
2023,14 Mayıs 2023,13,Bitlis,Bağımsız,77,0.04,0,
2023,14 Mayıs 2023,13,Bitlis,HKP,156,0.09,0,
2023,14 Mayıs 2023,13,Bitlis,GBP,192,0.11,0,
2023,14 Mayıs 2023,13,Bitlis,VATAN,142,0.08,0,
2023,14 Mayıs 2023,13,Bitlis,YP,122,0.07,0,
2023,14 Mayıs 2023,13,Bitlis,MP92,180,0.1,0,
2023,14 Mayıs 2023,13,Bitlis,TKH,110,0.06,0,
2023,14 Mayıs 2023,14,Bolu,AK Parti,80725,37.01,1,EVET
2023,14 Mayıs 2023,14,Bolu,MHP,50726,23.26,1,
2023,14 Mayıs 2023,14,Bolu,İYİ Parti,16195,7.43,0,
2023,14 Mayıs 2023,14,Bolu,CHP,47722,21.88,1,
2023,14 Mayıs 2023,14,Bolu,YENİDEN REFAH,7027,3.22,0,
2023,14 Mayıs 2023,14,Bolu,ZP,4083,1.87,0,
2023,14 Mayıs 2023,14,Bolu,BBP,1615,0.74,0,
2023,14 Mayıs 2023,14,Bolu,ANAP,695,0.32,0,
2023,14 Mayıs 2023,14,Bolu,MEMLEKET,2101,0.96,0,
2023,14 Mayıs 2023,14,Bolu,AP23,820,0.38,0,
2023,14 Mayıs 2023,14,Bolu,AB,364,0.17,0,
2023,14 Mayıs 2023,14,Bolu,Bağımsız,66,0.03,0,
2023,14 Mayıs 2023,14,Bolu,YEŞİL SOL,2446,1.12,0,
2023,14 Mayıs 2023,14,Bolu,HAK-PAR,197,0.09,0,
2023,14 Mayıs 2023,14,Bolu,GP,549,0.25,0,
2023,14 Mayıs 2023,14,Bolu,TİP,1358,0.62,0,
2023,14 Mayıs 2023,14,Bolu,MİLLİYOL,95,0.04,0,
2023,14 Mayıs 2023,14,Bolu,HKP,146,0.07,0,
2023,14 Mayıs 2023,14,Bolu,SOL PARTİ,152,0.07,0,
2023,14 Mayıs 2023,14,Bolu,MP92,207,0.09,0,
2023,14 Mayıs 2023,14,Bolu,TKP,183,0.08,0,
2023,14 Mayıs 2023,14,Bolu,YP,57,0.03,0,
2023,14 Mayıs 2023,14,Bolu,VATAN,191,0.09,0,
2023,14 Mayıs 2023,14,Bolu,TKH,66,0.03,0,
2023,14 Mayıs 2023,14,Bolu,GBP,126,0.06,0,
2023,14 Mayıs 2023,15,Burdur,AK Parti,67689,36.61,2,EVET
2023,14 Mayıs 2023,15,Burdur,CHP,57437,31.07,1,
2023,14 Mayıs 2023,15,Burdur,MHP,25933,14.03,0,
2023,14 Mayıs 2023,15,Burdur,İYİ Parti,21049,11.38,0,
2023,14 Mayıs 2023,15,Burdur,ZP,2596,1.4,0,
2023,14 Mayıs 2023,15,Burdur,YENİDEN REFAH,2251,1.22,0,
2023,14 Mayıs 2023,15,Burdur,MEMLEKET,1354,0.73,0,
2023,14 Mayıs 2023,15,Burdur,BBP,1253,0.68,0,
2023,14 Mayıs 2023,15,Burdur,Bağımsız,132,0.07,0,
2023,14 Mayıs 2023,15,Burdur,AP23,791,0.43,0,
2023,14 Mayıs 2023,15,Burdur,HAK-PAR,240,0.13,0,
2023,14 Mayıs 2023,15,Burdur,ANAP,354,0.19,0,
2023,14 Mayıs 2023,15,Burdur,AB,440,0.24,0,
2023,14 Mayıs 2023,15,Burdur,YEŞİL SOL,1719,0.93,0,
2023,14 Mayıs 2023,15,Burdur,MP92,234,0.13,0,
2023,14 Mayıs 2023,15,Burdur,GP,349,0.19,0,
2023,14 Mayıs 2023,15,Burdur,HKP,161,0.09,0,
2023,14 Mayıs 2023,15,Burdur,TKP,177,0.1,0,
2023,14 Mayıs 2023,15,Burdur,VATAN,249,0.13,0,
2023,14 Mayıs 2023,15,Burdur,SOL PARTİ,108,0.06,0,
2023,14 Mayıs 2023,15,Burdur,YP,57,0.03,0,
2023,14 Mayıs 2023,15,Burdur,GBP,166,0.09,0,
2023,14 Mayıs 2023,15,Burdur,TKH,60,0.03,0,
2023,14 Mayıs 2023,16,Bursa,AK Parti,849249,39.01,10,EVET
2023,14 Mayıs 2023,16,Bursa,CHP,530797,24.38,6,
2023,14 Mayıs 2023,16,Bursa,MHP,187656,8.62,2,
2023,14 Mayıs 2023,16,Bursa,İYİ Parti,259157,11.9,2,
2023,14 Mayıs 2023,16,Bursa,YEŞİL SOL,97213,4.46,0,
2023,14 Mayıs 2023,16,Bursa,ZP,78338,3.6,0,
2023,14 Mayıs 2023,16,Bursa,YENİDEN REFAH,77735,3.57,0,
2023,14 Mayıs 2023,16,Bursa,MEMLEKET,28241,1.3,0,
2023,14 Mayıs 2023,16,Bursa,BBP,16787,0.77,0,
2023,14 Mayıs 2023,16,Bursa,GP,7110,0.33,0,
2023,14 Mayıs 2023,16,Bursa,AP23,6248,0.29,0,
2023,14 Mayıs 2023,16,Bursa,ANAP,3629,0.17,0,
2023,14 Mayıs 2023,16,Bursa,TKP,2064,0.09,0,
2023,14 Mayıs 2023,16,Bursa,MP92,2589,0.12,0,
2023,14 Mayıs 2023,16,Bursa,VATAN,2831,0.13,0,
2023,14 Mayıs 2023,16,Bursa,AB,2606,0.12,0,
2023,14 Mayıs 2023,16,Bursa,SOL PARTİ,1869,0.09,0,
2023,14 Mayıs 2023,16,Bursa,HKP,1168,0.05,0,
2023,14 Mayıs 2023,16,Bursa,HAK-PAR,1326,0.06,0,
2023,14 Mayıs 2023,16,Bursa,TKH,547,0.03,0,
2023,14 Mayıs 2023,16,Bursa,YP,403,0.02,0,
2023,14 Mayıs 2023,16,Bursa,Bağımsız,1080,0.05,0,
2023,14 Mayıs 2023,16,Bursa,TİP,15838,0.73,0,
2023,14 Mayıs 2023,16,Bursa,MİLLİYOL,309,0.01,0,
2023,14 Mayıs 2023,17,Çanakkale,CHP,142544,35.25,2,EVET
2023,14 Mayıs 2023,17,Çanakkale,AK Parti,129671,32.07,1,
2023,14 Mayıs 2023,17,Çanakkale,İYİ Parti,65927,16.3,1,
2023,14 Mayıs 2023,17,Çanakkale,MHP,26775,6.62,0,
2023,14 Mayıs 2023,17,Çanakkale,YEŞİL SOL,8844,2.19,0,
2023,14 Mayıs 2023,17,Çanakkale,ZP,7908,1.96,0,
2023,14 Mayıs 2023,17,Çanakkale,TİP,5224,1.29,0,
2023,14 Mayıs 2023,17,Çanakkale,MEMLEKET,4111,1.02,0,
2023,14 Mayıs 2023,17,Çanakkale,YENİDEN REFAH,3967,0.98,0,
2023,14 Mayıs 2023,17,Çanakkale,AP23,1292,0.32,0,
2023,14 Mayıs 2023,17,Çanakkale,BBP,1712,0.42,0,
2023,14 Mayıs 2023,17,Çanakkale,ANAP,883,0.22,0,
2023,14 Mayıs 2023,17,Çanakkale,GP,1189,0.29,0,
2023,14 Mayıs 2023,17,Çanakkale,AB,624,0.15,0,
2023,14 Mayıs 2023,17,Çanakkale,TKP,565,0.14,0,
2023,14 Mayıs 2023,17,Çanakkale,VATAN,457,0.11,0,
2023,14 Mayıs 2023,17,Çanakkale,MP92,403,0.1,0,
2023,14 Mayıs 2023,17,Çanakkale,GBP,439,0.11,0,
2023,14 Mayıs 2023,17,Çanakkale,SOL PARTİ,251,0.06,0,
2023,14 Mayıs 2023,17,Çanakkale,HAK-PAR,439,0.11,0,
2023,14 Mayıs 2023,17,Çanakkale,HKP,324,0.08,0,
2023,14 Mayıs 2023,17,Çanakkale,MİLLİYOL,124,0.03,0,
2023,14 Mayıs 2023,17,Çanakkale,Bağımsız,259,0.06,0,
2023,14 Mayıs 2023,17,Çanakkale,TKH,152,0.04,0,
2023,14 Mayıs 2023,17,Çanakkale,YP,88,0.02,0,
2023,14 Mayıs 2023,18,Çankırı,AK Parti,54025,42.73,1,EVET
2023,14 Mayıs 2023,18,Çankırı,MHP,39385,31.15,1,
2023,14 Mayıs 2023,18,Çankırı,İYİ Parti,22392,17.71,0,
2023,14 Mayıs 2023,18,Çankırı,YENİDEN REFAH,3802,3.01,0,
2023,14 Mayıs 2023,18,Çankırı,ZP,1905,1.51,0,
2023,14 Mayıs 2023,18,Çankırı,BBP,1266,1.0,0,
2023,14 Mayıs 2023,18,Çankırı,MEMLEKET,571,0.45,0,
2023,14 Mayıs 2023,18,Çankırı,AP23,342,0.27,0,
2023,14 Mayıs 2023,18,Çankırı,ANAP,275,0.22,0,
2023,14 Mayıs 2023,18,Çankırı,VATAN,147,0.12,0,
2023,14 Mayıs 2023,18,Çankırı,TİP,421,0.33,0,
2023,14 Mayıs 2023,18,Çankırı,HAK-PAR,178,0.14,0,
2023,14 Mayıs 2023,18,Çankırı,MİLLİYOL,77,0.06,0,
2023,14 Mayıs 2023,18,Çankırı,MP92,149,0.12,0,
2023,14 Mayıs 2023,18,Çankırı,GP,162,0.13,0,
2023,14 Mayıs 2023,18,Çankırı,YEŞİL SOL,789,0.62,0,
2023,14 Mayıs 2023,18,Çankırı,SOL PARTİ,119,0.09,0,
2023,14 Mayıs 2023,18,Çankırı,HKP,83,0.07,0,
2023,14 Mayıs 2023,18,Çankırı,TKP,78,0.06,0,
2023,14 Mayıs 2023,18,Çankırı,Bağımsız,38,0.03,0,
2023,14 Mayıs 2023,18,Çankırı,YP,95,0.08,0,
2023,14 Mayıs 2023,18,Çankırı,TKH,35,0.03,0,
2023,14 Mayıs 2023,19,Çorum,AK Parti,147470,40.31,2,EVET
2023,14 Mayıs 2023,19,Çorum,CHP,112588,30.78,1,
2023,14 Mayıs 2023,19,Çorum,MHP,73738,20.16,1,
2023,14 Mayıs 2023,19,Çorum,YENİDEN REFAH,11972,3.27,0,
2023,14 Mayıs 2023,19,Çorum,ZP,5435,1.49,0,
2023,14 Mayıs 2023,19,Çorum,BBP,2783,0.76,0,
2023,14 Mayıs 2023,19,Çorum,MEMLEKET,1964,0.54,0,
2023,14 Mayıs 2023,19,Çorum,YEŞİL SOL,2646,0.72,0,
2023,14 Mayıs 2023,19,Çorum,AP23,1371,0.37,0,
2023,14 Mayıs 2023,19,Çorum,TİP,1626,0.44,0,
2023,14 Mayıs 2023,19,Çorum,ANAP,703,0.19,0,
2023,14 Mayıs 2023,19,Çorum,VATAN,661,0.18,0,
2023,14 Mayıs 2023,19,Çorum,MP92,440,0.12,0,
2023,14 Mayıs 2023,19,Çorum,HAK-PAR,488,0.13,0,
2023,14 Mayıs 2023,19,Çorum,HKP,252,0.07,0,
2023,14 Mayıs 2023,19,Çorum,TKP,296,0.08,0,
2023,14 Mayıs 2023,19,Çorum,MİLLİYOL,185,0.05,0,
2023,14 Mayıs 2023,19,Çorum,GP,462,0.13,0,
2023,14 Mayıs 2023,19,Çorum,SOL PARTİ,144,0.04,0,
2023,14 Mayıs 2023,19,Çorum,TKH,91,0.02,0,
2023,14 Mayıs 2023,19,Çorum,YP,103,0.03,0,
2023,14 Mayıs 2023,19,Çorum,Bağımsız,380,0.1,0,
2023,14 Mayıs 2023,20,Denizli,AK Parti,249271,33.99,3,EVET
2023,14 Mayıs 2023,20,Denizli,CHP,233980,31.9,3,
2023,14 Mayıs 2023,20,Denizli,İYİ Parti,103118,14.06,1,
2023,14 Mayıs 2023,20,Denizli,MHP,62061,8.46,0,
2023,14 Mayıs 2023,20,Denizli,ZP,18505,2.52,0,
2023,14 Mayıs 2023,20,Denizli,MEMLEKET,9892,1.35,0,
2023,14 Mayıs 2023,20,Denizli,YENİDEN REFAH,9949,1.36,0,
2023,14 Mayıs 2023,20,Denizli,BBP,10343,1.41,0,
2023,14 Mayıs 2023,20,Denizli,TİP,7885,1.08,0,
2023,14 Mayıs 2023,20,Denizli,YEŞİL SOL,19190,2.62,0,
2023,14 Mayıs 2023,20,Denizli,TKP,518,0.07,0,
2023,14 Mayıs 2023,20,Denizli,GP,2814,0.38,0,
2023,14 Mayıs 2023,20,Denizli,MP92,1025,0.14,0,
2023,14 Mayıs 2023,20,Denizli,HKP,479,0.07,0,
2023,14 Mayıs 2023,20,Denizli,TKH,200,0.03,0,
2023,14 Mayıs 2023,20,Denizli,VATAN,1044,0.14,0,
2023,14 Mayıs 2023,20,Denizli,HAK-PAR,610,0.08,0,
2023,14 Mayıs 2023,20,Denizli,GBP,625,0.09,0,
2023,14 Mayıs 2023,20,Denizli,YP,270,0.04,0,
2023,14 Mayıs 2023,20,Denizli,Bağımsız,267,0.04,0,
2023,14 Mayıs 2023,20,Denizli,SOL PARTİ,622,0.08,0,
2023,14 Mayıs 2023,21,Diyarbakır,YEŞİL SOL,564336,60.93,8,EVET
2023,14 Mayıs 2023,21,Diyarbakır,AK Parti,215069,23.22,3,
2023,14 Mayıs 2023,21,Diyarbakır,CHP,76293,8.24,1,
2023,14 Mayıs 2023,21,Diyarbakır,YENİDEN REFAH,14399,1.55,0,
2023,14 Mayıs 2023,21,Diyarbakır,İYİ Parti,21112,2.28,0,
2023,14 Mayıs 2023,21,Diyarbakır,MHP,13740,1.48,0,
2023,14 Mayıs 2023,21,Diyarbakır,SOL PARTİ,5237,0.57,0,
2023,14 Mayıs 2023,21,Diyarbakır,MEMLEKET,3835,0.41,0,
2023,14 Mayıs 2023,21,Diyarbakır,BBP,1955,0.21,0,
2023,14 Mayıs 2023,21,Diyarbakır,HAK-PAR,1792,0.19,0,
2023,14 Mayıs 2023,21,Diyarbakır,YP,1150,0.12,0,
2023,14 Mayıs 2023,21,Diyarbakır,TKP,1018,0.11,0,
2023,14 Mayıs 2023,21,Diyarbakır,GP,875,0.09,0,
2023,14 Mayıs 2023,21,Diyarbakır,HKP,617,0.07,0,
2023,14 Mayıs 2023,21,Diyarbakır,GBP,724,0.08,0,
2023,14 Mayıs 2023,21,Diyarbakır,VATAN,595,0.06,0,
2023,14 Mayıs 2023,21,Diyarbakır,TKH,348,0.04,0,
2023,14 Mayıs 2023,21,Diyarbakır,MP92,503,0.05,0,
2023,14 Mayıs 2023,21,Diyarbakır,MİLLİYOL,363,0.04,0,
2023,14 Mayıs 2023,21,Diyarbakır,Bağımsız,1604,0.17,0,
2023,14 Mayıs 2023,22,Edirne,CHP,114660,39.38,2,EVET
2023,14 Mayıs 2023,22,Edirne,AK Parti,69381,23.83,1,
2023,14 Mayıs 2023,22,Edirne,İYİ Parti,59581,20.46,1,
2023,14 Mayıs 2023,22,Edirne,YEŞİL SOL,5974,2.05,0,
2023,14 Mayıs 2023,22,Edirne,MHP,22513,7.73,0,
2023,14 Mayıs 2023,22,Edirne,ZP,4255,1.46,0,
2023,14 Mayıs 2023,22,Edirne,MEMLEKET,2501,0.86,0,
2023,14 Mayıs 2023,22,Edirne,TİP,3228,1.11,0,
2023,14 Mayıs 2023,22,Edirne,YENİDEN REFAH,1998,0.69,0,
2023,14 Mayıs 2023,22,Edirne,GP,1592,0.55,0,
2023,14 Mayıs 2023,22,Edirne,SOL PARTİ,418,0.14,0,
2023,14 Mayıs 2023,22,Edirne,MİLLİYOL,285,0.1,0,
2023,14 Mayıs 2023,22,Edirne,BBP,666,0.23,0,
2023,14 Mayıs 2023,22,Edirne,HKP,347,0.12,0,
2023,14 Mayıs 2023,22,Edirne,VATAN,500,0.17,0,
2023,14 Mayıs 2023,22,Edirne,HAK-PAR,371,0.13,0,
2023,14 Mayıs 2023,22,Edirne,AP23,718,0.25,0,
2023,14 Mayıs 2023,22,Edirne,MP92,366,0.13,0,
2023,14 Mayıs 2023,22,Edirne,ANAP,525,0.18,0,
2023,14 Mayıs 2023,22,Edirne,AB,300,0.1,0,
2023,14 Mayıs 2023,22,Edirne,YP,90,0.03,0,
2023,14 Mayıs 2023,22,Edirne,TKH,108,0.04,0,
2023,14 Mayıs 2023,22,Edirne,TKP,263,0.09,0,
2023,14 Mayıs 2023,22,Edirne,Bağımsız,212,0.07,0,
2023,14 Mayıs 2023,23,Elazığ,AK Parti,148894,40.43,3,EVET
2023,14 Mayıs 2023,23,Elazığ,CHP,76364,20.73,1,
2023,14 Mayıs 2023,23,Elazığ,Bağımsız,44700,12.14,0,
2023,14 Mayıs 2023,23,Elazığ,YEŞİL SOL,26290,7.14,0,
2023,14 Mayıs 2023,23,Elazığ,MHP,42287,11.48,1,
2023,14 Mayıs 2023,23,Elazığ,YENİDEN REFAH,13327,3.62,0,
2023,14 Mayıs 2023,23,Elazığ,İYİ Parti,8868,2.41,0,
2023,14 Mayıs 2023,23,Elazığ,ZP,1952,0.53,0,
2023,14 Mayıs 2023,23,Elazığ,BBP,1411,0.38,0,
2023,14 Mayıs 2023,23,Elazığ,ANAP,709,0.19,0,
2023,14 Mayıs 2023,23,Elazığ,MEMLEKET,785,0.21,0,
2023,14 Mayıs 2023,23,Elazığ,HKP,220,0.06,0,
2023,14 Mayıs 2023,23,Elazığ,SOL PARTİ,503,0.14,0,
2023,14 Mayıs 2023,23,Elazığ,VATAN,460,0.12,0,
2023,14 Mayıs 2023,23,Elazığ,TKH,103,0.03,0,
2023,14 Mayıs 2023,23,Elazığ,YP,66,0.02,0,
2023,14 Mayıs 2023,23,Elazığ,GP,177,0.05,0,
2023,14 Mayıs 2023,23,Elazığ,HAK-PAR,337,0.09,0,
2023,14 Mayıs 2023,23,Elazığ,MİLLİYOL,109,0.03,0,
2023,14 Mayıs 2023,23,Elazığ,MP92,149,0.04,0,
2023,14 Mayıs 2023,23,Elazığ,TKP,204,0.06,0,
2023,14 Mayıs 2023,24,Erzincan,CHP,56110,35.93,1,
2023,14 Mayıs 2023,24,Erzincan,AK Parti,60388,38.67,1,EVET
2023,14 Mayıs 2023,24,Erzincan,MHP,30669,19.64,0,
2023,14 Mayıs 2023,24,Erzincan,YENİDEN REFAH,2263,1.45,0,
2023,14 Mayıs 2023,24,Erzincan,YEŞİL SOL,2077,1.33,0,
2023,14 Mayıs 2023,24,Erzincan,ZP,1479,0.95,0,
2023,14 Mayıs 2023,24,Erzincan,BBP,554,0.35,0,
2023,14 Mayıs 2023,24,Erzincan,AP23,324,0.21,0,
2023,14 Mayıs 2023,24,Erzincan,ANAP,308,0.2,0,
2023,14 Mayıs 2023,24,Erzincan,TİP,519,0.33,0,
2023,14 Mayıs 2023,24,Erzincan,Bağımsız,275,0.18,0,
2023,14 Mayıs 2023,24,Erzincan,MEMLEKET,430,0.28,0,
2023,14 Mayıs 2023,24,Erzincan,HKP,65,0.04,0,
2023,14 Mayıs 2023,24,Erzincan,GBP,95,0.06,0,
2023,14 Mayıs 2023,24,Erzincan,VATAN,77,0.05,0,
2023,14 Mayıs 2023,24,Erzincan,TKP,42,0.03,0,
2023,14 Mayıs 2023,24,Erzincan,GP,71,0.05,0,
2023,14 Mayıs 2023,24,Erzincan,YP,15,0.01,0,
2023,14 Mayıs 2023,24,Erzincan,HAK-PAR,73,0.05,0,
2023,14 Mayıs 2023,24,Erzincan,MP92,60,0.04,0,
2023,14 Mayıs 2023,24,Erzincan,SOL PARTİ,74,0.05,0,
2023,14 Mayıs 2023,24,Erzincan,TKH,26,0.02,0,
2023,14 Mayıs 2023,25,Erzurum,YEŞİL SOL,43931,9.9,1,
2023,14 Mayıs 2023,25,Erzurum,AK Parti,192238,43.32,4,EVET
2023,14 Mayıs 2023,25,Erzurum,CHP,31223,7.04,0,
2023,14 Mayıs 2023,25,Erzurum,İYİ Parti,42142,9.5,0,
2023,14 Mayıs 2023,25,Erzurum,MHP,73952,16.67,1,
2023,14 Mayıs 2023,25,Erzurum,YENİDEN REFAH,21824,4.92,0,
2023,14 Mayıs 2023,25,Erzurum,SOL PARTİ,829,0.19,0,
2023,14 Mayıs 2023,25,Erzurum,ZP,10324,2.33,0,
2023,14 Mayıs 2023,25,Erzurum,MEMLEKET,2148,0.48,0,
2023,14 Mayıs 2023,25,Erzurum,BBP,7608,1.71,0,
2023,14 Mayıs 2023,25,Erzurum,Bağımsız,13168,2.97,0,
2023,14 Mayıs 2023,25,Erzurum,AP23,1001,0.23,0,
2023,14 Mayıs 2023,25,Erzurum,AB,715,0.16,0,
2023,14 Mayıs 2023,25,Erzurum,VATAN,308,0.07,0,
2023,14 Mayıs 2023,25,Erzurum,HKP,291,0.07,0,
2023,14 Mayıs 2023,25,Erzurum,TKP,379,0.09,0,
2023,14 Mayıs 2023,25,Erzurum,MP92,304,0.07,0,
2023,14 Mayıs 2023,25,Erzurum,HAK-PAR,373,0.08,0,
2023,14 Mayıs 2023,25,Erzurum,YP,109,0.02,0,
2023,14 Mayıs 2023,25,Erzurum,TKH,127,0.03,0,
2023,14 Mayıs 2023,25,Erzurum,MİLLİYOL,273,0.06,0,
2023,14 Mayıs 2023,26,Eskişehir,AK Parti,210650,33.15,2,
2023,14 Mayıs 2023,26,Eskişehir,CHP,216397,34.06,3,EVET
2023,14 Mayıs 2023,26,Eskişehir,İYİ Parti,87762,13.81,1,
2023,14 Mayıs 2023,26,Eskişehir,MHP,46453,7.31,0,
2023,14 Mayıs 2023,26,Eskişehir,ZP,18622,2.93,0,
2023,14 Mayıs 2023,26,Eskişehir,YENİDEN REFAH,9051,1.42,0,
2023,14 Mayıs 2023,26,Eskişehir,YEŞİL SOL,14143,2.23,0,
2023,14 Mayıs 2023,26,Eskişehir,TİP,10552,1.66,0,
2023,14 Mayıs 2023,26,Eskişehir,BBP,6867,1.08,0,
2023,14 Mayıs 2023,26,Eskişehir,MEMLEKET,7891,1.24,0,
2023,14 Mayıs 2023,26,Eskişehir,GP,1982,0.31,0,
2023,14 Mayıs 2023,26,Eskişehir,TKP,697,0.11,0,
2023,14 Mayıs 2023,26,Eskişehir,MP92,836,0.13,0,
2023,14 Mayıs 2023,26,Eskişehir,VATAN,568,0.09,0,
2023,14 Mayıs 2023,26,Eskişehir,HKP,286,0.05,0,
2023,14 Mayıs 2023,26,Eskişehir,HAK-PAR,342,0.05,0,
2023,14 Mayıs 2023,26,Eskişehir,TKH,159,0.03,0,
2023,14 Mayıs 2023,26,Eskişehir,GBP,418,0.07,0,
2023,14 Mayıs 2023,26,Eskişehir,MİLLİYOL,215,0.03,0,
2023,14 Mayıs 2023,26,Eskişehir,Bağımsız,348,0.05,0,
2023,14 Mayıs 2023,26,Eskişehir,SOL PARTİ,402,0.06,0,
2023,14 Mayıs 2023,26,Eskişehir,YP,117,0.02,0,
2023,14 Mayıs 2023,27,Gaziantep,AK Parti,525901,44.91,8,EVET
2023,14 Mayıs 2023,27,Gaziantep,CHP,238356,20.35,3,
2023,14 Mayıs 2023,27,Gaziantep,MHP,113802,9.72,1,
2023,14 Mayıs 2023,27,Gaziantep,İYİ Parti,63379,5.41,1,
2023,14 Mayıs 2023,27,Gaziantep,ZP,37611,3.21,0,
2023,14 Mayıs 2023,27,Gaziantep,YENİDEN REFAH,47818,4.08,0,
2023,14 Mayıs 2023,27,Gaziantep,YEŞİL SOL,106873,9.13,1,
2023,14 Mayıs 2023,27,Gaziantep,MEMLEKET,8453,0.72,0,
2023,14 Mayıs 2023,27,Gaziantep,SOL PARTİ,1856,0.16,0,
2023,14 Mayıs 2023,27,Gaziantep,BBP,7916,0.68,0,
2023,14 Mayıs 2023,27,Gaziantep,AP23,2523,0.22,0,
2023,14 Mayıs 2023,27,Gaziantep,ANAP,2081,0.18,0,
2023,14 Mayıs 2023,27,Gaziantep,AB,1656,0.14,0,
2023,14 Mayıs 2023,27,Gaziantep,MİLLİYOL,776,0.07,0,
2023,14 Mayıs 2023,27,Gaziantep,Bağımsız,4302,0.37,0,
2023,14 Mayıs 2023,27,Gaziantep,GBP,857,0.07,0,
2023,14 Mayıs 2023,27,Gaziantep,HAK-PAR,810,0.07,0,
2023,14 Mayıs 2023,27,Gaziantep,TKP,1302,0.11,0,
2023,14 Mayıs 2023,27,Gaziantep,VATAN,658,0.06,0,
2023,14 Mayıs 2023,27,Gaziantep,MP92,1548,0.13,0,
2023,14 Mayıs 2023,27,Gaziantep,HKP,544,0.05,0,
2023,14 Mayıs 2023,27,Gaziantep,YP,406,0.03,0,
2023,14 Mayıs 2023,27,Gaziantep,TKH,350,0.03,0,
2023,14 Mayıs 2023,28,Giresun,AK Parti,133759,43.13,2,EVET
2023,14 Mayıs 2023,28,Giresun,CHP,64082,20.66,1,
2023,14 Mayıs 2023,28,Giresun,MHP,48431,15.61,1,
2023,14 Mayıs 2023,28,Giresun,İYİ Parti,39418,12.71,0,
2023,14 Mayıs 2023,28,Giresun,YENİDEN REFAH,7630,2.46,0,
2023,14 Mayıs 2023,28,Giresun,ZP,4653,1.5,0,
2023,14 Mayıs 2023,28,Giresun,MEMLEKET,2399,0.77,0,
2023,14 Mayıs 2023,28,Giresun,BBP,1775,0.57,0,
2023,14 Mayıs 2023,28,Giresun,AP23,1445,0.47,0,
2023,14 Mayıs 2023,28,Giresun,TİP,1614,0.52,0,
2023,14 Mayıs 2023,28,Giresun,YEŞİL SOL,1750,0.56,0,
2023,14 Mayıs 2023,28,Giresun,HAK-PAR,568,0.18,0,
2023,14 Mayıs 2023,28,Giresun,Bağımsız,383,0.12,0,
2023,14 Mayıs 2023,28,Giresun,MP92,320,0.1,0,
2023,14 Mayıs 2023,28,Giresun,HKP,315,0.1,0,
2023,14 Mayıs 2023,28,Giresun,SOL PARTİ,181,0.06,0,
2023,14 Mayıs 2023,28,Giresun,VATAN,308,0.1,0,
2023,14 Mayıs 2023,28,Giresun,TKP,315,0.1,0,
2023,14 Mayıs 2023,28,Giresun,MİLLİYOL,156,0.05,0,
2023,14 Mayıs 2023,28,Giresun,GBP,202,0.07,0,
2023,14 Mayıs 2023,28,Giresun,TKH,87,0.03,0,
2023,14 Mayıs 2023,28,Giresun,YP,48,0.02,0,
2023,14 Mayıs 2023,29,Gümüşhane,AK Parti,38347,47.78,1,EVET
2023,14 Mayıs 2023,29,Gümüşhane,MHP,21222,26.44,1,
2023,14 Mayıs 2023,29,Gümüşhane,İYİ Parti,14697,18.31,0,
2023,14 Mayıs 2023,29,Gümüşhane,YENİDEN REFAH,2154,2.68,0,
2023,14 Mayıs 2023,29,Gümüşhane,ZP,866,1.08,0,
2023,14 Mayıs 2023,29,Gümüşhane,BBP,653,0.81,0,
2023,14 Mayıs 2023,29,Gümüşhane,YEŞİL SOL,503,0.63,0,
2023,14 Mayıs 2023,29,Gümüşhane,MEMLEKET,405,0.5,0,
2023,14 Mayıs 2023,29,Gümüşhane,TİP,287,0.36,0,
2023,14 Mayıs 2023,29,Gümüşhane,ANAP,199,0.25,0,
2023,14 Mayıs 2023,29,Gümüşhane,AP23,140,0.17,0,
2023,14 Mayıs 2023,29,Gümüşhane,MİLLİYOL,73,0.09,0,
2023,14 Mayıs 2023,29,Gümüşhane,AB,113,0.14,0,
2023,14 Mayıs 2023,29,Gümüşhane,HAK-PAR,72,0.09,0,
2023,14 Mayıs 2023,29,Gümüşhane,YP,25,0.03,0,
2023,14 Mayıs 2023,29,Gümüşhane,MP92,107,0.13,0,
2023,14 Mayıs 2023,29,Gümüşhane,HKP,53,0.07,0,
2023,14 Mayıs 2023,29,Gümüşhane,TKP,46,0.06,0,
2023,14 Mayıs 2023,29,Gümüşhane,GBP,56,0.07,0,
2023,14 Mayıs 2023,29,Gümüşhane,VATAN,42,0.05,0,
2023,14 Mayıs 2023,29,Gümüşhane,SOL PARTİ,52,0.06,0,
2023,14 Mayıs 2023,29,Gümüşhane,Bağımsız,23,0.03,0,
2023,14 Mayıs 2023,29,Gümüşhane,TKH,27,0.03,0,
2023,14 Mayıs 2023,30,Hakkari,YEŞİL SOL,95810,62.45,3,EVET
2023,14 Mayıs 2023,30,Hakkari,AK Parti,31644,20.63,0,
2023,14 Mayıs 2023,30,Hakkari,CHP,11122,7.25,0,
2023,14 Mayıs 2023,30,Hakkari,MHP,4592,2.99,0,
2023,14 Mayıs 2023,30,Hakkari,YENİDEN REFAH,3021,1.97,0,
2023,14 Mayıs 2023,30,Hakkari,MEMLEKET,1128,0.74,0,
2023,14 Mayıs 2023,30,Hakkari,SOL PARTİ,931,0.61,0,
2023,14 Mayıs 2023,30,Hakkari,Bağımsız,2890,1.88,0,
2023,14 Mayıs 2023,30,Hakkari,BBP,450,0.29,0,
2023,14 Mayıs 2023,30,Hakkari,AP23,350,0.23,0,
2023,14 Mayıs 2023,30,Hakkari,HAK-PAR,214,0.14,0,
2023,14 Mayıs 2023,30,Hakkari,ANAP,321,0.21,0,
2023,14 Mayıs 2023,30,Hakkari,MP92,143,0.09,0,
2023,14 Mayıs 2023,30,Hakkari,VATAN,134,0.09,0,
2023,14 Mayıs 2023,30,Hakkari,HKP,143,0.09,0,
2023,14 Mayıs 2023,30,Hakkari,TKP,126,0.08,0,
2023,14 Mayıs 2023,30,Hakkari,GBP,158,0.1,0,
2023,14 Mayıs 2023,30,Hakkari,TKH,68,0.04,0,
2023,14 Mayıs 2023,30,Hakkari,YP,61,0.04,0,
2023,14 Mayıs 2023,31,Hatay,AK Parti,303292,33.91,4,EVET
2023,14 Mayıs 2023,31,Hatay,CHP,253886,28.39,4,
2023,14 Mayıs 2023,31,Hatay,MHP,109143,12.2,1,
2023,14 Mayıs 2023,31,Hatay,YEŞİL SOL,29075,3.25,0,
2023,14 Mayıs 2023,31,Hatay,İYİ Parti,71728,8.02,1,
2023,14 Mayıs 2023,31,Hatay,ZP,11521,1.29,0,
2023,14 Mayıs 2023,31,Hatay,TİP,76580,8.56,1,
2023,14 Mayıs 2023,31,Hatay,YENİDEN REFAH,16391,1.83,0,
2023,14 Mayıs 2023,31,Hatay,MEMLEKET,4343,0.49,0,
2023,14 Mayıs 2023,31,Hatay,BBP,7847,0.88,0,
2023,14 Mayıs 2023,31,Hatay,GP,1260,0.14,0,
2023,14 Mayıs 2023,31,Hatay,SOL PARTİ,1198,0.13,0,
2023,14 Mayıs 2023,31,Hatay,VATAN,532,0.06,0,
2023,14 Mayıs 2023,31,Hatay,HKP,428,0.05,0,
2023,14 Mayıs 2023,31,Hatay,TKP,2498,0.28,0,
2023,14 Mayıs 2023,31,Hatay,MP92,591,0.07,0,
2023,14 Mayıs 2023,31,Hatay,HAK-PAR,424,0.05,0,
2023,14 Mayıs 2023,31,Hatay,GBP,637,0.07,0,
2023,14 Mayıs 2023,31,Hatay,Bağımsız,1423,0.16,0,
2023,14 Mayıs 2023,31,Hatay,YP,276,0.03,0,
2023,14 Mayıs 2023,31,Hatay,TKH,453,0.05,0,
2023,14 Mayıs 2023,32,Isparta,AK Parti,96636,32.7,2,EVET
2023,14 Mayıs 2023,32,Isparta,CHP,65786,22.26,1,
2023,14 Mayıs 2023,32,Isparta,MHP,60266,20.39,1,
2023,14 Mayıs 2023,32,Isparta,İYİ Parti,48272,16.33,0,
2023,14 Mayıs 2023,32,Isparta,ZP,5598,1.89,0,
2023,14 Mayıs 2023,32,Isparta,YEŞİL SOL,2957,1.0,0,
2023,14 Mayıs 2023,32,Isparta,YENİDEN REFAH,5385,1.82,0,
2023,14 Mayıs 2023,32,Isparta,MEMLEKET,2481,0.84,0,
2023,14 Mayıs 2023,32,Isparta,BBP,1553,0.53,0,
2023,14 Mayıs 2023,32,Isparta,AP23,1126,0.38,0,
2023,14 Mayıs 2023,32,Isparta,Bağımsız,1293,0.44,0,
2023,14 Mayıs 2023,32,Isparta,VATAN,384,0.13,0,
2023,14 Mayıs 2023,32,Isparta,MP92,335,0.11,0,
2023,14 Mayıs 2023,32,Isparta,TİP,1186,0.4,0,
2023,14 Mayıs 2023,32,Isparta,ANAP,477,0.16,0,
2023,14 Mayıs 2023,32,Isparta,HAK-PAR,266,0.09,0,
2023,14 Mayıs 2023,32,Isparta,TKH,85,0.03,0,
2023,14 Mayıs 2023,32,Isparta,TKP,204,0.07,0,
2023,14 Mayıs 2023,32,Isparta,GP,495,0.17,0,
2023,14 Mayıs 2023,32,Isparta,MİLLİYOL,134,0.05,0,
2023,14 Mayıs 2023,32,Isparta,HKP,189,0.06,0,
2023,14 Mayıs 2023,32,Isparta,SOL PARTİ,73,0.02,0,
2023,14 Mayıs 2023,32,Isparta,YP,63,0.02,0,
2023,14 Mayıs 2023,33,Mersin,YEŞİL SOL,165131,13.23,2,
2023,14 Mayıs 2023,33,Mersin,CHP,385460,30.89,5,EVET
2023,14 Mayıs 2023,33,Mersin,AK Parti,311422,24.96,4,
2023,14 Mayıs 2023,33,Mersin,MHP,149627,11.99,1,
2023,14 Mayıs 2023,33,Mersin,İYİ Parti,147707,11.84,1,
2023,14 Mayıs 2023,33,Mersin,TİP,25251,2.02,0,
2023,14 Mayıs 2023,33,Mersin,ZP,22131,1.77,0,
2023,14 Mayıs 2023,33,Mersin,YENİDEN REFAH,11437,0.92,0,
2023,14 Mayıs 2023,33,Mersin,MEMLEKET,8563,0.69,0,
2023,14 Mayıs 2023,33,Mersin,BBP,5481,0.44,0,
2023,14 Mayıs 2023,33,Mersin,SOL PARTİ,1965,0.16,0,
2023,14 Mayıs 2023,33,Mersin,GP,2618,0.21,0,
2023,14 Mayıs 2023,33,Mersin,AP23,2589,0.21,0,
2023,14 Mayıs 2023,33,Mersin,GBP,894,0.07,0,
2023,14 Mayıs 2023,33,Mersin,TKP,1214,0.1,0,
2023,14 Mayıs 2023,33,Mersin,AB,1230,0.1,0,
2023,14 Mayıs 2023,33,Mersin,MP92,959,0.08,0,
2023,14 Mayıs 2023,33,Mersin,HAK-PAR,798,0.06,0,
2023,14 Mayıs 2023,33,Mersin,VATAN,864,0.07,0,
2023,14 Mayıs 2023,33,Mersin,HKP,542,0.04,0,
2023,14 Mayıs 2023,33,Mersin,TKH,328,0.03,0,
2023,14 Mayıs 2023,33,Mersin,YP,199,0.02,0,
2023,14 Mayıs 2023,33,Mersin,Bağımsız,84,0.01,0,
2023,14 Mayıs 2023,34,İstanbul,CHP,2952880,28.33,31,
2023,14 Mayıs 2023,34,İstanbul,AK Parti,3758031,36.06,40,EVET
2023,14 Mayıs 2023,34,İstanbul,İYİ Parti,840891,8.07,8,
2023,14 Mayıs 2023,34,İstanbul,YEŞİL SOL,853161,8.19,8,
2023,14 Mayıs 2023,34,İstanbul,MHP,650886,6.24,5,
2023,14 Mayıs 2023,34,İstanbul,TİP,420740,4.04,3,
2023,14 Mayıs 2023,34,İstanbul,ZP,286007,2.74,0,
2023,14 Mayıs 2023,34,İstanbul,YENİDEN REFAH,338753,3.25,3,
2023,14 Mayıs 2023,34,İstanbul,MEMLEKET,101248,0.97,0,
2023,14 Mayıs 2023,34,İstanbul,BBP,83733,0.8,0,
2023,14 Mayıs 2023,34,İstanbul,GP,22474,0.22,0,
2023,14 Mayıs 2023,34,İstanbul,SOL PARTİ,12382,0.12,0,
2023,14 Mayıs 2023,34,İstanbul,Bağımsız,9614,0.09,0,
2023,14 Mayıs 2023,34,İstanbul,TKP,11388,0.11,0,
2023,14 Mayıs 2023,34,İstanbul,ANAP,12836,0.12,0,
2023,14 Mayıs 2023,34,İstanbul,VATAN,7183,0.07,0,
2023,14 Mayıs 2023,34,İstanbul,AB,8335,0.08,0,
2023,14 Mayıs 2023,34,İstanbul,MP92,7269,0.07,0,
2023,14 Mayıs 2023,34,İstanbul,GBP,5655,0.05,0,
2023,14 Mayıs 2023,34,İstanbul,HAK-PAR,4125,0.04,0,
2023,14 Mayıs 2023,34,İstanbul,TKH,3078,0.03,0,
2023,14 Mayıs 2023,34,İstanbul,MİLLİYOL,2589,0.02,0,
2023,14 Mayıs 2023,34,İstanbul,HKP,3380,0.03,0,
2023,14 Mayıs 2023,34,İstanbul,YP,676,0.01,0,
2023,14 Mayıs 2023,34,İstanbul,AP23,13959,0.13,0,
2023,14 Mayıs 2023,35,İzmir,CHP,1285263,40.9,14,EVET
2023,14 Mayıs 2023,35,İzmir,AK Parti,793908,25.26,8,
2023,14 Mayıs 2023,35,İzmir,İYİ Parti,357814,11.39,3,
2023,14 Mayıs 2023,35,İzmir,MHP,168679,5.37,1,
2023,14 Mayıs 2023,35,İzmir,TİP,86729,2.76,0,
2023,14 Mayıs 2023,35,İzmir,ZP,72064,2.29,0,
2023,14 Mayıs 2023,35,İzmir,MEMLEKET,36240,1.15,0,
2023,14 Mayıs 2023,35,İzmir,Bağımsız,3933,0.13,0,
2023,14 Mayıs 2023,35,İzmir,YENİDEN REFAH,28093,0.89,0,
2023,14 Mayıs 2023,35,İzmir,AP23,8044,0.26,0,
2023,14 Mayıs 2023,35,İzmir,BBP,14114,0.45,0,
2023,14 Mayıs 2023,35,İzmir,VATAN,3437,0.11,0,
2023,14 Mayıs 2023,35,İzmir,YEŞİL SOL,236991,7.54,2,
2023,14 Mayıs 2023,35,İzmir,GP,12633,0.4,0,
2023,14 Mayıs 2023,35,İzmir,AB,2984,0.09,0,
2023,14 Mayıs 2023,35,İzmir,HAK-PAR,1650,0.05,0,
2023,14 Mayıs 2023,35,İzmir,GBP,3457,0.11,0,
2023,14 Mayıs 2023,35,İzmir,MP92,2977,0.09,0,
2023,14 Mayıs 2023,35,İzmir,ANAP,3881,0.12,0,
2023,14 Mayıs 2023,35,İzmir,TKP,7286,0.23,0,
2023,14 Mayıs 2023,35,İzmir,HKP,1517,0.05,0,
2023,14 Mayıs 2023,35,İzmir,TKH,1566,0.05,0,
2023,14 Mayıs 2023,35,İzmir,MİLLİYOL,791,0.03,0,
2023,14 Mayıs 2023,35,İzmir,SOL PARTİ,4373,0.14,0,
2023,14 Mayıs 2023,35,İzmir,YP,574,0.02,0,
2023,14 Mayıs 2023,36,Kars,CHP,24089,16.51,1,
2023,14 Mayıs 2023,36,Kars,AK Parti,37661,25.81,1,
2023,14 Mayıs 2023,36,Kars,MHP,14211,9.74,0,
2023,14 Mayıs 2023,36,Kars,İYİ Parti,21728,14.89,0,
2023,14 Mayıs 2023,36,Kars,YEŞİL SOL,40710,27.9,1,EVET
2023,14 Mayıs 2023,36,Kars,YENİDEN REFAH,2853,1.96,0,
2023,14 Mayıs 2023,36,Kars,BBP,858,0.59,0,
2023,14 Mayıs 2023,36,Kars,MEMLEKET,753,0.52,0,
2023,14 Mayıs 2023,36,Kars,AP23,390,0.27,0,
2023,14 Mayıs 2023,36,Kars,SOL PARTİ,746,0.51,0,
2023,14 Mayıs 2023,36,Kars,VATAN,159,0.11,0,
2023,14 Mayıs 2023,36,Kars,HKP,185,0.13,0,
2023,14 Mayıs 2023,36,Kars,TKP,218,0.15,0,
2023,14 Mayıs 2023,36,Kars,GBP,167,0.11,0,
2023,14 Mayıs 2023,36,Kars,GP,173,0.12,0,
2023,14 Mayıs 2023,36,Kars,AB,362,0.25,0,
2023,14 Mayıs 2023,36,Kars,MİLLİYOL,118,0.08,0,
2023,14 Mayıs 2023,36,Kars,HAK-PAR,131,0.09,0,
2023,14 Mayıs 2023,36,Kars,MP92,114,0.08,0,
2023,14 Mayıs 2023,36,Kars,TKH,77,0.05,0,
2023,14 Mayıs 2023,36,Kars,YP,79,0.05,0,
2023,14 Mayıs 2023,36,Kars,Bağımsız,37,0.03,0,
2023,14 Mayıs 2023,37,Kastamonu,AK Parti,118176,45.49,2,EVET
2023,14 Mayıs 2023,37,Kastamonu,CHP,56568,21.78,1,
2023,14 Mayıs 2023,37,Kastamonu,MHP,39037,15.03,0,
2023,14 Mayıs 2023,37,Kastamonu,İYİ Parti,19786,7.62,0,
2023,14 Mayıs 2023,37,Kastamonu,YENİDEN REFAH,10497,4.04,0,
2023,14 Mayıs 2023,37,Kastamonu,ZP,4457,1.72,0,
2023,14 Mayıs 2023,37,Kastamonu,AP23,1366,0.53,0,
2023,14 Mayıs 2023,37,Kastamonu,BBP,2306,0.89,0,
2023,14 Mayıs 2023,37,Kastamonu,ANAP,1139,0.44,0,
2023,14 Mayıs 2023,37,Kastamonu,MEMLEKET,1937,0.75,0,
2023,14 Mayıs 2023,37,Kastamonu,HAK-PAR,395,0.15,0,
2023,14 Mayıs 2023,37,Kastamonu,VATAN,289,0.11,0,
2023,14 Mayıs 2023,37,Kastamonu,TKP,259,0.1,0,
2023,14 Mayıs 2023,37,Kastamonu,HKP,343,0.13,0,
2023,14 Mayıs 2023,37,Kastamonu,MP92,342,0.13,0,
2023,14 Mayıs 2023,37,Kastamonu,GP,467,0.18,0,
2023,14 Mayıs 2023,37,Kastamonu,YEŞİL SOL,1407,0.54,0,
2023,14 Mayıs 2023,37,Kastamonu,MİLLİYOL,159,0.06,0,
2023,14 Mayıs 2023,37,Kastamonu,GBP,188,0.07,0,
2023,14 Mayıs 2023,37,Kastamonu,SOL PARTİ,113,0.04,0,
2023,14 Mayıs 2023,37,Kastamonu,YP,64,0.02,0,
2023,14 Mayıs 2023,37,Kastamonu,TKH,115,0.04,0,
2023,14 Mayıs 2023,37,Kastamonu,Bağımsız,73,0.03,0,
2023,14 Mayıs 2023,38,Kayseri,AK Parti,385747,40.72,5,EVET
2023,14 Mayıs 2023,38,Kayseri,MHP,180088,19.01,2,
2023,14 Mayıs 2023,38,Kayseri,CHP,163381,17.25,2,
2023,14 Mayıs 2023,38,Kayseri,İYİ Parti,94509,9.98,1,
2023,14 Mayıs 2023,38,Kayseri,YENİDEN REFAH,33063,3.49,0,
2023,14 Mayıs 2023,38,Kayseri,ZP,29842,3.15,0,
2023,14 Mayıs 2023,38,Kayseri,BBP,17707,1.87,0,
2023,14 Mayıs 2023,38,Kayseri,Bağımsız,12310,1.3,0,
2023,14 Mayıs 2023,38,Kayseri,MEMLEKET,8335,0.88,0,
2023,14 Mayıs 2023,38,Kayseri,VATAN,1051,0.11,0,
2023,14 Mayıs 2023,38,Kayseri,HAK-PAR,460,0.05,0,
2023,14 Mayıs 2023,38,Kayseri,HKP,419,0.04,0,
2023,14 Mayıs 2023,38,Kayseri,TİP,4469,0.47,0,
2023,14 Mayıs 2023,38,Kayseri,GP,1283,0.14,0,
2023,14 Mayıs 2023,38,Kayseri,MİLLİYOL,653,0.07,0,
2023,14 Mayıs 2023,38,Kayseri,SOL PARTİ,330,0.03,0,
2023,14 Mayıs 2023,38,Kayseri,YEŞİL SOL,10777,1.14,0,
2023,14 Mayıs 2023,38,Kayseri,TKH,139,0.01,0,
2023,14 Mayıs 2023,38,Kayseri,TKP,484,0.05,0,
2023,14 Mayıs 2023,38,Kayseri,MP92,918,0.1,0,
2023,14 Mayıs 2023,38,Kayseri,YP,308,0.03,0,
2023,14 Mayıs 2023,39,Kırklareli,CHP,122373,45.44,2,EVET
2023,14 Mayıs 2023,39,Kırklareli,AK Parti,68052,25.27,1,
2023,14 Mayıs 2023,39,Kırklareli,MHP,13116,4.87,0,
2023,14 Mayıs 2023,39,Kırklareli,İYİ Parti,40980,15.22,0,
2023,14 Mayıs 2023,39,Kırklareli,YEŞİL SOL,5327,1.98,0,
2023,14 Mayıs 2023,39,Kırklareli,ZP,4081,1.52,0,
2023,14 Mayıs 2023,39,Kırklareli,TİP,4829,1.79,0,
2023,14 Mayıs 2023,39,Kırklareli,MEMLEKET,2363,0.88,0,
2023,14 Mayıs 2023,39,Kırklareli,YENİDEN REFAH,1820,0.68,0,
2023,14 Mayıs 2023,39,Kırklareli,AP23,711,0.26,0,
2023,14 Mayıs 2023,39,Kırklareli,BBP,1309,0.49,0,
2023,14 Mayıs 2023,39,Kırklareli,GP,1082,0.4,0,
2023,14 Mayıs 2023,39,Kırklareli,ANAP,484,0.18,0,
2023,14 Mayıs 2023,39,Kırklareli,HAK-PAR,236,0.09,0,
2023,14 Mayıs 2023,39,Kırklareli,GBP,289,0.11,0,
2023,14 Mayıs 2023,39,Kırklareli,MP92,283,0.11,0,
2023,14 Mayıs 2023,39,Kırklareli,HKP,226,0.08,0,
2023,14 Mayıs 2023,39,Kırklareli,VATAN,234,0.09,0,
2023,14 Mayıs 2023,39,Kırklareli,AB,240,0.09,0,
2023,14 Mayıs 2023,39,Kırklareli,SOL PARTİ,344,0.13,0,
2023,14 Mayıs 2023,39,Kırklareli,MİLLİYOL,137,0.05,0,
2023,14 Mayıs 2023,39,Kırklareli,TKH,78,0.03,0,
2023,14 Mayıs 2023,39,Kırklareli,TKP,245,0.09,0,
2023,14 Mayıs 2023,39,Kırklareli,Bağımsız,131,0.05,0,
2023,14 Mayıs 2023,39,Kırklareli,YP,60,0.02,0,
2023,14 Mayıs 2023,40,Kırşehir,AK Parti,59698,38.84,1,EVET
2023,14 Mayıs 2023,40,Kırşehir,CHP,44881,29.2,1,
2023,14 Mayıs 2023,40,Kırşehir,MHP,22830,14.85,0,
2023,14 Mayıs 2023,40,Kırşehir,İYİ Parti,11077,7.21,0,
2023,14 Mayıs 2023,40,Kırşehir,BBP,1491,0.97,0,
2023,14 Mayıs 2023,40,Kırşehir,YENİDEN REFAH,2459,1.6,0,
2023,14 Mayıs 2023,40,Kırşehir,ZP,2913,1.9,0,
2023,14 Mayıs 2023,40,Kırşehir,AP23,539,0.35,0,
2023,14 Mayıs 2023,40,Kırşehir,MEMLEKET,1114,0.72,0,
2023,14 Mayıs 2023,40,Kırşehir,ANAP,396,0.26,0,
2023,14 Mayıs 2023,40,Kırşehir,YEŞİL SOL,4195,2.73,0,
2023,14 Mayıs 2023,40,Kırşehir,VATAN,85,0.06,0,
2023,14 Mayıs 2023,40,Kırşehir,TİP,739,0.48,0,
2023,14 Mayıs 2023,40,Kırşehir,GBP,150,0.1,0,
2023,14 Mayıs 2023,40,Kırşehir,Bağımsız,30,0.02,0,
2023,14 Mayıs 2023,40,Kırşehir,GP,117,0.08,0,
2023,14 Mayıs 2023,40,Kırşehir,MİLLİYOL,209,0.14,0,
2023,14 Mayıs 2023,40,Kırşehir,TKH,33,0.02,0,
2023,14 Mayıs 2023,40,Kırşehir,SOL PARTİ,136,0.09,0,
2023,14 Mayıs 2023,40,Kırşehir,HAK-PAR,108,0.07,0,
2023,14 Mayıs 2023,40,Kırşehir,YP,31,0.02,0,
2023,14 Mayıs 2023,40,Kırşehir,TKP,132,0.09,0,
2023,14 Mayıs 2023,40,Kırşehir,MP92,116,0.08,0,
2023,14 Mayıs 2023,40,Kırşehir,HKP,89,0.06,0,
2023,14 Mayıs 2023,41,Kocaeli,AK Parti,557744,39.7,6,EVET
2023,14 Mayıs 2023,41,Kocaeli,CHP,336732,23.97,4,
2023,14 Mayıs 2023,41,Kocaeli,MHP,118434,8.43,1,
2023,14 Mayıs 2023,41,Kocaeli,YEŞİL SOL,81740,5.82,1,
2023,14 Mayıs 2023,41,Kocaeli,İYİ Parti,133468,9.5,1,
2023,14 Mayıs 2023,41,Kocaeli,YENİDEN REFAH,80614,5.74,1,
2023,14 Mayıs 2023,41,Kocaeli,ZP,43253,3.08,0,
2023,14 Mayıs 2023,41,Kocaeli,MEMLEKET,16826,1.2,0,
2023,14 Mayıs 2023,41,Kocaeli,BBP,15434,1.1,0,
2023,14 Mayıs 2023,41,Kocaeli,GP,3896,0.28,0,
2023,14 Mayıs 2023,41,Kocaeli,AP23,3959,0.28,0,
2023,14 Mayıs 2023,41,Kocaeli,TKP,2184,0.16,0,
2023,14 Mayıs 2023,41,Kocaeli,SOL PARTİ,1455,0.1,0,
2023,14 Mayıs 2023,41,Kocaeli,VATAN,1718,0.12,0,
2023,14 Mayıs 2023,41,Kocaeli,AB,1427,0.1,0,
2023,14 Mayıs 2023,41,Kocaeli,MP92,1442,0.1,0,
2023,14 Mayıs 2023,41,Kocaeli,TKH,547,0.04,0,
2023,14 Mayıs 2023,41,Kocaeli,HAK-PAR,776,0.06,0,
2023,14 Mayıs 2023,41,Kocaeli,Bağımsız,238,0.02,0,
2023,14 Mayıs 2023,41,Kocaeli,MİLLİYOL,921,0.07,0,
2023,14 Mayıs 2023,41,Kocaeli,HKP,620,0.04,0,
2023,14 Mayıs 2023,41,Kocaeli,YP,303,0.02,0,
2023,14 Mayıs 2023,42,Konya,AK Parti,702233,47.95,9,EVET
2023,14 Mayıs 2023,42,Konya,İYİ Parti,126898,8.66,1,
2023,14 Mayıs 2023,42,Konya,MHP,209530,14.31,2,
2023,14 Mayıs 2023,42,Konya,CHP,200415,13.68,2,
2023,14 Mayıs 2023,42,Konya,YENİDEN REFAH,74289,5.07,1,
2023,14 Mayıs 2023,42,Konya,ZP,42503,2.9,0,
2023,14 Mayıs 2023,42,Konya,BBP,29101,1.99,0,
2023,14 Mayıs 2023,42,Konya,YEŞİL SOL,41086,2.81,0,
2023,14 Mayıs 2023,42,Konya,MEMLEKET,12572,0.86,0,
2023,14 Mayıs 2023,42,Konya,AP23,5098,0.35,0,
2023,14 Mayıs 2023,42,Konya,ANAP,2494,0.17,0,
2023,14 Mayıs 2023,42,Konya,TİP,5993,0.41,0,
2023,14 Mayıs 2023,42,Konya,HKP,930,0.06,0,
2023,14 Mayıs 2023,42,Konya,GBP,679,0.05,0,
2023,14 Mayıs 2023,42,Konya,HAK-PAR,1035,0.07,0,
2023,14 Mayıs 2023,42,Konya,MP92,1622,0.11,0,
2023,14 Mayıs 2023,42,Konya,VATAN,830,0.06,0,
2023,14 Mayıs 2023,42,Konya,TKP,841,0.06,0,
2023,14 Mayıs 2023,42,Konya,TKH,279,0.02,0,
2023,14 Mayıs 2023,42,Konya,SOL PARTİ,1047,0.07,0,
2023,14 Mayıs 2023,42,Konya,Bağımsız,3570,0.24,0,
2023,14 Mayıs 2023,43,Kütahya,AK Parti,185993,46.64,3,EVET
2023,14 Mayıs 2023,43,Kütahya,CHP,67040,16.81,1,
2023,14 Mayıs 2023,43,Kütahya,MHP,51926,13.02,1,
2023,14 Mayıs 2023,43,Kütahya,İYİ Parti,41783,10.48,0,
2023,14 Mayıs 2023,43,Kütahya,YENİDEN REFAH,28072,7.04,0,
2023,14 Mayıs 2023,43,Kütahya,BBP,4610,1.16,0,
2023,14 Mayıs 2023,43,Kütahya,ZP,6672,1.67,0,
2023,14 Mayıs 2023,43,Kütahya,Bağımsız,143,0.04,0,
2023,14 Mayıs 2023,43,Kütahya,AP23,1485,0.37,0,
2023,14 Mayıs 2023,43,Kütahya,MEMLEKET,2947,0.74,0,
2023,14 Mayıs 2023,43,Kütahya,YEŞİL SOL,2354,0.59,0,
2023,14 Mayıs 2023,43,Kütahya,ANAP,1010,0.25,0,
2023,14 Mayıs 2023,43,Kütahya,HAK-PAR,476,0.12,0,
2023,14 Mayıs 2023,43,Kütahya,GP,668,0.17,0,
2023,14 Mayıs 2023,43,Kütahya,VATAN,453,0.11,0,
2023,14 Mayıs 2023,43,Kütahya,TİP,1357,0.34,0,
2023,14 Mayıs 2023,43,Kütahya,MP92,711,0.18,0,
2023,14 Mayıs 2023,43,Kütahya,TKP,244,0.06,0,
2023,14 Mayıs 2023,43,Kütahya,SOL PARTİ,121,0.03,0,
2023,14 Mayıs 2023,43,Kütahya,HKP,331,0.08,0,
2023,14 Mayıs 2023,43,Kütahya,TKH,137,0.03,0,
2023,14 Mayıs 2023,44,Malatya,AK Parti,198561,45.19,4,EVET
2023,14 Mayıs 2023,44,Malatya,CHP,94917,21.6,1,
2023,14 Mayıs 2023,44,Malatya,MHP,56762,12.92,1,
2023,14 Mayıs 2023,44,Malatya,YENİDEN REFAH,40450,9.21,0,
2023,14 Mayıs 2023,44,Malatya,İYİ Parti,17277,3.93,0,
2023,14 Mayıs 2023,44,Malatya,ZP,4805,1.09,0,
2023,14 Mayıs 2023,44,Malatya,YEŞİL SOL,14170,3.22,0,
2023,14 Mayıs 2023,44,Malatya,BBP,5791,1.32,0,
2023,14 Mayıs 2023,44,Malatya,Bağımsız,780,0.18,0,
2023,14 Mayıs 2023,44,Malatya,MP92,249,0.06,0,
2023,14 Mayıs 2023,44,Malatya,MEMLEKET,1918,0.44,0,
2023,14 Mayıs 2023,44,Malatya,ANAP,1120,0.25,0,
2023,14 Mayıs 2023,44,Malatya,HAK-PAR,248,0.06,0,
2023,14 Mayıs 2023,44,Malatya,GBP,183,0.04,0,
2023,14 Mayıs 2023,44,Malatya,TKP,367,0.08,0,
2023,14 Mayıs 2023,44,Malatya,HKP,240,0.05,0,
2023,14 Mayıs 2023,44,Malatya,VATAN,303,0.07,0,
2023,14 Mayıs 2023,44,Malatya,SOL PARTİ,555,0.13,0,
2023,14 Mayıs 2023,44,Malatya,TKH,128,0.03,0,
2023,14 Mayıs 2023,44,Malatya,MİLLİYOL,137,0.03,0,
2023,14 Mayıs 2023,45,Manisa,AK Parti,324460,31.79,4,EVET
2023,14 Mayıs 2023,45,Manisa,MHP,144102,14.12,1,
2023,14 Mayıs 2023,45,Manisa,CHP,300639,29.46,4,
2023,14 Mayıs 2023,45,Manisa,İYİ Parti,112904,11.06,1,
2023,14 Mayıs 2023,45,Manisa,ZP,22204,2.18,0,
2023,14 Mayıs 2023,45,Manisa,YENİDEN REFAH,15889,1.56,0,
2023,14 Mayıs 2023,45,Manisa,BBP,13320,1.31,0,
2023,14 Mayıs 2023,45,Manisa,MEMLEKET,9915,0.97,0,
2023,14 Mayıs 2023,45,Manisa,AP23,3763,0.37,0,
2023,14 Mayıs 2023,45,Manisa,YEŞİL SOL,59090,5.79,0,
2023,14 Mayıs 2023,45,Manisa,VATAN,1580,0.15,0,
2023,14 Mayıs 2023,45,Manisa,HAK-PAR,1112,0.11,0,
2023,14 Mayıs 2023,45,Manisa,HKP,871,0.09,0,
2023,14 Mayıs 2023,45,Manisa,GP,3136,0.31,0,
2023,14 Mayıs 2023,45,Manisa,MP92,1266,0.12,0,
2023,14 Mayıs 2023,45,Manisa,TKP,1526,0.15,0,
2023,14 Mayıs 2023,45,Manisa,MİLLİYOL,746,0.07,0,
2023,14 Mayıs 2023,45,Manisa,SOL PARTİ,1070,0.1,0,
2023,14 Mayıs 2023,45,Manisa,TKH,434,0.04,0,
2023,14 Mayıs 2023,45,Manisa,Bağımsız,1166,0.11,0,
2023,14 Mayıs 2023,45,Manisa,YP,363,0.04,0,
2023,14 Mayıs 2023,46,Kahramanmaraş,AK Parti,309478,47.72,5,EVET
2023,14 Mayıs 2023,46,Kahramanmaraş,CHP,105734,16.3,2,
2023,14 Mayıs 2023,46,Kahramanmaraş,MHP,104865,16.17,1,
2023,14 Mayıs 2023,46,Kahramanmaraş,İYİ Parti,45698,7.05,0,
2023,14 Mayıs 2023,46,Kahramanmaraş,YENİDEN REFAH,35127,5.42,0,
2023,14 Mayıs 2023,46,Kahramanmaraş,ZP,10852,1.67,0,
2023,14 Mayıs 2023,46,Kahramanmaraş,MEMLEKET,4527,0.7,0,
2023,14 Mayıs 2023,46,Kahramanmaraş,BBP,10008,1.54,0,
2023,14 Mayıs 2023,46,Kahramanmaraş,HAK-PAR,629,0.1,0,
2023,14 Mayıs 2023,46,Kahramanmaraş,AP23,1608,0.25,0,
2023,14 Mayıs 2023,46,Kahramanmaraş,MİLLİYOL,1541,0.24,0,
2023,14 Mayıs 2023,46,Kahramanmaraş,ANAP,1035,0.16,0,
2023,14 Mayıs 2023,46,Kahramanmaraş,HKP,459,0.07,0,
2023,14 Mayıs 2023,46,Kahramanmaraş,GP,706,0.11,0,
2023,14 Mayıs 2023,46,Kahramanmaraş,VATAN,445,0.07,0,
2023,14 Mayıs 2023,46,Kahramanmaraş,TKP,522,0.08,0,
2023,14 Mayıs 2023,46,Kahramanmaraş,MP92,514,0.08,0,
2023,14 Mayıs 2023,46,Kahramanmaraş,YEŞİL SOL,9417,1.45,0,
2023,14 Mayıs 2023,46,Kahramanmaraş,GBP,339,0.05,0,
2023,14 Mayıs 2023,46,Kahramanmaraş,Bağımsız,3716,0.57,0,
2023,14 Mayıs 2023,46,Kahramanmaraş,SOL PARTİ,288,0.04,0,
2023,14 Mayıs 2023,46,Kahramanmaraş,YP,144,0.02,0,
2023,14 Mayıs 2023,46,Kahramanmaraş,TKH,189,0.03,0,
2023,14 Mayıs 2023,47,Mardin,YEŞİL SOL,244036,54.63,4,EVET
2023,14 Mayıs 2023,47,Mardin,AK Parti,112569,25.2,2,
2023,14 Mayıs 2023,47,Mardin,CHP,31955,7.15,0,
2023,14 Mayıs 2023,47,Mardin,MHP,15572,3.49,0,
2023,14 Mayıs 2023,47,Mardin,Bağımsız,22340,5.0,0,
2023,14 Mayıs 2023,47,Mardin,İYİ Parti,5361,1.2,0,
2023,14 Mayıs 2023,47,Mardin,YENİDEN REFAH,5039,1.13,0,
2023,14 Mayıs 2023,47,Mardin,ZP,2073,0.46,0,
2023,14 Mayıs 2023,47,Mardin,SOL PARTİ,2062,0.46,0,
2023,14 Mayıs 2023,47,Mardin,MEMLEKET,1127,0.25,0,
2023,14 Mayıs 2023,47,Mardin,BBP,687,0.15,0,
2023,14 Mayıs 2023,47,Mardin,AB,675,0.15,0,
2023,14 Mayıs 2023,47,Mardin,GBP,362,0.08,0,
2023,14 Mayıs 2023,47,Mardin,ANAP,439,0.1,0,
2023,14 Mayıs 2023,47,Mardin,HAK-PAR,579,0.13,0,
2023,14 Mayıs 2023,47,Mardin,MP92,181,0.04,0,
2023,14 Mayıs 2023,47,Mardin,GP,247,0.06,0,
2023,14 Mayıs 2023,47,Mardin,TKP,261,0.06,0,
2023,14 Mayıs 2023,47,Mardin,MİLLİYOL,96,0.02,0,
2023,14 Mayıs 2023,47,Mardin,HKP,171,0.04,0,
2023,14 Mayıs 2023,47,Mardin,VATAN,214,0.05,0,
2023,14 Mayıs 2023,47,Mardin,TKH,106,0.02,0,
2023,14 Mayıs 2023,47,Mardin,YP,69,0.02,0,
2023,14 Mayıs 2023,48,Muğla,CHP,275567,37.59,4,EVET
2023,14 Mayıs 2023,48,Muğla,İYİ Parti,124900,17.04,1,
2023,14 Mayıs 2023,48,Muğla,AK Parti,179663,24.5,2,
2023,14 Mayıs 2023,48,Muğla,TİP,41198,5.62,0,
2023,14 Mayıs 2023,48,Muğla,YEŞİL SOL,26021,3.55,0,
2023,14 Mayıs 2023,48,Muğla,MHP,45891,6.26,0,
2023,14 Mayıs 2023,48,Muğla,ZP,12012,1.64,0,
2023,14 Mayıs 2023,48,Muğla,MEMLEKET,8736,1.19,0,
2023,14 Mayıs 2023,48,Muğla,YENİDEN REFAH,4588,0.63,0,
2023,14 Mayıs 2023,48,Muğla,GP,2273,0.31,0,
2023,14 Mayıs 2023,48,Muğla,VATAN,1496,0.2,0,
2023,14 Mayıs 2023,48,Muğla,BBP,1973,0.27,0,
2023,14 Mayıs 2023,48,Muğla,AP23,2317,0.32,0,
2023,14 Mayıs 2023,48,Muğla,TKP,1171,0.16,0,
2023,14 Mayıs 2023,48,Muğla,SOL PARTİ,794,0.11,0,
2023,14 Mayıs 2023,48,Muğla,ANAP,1122,0.15,0,
2023,14 Mayıs 2023,48,Muğla,MP92,724,0.1,0,
2023,14 Mayıs 2023,48,Muğla,TKH,253,0.03,0,
2023,14 Mayıs 2023,48,Muğla,HAK-PAR,609,0.08,0,
2023,14 Mayıs 2023,48,Muğla,HKP,467,0.06,0,
2023,14 Mayıs 2023,48,Muğla,MİLLİYOL,254,0.03,0,
2023,14 Mayıs 2023,48,Muğla,YP,180,0.02,0,
2023,14 Mayıs 2023,48,Muğla,Bağımsız,171,0.02,0,
2023,14 Mayıs 2023,49,Muş,MHP,31278,16.6,0,
2023,14 Mayıs 2023,49,Muş,AK Parti,40522,21.51,1,
2023,14 Mayıs 2023,49,Muş,YEŞİL SOL,95284,50.57,2,EVET
2023,14 Mayıs 2023,49,Muş,İYİ Parti,10445,5.54,0,
2023,14 Mayıs 2023,49,Muş,YENİDEN REFAH,5429,2.88,0,
2023,14 Mayıs 2023,49,Muş,SOL PARTİ,1214,0.64,0,
2023,14 Mayıs 2023,49,Muş,YP,140,0.07,0,
2023,14 Mayıs 2023,49,Muş,Bağımsız,62,0.03,0,
2023,14 Mayıs 2023,49,Muş,BBP,732,0.39,0,
2023,14 Mayıs 2023,49,Muş,ANAP,542,0.29,0,
2023,14 Mayıs 2023,49,Muş,MEMLEKET,659,0.35,0,
2023,14 Mayıs 2023,49,Muş,HKP,167,0.09,0,
2023,14 Mayıs 2023,49,Muş,AP23,302,0.16,0,
2023,14 Mayıs 2023,49,Muş,TKP,164,0.09,0,
2023,14 Mayıs 2023,49,Muş,HAK-PAR,367,0.19,0,
2023,14 Mayıs 2023,49,Muş,GBP,354,0.19,0,
2023,14 Mayıs 2023,49,Muş,VATAN,207,0.11,0,
2023,14 Mayıs 2023,49,Muş,MP92,156,0.08,0,
2023,14 Mayıs 2023,49,Muş,TKH,80,0.04,0,
2023,14 Mayıs 2023,49,Muş,GP,218,0.12,0,
2023,14 Mayıs 2023,50,Nevşehir,AK Parti,81317,39.46,2,EVET
2023,14 Mayıs 2023,50,Nevşehir,MHP,41781,20.27,1,
2023,14 Mayıs 2023,50,Nevşehir,İYİ Parti,32389,15.72,0,
2023,14 Mayıs 2023,50,Nevşehir,CHP,36064,17.5,0,
2023,14 Mayıs 2023,50,Nevşehir,YENİDEN REFAH,4124,2.0,0,
2023,14 Mayıs 2023,50,Nevşehir,BBP,1796,0.87,0,
2023,14 Mayıs 2023,50,Nevşehir,ZP,2546,1.24,0,
2023,14 Mayıs 2023,50,Nevşehir,AP23,618,0.3,0,
2023,14 Mayıs 2023,50,Nevşehir,MEMLEKET,1005,0.49,0,
2023,14 Mayıs 2023,50,Nevşehir,YEŞİL SOL,1659,0.81,0,
2023,14 Mayıs 2023,50,Nevşehir,ANAP,428,0.21,0,
2023,14 Mayıs 2023,50,Nevşehir,VATAN,300,0.15,0,
2023,14 Mayıs 2023,50,Nevşehir,HAK-PAR,141,0.07,0,
2023,14 Mayıs 2023,50,Nevşehir,HKP,121,0.06,0,
2023,14 Mayıs 2023,50,Nevşehir,GP,165,0.08,0,
2023,14 Mayıs 2023,50,Nevşehir,TKP,121,0.06,0,
2023,14 Mayıs 2023,50,Nevşehir,YP,38,0.02,0,
2023,14 Mayıs 2023,50,Nevşehir,MP92,120,0.06,0,
2023,14 Mayıs 2023,50,Nevşehir,SOL PARTİ,107,0.05,0,
2023,14 Mayıs 2023,50,Nevşehir,TİP,968,0.47,0,
2023,14 Mayıs 2023,50,Nevşehir,Bağımsız,98,0.05,0,
2023,14 Mayıs 2023,50,Nevşehir,TKH,50,0.02,0,
2023,14 Mayıs 2023,51,Niğde,AK Parti,77905,33.88,1,EVET
2023,14 Mayıs 2023,51,Niğde,MHP,51413,22.36,1,
2023,14 Mayıs 2023,51,Niğde,CHP,55502,24.14,1,
2023,14 Mayıs 2023,51,Niğde,İYİ Parti,27949,12.16,0,
2023,14 Mayıs 2023,51,Niğde,YENİDEN REFAH,6020,2.62,0,
2023,14 Mayıs 2023,51,Niğde,ZP,3271,1.42,0,
2023,14 Mayıs 2023,51,Niğde,MEMLEKET,1394,0.61,0,
2023,14 Mayıs 2023,51,Niğde,BBP,1261,0.55,0,
2023,14 Mayıs 2023,51,Niğde,AP23,613,0.27,0,
2023,14 Mayıs 2023,51,Niğde,ANAP,337,0.15,0,
2023,14 Mayıs 2023,51,Niğde,HAK-PAR,200,0.09,0,
2023,14 Mayıs 2023,51,Niğde,YEŞİL SOL,1766,0.77,0,
2023,14 Mayıs 2023,51,Niğde,GP,223,0.1,0,
2023,14 Mayıs 2023,51,Niğde,TKP,127,0.06,0,
2023,14 Mayıs 2023,51,Niğde,VATAN,221,0.1,0,
2023,14 Mayıs 2023,51,Niğde,TKH,62,0.03,0,
2023,14 Mayıs 2023,51,Niğde,TİP,687,0.3,0,
2023,14 Mayıs 2023,51,Niğde,GBP,184,0.08,0,
2023,14 Mayıs 2023,51,Niğde,SOL PARTİ,84,0.04,0,
2023,14 Mayıs 2023,51,Niğde,MP92,189,0.08,0,
2023,14 Mayıs 2023,51,Niğde,HKP,151,0.07,0,
2023,14 Mayıs 2023,51,Niğde,YP,35,0.02,0,
2023,14 Mayıs 2023,51,Niğde,MİLLİYOL,69,0.03,0,
2023,14 Mayıs 2023,51,Niğde,Bağımsız,33,0.01,0,
2023,14 Mayıs 2023,52,Ordu,AK Parti,234054,45.25,3,EVET
2023,14 Mayıs 2023,52,Ordu,CHP,125261,24.22,2,
2023,14 Mayıs 2023,52,Ordu,MHP,65861,12.73,1,
2023,14 Mayıs 2023,52,Ordu,İYİ Parti,50583,9.78,0,
2023,14 Mayıs 2023,52,Ordu,YENİDEN REFAH,11823,2.29,0,
2023,14 Mayıs 2023,52,Ordu,BBP,4112,0.79,0,
2023,14 Mayıs 2023,52,Ordu,ANAP,2222,0.43,0,
2023,14 Mayıs 2023,52,Ordu,ZP,7140,1.38,0,
2023,14 Mayıs 2023,52,Ordu,MEMLEKET,3884,0.75,0,
2023,14 Mayıs 2023,52,Ordu,AP23,2150,0.42,0,
2023,14 Mayıs 2023,52,Ordu,HAK-PAR,1169,0.23,0,
2023,14 Mayıs 2023,52,Ordu,VATAN,648,0.13,0,
2023,14 Mayıs 2023,52,Ordu,MP92,530,0.1,0,
2023,14 Mayıs 2023,52,Ordu,YEŞİL SOL,2708,0.52,0,
2023,14 Mayıs 2023,52,Ordu,TKP,464,0.09,0,
2023,14 Mayıs 2023,52,Ordu,SOL PARTİ,454,0.09,0,
2023,14 Mayıs 2023,52,Ordu,TİP,2240,0.43,0,
2023,14 Mayıs 2023,52,Ordu,HKP,571,0.11,0,
2023,14 Mayıs 2023,52,Ordu,GBP,502,0.1,0,
2023,14 Mayıs 2023,52,Ordu,Bağımsız,353,0.07,0,
2023,14 Mayıs 2023,52,Ordu,TKH,212,0.04,0,
2023,14 Mayıs 2023,52,Ordu,YP,138,0.03,0,
2023,14 Mayıs 2023,53,Rize,AK Parti,127718,53.4,2,EVET
2023,14 Mayıs 2023,53,Rize,CHP,51330,21.46,1,
2023,14 Mayıs 2023,53,Rize,MHP,31035,12.98,0,
2023,14 Mayıs 2023,53,Rize,YENİDEN REFAH,12064,5.04,0,
2023,14 Mayıs 2023,53,Rize,BBP,3690,1.54,0,
2023,14 Mayıs 2023,53,Rize,ZP,4074,1.7,0,
2023,14 Mayıs 2023,53,Rize,MEMLEKET,2386,1.0,0,
2023,14 Mayıs 2023,53,Rize,ANAP,1407,0.59,0,
2023,14 Mayıs 2023,53,Rize,AP23,943,0.39,0,
2023,14 Mayıs 2023,53,Rize,Bağımsız,405,0.17,0,
2023,14 Mayıs 2023,53,Rize,TİP,920,0.38,0,
2023,14 Mayıs 2023,53,Rize,YEŞİL SOL,1495,0.63,0,
2023,14 Mayıs 2023,53,Rize,MİLLİYOL,123,0.05,0,
2023,14 Mayıs 2023,53,Rize,MP92,244,0.1,0,
2023,14 Mayıs 2023,53,Rize,HAK-PAR,281,0.12,0,
2023,14 Mayıs 2023,53,Rize,VATAN,163,0.07,0,
2023,14 Mayıs 2023,53,Rize,TKP,162,0.07,0,
2023,14 Mayıs 2023,53,Rize,GBP,148,0.06,0,
2023,14 Mayıs 2023,53,Rize,SOL PARTİ,167,0.07,0,
2023,14 Mayıs 2023,53,Rize,GP,275,0.11,0,
2023,14 Mayıs 2023,53,Rize,YP,48,0.02,0,
2023,14 Mayıs 2023,53,Rize,HKP,166,0.07,0,
2023,14 Mayıs 2023,53,Rize,TKH,59,0.02,0,
2023,14 Mayıs 2023,54,Sakarya,AK Parti,344737,47.33,5,EVET
2023,14 Mayıs 2023,54,Sakarya,CHP,119408,16.39,1,
2023,14 Mayıs 2023,54,Sakarya,İYİ Parti,79512,10.92,1,
2023,14 Mayıs 2023,54,Sakarya,MHP,87532,12.02,1,
2023,14 Mayıs 2023,54,Sakarya,YENİDEN REFAH,36061,4.95,0,
2023,14 Mayıs 2023,54,Sakarya,ZP,18815,2.58,0,
2023,14 Mayıs 2023,54,Sakarya,YEŞİL SOL,12701,1.74,0,
2023,14 Mayıs 2023,54,Sakarya,MEMLEKET,7141,0.98,0,
2023,14 Mayıs 2023,54,Sakarya,BBP,6487,0.89,0,
2023,14 Mayıs 2023,54,Sakarya,GP,4065,0.56,0,
2023,14 Mayıs 2023,54,Sakarya,TİP,4414,0.61,0,
2023,14 Mayıs 2023,54,Sakarya,AP23,2322,0.32,0,
2023,14 Mayıs 2023,54,Sakarya,MP92,760,0.1,0,
2023,14 Mayıs 2023,54,Sakarya,VATAN,725,0.1,0,
2023,14 Mayıs 2023,54,Sakarya,AB,720,0.1,0,
2023,14 Mayıs 2023,54,Sakarya,SOL PARTİ,350,0.05,0,
2023,14 Mayıs 2023,54,Sakarya,TKP,409,0.06,0,
2023,14 Mayıs 2023,54,Sakarya,MİLLİYOL,327,0.04,0,
2023,14 Mayıs 2023,54,Sakarya,HAK-PAR,428,0.06,0,
2023,14 Mayıs 2023,54,Sakarya,HKP,402,0.06,0,
2023,14 Mayıs 2023,54,Sakarya,TKH,97,0.01,0,
2023,14 Mayıs 2023,54,Sakarya,Bağımsız,122,0.02,0,
2023,14 Mayıs 2023,54,Sakarya,YP,131,0.02,0,
2023,14 Mayıs 2023,55,Samsun,AK Parti,391347,42.45,5,EVET
2023,14 Mayıs 2023,55,Samsun,CHP,182210,19.76,2,
2023,14 Mayıs 2023,55,Samsun,MHP,131259,14.24,1,
2023,14 Mayıs 2023,55,Samsun,İYİ Parti,111169,12.06,1,
2023,14 Mayıs 2023,55,Samsun,YENİDEN REFAH,36628,3.97,0,
2023,14 Mayıs 2023,55,Samsun,ZP,19548,2.12,0,
2023,14 Mayıs 2023,55,Samsun,MEMLEKET,9597,1.04,0,
2023,14 Mayıs 2023,55,Samsun,BBP,12541,1.36,0,
2023,14 Mayıs 2023,55,Samsun,TİP,6508,0.71,0,
2023,14 Mayıs 2023,55,Samsun,ANAP,2322,0.25,0,
2023,14 Mayıs 2023,55,Samsun,YEŞİL SOL,5557,0.6,0,
2023,14 Mayıs 2023,55,Samsun,AB,1541,0.17,0,
2023,14 Mayıs 2023,55,Samsun,GP,1868,0.2,0,
2023,14 Mayıs 2023,55,Samsun,MP92,1171,0.13,0,
2023,14 Mayıs 2023,55,Samsun,HAK-PAR,900,0.1,0,
2023,14 Mayıs 2023,55,Samsun,TKP,937,0.1,0,
2023,14 Mayıs 2023,55,Samsun,HKP,716,0.08,0,
2023,14 Mayıs 2023,55,Samsun,VATAN,722,0.08,0,
2023,14 Mayıs 2023,55,Samsun,GBP,429,0.05,0,
2023,14 Mayıs 2023,55,Samsun,Bağımsız,3278,0.36,0,
2023,14 Mayıs 2023,55,Samsun,TKH,267,0.03,0,
2023,14 Mayıs 2023,55,Samsun,SOL PARTİ,467,0.05,0,
2023,14 Mayıs 2023,56,Siirt,YEŞİL SOL,77268,46.68,2,EVET
2023,14 Mayıs 2023,56,Siirt,AK Parti,59552,35.98,1,
2023,14 Mayıs 2023,56,Siirt,CHP,12842,7.76,0,
2023,14 Mayıs 2023,56,Siirt,MHP,6463,3.9,0,
2023,14 Mayıs 2023,56,Siirt,İYİ Parti,2482,1.5,0,
2023,14 Mayıs 2023,56,Siirt,MEMLEKET,739,0.45,0,
2023,14 Mayıs 2023,56,Siirt,YENİDEN REFAH,1959,1.18,0,
2023,14 Mayıs 2023,56,Siirt,SOL PARTİ,719,0.43,0,
2023,14 Mayıs 2023,56,Siirt,AB,317,0.19,0,
2023,14 Mayıs 2023,56,Siirt,BBP,444,0.27,0,
2023,14 Mayıs 2023,56,Siirt,ANAP,215,0.13,0,
2023,14 Mayıs 2023,56,Siirt,AP23,230,0.14,0,
2023,14 Mayıs 2023,56,Siirt,HAK-PAR,198,0.12,0,
2023,14 Mayıs 2023,56,Siirt,Bağımsız,1268,0.77,0,
2023,14 Mayıs 2023,56,Siirt,HKP,136,0.08,0,
2023,14 Mayıs 2023,56,Siirt,GP,133,0.08,0,
2023,14 Mayıs 2023,56,Siirt,MP92,75,0.05,0,
2023,14 Mayıs 2023,56,Siirt,TKP,130,0.08,0,
2023,14 Mayıs 2023,56,Siirt,VATAN,147,0.09,0,
2023,14 Mayıs 2023,56,Siirt,TKH,60,0.04,0,
2023,14 Mayıs 2023,57,Sinop,AK Parti,64031,42.75,1,EVET
2023,14 Mayıs 2023,57,Sinop,CHP,38492,25.7,1,
2023,14 Mayıs 2023,57,Sinop,MHP,13704,9.15,0,
2023,14 Mayıs 2023,57,Sinop,İYİ Parti,14099,9.41,0,
2023,14 Mayıs 2023,57,Sinop,BBP,6569,4.39,0,
2023,14 Mayıs 2023,57,Sinop,YENİDEN REFAH,3363,2.25,0,
2023,14 Mayıs 2023,57,Sinop,ZP,2181,1.46,0,
2023,14 Mayıs 2023,57,Sinop,TİP,1258,0.84,0,
2023,14 Mayıs 2023,57,Sinop,MEMLEKET,1367,0.91,0,
2023,14 Mayıs 2023,57,Sinop,AP23,962,0.64,0,
2023,14 Mayıs 2023,57,Sinop,ANAP,438,0.29,0,
2023,14 Mayıs 2023,57,Sinop,YEŞİL SOL,992,0.66,0,
2023,14 Mayıs 2023,57,Sinop,HAK-PAR,450,0.3,0,
2023,14 Mayıs 2023,57,Sinop,GP,242,0.16,0,
2023,14 Mayıs 2023,57,Sinop,HKP,237,0.16,0,
2023,14 Mayıs 2023,57,Sinop,VATAN,225,0.15,0,
2023,14 Mayıs 2023,57,Sinop,TKP,221,0.15,0,
2023,14 Mayıs 2023,57,Sinop,GBP,156,0.1,0,
2023,14 Mayıs 2023,57,Sinop,MP92,230,0.15,0,
2023,14 Mayıs 2023,57,Sinop,SOL PARTİ,109,0.07,0,
2023,14 Mayıs 2023,57,Sinop,TKH,106,0.07,0,
2023,14 Mayıs 2023,57,Sinop,YP,193,0.13,0,
2023,14 Mayıs 2023,57,Sinop,Bağımsız,93,0.06,0,
2023,14 Mayıs 2023,58,Sivas,AK Parti,169726,40.63,3,EVET
2023,14 Mayıs 2023,58,Sivas,MHP,75300,18.02,1,
2023,14 Mayıs 2023,58,Sivas,CHP,68385,16.37,1,
2023,14 Mayıs 2023,58,Sivas,İYİ Parti,30284,7.25,0,
2023,14 Mayıs 2023,58,Sivas,BBP,41602,9.96,0,
2023,14 Mayıs 2023,58,Sivas,ZP,7312,1.75,0,
2023,14 Mayıs 2023,58,Sivas,YENİDEN REFAH,14275,3.42,0,
2023,14 Mayıs 2023,58,Sivas,YEŞİL SOL,3114,0.75,0,
2023,14 Mayıs 2023,58,Sivas,MEMLEKET,2075,0.5,0,
2023,14 Mayıs 2023,58,Sivas,HAK-PAR,263,0.06,0,
2023,14 Mayıs 2023,58,Sivas,MP92,244,0.06,0,
2023,14 Mayıs 2023,58,Sivas,TİP,1921,0.46,0,
2023,14 Mayıs 2023,58,Sivas,MİLLİYOL,962,0.23,0,
2023,14 Mayıs 2023,58,Sivas,GBP,310,0.07,0,
2023,14 Mayıs 2023,58,Sivas,HKP,171,0.04,0,
2023,14 Mayıs 2023,58,Sivas,VATAN,216,0.05,0,
2023,14 Mayıs 2023,58,Sivas,Bağımsız,667,0.16,0,
2023,14 Mayıs 2023,58,Sivas,TKP,225,0.05,0,
2023,14 Mayıs 2023,58,Sivas,SOL PARTİ,168,0.04,0,
2023,14 Mayıs 2023,58,Sivas,YP,59,0.01,0,
2023,14 Mayıs 2023,58,Sivas,TKH,80,0.02,0,
2023,14 Mayıs 2023,59,Tekirdağ,CHP,284479,36.25,4,EVET
2023,14 Mayıs 2023,59,Tekirdağ,AK Parti,241159,30.73,3,
2023,14 Mayıs 2023,59,Tekirdağ,İYİ Parti,87644,11.17,1,
2023,14 Mayıs 2023,59,Tekirdağ,YEŞİL SOL,48679,6.2,0,
2023,14 Mayıs 2023,59,Tekirdağ,MHP,50635,6.45,0,
2023,14 Mayıs 2023,59,Tekirdağ,ZP,17617,2.25,0,
2023,14 Mayıs 2023,59,Tekirdağ,YENİDEN REFAH,12415,1.58,0,
2023,14 Mayıs 2023,59,Tekirdağ,MEMLEKET,9732,1.24,0,
2023,14 Mayıs 2023,59,Tekirdağ,TİP,12558,1.6,0,
2023,14 Mayıs 2023,59,Tekirdağ,Bağımsız,3686,0.47,0,
2023,14 Mayıs 2023,59,Tekirdağ,GP,3951,0.5,0,
2023,14 Mayıs 2023,59,Tekirdağ,BBP,4122,0.53,0,
2023,14 Mayıs 2023,59,Tekirdağ,AP23,1848,0.24,0,
2023,14 Mayıs 2023,59,Tekirdağ,VATAN,1171,0.15,0,
2023,14 Mayıs 2023,59,Tekirdağ,MP92,760,0.1,0,
2023,14 Mayıs 2023,59,Tekirdağ,SOL PARTİ,766,0.1,0,
2023,14 Mayıs 2023,59,Tekirdağ,HAK-PAR,652,0.08,0,
2023,14 Mayıs 2023,59,Tekirdağ,HKP,507,0.06,0,
2023,14 Mayıs 2023,59,Tekirdağ,TKP,670,0.09,0,
2023,14 Mayıs 2023,59,Tekirdağ,AB,564,0.07,0,
2023,14 Mayıs 2023,59,Tekirdağ,TKH,208,0.03,0,
2023,14 Mayıs 2023,60,Tokat,AK Parti,151130,37.4,3,EVET
2023,14 Mayıs 2023,60,Tokat,MHP,89188,22.07,1,
2023,14 Mayıs 2023,60,Tokat,İYİ Parti,44606,11.04,0,
2023,14 Mayıs 2023,60,Tokat,CHP,83611,20.69,1,
2023,14 Mayıs 2023,60,Tokat,YENİDEN REFAH,9351,2.31,0,
2023,14 Mayıs 2023,60,Tokat,ZP,5440,1.35,0,
2023,14 Mayıs 2023,60,Tokat,BBP,11251,2.78,0,
2023,14 Mayıs 2023,60,Tokat,MEMLEKET,2081,0.52,0,
2023,14 Mayıs 2023,60,Tokat,TİP,1610,0.4,0,
2023,14 Mayıs 2023,60,Tokat,ANAP,809,0.2,0,
2023,14 Mayıs 2023,60,Tokat,HAK-PAR,345,0.09,0,
2023,14 Mayıs 2023,60,Tokat,YEŞİL SOL,2538,0.63,0,
2023,14 Mayıs 2023,60,Tokat,MP92,429,0.11,0,
2023,14 Mayıs 2023,60,Tokat,HKP,276,0.07,0,
2023,14 Mayıs 2023,60,Tokat,VATAN,236,0.06,0,
2023,14 Mayıs 2023,60,Tokat,GBP,216,0.05,0,
2023,14 Mayıs 2023,60,Tokat,SOL PARTİ,251,0.06,0,
2023,14 Mayıs 2023,60,Tokat,TKP,212,0.05,0,
2023,14 Mayıs 2023,60,Tokat,TKH,68,0.02,0,
2023,14 Mayıs 2023,60,Tokat,Bağımsız,233,0.06,0,
2023,14 Mayıs 2023,61,Trabzon,AK Parti,263447,47.77,4,EVET
2023,14 Mayıs 2023,61,Trabzon,MHP,59779,10.84,0,
2023,14 Mayıs 2023,61,Trabzon,CHP,99376,18.02,1,
2023,14 Mayıs 2023,61,Trabzon,YENİDEN REFAH,24770,4.49,0,
2023,14 Mayıs 2023,61,Trabzon,İYİ Parti,66698,12.09,1,
2023,14 Mayıs 2023,61,Trabzon,ZP,9957,1.81,0,
2023,14 Mayıs 2023,61,Trabzon,BBP,8310,1.51,0,
2023,14 Mayıs 2023,61,Trabzon,MEMLEKET,4576,0.83,0,
2023,14 Mayıs 2023,61,Trabzon,YEŞİL SOL,3471,0.63,0,
2023,14 Mayıs 2023,61,Trabzon,AP23,1824,0.33,0,
2023,14 Mayıs 2023,61,Trabzon,Bağımsız,3714,0.67,0,
2023,14 Mayıs 2023,61,Trabzon,TİP,1878,0.34,0,
2023,14 Mayıs 2023,61,Trabzon,HAK-PAR,667,0.12,0,
2023,14 Mayıs 2023,61,Trabzon,VATAN,590,0.11,0,
2023,14 Mayıs 2023,61,Trabzon,MP92,580,0.11,0,
2023,14 Mayıs 2023,61,Trabzon,HKP,397,0.07,0,
2023,14 Mayıs 2023,61,Trabzon,TKP,289,0.05,0,
2023,14 Mayıs 2023,61,Trabzon,SOL PARTİ,286,0.05,0,
2023,14 Mayıs 2023,61,Trabzon,TKH,143,0.03,0,
2023,14 Mayıs 2023,61,Trabzon,YP,173,0.03,0,
2023,14 Mayıs 2023,62,Tunceli,CHP,18518,32.0,0,
2023,14 Mayıs 2023,62,Tunceli,AK Parti,7652,13.22,0,
2023,14 Mayıs 2023,62,Tunceli,MHP,3241,5.6,0,
2023,14 Mayıs 2023,62,Tunceli,YEŞİL SOL,24763,42.79,1,EVET
2023,14 Mayıs 2023,62,Tunceli,İYİ Parti,1307,2.26,0,
2023,14 Mayıs 2023,62,Tunceli,YENİDEN REFAH,571,0.99,0,
2023,14 Mayıs 2023,62,Tunceli,MEMLEKET,263,0.45,0,
2023,14 Mayıs 2023,62,Tunceli,BBP,165,0.29,0,
2023,14 Mayıs 2023,62,Tunceli,SOL PARTİ,705,1.22,0,
2023,14 Mayıs 2023,62,Tunceli,Bağımsız,38,0.07,0,
2023,14 Mayıs 2023,62,Tunceli,TKP,140,0.24,0,
2023,14 Mayıs 2023,62,Tunceli,ANAP,80,0.14,0,
2023,14 Mayıs 2023,62,Tunceli,GP,61,0.11,0,
2023,14 Mayıs 2023,62,Tunceli,HAK-PAR,47,0.08,0,
2023,14 Mayıs 2023,62,Tunceli,AP23,59,0.1,0,
2023,14 Mayıs 2023,62,Tunceli,VATAN,39,0.07,0,
2023,14 Mayıs 2023,62,Tunceli,MP92,29,0.05,0,
2023,14 Mayıs 2023,62,Tunceli,HKP,26,0.04,0,
2023,14 Mayıs 2023,62,Tunceli,TKH,72,0.12,0,
2023,14 Mayıs 2023,62,Tunceli,GBP,44,0.08,0,
2023,14 Mayıs 2023,62,Tunceli,MİLLİYOL,13,0.02,0,
2023,14 Mayıs 2023,62,Tunceli,YP,27,0.05,0,
2023,14 Mayıs 2023,63,Şanlıurfa,AK Parti,424799,43.01,8,EVET
2023,14 Mayıs 2023,63,Şanlıurfa,MHP,93277,9.44,1,
2023,14 Mayıs 2023,63,Şanlıurfa,Bağımsız,51399,5.2,0,
2023,14 Mayıs 2023,63,Şanlıurfa,CHP,79531,8.05,1,
2023,14 Mayıs 2023,63,Şanlıurfa,İYİ Parti,45097,4.57,0,
2023,14 Mayıs 2023,63,Şanlıurfa,YEŞİL SOL,245424,24.85,4,
2023,14 Mayıs 2023,63,Şanlıurfa,YENİDEN REFAH,29091,2.95,0,
2023,14 Mayıs 2023,63,Şanlıurfa,BBP,4199,0.43,0,
2023,14 Mayıs 2023,63,Şanlıurfa,MİLLİYOL,736,0.07,0,
2023,14 Mayıs 2023,63,Şanlıurfa,MEMLEKET,3713,0.38,0,
2023,14 Mayıs 2023,63,Şanlıurfa,ANAP,1092,0.11,0,
2023,14 Mayıs 2023,63,Şanlıurfa,AB,1374,0.14,0,
2023,14 Mayıs 2023,63,Şanlıurfa,SOL PARTİ,3322,0.34,0,
2023,14 Mayıs 2023,63,Şanlıurfa,MP92,638,0.06,0,
2023,14 Mayıs 2023,63,Şanlıurfa,HAK-PAR,805,0.08,0,
2023,14 Mayıs 2023,63,Şanlıurfa,VATAN,523,0.05,0,
2023,14 Mayıs 2023,63,Şanlıurfa,TKP,707,0.07,0,
2023,14 Mayıs 2023,63,Şanlıurfa,HKP,443,0.04,0,
2023,14 Mayıs 2023,63,Şanlıurfa,GBP,643,0.07,0,
2023,14 Mayıs 2023,63,Şanlıurfa,TKH,267,0.03,0,
2023,14 Mayıs 2023,64,Uşak,AK Parti,92327,36.04,2,EVET
2023,14 Mayıs 2023,64,Uşak,CHP,74420,29.05,1,
2023,14 Mayıs 2023,64,Uşak,İYİ Parti,44537,17.39,0,
2023,14 Mayıs 2023,64,Uşak,MHP,23971,9.36,0,
2023,14 Mayıs 2023,64,Uşak,ZP,4044,1.58,0,
2023,14 Mayıs 2023,64,Uşak,BBP,1636,0.64,0,
2023,14 Mayıs 2023,64,Uşak,YENİDEN REFAH,3629,1.42,0,
2023,14 Mayıs 2023,64,Uşak,MEMLEKET,2172,0.85,0,
2023,14 Mayıs 2023,64,Uşak,AP23,876,0.34,0,
2023,14 Mayıs 2023,64,Uşak,YEŞİL SOL,4071,1.59,0,
2023,14 Mayıs 2023,64,Uşak,ANAP,529,0.21,0,
2023,14 Mayıs 2023,64,Uşak,VATAN,430,0.17,0,
2023,14 Mayıs 2023,64,Uşak,TİP,1101,0.43,0,
2023,14 Mayıs 2023,64,Uşak,AB,299,0.12,0,
2023,14 Mayıs 2023,64,Uşak,GP,619,0.24,0,
2023,14 Mayıs 2023,64,Uşak,HKP,210,0.08,0,
2023,14 Mayıs 2023,64,Uşak,MP92,247,0.1,0,
2023,14 Mayıs 2023,64,Uşak,TKP,141,0.06,0,
2023,14 Mayıs 2023,64,Uşak,HAK-PAR,220,0.09,0,
2023,14 Mayıs 2023,64,Uşak,SOL PARTİ,325,0.13,0,
2023,14 Mayıs 2023,64,Uşak,Bağımsız,24,0.01,0,
2023,14 Mayıs 2023,64,Uşak,TKH,63,0.02,0,
2023,14 Mayıs 2023,65,Van,AK Parti,142930,26.15,2,
2023,14 Mayıs 2023,65,Van,YEŞİL SOL,289239,52.92,6,EVET
2023,14 Mayıs 2023,65,Van,CHP,47742,8.73,0,
2023,14 Mayıs 2023,65,Van,YENİDEN REFAH,17143,3.14,0,
2023,14 Mayıs 2023,65,Van,MHP,27966,5.12,0,
2023,14 Mayıs 2023,65,Van,ZP,4094,0.75,0,
2023,14 Mayıs 2023,65,Van,Bağımsız,2565,0.47,0,
2023,14 Mayıs 2023,65,Van,BBP,4506,0.82,0,
2023,14 Mayıs 2023,65,Van,HAK-PAR,865,0.16,0,
2023,14 Mayıs 2023,65,Van,SOL PARTİ,3283,0.6,0,
2023,14 Mayıs 2023,65,Van,MEMLEKET,2553,0.47,0,
2023,14 Mayıs 2023,65,Van,VATAN,562,0.1,0,
2023,14 Mayıs 2023,65,Van,HKP,1041,0.19,0,
2023,14 Mayıs 2023,65,Van,TKP,759,0.14,0,
2023,14 Mayıs 2023,65,Van,MP92,277,0.05,0,
2023,14 Mayıs 2023,65,Van,TKH,283,0.05,0,
2023,14 Mayıs 2023,65,Van,MİLLİYOL,276,0.05,0,
2023,14 Mayıs 2023,66,Yozgat,AK Parti,114947,43.9,2,EVET
2023,14 Mayıs 2023,66,Yozgat,MHP,60752,23.2,1,
2023,14 Mayıs 2023,66,Yozgat,İYİ Parti,59980,22.91,1,
2023,14 Mayıs 2023,66,Yozgat,YENİDEN REFAH,11481,4.39,0,
2023,14 Mayıs 2023,66,Yozgat,ZP,3327,1.27,0,
2023,14 Mayıs 2023,66,Yozgat,BBP,4260,1.63,0,
2023,14 Mayıs 2023,66,Yozgat,ANAP,953,0.36,0,
2023,14 Mayıs 2023,66,Yozgat,MEMLEKET,1286,0.49,0,
2023,14 Mayıs 2023,66,Yozgat,HAK-PAR,285,0.11,0,
2023,14 Mayıs 2023,66,Yozgat,TİP,733,0.28,0,
2023,14 Mayıs 2023,66,Yozgat,VATAN,357,0.14,0,
2023,14 Mayıs 2023,66,Yozgat,YEŞİL SOL,1766,0.67,0,
2023,14 Mayıs 2023,66,Yozgat,HKP,250,0.1,0,
2023,14 Mayıs 2023,66,Yozgat,SOL PARTİ,249,0.1,0,
2023,14 Mayıs 2023,66,Yozgat,GP,293,0.11,0,
2023,14 Mayıs 2023,66,Yozgat,Bağımsız,191,0.07,0,
2023,14 Mayıs 2023,66,Yozgat,TKH,64,0.02,0,
2023,14 Mayıs 2023,66,Yozgat,MP92,337,0.13,0,
2023,14 Mayıs 2023,66,Yozgat,TKP,174,0.07,0,
2023,14 Mayıs 2023,66,Yozgat,YP,60,0.02,0,
2023,14 Mayıs 2023,67,Zonguldak,AK Parti,162290,40.02,3,EVET
2023,14 Mayıs 2023,67,Zonguldak,CHP,130033,32.07,2,
2023,14 Mayıs 2023,67,Zonguldak,MHP,34209,8.44,0,
2023,14 Mayıs 2023,67,Zonguldak,İYİ Parti,40371,9.96,0,
2023,14 Mayıs 2023,67,Zonguldak,YENİDEN REFAH,10229,2.52,0,
2023,14 Mayıs 2023,67,Zonguldak,ZP,7122,1.76,0,
2023,14 Mayıs 2023,67,Zonguldak,MEMLEKET,3528,0.87,0,
2023,14 Mayıs 2023,67,Zonguldak,AP23,2094,0.52,0,
2023,14 Mayıs 2023,67,Zonguldak,BBP,3370,0.83,0,
2023,14 Mayıs 2023,67,Zonguldak,TİP,2193,0.54,0,
2023,14 Mayıs 2023,67,Zonguldak,ANAP,1241,0.31,0,
2023,14 Mayıs 2023,67,Zonguldak,AB,836,0.21,0,
2023,14 Mayıs 2023,67,Zonguldak,GP,1135,0.28,0,
2023,14 Mayıs 2023,67,Zonguldak,YEŞİL SOL,2659,0.66,0,
2023,14 Mayıs 2023,67,Zonguldak,HAK-PAR,649,0.16,0,
2023,14 Mayıs 2023,67,Zonguldak,MP92,638,0.16,0,
2023,14 Mayıs 2023,67,Zonguldak,VATAN,602,0.15,0,
2023,14 Mayıs 2023,67,Zonguldak,HKP,420,0.1,0,
2023,14 Mayıs 2023,67,Zonguldak,TKP,372,0.09,0,
2023,14 Mayıs 2023,67,Zonguldak,GBP,332,0.08,0,
2023,14 Mayıs 2023,67,Zonguldak,TKH,172,0.04,0,
2023,14 Mayıs 2023,67,Zonguldak,SOL PARTİ,303,0.07,0,
2023,14 Mayıs 2023,67,Zonguldak,YP,148,0.04,0,
2023,14 Mayıs 2023,67,Zonguldak,Bağımsız,121,0.03,0,
2023,14 Mayıs 2023,68,Aksaray,AK Parti,113633,44.13,2,EVET
2023,14 Mayıs 2023,68,Aksaray,MHP,54103,21.01,1,
2023,14 Mayıs 2023,68,Aksaray,İYİ Parti,63588,24.69,1,
2023,14 Mayıs 2023,68,Aksaray,YENİDEN REFAH,6651,2.58,0,
2023,14 Mayıs 2023,68,Aksaray,BBP,5376,2.09,0,
2023,14 Mayıs 2023,68,Aksaray,ZP,3379,1.31,0,
2023,14 Mayıs 2023,68,Aksaray,MEMLEKET,1727,0.67,0,
2023,14 Mayıs 2023,68,Aksaray,AB,394,0.15,0,
2023,14 Mayıs 2023,68,Aksaray,TİP,881,0.34,0,
2023,14 Mayıs 2023,68,Aksaray,HKP,197,0.08,0,
2023,14 Mayıs 2023,68,Aksaray,Bağımsız,3007,1.17,0,
2023,14 Mayıs 2023,68,Aksaray,MİLLİYOL,158,0.06,0,
2023,14 Mayıs 2023,68,Aksaray,VATAN,271,0.11,0,
2023,14 Mayıs 2023,68,Aksaray,HAK-PAR,220,0.09,0,
2023,14 Mayıs 2023,68,Aksaray,GP,319,0.12,0,
2023,14 Mayıs 2023,68,Aksaray,YEŞİL SOL,2345,0.91,0,
2023,14 Mayıs 2023,68,Aksaray,MP92,377,0.15,0,
2023,14 Mayıs 2023,68,Aksaray,YP,108,0.04,0,
2023,14 Mayıs 2023,68,Aksaray,TKP,173,0.07,0,
2023,14 Mayıs 2023,68,Aksaray,SOL PARTİ,272,0.11,0,
2023,14 Mayıs 2023,68,Aksaray,TKH,58,0.02,0,
2023,14 Mayıs 2023,69,Bayburt,AK Parti,30185,59.95,1,EVET
2023,14 Mayıs 2023,69,Bayburt,İYİ Parti,8040,15.97,0,
2023,14 Mayıs 2023,69,Bayburt,MHP,8363,16.61,0,
2023,14 Mayıs 2023,69,Bayburt,YENİDEN REFAH,1483,2.95,0,
2023,14 Mayıs 2023,69,Bayburt,ZP,672,1.33,0,
2023,14 Mayıs 2023,69,Bayburt,BBP,362,0.72,0,
2023,14 Mayıs 2023,69,Bayburt,YEŞİL SOL,376,0.75,0,
2023,14 Mayıs 2023,69,Bayburt,MEMLEKET,192,0.38,0,
2023,14 Mayıs 2023,69,Bayburt,Bağımsız,116,0.23,0,
2023,14 Mayıs 2023,69,Bayburt,TİP,146,0.29,0,
2023,14 Mayıs 2023,69,Bayburt,ANAP,105,0.21,0,
2023,14 Mayıs 2023,69,Bayburt,AB,55,0.11,0,
2023,14 Mayıs 2023,69,Bayburt,AP23,62,0.12,0,
2023,14 Mayıs 2023,69,Bayburt,MP92,40,0.08,0,
2023,14 Mayıs 2023,69,Bayburt,TKP,34,0.07,0,
2023,14 Mayıs 2023,69,Bayburt,HKP,28,0.06,0,
2023,14 Mayıs 2023,69,Bayburt,GP,21,0.04,0,
2023,14 Mayıs 2023,69,Bayburt,HAK-PAR,27,0.05,0,
2023,14 Mayıs 2023,69,Bayburt,GBP,27,0.05,0,
2023,14 Mayıs 2023,69,Bayburt,SOL PARTİ,17,0.03,0,
2023,14 Mayıs 2023,69,Bayburt,VATAN,17,0.03,0,
2023,14 Mayıs 2023,69,Bayburt,MİLLİYOL,15,0.03,0,
2023,14 Mayıs 2023,69,Bayburt,YP,10,0.02,0,
2023,14 Mayıs 2023,69,Bayburt,TKH,7,0.01,0,
2023,14 Mayıs 2023,70,Karaman,AK Parti,69380,40.98,2,EVET
2023,14 Mayıs 2023,70,Karaman,CHP,32678,19.3,1,
2023,14 Mayıs 2023,70,Karaman,MHP,30573,18.06,0,
2023,14 Mayıs 2023,70,Karaman,İYİ Parti,18378,10.85,0,
2023,14 Mayıs 2023,70,Karaman,ZP,3095,1.83,0,
2023,14 Mayıs 2023,70,Karaman,YENİDEN REFAH,3997,2.36,0,
2023,14 Mayıs 2023,70,Karaman,BBP,4494,2.65,0,
2023,14 Mayıs 2023,70,Karaman,MEMLEKET,1527,0.9,0,
2023,14 Mayıs 2023,70,Karaman,AP23,563,0.33,0,
2023,14 Mayıs 2023,70,Karaman,AB,269,0.16,0,
2023,14 Mayıs 2023,70,Karaman,ANAP,263,0.16,0,
2023,14 Mayıs 2023,70,Karaman,GP,307,0.18,0,
2023,14 Mayıs 2023,70,Karaman,VATAN,142,0.08,0,
2023,14 Mayıs 2023,70,Karaman,Bağımsız,458,0.27,0,
2023,14 Mayıs 2023,70,Karaman,TİP,608,0.36,0,
2023,14 Mayıs 2023,70,Karaman,HAK-PAR,175,0.1,0,
2023,14 Mayıs 2023,70,Karaman,TKH,75,0.04,0,
2023,14 Mayıs 2023,70,Karaman,YEŞİL SOL,1363,0.8,0,
2023,14 Mayıs 2023,70,Karaman,HKP,158,0.09,0,
2023,14 Mayıs 2023,70,Karaman,GBP,94,0.06,0,
2023,14 Mayıs 2023,70,Karaman,TKP,189,0.11,0,
2023,14 Mayıs 2023,70,Karaman,MP92,185,0.11,0,
2023,14 Mayıs 2023,70,Karaman,SOL PARTİ,109,0.06,0,
2023,14 Mayıs 2023,70,Karaman,YP,44,0.03,0,
2023,14 Mayıs 2023,71,Kırıkkale,AK Parti,65134,35.67,1,EVET
2023,14 Mayıs 2023,71,Kırıkkale,MHP,38775,21.23,1,
2023,14 Mayıs 2023,71,Kırıkkale,CHP,48590,26.61,1,
2023,14 Mayıs 2023,71,Kırıkkale,İYİ Parti,18449,10.1,0,
2023,14 Mayıs 2023,71,Kırıkkale,YENİDEN REFAH,3343,1.83,0,
2023,14 Mayıs 2023,71,Kırıkkale,ZP,2734,1.5,0,
2023,14 Mayıs 2023,71,Kırıkkale,BBP,1183,0.65,0,
2023,14 Mayıs 2023,71,Kırıkkale,ANAP,465,0.25,0,
2023,14 Mayıs 2023,71,Kırıkkale,YEŞİL SOL,1139,0.62,0,
2023,14 Mayıs 2023,71,Kırıkkale,AP23,449,0.25,0,
2023,14 Mayıs 2023,71,Kırıkkale,MEMLEKET,829,0.45,0,
2023,14 Mayıs 2023,71,Kırıkkale,HKP,101,0.06,0,
2023,14 Mayıs 2023,71,Kırıkkale,VATAN,186,0.1,0,
2023,14 Mayıs 2023,71,Kırıkkale,GP,171,0.09,0,
2023,14 Mayıs 2023,71,Kırıkkale,MP92,106,0.06,0,
2023,14 Mayıs 2023,71,Kırıkkale,HAK-PAR,84,0.05,0,
2023,14 Mayıs 2023,71,Kırıkkale,TKH,42,0.02,0,
2023,14 Mayıs 2023,71,Kırıkkale,Bağımsız,375,0.21,0,
2023,14 Mayıs 2023,71,Kırıkkale,YP,33,0.02,0,
2023,14 Mayıs 2023,71,Kırıkkale,SOL PARTİ,42,0.02,0,
2023,14 Mayıs 2023,71,Kırıkkale,MİLLİYOL,104,0.06,0,
2023,14 Mayıs 2023,71,Kırıkkale,TKP,73,0.04,0,
2023,14 Mayıs 2023,72,Batman,AK Parti,98159,29.22,2,
2023,14 Mayıs 2023,72,Batman,YEŞİL SOL,194142,57.79,3,EVET
2023,14 Mayıs 2023,72,Batman,MHP,4954,1.47,0,
2023,14 Mayıs 2023,72,Batman,CHP,28409,8.46,0,
2023,14 Mayıs 2023,72,Batman,YENİDEN REFAH,3611,1.07,0,
2023,14 Mayıs 2023,72,Batman,BBP,1004,0.3,0,
2023,14 Mayıs 2023,72,Batman,SOL PARTİ,1920,0.57,0,
2023,14 Mayıs 2023,72,Batman,MEMLEKET,1110,0.33,0,
2023,14 Mayıs 2023,72,Batman,AP23,476,0.14,0,
2023,14 Mayıs 2023,72,Batman,Bağımsız,30,0.01,0,
2023,14 Mayıs 2023,72,Batman,YP,405,0.12,0,
2023,14 Mayıs 2023,72,Batman,HAK-PAR,533,0.16,0,
2023,14 Mayıs 2023,72,Batman,TKH,82,0.02,0,
2023,14 Mayıs 2023,72,Batman,VATAN,124,0.04,0,
2023,14 Mayıs 2023,72,Batman,HKP,144,0.04,0,
2023,14 Mayıs 2023,72,Batman,GBP,247,0.07,0,
2023,14 Mayıs 2023,72,Batman,TKP,230,0.07,0,
2023,14 Mayıs 2023,72,Batman,MP92,150,0.04,0,
2023,14 Mayıs 2023,73,Şırnak,YEŞİL SOL,171603,62.67,3,EVET
2023,14 Mayıs 2023,73,Şırnak,AK Parti,58730,21.45,1,
2023,14 Mayıs 2023,73,Şırnak,CHP,23824,8.7,0,
2023,14 Mayıs 2023,73,Şırnak,MHP,6739,2.46,0,
2023,14 Mayıs 2023,73,Şırnak,ZP,3028,1.11,0,
2023,14 Mayıs 2023,73,Şırnak,İYİ Parti,3172,1.16,0,
2023,14 Mayıs 2023,73,Şırnak,YENİDEN REFAH,1638,0.6,0,
2023,14 Mayıs 2023,73,Şırnak,MEMLEKET,943,0.34,0,
2023,14 Mayıs 2023,73,Şırnak,Bağımsız,183,0.07,0,
2023,14 Mayıs 2023,73,Şırnak,SOL PARTİ,1172,0.43,0,
2023,14 Mayıs 2023,73,Şırnak,AB,462,0.17,0,
2023,14 Mayıs 2023,73,Şırnak,BBP,375,0.14,0,
2023,14 Mayıs 2023,73,Şırnak,GP,175,0.06,0,
2023,14 Mayıs 2023,73,Şırnak,HAK-PAR,347,0.13,0,
2023,14 Mayıs 2023,73,Şırnak,AP23,211,0.08,0,
2023,14 Mayıs 2023,73,Şırnak,TKP,159,0.06,0,
2023,14 Mayıs 2023,73,Şırnak,ANAP,215,0.08,0,
2023,14 Mayıs 2023,73,Şırnak,GBP,205,0.07,0,
2023,14 Mayıs 2023,73,Şırnak,TKH,89,0.03,0,
2023,14 Mayıs 2023,73,Şırnak,VATAN,142,0.05,0,
2023,14 Mayıs 2023,73,Şırnak,HKP,110,0.04,0,
2023,14 Mayıs 2023,73,Şırnak,MP92,72,0.03,0,
2023,14 Mayıs 2023,73,Şırnak,YP,73,0.03,0,
2023,14 Mayıs 2023,74,Bartın,CHP,42749,31.45,1,
2023,14 Mayıs 2023,74,Bartın,AK Parti,50239,36.96,1,EVET
2023,14 Mayıs 2023,74,Bartın,MHP,31933,23.49,0,
2023,14 Mayıs 2023,74,Bartın,YENİDEN REFAH,2414,1.78,0,
2023,14 Mayıs 2023,74,Bartın,TKP,280,0.21,0,
2023,14 Mayıs 2023,74,Bartın,ZP,1930,1.42,0,
2023,14 Mayıs 2023,74,Bartın,BBP,606,0.45,0,
2023,14 Mayıs 2023,74,Bartın,MEMLEKET,1184,0.87,0,
2023,14 Mayıs 2023,74,Bartın,AP23,683,0.5,0,
2023,14 Mayıs 2023,74,Bartın,AB,439,0.32,0,
2023,14 Mayıs 2023,74,Bartın,ANAP,509,0.37,0,
2023,14 Mayıs 2023,74,Bartın,MP92,253,0.19,0,
2023,14 Mayıs 2023,74,Bartın,HAK-PAR,272,0.2,0,
2023,14 Mayıs 2023,74,Bartın,GBP,175,0.13,0,
2023,14 Mayıs 2023,74,Bartın,VATAN,229,0.17,0,
2023,14 Mayıs 2023,74,Bartın,TKH,112,0.08,0,
2023,14 Mayıs 2023,74,Bartın,HKP,231,0.17,0,
2023,14 Mayıs 2023,74,Bartın,GP,448,0.33,0,
2023,14 Mayıs 2023,74,Bartın,YP,106,0.08,0,
2023,14 Mayıs 2023,74,Bartın,YEŞİL SOL,869,0.64,0,
2023,14 Mayıs 2023,74,Bartın,SOL PARTİ,119,0.09,0,
2023,14 Mayıs 2023,74,Bartın,Bağımsız,15,0.01,0,
2023,14 Mayıs 2023,75,Ardahan,CHP,16573,29.75,1,
2023,14 Mayıs 2023,75,Ardahan,YEŞİL SOL,11932,21.42,0,
2023,14 Mayıs 2023,75,Ardahan,AK Parti,19489,34.98,1,EVET
2023,14 Mayıs 2023,75,Ardahan,İYİ Parti,2716,4.87,0,
2023,14 Mayıs 2023,75,Ardahan,MHP,1813,3.25,0,
2023,14 Mayıs 2023,75,Ardahan,SOL PARTİ,384,0.69,0,
2023,14 Mayıs 2023,75,Ardahan,ZP,575,1.03,0,
2023,14 Mayıs 2023,75,Ardahan,GBP,83,0.15,0,
2023,14 Mayıs 2023,75,Ardahan,MEMLEKET,243,0.44,0,
2023,14 Mayıs 2023,75,Ardahan,YENİDEN REFAH,559,1.0,0,
2023,14 Mayıs 2023,75,Ardahan,ANAP,185,0.33,0,
2023,14 Mayıs 2023,75,Ardahan,TKP,94,0.17,0,
2023,14 Mayıs 2023,75,Ardahan,GP,49,0.09,0,
2023,14 Mayıs 2023,75,Ardahan,HAK-PAR,78,0.14,0,
2023,14 Mayıs 2023,75,Ardahan,HKP,94,0.17,0,
2023,14 Mayıs 2023,75,Ardahan,VATAN,55,0.1,0,
2023,14 Mayıs 2023,75,Ardahan,BBP,187,0.34,0,
2023,14 Mayıs 2023,75,Ardahan,AP23,193,0.35,0,
2023,14 Mayıs 2023,75,Ardahan,Bağımsız,25,0.04,0,
2023,14 Mayıs 2023,75,Ardahan,YP,45,0.08,0,
2023,14 Mayıs 2023,75,Ardahan,MP92,46,0.08,0,
2023,14 Mayıs 2023,75,Ardahan,TKH,58,0.1,0,
2023,14 Mayıs 2023,75,Ardahan,MİLLİYOL,35,0.06,0,
2023,14 Mayıs 2023,75,Ardahan,AB,132,0.24,0,
2023,14 Mayıs 2023,76,Iğdır,AK Parti,37022,35.25,1,
2023,14 Mayıs 2023,76,Iğdır,YEŞİL SOL,45736,43.55,1,EVET
2023,14 Mayıs 2023,76,Iğdır,CHP,6906,6.58,0,
2023,14 Mayıs 2023,76,Iğdır,MHP,4999,4.76,0,
2023,14 Mayıs 2023,76,Iğdır,İYİ Parti,6914,6.58,0,
2023,14 Mayıs 2023,76,Iğdır,SOL PARTİ,578,0.55,0,
2023,14 Mayıs 2023,76,Iğdır,MEMLEKET,414,0.39,0,
2023,14 Mayıs 2023,76,Iğdır,ANAP,174,0.17,0,
2023,14 Mayıs 2023,76,Iğdır,YENİDEN REFAH,503,0.48,0,
2023,14 Mayıs 2023,76,Iğdır,AP23,222,0.21,0,
2023,14 Mayıs 2023,76,Iğdır,AB,167,0.16,0,
2023,14 Mayıs 2023,76,Iğdır,BBP,206,0.2,0,
2023,14 Mayıs 2023,76,Iğdır,HKP,86,0.08,0,
2023,14 Mayıs 2023,76,Iğdır,Bağımsız,372,0.35,0,
2023,14 Mayıs 2023,76,Iğdır,GP,59,0.06,0,
2023,14 Mayıs 2023,76,Iğdır,HAK-PAR,100,0.1,0,
2023,14 Mayıs 2023,76,Iğdır,MP92,55,0.05,0,
2023,14 Mayıs 2023,76,Iğdır,TKP,142,0.14,0,
2023,14 Mayıs 2023,76,Iğdır,YP,37,0.04,0,
2023,14 Mayıs 2023,76,Iğdır,VATAN,59,0.06,0,
2023,14 Mayıs 2023,76,Iğdır,TKH,39,0.04,0,
2023,14 Mayıs 2023,76,Iğdır,GBP,104,0.1,0,
2023,14 Mayıs 2023,76,Iğdır,MİLLİYOL,33,0.03,0,
2023,14 Mayıs 2023,77,Yalova,AK Parti,61761,34.25,2,EVET
2023,14 Mayıs 2023,77,Yalova,CHP,51817,28.74,1,
2023,14 Mayıs 2023,77,Yalova,MHP,20500,11.37,0,
2023,14 Mayıs 2023,77,Yalova,İYİ Parti,17173,9.52,0,
2023,14 Mayıs 2023,77,Yalova,YEŞİL SOL,10403,5.77,0,
2023,14 Mayıs 2023,77,Yalova,MEMLEKET,4914,2.73,0,
2023,14 Mayıs 2023,77,Yalova,ZP,4053,2.25,0,
2023,14 Mayıs 2023,77,Yalova,YENİDEN REFAH,3795,2.1,0,
2023,14 Mayıs 2023,77,Yalova,TİP,1951,1.08,0,
2023,14 Mayıs 2023,77,Yalova,BBP,1134,0.63,0,
2023,14 Mayıs 2023,77,Yalova,AP23,511,0.28,0,
2023,14 Mayıs 2023,77,Yalova,GP,418,0.23,0,
2023,14 Mayıs 2023,77,Yalova,ANAP,364,0.2,0,
2023,14 Mayıs 2023,77,Yalova,MP92,255,0.14,0,
2023,14 Mayıs 2023,77,Yalova,SOL PARTİ,193,0.11,0,
2023,14 Mayıs 2023,77,Yalova,AB,157,0.09,0,
2023,14 Mayıs 2023,77,Yalova,VATAN,140,0.08,0,
2023,14 Mayıs 2023,77,Yalova,GBP,132,0.07,0,
2023,14 Mayıs 2023,77,Yalova,TKP,121,0.07,0,
2023,14 Mayıs 2023,77,Yalova,HAK-PAR,99,0.05,0,
2023,14 Mayıs 2023,77,Yalova,HKP,89,0.05,0,
2023,14 Mayıs 2023,77,Yalova,MİLLİYOL,65,0.04,0,
2023,14 Mayıs 2023,77,Yalova,TKH,34,0.02,0,
2023,14 Mayıs 2023,77,Yalova,Bağımsız,231,0.13,0,
2023,14 Mayıs 2023,77,Yalova,YP,26,0.01,0,
2023,14 Mayıs 2023,78,Karabük,AK Parti,61621,37.67,2,EVET
2023,14 Mayıs 2023,78,Karabük,CHP,35916,21.96,1,
2023,14 Mayıs 2023,78,Karabük,İYİ Parti,15782,9.65,0,
2023,14 Mayıs 2023,78,Karabük,MHP,26092,15.95,0,
2023,14 Mayıs 2023,78,Karabük,YENİDEN REFAH,13421,8.2,0,
2023,14 Mayıs 2023,78,Karabük,ZP,3339,2.04,0,
2023,14 Mayıs 2023,78,Karabük,AP23,732,0.45,0,
2023,14 Mayıs 2023,78,Karabük,BBP,682,0.42,0,
2023,14 Mayıs 2023,78,Karabük,ANAP,384,0.23,0,
2023,14 Mayıs 2023,78,Karabük,YEŞİL SOL,1175,0.72,0,
2023,14 Mayıs 2023,78,Karabük,TİP,676,0.41,0,
2023,14 Mayıs 2023,78,Karabük,AB,356,0.22,0,
2023,14 Mayıs 2023,78,Karabük,MEMLEKET,1646,1.01,0,
2023,14 Mayıs 2023,78,Karabük,VATAN,127,0.08,0,
2023,14 Mayıs 2023,78,Karabük,MİLLİYOL,180,0.11,0,
2023,14 Mayıs 2023,78,Karabük,HAK-PAR,207,0.13,0,
2023,14 Mayıs 2023,78,Karabük,HKP,115,0.07,0,
2023,14 Mayıs 2023,78,Karabük,SOL PARTİ,135,0.08,0,
2023,14 Mayıs 2023,78,Karabük,GP,330,0.2,0,
2023,14 Mayıs 2023,78,Karabük,GBP,106,0.06,0,
2023,14 Mayıs 2023,78,Karabük,Bağımsız,245,0.15,0,
2023,14 Mayıs 2023,78,Karabük,TKP,110,0.07,0,
2023,14 Mayıs 2023,78,Karabük,YP,58,0.04,0,
2023,14 Mayıs 2023,78,Karabük,MP92,153,0.09,0,
2023,14 Mayıs 2023,78,Karabük,TKH,49,0.03,0,
2023,14 Mayıs 2023,79,Kilis,AK Parti,34480,39.68,1,EVET
2023,14 Mayıs 2023,79,Kilis,MHP,23253,26.76,1,
2023,14 Mayıs 2023,79,Kilis,CHP,17552,20.2,0,
2023,14 Mayıs 2023,79,Kilis,İYİ Parti,4995,5.75,0,
2023,14 Mayıs 2023,79,Kilis,YENİDEN REFAH,2032,2.34,0,
2023,14 Mayıs 2023,79,Kilis,ZP,1604,1.85,0,
2023,14 Mayıs 2023,79,Kilis,YEŞİL SOL,1012,1.16,0,
2023,14 Mayıs 2023,79,Kilis,MEMLEKET,582,0.67,0,
2023,14 Mayıs 2023,79,Kilis,BBP,368,0.42,0,
2023,14 Mayıs 2023,79,Kilis,AP23,139,0.16,0,
2023,14 Mayıs 2023,79,Kilis,GP,133,0.15,0,
2023,14 Mayıs 2023,79,Kilis,ANAP,123,0.14,0,
2023,14 Mayıs 2023,79,Kilis,AB,94,0.11,0,
2023,14 Mayıs 2023,79,Kilis,TKP,86,0.1,0,
2023,14 Mayıs 2023,79,Kilis,MP92,78,0.09,0,
2023,14 Mayıs 2023,79,Kilis,GBP,56,0.06,0,
2023,14 Mayıs 2023,79,Kilis,HAK-PAR,46,0.05,0,
2023,14 Mayıs 2023,79,Kilis,VATAN,41,0.05,0,
2023,14 Mayıs 2023,79,Kilis,SOL PARTİ,34,0.04,0,
2023,14 Mayıs 2023,79,Kilis,HKP,45,0.05,0,
2023,14 Mayıs 2023,79,Kilis,TKH,18,0.02,0,
2023,14 Mayıs 2023,79,Kilis,YP,21,0.02,0,
2023,14 Mayıs 2023,79,Kilis,Bağımsız,5,0.01,0,
2023,14 Mayıs 2023,80,Osmaniye,MHP,97683,28.45,1,
2023,14 Mayıs 2023,80,Osmaniye,AK Parti,113953,33.19,2,EVET
2023,14 Mayıs 2023,80,Osmaniye,CHP,59488,17.33,1,
2023,14 Mayıs 2023,80,Osmaniye,İYİ Parti,43108,12.56,0,
2023,14 Mayıs 2023,80,Osmaniye,YEŞİL SOL,7780,2.27,0,
2023,14 Mayıs 2023,80,Osmaniye,YENİDEN REFAH,6775,1.97,0,
2023,14 Mayıs 2023,80,Osmaniye,ZP,5734,1.67,0,
2023,14 Mayıs 2023,80,Osmaniye,HKP,368,0.11,0,
2023,14 Mayıs 2023,80,Osmaniye,MEMLEKET,2047,0.6,0,
2023,14 Mayıs 2023,80,Osmaniye,BBP,1973,0.57,0,
2023,14 Mayıs 2023,80,Osmaniye,TİP,1276,0.37,0,
2023,14 Mayıs 2023,80,Osmaniye,GP,641,0.19,0,
2023,14 Mayıs 2023,80,Osmaniye,VATAN,389,0.11,0,
2023,14 Mayıs 2023,80,Osmaniye,TKP,242,0.07,0,
2023,14 Mayıs 2023,80,Osmaniye,MP92,265,0.08,0,
2023,14 Mayıs 2023,80,Osmaniye,HAK-PAR,191,0.06,0,
2023,14 Mayıs 2023,80,Osmaniye,Bağımsız,385,0.11,0,
2023,14 Mayıs 2023,80,Osmaniye,AB,368,0.11,0,
2023,14 Mayıs 2023,80,Osmaniye,SOL PARTİ,160,0.05,0,
2023,14 Mayıs 2023,80,Osmaniye,YP,55,0.02,0,
2023,14 Mayıs 2023,80,Osmaniye,TKH,85,0.02,0,
2023,14 Mayıs 2023,81,Düzce,AK Parti,136052,49.58,2,EVET
2023,14 Mayıs 2023,81,Düzce,CHP,62126,22.64,1,
2023,14 Mayıs 2023,81,Düzce,MHP,44273,16.13,0,
2023,14 Mayıs 2023,81,Düzce,YENİDEN REFAH,10518,3.83,0,
2023,14 Mayıs 2023,81,Düzce,ZP,5784,2.11,0,
2023,14 Mayıs 2023,81,Düzce,MEMLEKET,2955,1.08,0,
2023,14 Mayıs 2023,81,Düzce,YEŞİL SOL,3460,1.26,0,
2023,14 Mayıs 2023,81,Düzce,BBP,2426,0.88,0,
2023,14 Mayıs 2023,81,Düzce,TİP,1419,0.52,0,
2023,14 Mayıs 2023,81,Düzce,AP23,985,0.36,0,
2023,14 Mayıs 2023,81,Düzce,ANAP,848,0.31,0,
2023,14 Mayıs 2023,81,Düzce,GP,769,0.28,0,
2023,14 Mayıs 2023,81,Düzce,VATAN,311,0.11,0,
2023,14 Mayıs 2023,81,Düzce,MP92,388,0.14,0,
2023,14 Mayıs 2023,81,Düzce,AB,382,0.14,0,
2023,14 Mayıs 2023,81,Düzce,HAK-PAR,241,0.09,0,
2023,14 Mayıs 2023,81,Düzce,HKP,210,0.08,0,
2023,14 Mayıs 2023,81,Düzce,GBP,146,0.05,0,
2023,14 Mayıs 2023,81,Düzce,TKP,227,0.08,0,
2023,14 Mayıs 2023,81,Düzce,SOL PARTİ,123,0.04,0,
2023,14 Mayıs 2023,81,Düzce,MİLLİYOL,137,0.05,0,
2023,14 Mayıs 2023,81,Düzce,TKH,73,0.03,0,
2023,14 Mayıs 2023,81,Düzce,YP,67,0.02,0,
2023,14 Mayıs 2023,81,Düzce,Bağımsız,171,0.06,0,
