{"type":"FeatureCollection","features":[{"type":"Feature","properties":{"plaka":1},"geometry":{"type":"Polygon","coordinates":[[[35.4173,36.5899],[35.4131,36.5825],[35.4182,36.5778],[35.4138,36.5742],[35.3859,36.5622],[35.3774,36.5553],[35.3672,36.5543],[35.3487,36.5429],[35.3458,36.5509],[35.2998,36.5771],[35.2932,36.5729],[35.2827,36.5779],[35.2867,36.5837],[35.1859,36.6322],[35.1591,36.6393],[35.1561,36.6373],[35.1093,36.658],[35.1099,36.6602],[35.1082,36.6578],[35.109,36.6592],[35.0821,36.6734],[35.0719,36.6841],[35.025,36.7098],[34.9831,36.7225],[34.9481,36.7273],[34.9249,36.7238],[34.9119,36.7181],[34.9049,36.7218],[34.9298,36.741],[34.9577,36.7407],[34.971,36.7588],[34.9948,36.7597],[35.0036,36.7516],[35.0075,36.751],[35.01,36.7551],[35.0033,36.7647],[35.0065,36.7673],[35.0202,36.7578],[35.0268,36.7568],[35.0305,36.7613],[35.0246,36.7703],[35.0265,36.7769],[35.0348,36.777],[35.0386,36.7655],[35.0434,36.7647],[35.052,36.7789],[35.0677,36.786],[35.0726,36.7954],[35.0764,36.7979],[35.081,36.7965],[35.0919,36.7845],[35.097,36.7832],[35.1227,36.7918],[35.1361,36.7876],[35.15255,36.79628],[35.151,36.7964],[35.1514,36.8139],[35.1462,36.8311],[35.139,36.9086],[35.1189,36.9223],[35.097,36.9443],[35.0994,36.9613],[35.0973,36.9811],[35.1098,36.9944],[35.1217,37.0214],[35.1238,37.0358],[35.1232,37.0434],[35.1154,37.0494],[35.0961,37.0544],[35.0625,37.0715],[35.0398,37.073],[35.0124,37.0654],[35.0098,37.0755],[35.0098,37.0915],[35.0151,37.1001],[35.0117,37.114],[35.0138,37.1229],[35.0128,37.1267],[35.0021,37.1285],[34.9765,37.1305],[34.9608,37.1357],[34.9466,37.1485],[34.9198,37.1868],[34.9226,37.1976],[34.9285,37.2047],[34.9364,37.2084],[34.9588,37.2122],[34.9674,37.2172],[34.9695,37.2236],[34.9693,37.2293],[34.9654,37.2352],[34.9657,37.2489],[34.9626,37.2551],[34.9674,37.2738],[34.9495,37.2836],[34.9356,37.2852],[34.9104,37.2944],[34.8958,37.2957],[34.8554,37.2967],[34.8366,37.2929],[34.814,37.292],[34.7985,37.2966],[34.7878,37.3034],[34.7567,37.3357],[34.7486,37.3562],[34.7778,37.3945],[34.7752,37.4218],[34.7746,37.4556],[34.7765,37.4599],[34.7824,37.4642],[34.8153,37.477],[34.8207,37.4808],[34.8251,37.4891],[34.8306,37.5288],[34.8377,37.5404],[34.8465,37.5487],[34.8386,37.5968],[34.8472,37.6094],[34.8538,37.6339],[34.8654,37.6567],[34.8784,37.6738],[34.9013,37.6933],[34.9166,37.6865],[34.9382,37.6858],[34.9509,37.6828],[34.9574,37.6673],[34.9699,37.6516],[34.9998,37.6595],[35.0099,37.6663],[35.0225,37.6702],[35.0342,37.6774],[35.0392,37.6835],[35.0786,37.6878],[35.0904,37.7029],[35.1035,37.7121],[35.1438,37.7288],[35.1872,37.7426],[35.2044,37.7559],[35.2126,37.7584],[35.2351,37.7576],[35.2595,37.7601],[35.3099,37.7461],[35.3224,37.7396],[35.325,37.7362],[35.3241,37.7219],[35.338,37.7106],[35.3455,37.7103],[35.3637,37.7193],[35.4025,37.7046],[35.4131,37.7088],[35.4156,37.7189],[35.4187,37.7225],[35.4307,37.7195],[35.433,37.7226],[35.4331,37.7307],[35.4634,37.7302],[35.4777,37.7203],[35.4789,37.7099],[35.4914,37.7032],[35.4949,37.6952],[35.499,37.692],[35.52491,37.68607],[35.5246,37.6862],[35.533,37.6977],[35.5403,37.7035],[35.5477,37.7306],[35.5469,37.7338],[35.5387,37.7398],[35.5244,37.7452],[35.522,37.752],[35.5141,37.7529],[35.508,37.7591],[35.5085,37.7629],[35.5147,37.7718],[35.5273,37.7765],[35.5463,37.7933],[35.5722,37.796],[35.5835,37.7928],[35.5898,37.7965],[35.5988,37.8069],[35.5989,37.8222],[35.6013,37.8306],[35.5991,37.8531],[35.602,37.8621],[35.5921,37.872],[35.5862,37.8858],[35.5877,37.8946],[35.595,37.9056],[35.5868,37.9206],[35.5785,37.9261],[35.5757,37.9339],[35.5758,37.9419],[35.5881,37.9506],[35.5925,37.9598],[35.5981,37.9653],[35.6199,37.9716],[35.6442,37.9748],[35.6686,37.9833],[35.6861,37.979],[35.6914,37.9873],[35.6953,38.0002],[35.708,38.0112],[35.7139,38.0204],[35.7308,38.0272],[35.7378,38.035],[35.752,38.0415],[35.7696,38.0441],[35.7776,38.062],[35.7863,38.0705],[35.7921,38.0817],[35.8092,38.0873],[35.8227,38.0864],[35.8472,38.0774],[35.8575,38.078],[35.8924,38.0875],[35.9196,38.1081],[35.9412,38.1162],[35.9893,38.1495],[35.9935,38.1568],[35.9924,38.1697],[36.0059,38.1908],[35.9979,38.1965],[35.99,38.2148],[35.9915,38.2252],[36.0282,38.2471],[36.074,38.296],[36.0974,38.3134],[36.1097,38.3301],[36.1224,38.3389],[36.137,38.3419],[36.1565,38.3531],[36.1964,38.361],[36.2112,38.3693],[36.2283,38.3709],[36.2368,38.3738],[36.2512,38.3876],[36.2679,38.3985],[36.2845,38.4022],[36.2899,38.4001],[36.2925,38.3922],[36.2964,38.3887],[36.3002,38.3757],[36.3159,38.3638],[36.3212,38.3638],[36.3364,38.3782],[36.3447,38.38],[36.3626,38.3764],[36.3714,38.3699],[36.3821,38.3681],[36.3883,38.3606],[36.3957,38.3396],[36.3947,38.3321],[36.3879,38.3206],[36.3785,38.3108],[36.3728,38.3084],[36.3703,38.2993],[36.3706,38.2931],[36.3754,38.2855],[36.4009,38.2597],[36.3803,38.2395],[36.3771,38.2325],[36.3726,38.2056],[36.3834,38.1935],[36.3837,38.1891],[36.3788,38.179],[36.356,38.151],[36.3458,38.1418],[36.3415,38.1297],[36.3238,38.0995],[36.3075,38.0846],[36.3025,38.0738],[36.2972,38.0688],[36.2784,38.0579],[36.2734,38.0581],[36.2725,38.0758],[36.2731,38.0572],[36.2641,38.0528],[36.2558,38.0415],[36.2561,38.0287],[36.2336,38.0226],[36.2266,38.0007],[36.2051,37.9573],[36.2036,37.9472],[36.2049,37.9453],[36.2196,37.9431],[36.2406,37.946],[36.2631,37.9357],[36.2698,37.9156],[36.2845,37.8952],[36.2927,37.859],[36.291,37.8427],[36.2888,37.8367],[36.2724,37.8173],[36.2635,37.8014],[36.2527,37.7947],[36.2179,37.7801],[36.2129,37.7707],[36.1998,37.7584],[36.1938,37.7463],[36.187,37.7418],[36.1808,37.7329],[36.1823,37.72],[36.1903,37.7079],[36.2014,37.7092],[36.2201,37.7072],[36.2299,37.7021],[36.2336,37.6962],[36.2329,37.6905],[36.2297,37.6797],[36.223,37.6723],[36.2214,37.6655],[36.2317,37.6601],[36.2374,37.6606],[36.2656,37.6531],[36.2715,37.6422],[36.2684,37.62],[36.2553,37.5951],[36.2569,37.5908],[36.2496,37.5763],[36.2512,37.56],[36.2398,37.5339],[36.2376,37.5239],[36.25,37.495],[36.2476,37.4766],[36.2553,37.4665],[36.2577,37.4591],[36.2556,37.4457],[36.2591,37.4308],[36.255,37.4202],[36.2628,37.4127],[36.2623,37.3827],[36.2779,37.3459],[36.27766,37.34521],[36.2906,37.3637],[36.3279,37.3638],[36.3438,37.3584],[36.3553,37.3625],[36.3727,37.3481],[36.3905,37.3526],[36.4029,37.3521],[36.4153,37.3637],[36.4539,37.3693],[36.4688,37.3749],[36.4754,37.3858],[36.4725,37.4039],[36.5063,37.4133],[36.5293,37.4252],[36.5491,37.4282],[36.5548,37.407],[36.5719,37.3946],[36.5714,37.3803],[36.578,37.377],[36.5782,37.3691],[36.5898,37.3544],[36.6111,37.3497],[36.6198,37.3439],[36.6258,37.3429],[36.6477,37.3479],[36.6414,37.3238],[36.6315,37.3171],[36.6315,37.3112],[36.6289,37.3076],[36.6293,37.2956],[36.6363,37.2902],[36.6512,37.2791],[36.6621,37.2742],[36.678,37.2567],[36.6743,37.2434],[36.6897,37.2393],[36.6921,37.2256],[36.6953,37.2207],[36.6935,37.2168],[36.7054,37.2073],[36.6794,37.183],[36.66,37.1732],[36.6456,37.1611],[36.6352,37.1594],[36.6265,37.1541],[36.6214,37.1378],[36.6156,37.1319],[36.6137,37.126],[36.6147,37.1178],[36.6061,37.1067],[36.5984,37.0912],[36.5934,37.0859],[36.5804,37.0795],[36.5789,37.0726],[36.5676,37.0528],[36.5508,37.045],[36.5342,37.025],[36.5067,37.0161],[36.5023,37.0123],[36.4984,37.0089],[36.4981,37.0022],[36.4929,36.9954],[36.4941,36.9818],[36.4757,36.9689],[36.4676,36.9591],[36.4721,36.9468],[36.4697,36.9304],[36.4714,36.9236],[36.4634,36.9083],[36.4622,36.9067],[36.4538,36.9116],[36.4416,36.925],[36.4358,36.9275],[36.4141,36.9265],[36.4052,36.9292],[36.3985,36.9264],[36.3575,36.9269],[36.3218,36.9387],[36.3161,36.9436],[36.2787,36.9533],[36.2736,36.9579],[36.2776,36.9721],[36.2756,36.9767],[36.2681,36.9815],[36.2536,36.9816],[36.248,36.9879],[36.2363,36.9882],[36.2163,37.0059],[36.202,37.0067],[36.1714,37.0031],[36.1425,36.9973],[36.1069,36.9987],[36.0753,37.0047],[36.0563,36.9996],[36.0342,36.9867],[36.0146,36.97],[35.9961,36.963],[35.9821,36.9474],[35.9639,36.9376],[35.9624,36.9219],[35.956,36.9096],[35.964,36.9014],[35.9593,36.8966],[35.9389,36.8861],[35.9195,36.8674],[35.903,36.8487],[35.855,36.8138],[35.8442,36.8006],[35.8294,36.7904],[35.8305,36.7889],[35.8043,36.7783],[35.7997,36.7687],[35.7803,36.7574],[35.6728,36.768],[35.6414,36.7568],[35.6332,36.7483],[35.6169,36.7171],[35.6152,36.7164],[35.6136,36.7216],[35.6203,36.7381],[35.6142,36.7409],[35.6081,36.736],[35.5983,36.7196],[35.5925,36.7151],[35.5801,36.7175],[35.5739,36.7167],[35.5703,36.7136],[35.5789,36.7056],[35.5797,36.7014],[35.5768,36.6954],[35.5795,36.6918],[35.5904,36.6967],[35.5968,36.707],[35.6029,36.7106],[35.6053,36.7079],[35.6008,36.7002],[35.6027,36.6961],[35.6119,36.7007],[35.6164,36.6953],[35.6194,36.697],[35.6217,36.7033],[35.6213,36.714],[35.6239,36.7189],[35.6292,36.7211],[35.6324,36.7201],[35.634,36.7162],[35.6297,36.6977],[35.6318,36.6939],[35.6368,36.6968],[35.6481,36.7258],[35.6349,36.7348],[35.6365,36.7367],[35.6497,36.7364],[35.6602,36.7424],[35.6618,36.7388],[35.6536,36.7239],[35.6553,36.7166],[35.6617,36.7142],[35.6688,36.7149],[35.6946,36.7238],[35.706,36.7246],[35.7174,36.7221],[35.7219,36.7181],[35.6912,36.7161],[35.6604,36.7041],[35.6338,36.6811],[35.6235,36.6682],[35.6098,36.6637],[35.608,36.6586],[35.612,36.6504],[35.624,36.6496],[35.6307,36.6535],[35.6549,36.6869],[35.6783,36.7052],[35.6867,36.7096],[35.698,36.7115],[35.7114,36.7102],[35.7118,36.7075],[35.6908,36.6996],[35.6487,36.6647],[35.6443,36.6552],[35.6406,36.6198],[35.6375,36.6128],[35.6172,36.5966],[35.5963,36.5922],[35.5897,36.5883],[35.574,36.5684],[35.5686,36.5687],[35.56017,36.57941],[35.5597,36.5787],[35.5366,36.58],[35.5164,36.5874],[35.481,36.5922],[35.4339,36.5948],[35.4173,36.5899]]]}},{"type":"Feature","properties":{"plaka":3},"geometry":{"type":"Polygon","coordinates":[[[29.808,37.8305],[29.7809,37.8469],[29.7591,37.8559],[29.7511,37.8573],[29.725,37.8533],[29.718,37.8544],[29.6996,37.8627],[29.6846,37.8778],[29.6814,37.8916],[29.6729,37.9054],[29.6875,37.9853],[29.6965,38.0027],[29.7024,38.0058],[29.7258,38.0095],[29.7616,38.0218],[29.7811,38.0329],[29.7836,38.0536],[29.7863,38.0625],[29.7949,38.0719],[29.8463,38.0979],[29.8851,38.1244],[29.9234,38.1393],[29.9388,38.1375],[29.9691,38.127],[29.9787,38.1295],[29.9953,38.1422],[30.0048,38.1529],[30.0111,38.1661],[30.0257,38.1823],[30.0338,38.1884],[30.0679,38.1977],[30.0783,38.2108],[30.0841,38.214],[30.1027,38.2232],[30.1158,38.2539],[30.115,38.2584],[30.0976,38.2759],[30.0913,38.2952],[30.0756,38.3198],[30.0713,38.3406],[30.0548,38.3583],[30.0378,38.3677],[30.0135,38.3751],[30.001,38.3862],[29.9963,38.3998],[29.9898,38.4061],[29.9671,38.4107],[29.95,38.4101],[29.9227,38.403],[29.9098,38.4078],[29.9013,38.419],[29.9006,38.4491],[29.8695,38.467],[29.8498,38.4706],[29.8288,38.4787],[29.806,38.4802],[29.7798,38.4729],[29.7605,38.4536],[29.7473,38.456],[29.7473,38.478],[29.7433,38.487],[29.7559,38.5077],[29.7619,38.5148],[29.8231,38.5595],[29.843,38.5868],[29.8639,38.5938],[29.8759,38.6011],[29.9022,38.6239],[29.9015,38.6464],[29.8941,38.6793],[29.9004,38.7004],[29.9083,38.7126],[29.9272,38.7201],[29.9638,38.7414],[29.9763,38.7446],[29.9918,38.7503],[30.0078,38.7636],[30.011,38.7749],[30.0133,38.8064],[30.0172,38.8104],[30.0638,38.8285],[30.0851,38.848],[30.1026,38.8528],[30.1097,38.8577],[30.1171,38.8694],[30.1157,38.8797],[30.1179,38.8877],[30.1572,38.8901],[30.1823,38.9075],[30.2034,38.9281],[30.2152,38.9494],[30.2331,38.9608],[30.2435,38.9706],[30.2544,38.9787],[30.2577,38.9898],[30.2513,39.0011],[30.2403,39.0096],[30.2309,39.0233],[30.2311,39.0376],[30.2343,39.0487],[30.2683,39.106],[30.2768,39.1272],[30.2968,39.1433],[30.3064,39.1478],[30.322,39.1506],[30.3576,39.1508],[30.369,39.1534],[30.3833,39.1646],[30.4009,39.1733],[30.4048,39.1839],[30.4248,39.1939],[30.432,39.2003],[30.4352,39.2054],[30.4335,39.221],[30.4408,39.2267],[30.4504,39.227],[30.4936,39.2185],[30.501,39.2065],[30.5025,39.1972],[30.5105,39.1853],[30.5323,39.1607],[30.54,39.1558],[30.5402,39.1362],[30.5705,39.1071],[30.5945,39.0964],[30.6432,39.0971],[30.6647,39.0908],[30.672,39.0864],[30.681,39.0682],[30.702,39.0555],[30.7089,39.0539],[30.7623,39.065],[30.7733,39.0707],[30.7916,39.0729],[30.8066,39.0832],[30.80822,39.08278],[30.8061,39.0864],[30.8078,39.0937],[30.813,39.1012],[30.8202,39.1081],[30.84,39.1195],[30.8505,39.1212],[30.8885,39.1177],[30.9126,39.1238],[30.9164,39.1294],[30.9146,39.1481],[30.9089,39.1575],[30.8965,39.1631],[30.8799,39.1668],[30.8809,39.1823],[30.8916,39.1996],[30.9077,39.2038],[30.9259,39.2038],[30.9338,39.2013],[30.9521,39.1823],[30.9576,39.1886],[30.969,39.1953],[30.9853,39.1967],[30.995,39.1947],[31.0128,39.1818],[31.0197,39.1649],[31.0258,39.1572],[31.0335,39.1532],[31.0399,39.1534],[31.0455,39.1552],[31.0506,39.1617],[31.0478,39.1729],[31.0365,39.1857],[31.0357,39.1891],[31.0417,39.1957],[31.0619,39.2027],[31.0707,39.1988],[31.085,39.1865],[31.0999,39.1845],[31.1042,39.1874],[31.1038,39.2098],[31.0956,39.2316],[31.0947,39.241],[31.1112,39.2718],[31.1187,39.272],[31.1361,39.2673],[31.1582,39.2575],[31.1746,39.2606],[31.1977,39.2575],[31.2059,39.2553],[31.237,39.2383],[31.275,39.2359],[31.2912,39.2314],[31.3022,39.2135],[31.3202,39.2003],[31.3342,39.1778],[31.3516,39.164],[31.3699,39.1638],[31.3913,39.1586],[31.3986,39.161],[31.4227,39.1463],[31.4307,39.1359],[31.4328,39.1106],[31.4384,39.1051],[31.4685,39.1002],[31.5022,39.0994],[31.5559,39.0867],[31.5655,39.0787],[31.586,39.0675],[31.5921,39.0552],[31.5954,39.0416],[31.6101,39.0271],[31.6231,39.0217],[31.7093,39.0047],[31.7145,39.0024],[31.7277,38.9885],[31.7337,38.9762],[31.7254,38.9677],[31.7008,38.9569],[31.6653,38.9582],[31.6429,38.9488],[31.6263,38.9202],[31.6164,38.9168],[31.6148,38.9105],[31.6236,38.8933],[31.6337,38.863],[31.6336,38.845],[31.6295,38.8238],[31.6024,38.7781],[31.5923,38.7689],[31.5732,38.7596],[31.5587,38.7401],[31.5565,38.7278],[31.5742,38.6843],[31.5844,38.6778],[31.6123,38.6743],[31.6245,38.666],[31.6352,38.6635],[31.6369,38.6604],[31.6367,38.6562],[31.6263,38.6356],[31.6208,38.631],[31.564,38.6145],[31.4473,38.5441],[31.2874,38.4546],[31.2741,38.4387],[31.2543,38.4332],[31.2453,38.4266],[31.2261,38.4368],[31.1802,38.4492],[31.1747,38.4571],[31.1486,38.4766],[31.1237,38.4882],[31.1133,38.5034],[31.0673,38.5099],[31.0408,38.5053],[31.0189,38.4897],[30.9992,38.4703],[30.9793,38.4594],[30.9682,38.4447],[30.9668,38.4329],[30.9595,38.4178],[30.9263,38.4089],[30.9117,38.4075],[30.8803,38.3977],[30.8736,38.3903],[30.8639,38.3888],[30.8565,38.373],[30.8431,38.3572],[30.8271,38.3298],[30.8082,38.32],[30.7742,38.2969],[30.7443,38.2893],[30.7323,38.2754],[30.7219,38.2686],[30.6925,38.2629],[30.6628,38.2512],[30.6445,38.2411],[30.6339,38.2324],[30.6133,38.2242],[30.5623,38.184],[30.5574,38.1706],[30.5517,38.1654],[30.5384,38.1641],[30.5301,38.166],[30.5102,38.1774],[30.4948,38.1791],[30.4682,38.1876],[30.4108,38.1356],[30.4004,38.1184],[30.3931,38.1117],[30.3527,38.0845],[30.3498,38.0741],[30.3383,38.0551],[30.3056,38.0454],[30.2749,38.0414],[30.2568,38.034],[30.2426,38.0238],[30.2327,37.9999],[30.1907,37.9792],[30.1854,37.9667],[30.1737,37.953],[30.1703,37.9402],[30.1558,37.9294],[30.1499,37.9195],[30.1531,37.9077],[30.1497,37.8879],[30.1506,37.8695],[30.1196,37.8258],[30.1168,37.8187],[30.0995,37.8059],[30.0726,37.7934],[30.0596,37.7902],[30.0285,37.7912],[30.0146,37.8005],[30.0057,37.8019],[29.9838,37.8001],[29.9169,37.7883],[29.9167,37.7949],[29.9087,37.8072],[29.8848,37.8232],[29.8295,37.8209],[29.808,37.8305]]]}},{"type":"Feature","properties":{"plaka":4},"geometry":{"type":"Polygon","coordinates":[[[42.6983,39.026],[42.717,39.0675],[42.7179,39.0998],[42.7136,39.1318],[42.6908,39.1556],[42.6874,39.1622],[42.6874,39.1838],[42.6833,39.2018],[42.6706,39.2204],[42.6412,39.2546],[42.6342,39.2707],[42.6253,39.3029],[42.6199,39.3109],[42.5966,39.3306],[42.5886,39.3412],[42.5667,39.3588],[42.54,39.3609],[42.5289,39.3671],[42.524,39.3632],[42.5206,39.3679],[42.5214,39.3783],[42.5065,39.4077],[42.5085,39.4245],[42.503,39.4381],[42.4796,39.4592],[42.4509,39.4948],[42.43,39.5123],[42.4663,39.552],[42.4773,39.5711],[42.4959,39.5882],[42.5084,39.5933],[42.5123,39.6005],[42.5059,39.6126],[42.5059,39.635],[42.501,39.6482],[42.4923,39.6599],[42.4806,39.6686],[42.4537,39.6753],[42.4397,39.6822],[42.4234,39.7002],[42.4174,39.7109],[42.404,39.726],[42.3868,39.7305],[42.3494,39.7486],[42.3316,39.7604],[42.3061,39.767],[42.2942,39.7726],[42.289,39.7778],[42.2849,39.8128],[42.2867,39.8235],[42.2938,39.8323],[42.3334,39.857],[42.3819,39.8685],[42.3983,39.8746],[42.4342,39.9062],[42.4629,39.9163],[42.4721,39.917],[42.4944,39.9119],[42.5406,39.9267],[42.565,39.921],[42.666,39.9375],[42.7009,39.9409],[42.7465,39.9519],[42.8608,39.9653],[42.8873,39.9718],[42.9109,39.979],[42.9335,39.9923],[42.9668,39.9962],[42.9942,39.9931],[43.0345,39.9781],[43.0469,39.981],[43.0663,39.9915],[43.0857,39.9868],[43.1113,39.9894],[43.1497,40.0081],[43.184,40.0117],[43.2175,40.0117],[43.2603,40.0192],[43.277,40.0199],[43.2913,40.0088],[43.2996,39.9794],[43.3047,39.9772],[43.311,39.9796],[43.3256,39.9785],[43.3246,39.9735],[43.3344,39.9697],[43.3359,39.9655],[43.3575,39.9474],[43.3779,39.9202],[43.3898,39.9122],[43.393,39.9012],[43.4096,39.8724],[43.413,39.8275],[43.4204,39.8101],[43.4512,39.7835],[43.4602,39.7827],[43.4755,39.7878],[43.4848,39.7951],[43.4948,39.833],[43.4987,39.8377],[43.5267,39.8449],[43.5452,39.8422],[43.5584,39.8361],[43.564,39.8314],[43.575,39.8129],[43.5928,39.7927],[43.6374,39.7832],[43.655,39.7887],[43.6777,39.7881],[43.7104,39.7762],[43.7332,39.7719],[43.7685,39.7699],[43.7768,39.7717],[43.793,39.7801],[43.8164,39.7832],[43.8515,39.7719],[43.8657,39.7608],[43.8819,39.7526],[43.9566,39.733],[44.0263,39.7257],[44.0443,39.7339],[44.0658,39.7319],[44.0857,39.713],[44.1071,39.7036],[44.1774,39.702],[44.2098,39.7083],[44.2954,39.7056],[44.3232,39.6743],[44.3381,39.6726],[44.4224,39.6449],[44.4848,39.6303],[44.4804,39.6107],[44.4662,39.6001],[44.4451,39.5755],[44.4235,39.5681],[44.4218,39.5539],[44.4262,39.5425],[44.4238,39.5327],[44.4348,39.5215],[44.431,39.5105],[44.4395,39.5053],[44.4378,39.4991],[44.4162,39.4834],[44.4122,39.474],[44.407,39.4713],[44.4201,39.4654],[44.4252,39.4471],[44.4327,39.4425],[44.4329,39.4377],[44.4279,39.4321],[44.4221,39.4116],[44.3777,39.4119],[44.3739,39.4067],[44.3553,39.3945],[44.3484,39.3925],[44.3451,39.3946],[44.34,39.3894],[44.3304,39.3868],[44.3254,39.3902],[44.317,39.3907],[44.3063,39.3834],[44.3064,39.3804],[44.3008,39.3796],[44.2945,39.3735],[44.2848,39.3833],[44.2759,39.3835],[44.2701,39.3953],[44.2648,39.399],[44.2518,39.3966],[44.244,39.3986],[44.2398,39.4099],[44.2333,39.4126],[44.2336,39.4156],[44.2144,39.4176],[44.1943,39.4109],[44.1917,39.403],[44.1745,39.4008],[44.1601,39.4029],[44.1508,39.3967],[44.1445,39.3997],[44.1353,39.3933],[44.1368,39.3997],[44.1404,39.4035],[44.1339,39.407],[44.1136,39.402],[44.1096,39.4064],[44.1012,39.4079],[44.0985,39.4122],[44.09,39.4112],[44.0845,39.4073],[44.0728,39.4124],[44.0658,39.4108],[44.0591,39.405],[44.0526,39.4061],[44.0494,39.3995],[44.0574,39.3905],[44.0583,39.386],[44.0548,39.3884],[44.054,39.3857],[44.0436,39.3844],[44.0337,39.3769],[44.0326,39.3727],[44.0329,39.3693],[44.0382,39.3661],[44.0395,39.3593],[44.0587,39.3559],[44.06,39.351],[44.0385,39.3502],[43.9959,39.3608],[43.9513,39.3658],[43.9186,39.3647],[43.8662,39.3545],[43.8526,39.3605],[43.8322,39.3774],[43.8088,39.3857],[43.7826,39.3794],[43.7699,39.3667],[43.775,39.3029],[43.7823,39.2811],[43.7812,39.2657],[43.7773,39.2599],[43.7592,39.2461],[43.7473,39.2098],[43.7395,39.1993],[43.7343,39.1961],[43.6995,39.1917],[43.654,39.1999],[43.6505,39.212],[43.6054,39.2395],[43.587,39.262],[43.5513,39.2859],[43.5314,39.2931],[43.503,39.3176],[43.4805,39.3287],[43.4519,39.338],[43.4302,39.353],[43.4086,39.3618],[43.3893,39.3761],[43.3688,39.3822],[43.3204,39.3773],[43.2826,39.3811],[43.2549,39.3666],[43.2401,39.3547],[43.2053,39.3415],[43.1852,39.3383],[43.1572,39.3499],[43.1474,39.3511],[43.1307,39.3446],[43.1203,39.3378],[43.1177,39.3342],[43.1173,39.326],[43.1196,39.3127],[43.1333,39.2955],[43.1492,39.2791],[43.1668,39.2544],[43.1675,39.2433],[43.1613,39.2325],[43.1618,39.2157],[43.154,39.2027],[43.1558,39.193],[43.1456,39.1747],[43.1004,39.1506],[43.0826,39.1333],[43.0535,39.1124],[43.0224,39.1031],[42.9962,39.0812],[42.9934,39.0729],[42.9943,39.0622],[43.0117,39.0421],[43.0138,39.034],[43.0126,39.0256],[43.0081,39.022],[42.9633,39.0259],[42.9569,39.0224],[42.9548,39.0132],[42.9565,38.9978],[42.9548,38.9857],[42.9464,38.9686],[42.9417,38.9471],[42.9394,38.9453],[42.9328,38.9423],[42.9218,38.9422],[42.8949,38.9551],[42.8574,38.9566],[42.8421,38.9595],[42.8207,38.9764],[42.8089,38.9805],[42.7946,38.9795],[42.7338,38.9656],[42.7145,38.9549],[42.704,38.9713],[42.699,38.9841],[42.696,39.0071],[42.6983,39.026]]]}},{"type":"Feature","properties":{"plaka":5},"geometry":{"type":"Polygon","coordinates":[[[35.3699,40.2546],[35.3865,40.3064],[35.3867,40.3183],[35.3794,40.3315],[35.3638,40.3396],[35.3607,40.3543],[35.3614,40.3616],[35.3758,40.3838],[35.3966,40.3957],[35.4018,40.4176],[35.4056,40.4238],[35.407,40.4435],[35.4122,40.4517],[35.4717,40.5074],[35.5062,40.5235],[35.5246,40.5374],[35.5338,40.5625],[35.4968,40.5621],[35.4655,40.5681],[35.4511,40.5845],[35.4503,40.608],[35.4475,40.6138],[35.4395,40.6207],[35.398,40.6332],[35.3764,40.6428],[35.3547,40.6393],[35.3431,40.6419],[35.335,40.6481],[35.3336,40.6712],[35.3301,40.6813],[35.3255,40.686],[35.316,40.6919],[35.3077,40.692],[35.293,40.6876],[35.2777,40.685],[35.2677,40.6876],[35.2528,40.6994],[35.2431,40.7037],[35.2417,40.7056],[35.2446,40.7073],[35.2307,40.7167],[35.222,40.7182],[35.1994,40.7125],[35.1816,40.7013],[35.1449,40.6887],[35.0787,40.6928],[35.0575,40.6971],[35.0487,40.7029],[35.0231,40.733],[34.9929,40.778],[34.9954,40.8032],[35.0056,40.8392],[35.0119,40.8485],[35.0117,40.8691],[35.0163,40.875],[35.0366,40.8845],[35.0475,40.8957],[35.0539,40.8992],[35.07,40.9158],[35.0718,40.9328],[35.0634,40.948],[35.0467,40.9614],[35.0353,40.9804],[35.0282,40.9877],[35.0282,40.9943],[35.0376,41.0114],[35.0498,41.0183],[35.0777,41.0233],[35.0949,41.0398],[35.0924,41.0619],[35.086,41.0784],[35.0932,41.0807],[35.1185,41.0819],[35.1403,41.0776],[35.1681,41.0637],[35.216,41.0268],[35.2524,41.0223],[35.2815,41.028],[35.3128,41.0398],[35.3294,41.0407],[35.3397,41.0384],[35.3549,41.0219],[35.3537,41.0164],[35.3576,41.0113],[35.3669,41.0052],[35.3845,41.0073],[35.3924,41.0022],[35.4028,41.002],[35.4411,41.0141],[35.4678,41.0121],[35.4713,41.0099],[35.4719,40.9978],[35.4617,40.9873],[35.4626,40.9734],[35.4745,40.9577],[35.4903,40.9452],[35.514,40.938],[35.5218,40.9315],[35.5347,40.9326],[35.5432,40.9297],[35.5701,40.9408],[35.6228,40.9371],[35.6277,40.9289],[35.6283,40.9143],[35.6343,40.9021],[35.6469,40.8988],[35.6814,40.8715],[35.6947,40.865],[35.7806,40.8731],[35.8221,40.8644],[35.8342,40.8732],[35.8545,40.8712],[35.8698,40.8745],[35.884,40.8696],[35.9252,40.8666],[35.9402,40.863],[35.9836,40.8532],[35.9912,40.8477],[36.0197,40.8401],[36.0272,40.8421],[36.0371,40.8408],[36.0479,40.833],[36.0604,40.8299],[36.0691,40.8285],[36.0912,40.8358],[36.1123,40.8392],[36.1357,40.8539],[36.1426,40.8619],[36.147,40.8728],[36.1614,40.8902],[36.1692,40.9095],[36.1697,40.9184],[36.1832,40.9352],[36.1905,40.9594],[36.1891,40.9641],[36.1747,40.9718],[36.1732,40.9755],[36.1752,40.9787],[36.2064,40.9822],[36.2396,40.9802],[36.2541,40.9853],[36.2765,40.9845],[36.2864,40.9896],[36.2985,40.9898],[36.302,40.9816],[36.3084,40.9756],[36.3309,40.9679],[36.3402,40.9544],[36.3497,40.9469],[36.3759,40.9391],[36.398,40.9181],[36.4108,40.8919],[36.4008,40.8775],[36.4005,40.8739],[36.4063,40.8712],[36.4074,40.8659],[36.4108,40.8634],[36.4275,40.8653],[36.4267,40.8586],[36.4174,40.8564],[36.4144,40.8523],[36.4115,40.8364],[36.4114,40.8205],[36.4136,40.8153],[36.4392,40.7978],[36.4743,40.7863],[36.4849,40.7783],[36.5021,40.7765],[36.5089,40.7709],[36.5078,40.7638],[36.4959,40.7601],[36.4854,40.763],[36.4732,40.7569],[36.4573,40.7609],[36.4409,40.759],[36.433,40.7456],[36.42,40.7342],[36.4044,40.7082],[36.3989,40.6759],[36.3856,40.6448],[36.3773,40.6137],[36.3665,40.599],[36.3361,40.5942],[36.3198,40.5935],[36.3057,40.5879],[36.2861,40.5888],[36.2745,40.5832],[36.2691,40.5718],[36.2867,40.5259],[36.2711,40.5133],[36.2633,40.5128],[36.2534,40.5183],[36.2501,40.5179],[36.2442,40.513],[36.239,40.5025],[36.1975,40.4858],[36.1355,40.4715],[36.099,40.4492],[36.0865,40.4572],[36.061,40.466],[36.0342,40.4696],[36.0224,40.474],[36.0245,40.4859],[36.0121,40.496],[35.9846,40.5044],[35.9772,40.501],[35.9587,40.4843],[35.9365,40.4755],[35.9245,40.4744],[35.919,40.4761],[35.9065,40.4864],[35.8896,40.486],[35.8797,40.4816],[35.8626,40.4656],[35.8437,40.453],[35.8146,40.4456],[35.7928,40.437],[35.7698,40.4358],[35.7406,40.4411],[35.7297,40.4394],[35.7258,40.4326],[35.7236,40.3873],[35.7193,40.3754],[35.7121,40.3698],[35.6964,40.3654],[35.6505,40.3601],[35.6313,40.3386],[35.6228,40.3346],[35.5863,40.3281],[35.5262,40.3127],[35.5142,40.3019],[35.4671,40.2692],[35.4653,40.2508],[35.451,40.2338],[35.4169,40.2444],[35.3865,40.2467],[35.3699,40.2546]]]}},{"type":"Feature","properties":{"plaka":6},"geometry":{"type":"Polygon","coordinates":[[[32.7967,39.2064],[32.8247,39.1682],[32.8252,39.1611],[32.8227,39.1577],[32.7977,39.1399],[32.7193,39.1247],[32.7041,39.1295],[32.687,39.1284],[32.6775,39.1249],[32.6479,39.1025],[32.6235,39.0787],[32.5829,39.0518],[32.568,39.0452],[32.5541,39.0431],[32.5329,39.0316],[32.5156,39.0167],[32.502,38.9958],[32.4951,38.9892],[32.4774,38.9757],[32.4639,38.9726],[32.4235,38.9812],[32.404,38.998],[32.3862,39.0039],[32.3743,39.0131],[32.3712,39.0282],[32.3365,39.0253],[32.3043,39.0051],[32.2773,38.9979],[32.2647,38.9978],[32.2297,39.0108],[32.1928,39.0188],[32.1785,39.0059],[32.1754,38.9796],[32.1599,38.9628],[32.142,38.9556],[32.1223,38.9519],[32.0772,38.9577],[32.0485,38.9725],[32.0359,38.984],[32.0132,38.9988],[31.9812,39.0299],[31.9564,39.0401],[31.9481,39.0518],[31.944,39.0712],[31.9411,39.0752],[31.9045,39.1094],[31.8642,39.1331],[31.8438,39.1355],[31.8386,39.1427],[31.8388,39.1522],[31.8454,39.1612],[31.8483,39.1733],[31.853,39.1764],[31.8641,39.1782],[31.8723,39.1856],[31.8868,39.1839],[31.8948,39.1928],[31.9219,39.2125],[31.9307,39.2273],[31.9477,39.2324],[31.9685,39.2437],[31.9965,39.2219],[32.0044,39.2215],[32.0193,39.2808],[32.0202,39.3059],[32.0159,39.3249],[32.0038,39.3335],[32.0018,39.3429],[31.9962,39.3434],[31.9889,39.348],[31.9797,39.3487],[31.9724,39.3564],[31.9783,39.3659],[31.9871,39.3688],[31.9919,39.3752],[31.9707,39.3944],[31.9709,39.3986],[31.9749,39.4015],[31.999,39.4053],[32.0076,39.4176],[32.0042,39.4237],[31.9913,39.431],[31.9954,39.4558],[31.9939,39.4657],[31.9877,39.4796],[31.997,39.4957],[31.989,39.5021],[31.9711,39.5099],[31.9295,39.5149],[31.9156,39.5242],[31.9017,39.5574],[31.8859,39.5742],[31.8845,39.5921],[31.8714,39.6182],[31.8476,39.6472],[31.8194,39.692],[31.7999,39.7324],[31.7958,39.771],[31.7977,39.7784],[31.8403,39.8083],[31.872,39.8205],[31.8833,39.8375],[31.8985,39.8519],[31.8979,39.8546],[31.8935,39.8567],[31.8818,39.8565],[31.8592,39.8498],[31.8505,39.8512],[31.8467,39.8552],[31.8494,39.86],[31.8701,39.8706],[31.86,39.8813],[31.8487,39.8831],[31.8336,39.8779],[31.8111,39.8761],[31.7937,39.8812],[31.7717,39.9003],[31.7618,39.9172],[31.7396,39.9347],[31.7382,39.9413],[31.7407,39.9587],[31.7384,39.9655],[31.7334,39.9688],[31.7213,39.9657],[31.712,39.968],[31.7042,39.9728],[31.6983,39.9809],[31.6955,39.9925],[31.7085,40.0076],[31.7104,40.0183],[31.71,40.0231],[31.708,40.0235],[31.6924,40.0179],[31.6794,40.0093],[31.6626,40.0086],[31.6587,40.0151],[31.665,40.0223],[31.6663,40.0357],[31.6744,40.0497],[31.6722,40.0562],[31.6649,40.0589],[31.6603,40.056],[31.6568,40.0445],[31.6498,40.0356],[31.6326,40.0272],[31.6058,40.0267],[31.5308,40.0383],[31.5262,40.0367],[31.5126,40.0215],[31.5039,40.0193],[31.4963,40.0212],[31.4649,40.0435],[31.4604,40.0414],[31.4543,40.0312],[31.4368,40.0209],[31.425,40.0193],[31.4138,40.0231],[31.4029,40.0173],[31.396,40.0262],[31.3883,40.0308],[31.3884,40.035],[31.4047,40.0404],[31.4187,40.0391],[31.4291,40.0436],[31.431,40.0477],[31.4273,40.0504],[31.4118,40.0522],[31.393,40.0619],[31.383,40.0615],[31.34,40.0467],[31.3323,40.0488],[31.3245,40.0549],[31.3087,40.0595],[31.2846,40.0589],[31.2658,40.0626],[31.2357,40.0609],[31.214,40.0571],[31.2078,40.0551],[31.2018,40.0484],[31.187,40.0477],[31.1625,40.0526],[31.1487,40.0665],[31.1269,40.0667],[31.1178,40.0709],[31.1059,40.0574],[31.0998,40.0537],[31.0784,40.0506],[31.0479,40.0544],[31.022,40.0451],[31.0161,40.0406],[31.0148,40.0341],[31.0167,40.0282],[31.0129,40.0261],[31.005,40.0253],[31.0,40.0303],[30.9553,40.0336],[30.9378,40.0294],[30.927,40.0368],[30.9115,40.0382],[30.8948,40.0506],[30.8836,40.0491],[30.8713,40.0593],[30.8564,40.0639],[30.8513,40.0749],[30.8546,40.0826],[30.8484,40.0843],[30.8451,40.0911],[30.8377,40.096],[30.8185,40.1312],[30.8173,40.1353],[30.8223,40.1445],[30.8344,40.1484],[30.8528,40.1641],[30.8746,40.1768],[30.8896,40.1778],[30.9201,40.1871],[30.9426,40.2036],[30.9521,40.2156],[30.9645,40.2185],[30.9931,40.2141],[31.0111,40.2148],[31.0436,40.2178],[31.0529,40.2224],[31.0604,40.2329],[31.06,40.2438],[31.0526,40.2515],[31.0508,40.2587],[31.0545,40.2927],[31.0727,40.3389],[31.0821,40.3485],[31.0959,40.3577],[31.1156,40.3624],[31.1291,40.3616],[31.1452,40.3515],[31.1747,40.3499],[31.1962,40.346],[31.2174,40.3371],[31.238,40.3349],[31.2481,40.3379],[31.2644,40.3483],[31.3174,40.36],[31.327,40.3643],[31.3561,40.3647],[31.3755,40.3715],[31.389,40.3717],[31.4147,40.3704],[31.4294,40.3646],[31.4376,40.3552],[31.4493,40.3291],[31.4525,40.3268],[31.4684,40.3187],[31.5054,40.2931],[31.544,40.2748],[31.5625,40.2696],[31.5773,40.2666],[31.592,40.2689],[31.6404,40.2895],[31.6596,40.301],[31.6954,40.31],[31.7228,40.315],[31.7524,40.3335],[31.7673,40.3315],[31.7947,40.3202],[31.814,40.3206],[31.8276,40.3187],[31.8407,40.3134],[31.8521,40.3119],[31.8597,40.3134],[31.8782,40.3211],[31.907,40.3398],[31.9271,40.3497],[31.9503,40.3552],[31.985,40.3718],[32.0033,40.3766],[32.0088,40.3881],[32.0392,40.4171],[32.0466,40.4203],[32.0907,40.4266],[32.1028,40.4335],[32.112,40.4445],[32.1139,40.45],[32.1136,40.4599],[32.1186,40.4695],[32.1224,40.4888],[32.1301,40.4946],[32.1754,40.5137],[32.185,40.5243],[32.1941,40.5436],[32.2066,40.5517],[32.2312,40.5596],[32.2446,40.5601],[32.2795,40.5689],[32.2959,40.5761],[32.3314,40.5843],[32.3674,40.5636],[32.3819,40.5589],[32.3973,40.5586],[32.4275,40.5694],[32.4374,40.5824],[32.4403,40.6114],[32.4299,40.6324],[32.4279,40.6451],[32.4515,40.6698],[32.4595,40.6745],[32.4854,40.6802],[32.5143,40.6993],[32.5245,40.7099],[32.5321,40.7236],[32.5412,40.7306],[32.5659,40.7418],[32.5716,40.751],[32.6119,40.7518],[32.6651,40.7488],[32.6839,40.744],[32.7088,40.7254],[32.7247,40.6933],[32.7423,40.677],[32.7929,40.6559],[32.8553,40.6413],[32.8892,40.6266],[32.9002,40.6154],[32.9058,40.6018],[32.9027,40.5888],[32.8895,40.5774],[32.89,40.5603],[32.8979,40.5397],[32.9107,40.5293],[32.9252,40.5242],[32.9571,40.5196],[32.9684,40.5022],[32.993,40.4863],[33.0225,40.4838],[33.0382,40.4794],[33.0619,40.4814],[33.0881,40.4895],[33.0985,40.4901],[33.1343,40.4842],[33.1586,40.4573],[33.1764,40.4321],[33.1907,40.4224],[33.2021,40.4086],[33.2153,40.3737],[33.2453,40.329],[33.2586,40.3291],[33.2984,40.3411],[33.3169,40.3662],[33.3247,40.3907],[33.336,40.3977],[33.3421,40.3983],[33.3873,40.3978],[33.417,40.3932],[33.4548,40.3735],[33.4655,40.3637],[33.5009,40.3508],[33.521,40.3451],[33.5378,40.3435],[33.571,40.3485],[33.5881,40.3477],[33.607,40.3412],[33.6362,40.3357],[33.6593,40.3242],[33.65797,40.32263],[33.6689,40.3296],[33.6854,40.3294],[33.6944,40.3328],[33.7303,40.3266],[33.7366,40.3283],[33.748,40.3246],[33.7841,40.3277],[33.8075,40.32],[33.8152,40.3135],[33.8163,40.2964],[33.8217,40.2801],[33.8351,40.2679],[33.8902,40.2714],[33.9337,40.2681],[33.9539,40.2534],[33.9708,40.248],[33.9702,40.2415],[33.9782,40.2267],[34.0013,40.2177],[34.0323,40.209],[34.0497,40.1952],[34.0595,40.1799],[34.0606,40.1736],[34.0515,40.1617],[34.0559,40.1537],[34.0546,40.1383],[34.0636,40.1311],[34.0728,40.1274],[34.0769,40.122],[34.0782,40.1111],[34.0839,40.101],[34.0836,40.0895],[34.09,40.0824],[34.0917,40.0698],[34.094,40.0678],[34.1007,40.069],[34.1051,40.0655],[34.1304,40.0587],[34.1477,40.0454],[34.1583,40.0302],[34.1791,40.0132],[34.1933,39.9906],[34.217,39.9692],[34.2269,39.9554],[34.2353,39.9357],[34.2448,39.9279],[34.2337,39.9211],[34.2202,39.9228],[34.2062,39.919],[34.1805,39.9239],[34.1447,39.9135],[34.0826,39.9124],[34.0722,39.8999],[34.0729,39.8893],[34.0778,39.8748],[34.0776,39.8663],[34.0758,39.8579],[34.0649,39.8496],[34.0657,39.8245],[34.0714,39.8126],[34.0895,39.8023],[34.1215,39.7923],[34.0894,39.7758],[34.0615,39.7779],[34.0481,39.7752],[34.0365,39.7666],[34.0286,39.7546],[34.0169,39.7466],[33.9844,39.7386],[33.9769,39.7327],[33.9749,39.7217],[33.9607,39.7109],[33.9641,39.692],[33.9611,39.6684],[33.9398,39.655],[33.9181,39.6517],[33.9119,39.6464],[33.9096,39.6393],[33.9051,39.635],[33.869,39.6153],[33.8611,39.6017],[33.8564,39.5748],[33.8296,39.5655],[33.7858,39.5428],[33.7318,39.5267],[33.7322,39.5167],[33.7479,39.5048],[33.759,39.4929],[33.7574,39.4823],[33.7506,39.4717],[33.7173,39.4774],[33.7009,39.4868],[33.6942,39.4954],[33.6879,39.4986],[33.6717,39.5002],[33.6586,39.4954],[33.639,39.4733],[33.6205,39.464],[33.5738,39.4389],[33.5608,39.423],[33.5528,39.418],[33.5452,39.4188],[33.5257,39.4291],[33.4814,39.4384],[33.4554,39.4331],[33.4273,39.4157],[33.4195,39.3958],[33.4151,39.3987],[33.4198,39.3955],[33.4218,39.3849],[33.4318,39.3685],[33.4412,39.3594],[33.4529,39.3541],[33.4638,39.3421],[33.4624,39.3312],[33.4476,39.3289],[33.4437,39.3201],[33.4569,39.3126],[33.4593,39.3039],[33.462,39.3017],[33.48,39.2946],[33.4943,39.2946],[33.506,39.2897],[33.5142,39.2814],[33.5156,39.273],[33.5411,39.2291],[33.5516,39.2156],[33.6025,39.1854],[33.6382,39.1695],[33.6663,39.1485],[33.7185,39.112],[33.748,39.0991],[33.7581,39.0776],[33.7633,39.0731],[33.7789,39.0704],[33.8503,39.0696],[33.859,39.0661],[33.8679,39.0521],[33.876,39.045],[33.89482,39.03747],[33.8951,39.0378],[33.906,39.0381],[33.9531,39.0519],[33.96,39.0523],[33.9632,39.0499],[33.9651,39.035],[33.9701,39.0327],[33.978,39.0231],[34.0003,38.9803],[33.9743,38.9757],[33.9378,38.9626],[33.9351,38.9432],[33.9359,38.9109],[33.9634,38.8947],[33.9928,38.882],[34.001,38.8752],[34.0101,38.8331],[34.0164,38.8226],[34.0171,38.7985],[34.0156,38.7948],[33.9914,38.7742],[33.9274,38.7347],[33.9167,38.7319],[33.8998,38.7215],[33.8501,38.6977],[33.8319,38.7056],[33.8113,38.7075],[33.7861,38.7139],[33.7727,38.7152],[33.7466,38.7093],[33.7379,38.7094],[33.7333,38.7108],[33.72682,38.71728],[33.6745,38.6854],[33.6416,38.6726],[33.5775,38.6534],[33.525,38.6482],[33.4875,38.6491],[33.4097,38.6969],[33.3868,38.7222],[33.3554,38.7657],[33.3821,38.8955],[33.3843,38.9356],[33.3884,38.945],[33.3954,38.9828],[33.392,39.0196],[33.3873,39.0368],[33.3739,39.0616],[33.362,39.0749],[33.3424,39.0811],[33.3275,39.0832],[33.3057,39.081],[33.2816,39.0823],[33.2479,39.0947],[33.2245,39.1124],[33.2009,39.1181],[33.1704,39.1354],[33.1449,39.1562],[33.1394,39.1636],[33.1329,39.1804],[33.1326,39.2014],[33.1281,39.2251],[33.1297,39.2319],[33.1398,39.2427],[33.1723,39.2483],[33.1834,39.2586],[33.1848,39.2728],[33.179,39.2766],[33.1369,39.2845],[33.1278,39.2669],[33.1137,39.2539],[33.0841,39.2387],[33.0781,39.2313],[33.0727,39.2286],[33.0661,39.2153],[33.0524,39.2023],[33.0383,39.1982],[33.0285,39.199],[33.0185,39.2031],[33.0069,39.228],[33.0062,39.2398],[33.0129,39.2651],[33.0115,39.2785],[33.0077,39.2861],[32.9942,39.2911],[32.975,39.2847],[32.952,39.2844],[32.9468,39.2768],[32.9418,39.2563],[32.928,39.2472],[32.919,39.2461],[32.9127,39.2466],[32.9075,39.2516],[32.8687,39.2676],[32.8272,39.2743],[32.8219,39.2715],[32.8175,39.263],[32.8031,39.251],[32.7971,39.2388],[32.7967,39.2064]]]}},{"type":"Feature","properties":{"plaka":7},"geometry":{"type":"MultiPolygon","coordinates":[[[[29.8877,36.1808],[29.8906,36.1828],[29.8934,36.179],[29.8808,36.1701],[29.8771,36.1718],[29.8818,36.1777],[29.8743,36.1738],[29.8699,36.1753],[29.8518,36.1685],[29.8474,36.1707],[29.8445,36.1668],[29.8414,36.1684],[29.8416,36.171],[29.8468,36.1716],[29.8695,36.1845],[29.8851,36.1887],[29.8938,36.1881],[29.9035,36.1952],[29.9138,36.1978],[29.915,36.1954],[29.8998,36.1892],[29.9007,36.1861],[29.8975,36.1834],[29.887,36.1833],[29.8877,36.1808]]],[[[29.991,36.2242],[29.9864,36.2202],[29.9879,36.2171],[29.9829,36.2155],[29.9795,36.215],[29.9812,36.2181],[29.9751,36.2212],[29.9646,36.2193],[29.951,36.2222],[29.9457,36.2197],[29.9408,36.223],[29.9428,36.2265],[29.94,36.2293],[29.9376,36.2283],[29.9302,36.2336],[29.9224,36.2341],[29.9236,36.2309],[29.9209,36.2292],[29.9029,36.2253],[29.9064,36.2252],[29.9039,36.2224],[29.9061,36.2211],[29.9034,36.2188],[29.9066,36.2195],[29.9073,36.2162],[29.8947,36.2119],[29.8881,36.2123],[29.894,36.2071],[29.8898,36.2047],[29.8957,36.2061],[29.8977,36.2023],[29.888,36.2003],[29.8898,36.1976],[29.8847,36.1952],[29.8869,36.1939],[29.8802,36.1938],[29.8803,36.1917],[29.8693,36.1931],[29.8577,36.189],[29.8572,36.1923],[29.8539,36.1924],[29.8642,36.1968],[29.8399,36.1951],[29.8275,36.1881],[29.8317,36.1859],[29.8432,36.192],[29.85,36.1921],[29.8465,36.189],[29.8438,36.19],[29.8435,36.1882],[29.8376,36.1873],[29.8319,36.1817],[29.8315,36.1777],[29.8217,36.1832],[29.8232,36.1758],[29.8151,36.176],[29.8161,36.1735],[29.8007,36.1656],[29.8,36.1627],[29.812,36.1673],[29.8182,36.1664],[29.8259,36.1692],[29.8293,36.1677],[29.8244,36.1657],[29.823,36.1618],[29.82,36.164],[29.8166,36.1623],[29.8179,36.1594],[29.8109,36.1566],[29.8109,36.1535],[29.797,36.1483],[29.793,36.1432],[29.785,36.1442],[29.7811,36.1411],[29.7839,36.1403],[29.777,36.1371],[29.7568,36.1425],[29.7716,36.1538],[29.7875,36.159],[29.7714,36.1605],[29.7553,36.1545],[29.7462,36.1624],[29.7455,36.159],[29.7363,36.1564],[29.7326,36.1577],[29.7334,36.1609],[29.7313,36.1602],[29.7291,36.1633],[29.7201,36.1632],[29.7132,36.1569],[29.713,36.1519],[29.7097,36.1485],[29.7003,36.1486],[29.7003,36.1444],[29.6938,36.1486],[29.6926,36.1421],[29.6837,36.131],[29.6837,36.1348],[29.6789,36.1403],[29.6807,36.1415],[29.6779,36.1437],[29.6798,36.1469],[29.6757,36.1492],[29.6782,36.1535],[29.6674,36.1517],[29.6649,36.1464],[29.6551,36.1478],[29.6526,36.1505],[29.6577,36.1529],[29.6505,36.1587],[29.6519,36.1606],[29.6443,36.1593],[29.6417,36.1657],[29.6312,36.1695],[29.631,36.1724],[29.6413,36.1833],[29.6403,36.1787],[29.6436,36.1741],[29.6468,36.1754],[29.6501,36.1724],[29.6514,36.1747],[29.6516,36.1916],[29.6475,36.1925],[29.6411,36.199],[29.6427,36.1965],[29.6247,36.1999],[29.6127,36.1973],[29.6089,36.1917],[29.6093,36.1879],[29.5964,36.1881],[29.59,36.1844],[29.584,36.187],[29.5856,36.1907],[29.5919,36.1918],[29.5934,36.195],[29.6037,36.197],[29.6118,36.2038],[29.6316,36.201],[29.6346,36.2027],[29.6316,36.2051],[29.6116,36.2084],[29.5857,36.2011],[29.5836,36.2031],[29.5799,36.2015],[29.5735,36.2028],[29.5703,36.2053],[29.5719,36.2088],[29.5647,36.2102],[29.5442,36.2118],[29.4995,36.2094],[29.4777,36.2118],[29.4595,36.2215],[29.454,36.2206],[29.4554,36.2256],[29.4511,36.2279],[29.4309,36.2306],[29.4305,36.2325],[29.4209,36.2306],[29.4128,36.2243],[29.406,36.2362],[29.4048,36.2436],[29.4087,36.2436],[29.4116,36.2499],[29.4153,36.2519],[29.418,36.2592],[29.414,36.2631],[29.4146,36.2609],[29.4085,36.2625],[29.4012,36.2584],[29.3923,36.265],[29.3868,36.2613],[29.3691,36.263],[29.3682,36.2594],[29.3734,36.2564],[29.3737,36.248],[29.3676,36.2363],[29.3547,36.23],[29.3507,36.2315],[29.3474,36.2367],[29.333,36.2434],[29.3306,36.2477],[29.3139,36.2469],[29.3156,36.2488],[29.3135,36.2515],[29.2843,36.2741],[29.2859,36.2785],[29.2728,36.287],[29.2679,36.2962],[29.2756,36.2985],[29.2821,36.2954],[29.2833,36.2997],[29.2787,36.3047],[29.2814,36.3086],[29.3041,36.3082],[29.3152,36.3205],[29.3115,36.3407],[29.3163,36.3495],[29.3161,36.3624],[29.311,36.372],[29.3156,36.3842],[29.3336,36.3951],[29.3258,36.4089],[29.3258,36.4194],[29.3158,36.4279],[29.3159,36.4331],[29.3228,36.4409],[29.3315,36.4375],[29.3392,36.4381],[29.3627,36.4611],[29.387,36.4706],[29.403,36.4724],[29.4122,36.4694],[29.4317,36.4709],[29.4423,36.4747],[29.4601,36.4738],[29.5206,36.4909],[29.5263,36.504],[29.534,36.5109],[29.5403,36.5211],[29.5592,36.5278],[29.5694,36.5415],[29.5948,36.555],[29.6132,36.5698],[29.6226,36.5922],[29.6308,36.6034],[29.6547,36.6208],[29.6747,36.6231],[29.7275,36.6361],[29.7368,36.6477],[29.7376,36.6582],[29.7445,36.6775],[29.7411,36.7007],[29.7426,36.7185],[29.7468,36.733],[29.7466,36.7529],[29.7504,36.7576],[29.7575,36.7598],[29.7605,36.7834],[29.7547,36.7973],[29.7757,36.8085],[29.7761,36.8193],[29.7784,36.8235],[29.8096,36.858],[29.8117,36.876],[29.8077,36.8841],[29.8083,36.8915],[29.7984,36.9045],[29.7959,36.9195],[29.7874,36.9319],[29.7786,36.941],[29.7605,36.9515],[29.748,36.9586],[29.734,36.9624],[29.7643,36.9821],[29.7844,36.9866],[29.7949,36.9925],[29.8008,37.0003],[29.8382,37.0153],[29.8603,37.0283],[29.8637,37.0355],[29.8641,37.0497],[29.8718,37.0598],[29.8724,37.0743],[29.8629,37.0917],[29.8401,37.1066],[29.833,37.1175],[29.8451,37.1325],[29.8719,37.1555],[29.8875,37.1622],[29.9039,37.1759],[29.9223,37.1834],[29.945,37.1973],[29.9624,37.2037],[29.9758,37.2054],[29.9857,37.2113],[29.9927,37.2188],[29.9957,37.2257],[30.0071,37.2361],[30.0263,37.2673],[30.0421,37.2843],[30.0707,37.2893],[30.1231,37.2914],[30.1419,37.2983],[30.15,37.3122],[30.1807,37.3252],[30.1959,37.3385],[30.2128,37.3456],[30.2324,37.3474],[30.2567,37.3262],[30.2808,37.314],[30.3145,37.3095],[30.3347,37.3121],[30.3466,37.3089],[30.3644,37.3017],[30.3708,37.2924],[30.383,37.2906],[30.4131,37.2784],[30.4356,37.2622],[30.4556,37.2576],[30.4903,37.241],[30.5247,37.2375],[30.5572,37.2363],[30.5737,37.2408],[30.6268,37.2461],[30.6832,37.244],[30.716,37.2394],[30.743,37.2433],[30.749,37.2348],[30.7571,37.232],[30.7705,37.2317],[30.7904,37.2392],[30.8051,37.2373],[30.8169,37.2435],[30.8256,37.25],[30.8595,37.2565],[30.872,37.2718],[30.8816,37.2732],[30.8847,37.283],[30.8829,37.2874],[30.8936,37.2934],[30.8943,37.2978],[30.9079,37.3085],[30.9058,37.3241],[30.9085,37.3329],[30.9172,37.3392],[30.9458,37.3505],[30.9449,37.3605],[30.9739,37.348],[30.9954,37.3348],[31.0086,37.3356],[31.0251,37.3424],[31.035,37.3447],[31.0422,37.3552],[31.0594,37.3666],[31.0833,37.3678],[31.1082,37.3905],[31.1236,37.3882],[31.1344,37.3893],[31.1619,37.4012],[31.1923,37.4053],[31.2403,37.4171],[31.2574,37.4251],[31.2697,37.4258],[31.3017,37.4376],[31.3217,37.4333],[31.3501,37.4202],[31.3613,37.4247],[31.3642,37.4147],[31.363,37.4043],[31.3706,37.384],[31.3957,37.3656],[31.4422,37.351],[31.5564,37.3274],[31.5708,37.3267],[31.6089,37.3318],[31.6298,37.3313],[31.6614,37.3391],[31.6751,37.347],[31.6985,37.3695],[31.7229,37.3746],[31.7565,37.3667],[31.8066,37.3435],[31.8117,37.3323],[31.8178,37.3058],[31.8588,37.2611],[31.8805,37.2139],[31.9048,37.1849],[31.9315,37.1759],[31.9421,37.145],[31.96,37.1305],[31.9703,37.1146],[31.9884,37.0951],[32.0138,37.0844],[32.0326,37.0651],[32.0384,37.0535],[32.0476,37.0431],[32.053,37.0296],[32.0791,37.0086],[32.1201,36.991],[32.1512,36.9875],[32.1768,36.9795],[32.2135,36.9551],[32.2264,36.9421],[32.2456,36.9294],[32.2571,36.9065],[32.2808,36.8852],[32.2964,36.8473],[32.3407,36.8076],[32.3731,36.789],[32.3835,36.7756],[32.3948,36.7686],[32.3979,36.7653],[32.4085,36.7449],[32.4244,36.6985],[32.4103,36.6813],[32.4115,36.6749],[32.4199,36.6607],[32.4204,36.6451],[32.4147,36.6062],[32.4067,36.5841],[32.4304,36.5705],[32.436,36.558],[32.4523,36.5517],[32.4599,36.5462],[32.4704,36.5314],[32.4887,36.5252],[32.5047,36.5161],[32.532,36.4954],[32.5418,36.4906],[32.5658,36.4826],[32.5801,36.474],[32.6016,36.4673],[32.6121,36.4549],[32.6361,36.4475],[32.6435,36.443],[32.6513,36.4307],[32.6603,36.3819],[32.6524,36.3415],[32.6403,36.3066],[32.6224,36.2798],[32.6185,36.2673],[32.6052,36.2562],[32.5781,36.2391],[32.5645,36.2355],[32.5614,36.2296],[32.5631,36.2068],[32.5576,36.1851],[32.5644,36.1603],[32.5604,36.1417],[32.563,36.1376],[32.5736,36.1314],[32.5756,36.1153],[32.5924,36.1018],[32.5853,36.0896],[32.5736,36.0944],[32.5648,36.1016],[32.5561,36.0999],[32.5484,36.0932],[32.5341,36.0927],[32.5172,36.0971],[32.511,36.1059],[32.5006,36.1053],[32.4958,36.1112],[32.4878,36.1095],[32.4886,36.1135],[32.4826,36.1144],[32.4783,36.1216],[32.4677,36.126],[32.4617,36.1334],[32.4523,36.1378],[32.4409,36.1382],[32.4404,36.1424],[32.4231,36.15],[32.4206,36.1536],[32.4161,36.1531],[32.4127,36.1564],[32.4154,36.1601],[32.413,36.1631],[32.4001,36.1621],[32.3987,36.1649],[32.3892,36.1635],[32.3891,36.17],[32.381,36.1718],[32.3747,36.1848],[32.3642,36.1934],[32.3596,36.2018],[32.3391,36.2159],[32.3361,36.2142],[32.3354,36.2162],[32.3321,36.2161],[32.3332,36.2185],[32.3309,36.2208],[32.3226,36.2223],[32.2954,36.2351],[32.2954,36.2388],[32.2856,36.2545],[32.277,36.2613],[32.2772,36.2662],[32.2784,36.263],[32.2804,36.2651],[32.2785,36.2654],[32.2784,36.2762],[32.2744,36.284],[32.277,36.2855],[32.2743,36.2903],[32.2541,36.3091],[32.2488,36.3077],[32.2463,36.31],[32.2462,36.314],[32.2432,36.3169],[32.2356,36.3186],[32.2306,36.3226],[32.2281,36.3273],[32.2112,36.342],[32.1939,36.3691],[32.1929,36.378],[32.1746,36.401],[32.1706,36.4119],[32.1498,36.431],[32.1347,36.4379],[32.1227,36.4512],[32.1231,36.4555],[32.117,36.4662],[32.078,36.503],[32.0511,36.524],[32.0318,36.5356],[32.0172,36.5422],[32.0046,36.5427],[32.0024,36.5417],[32.0033,36.5395],[32.0023,36.5416],[31.9988,36.5394],[31.9993,36.5368],[32.0046,36.5388],[31.9994,36.5367],[32.002,36.5357],[31.998,36.5357],[32.0,36.5308],[31.9895,36.5299],[31.9856,36.5273],[31.9889,36.5316],[31.9872,36.5345],[31.9885,36.5411],[31.9624,36.5582],[31.96142,36.55832],[31.96137,36.55833],[31.9614,36.5583],[31.9613,36.5583],[31.9613,36.55834],[31.95725,36.55885],[31.9572,36.5588],[31.9572,36.55885],[31.9473,36.5601],[31.9484,36.557],[31.9457,36.5592],[31.94505,36.55915],[31.9451,36.5591],[31.945,36.5591],[31.945,36.55914],[31.9384,36.5586],[31.9247,36.5638],[31.9189,36.5637],[31.9026,36.5721],[31.8962,36.5722],[31.8535,36.5891],[31.8295,36.5951],[31.8159,36.5935],[31.8084,36.5959],[31.7871,36.6071],[31.7773,36.6036],[31.7721,36.6059],[31.7755,36.6088],[31.7743,36.6144],[31.7616,36.6223],[31.7621,36.6241],[31.7577,36.6233],[31.7579,36.6257],[31.7533,36.6268],[31.7543,36.6309],[31.7442,36.6383],[31.7401,36.6372],[31.7353,36.6417],[31.7256,36.6379],[31.7251,36.6404],[31.7216,36.6392],[31.7117,36.6433],[31.7017,36.6427],[31.6867,36.6493],[31.672,36.6442],[31.6743,36.6466],[31.6732,36.6485],[31.6643,36.649],[31.6485,36.6641],[31.6355,36.6722],[31.6012,36.6867],[31.5976,36.6911],[31.5758,36.7043],[31.5255,36.7258],[31.4752,36.7429],[31.428,36.7552],[31.4169,36.755],[31.406,36.7611],[31.3915,36.7656],[31.3912,36.7632],[31.386,36.7648],[31.3848,36.7668],[31.3912,36.7705],[31.3902,36.7764],[31.3578,36.7987],[31.3249,36.8097],[31.3025,36.8145],[31.2705,36.818],[31.2682,36.8163],[31.2448,36.821],[31.2232,36.8206],[31.1946,36.828],[31.1706,36.8287],[31.1297,36.8331],[31.124,36.8359],[31.1074,36.8366],[31.0938,36.8401],[31.0807,36.8403],[31.0563,36.8499],[31.0063,36.8577],[30.9597,36.8567],[30.9212,36.8529],[30.8711,36.8524],[30.801,36.8472],[30.7993,36.8454],[30.7948,36.8512],[30.7886,36.8528],[30.7578,36.8454],[30.7435,36.8529],[30.7442,36.8548],[30.7407,36.8534],[30.7306,36.8578],[30.7241,36.8661],[30.718,36.8683],[30.7153,36.8737],[30.7074,36.875],[30.7023,36.8852],[30.6785,36.8838],[30.6624,36.8758],[30.6156,36.8445],[30.6123,36.8414],[30.6142,36.8367],[30.6127,36.8345],[30.6129,36.8382],[30.6106,36.836],[30.6055,36.8391],[30.6045,36.8377],[30.6094,36.8357],[30.6077,36.8326],[30.606,36.8342],[30.6048,36.8326],[30.6069,36.8326],[30.6051,36.8302],[30.6094,36.8287],[30.6168,36.8338],[30.6101,36.8283],[30.604,36.8293],[30.5761,36.7984],[30.573,36.7855],[30.5756,36.7829],[30.5728,36.7629],[30.5684,36.7521],[30.5704,36.7452],[30.5639,36.7276],[30.565,36.7196],[30.5745,36.7064],[30.5703,36.6831],[30.5702,36.6752],[30.5547,36.6487],[30.5558,36.6444],[30.5602,36.6442],[30.5562,36.6331],[30.5585,36.6304],[30.5571,36.6184],[30.5675,36.603],[30.5722,36.6016],[30.5707,36.6002],[30.5738,36.6008],[30.5725,36.6025],[30.5779,36.6009],[30.5752,36.5998],[30.5775,36.5961],[30.5844,36.596],[30.5894,36.5989],[30.5926,36.5915],[30.5858,36.5844],[30.588,36.579],[30.5577,36.5414],[30.5604,36.5372],[30.557,36.5349],[30.5655,36.5336],[30.5516,36.5282],[30.5547,36.5228],[30.5523,36.5201],[30.5478,36.5242],[30.5389,36.5197],[30.5426,36.5186],[30.544,36.511],[30.5411,36.5102],[30.5242,36.4864],[30.5218,36.4818],[30.523,36.4791],[30.5166,36.4798],[30.5167,36.4758],[30.5212,36.4739],[30.516,36.4743],[30.5147,36.4723],[30.5169,36.47],[30.5076,36.4696],[30.5063,36.4674],[30.5065,36.4649],[30.5115,36.4624],[30.5102,36.4595],[30.5169,36.4571],[30.5158,36.4548],[30.5116,36.4551],[30.5085,36.4407],[30.5037,36.4373],[30.4986,36.4388],[30.4971,36.4363],[30.4902,36.44],[30.4862,36.4383],[30.4874,36.436],[30.4835,36.4375],[30.4795,36.4346],[30.4872,36.4301],[30.4867,36.4274],[30.4912,36.4217],[30.4853,36.4194],[30.4758,36.3981],[30.4762,36.3951],[30.4856,36.3926],[30.4873,36.3897],[30.4839,36.3876],[30.4853,36.3809],[30.4908,36.3775],[30.4953,36.3674],[30.5006,36.3639],[30.5032,36.3651],[30.5016,36.3699],[30.5051,36.3693],[30.504,36.3671],[30.5073,36.36],[30.5031,36.3622],[30.5011,36.3575],[30.5046,36.3526],[30.508,36.3555],[30.5102,36.3448],[30.5191,36.3417],[30.5275,36.3439],[30.5295,36.3409],[30.5285,36.335],[30.5196,36.3305],[30.5082,36.3327],[30.5058,36.3241],[30.5006,36.3239],[30.4981,36.3276],[30.4931,36.3266],[30.4874,36.3171],[30.4758,36.3144],[30.4676,36.3152],[30.465,36.3068],[30.4706,36.2975],[30.477,36.2979],[30.4798,36.3014],[30.4881,36.2984],[30.4841,36.2889],[30.4866,36.2791],[30.4772,36.2721],[30.4728,36.2726],[30.4624,36.2662],[30.4597,36.2618],[30.4604,36.2566],[30.4498,36.2581],[30.4507,36.2522],[30.4436,36.2511],[30.4414,36.2469],[30.4339,36.2419],[30.4354,36.237],[30.4332,36.2335],[30.4268,36.2291],[30.4223,36.2304],[30.4196,36.2222],[30.4166,36.2222],[30.4142,36.2162],[30.4042,36.2111],[30.4023,36.216],[30.4052,36.2304],[30.4023,36.2323],[30.4052,36.2335],[30.408,36.2398],[30.4053,36.2432],[30.4003,36.2437],[30.3983,36.2477],[30.4008,36.2536],[30.4052,36.2558],[30.4084,36.2539],[30.4144,36.2665],[30.4084,36.2751],[30.3959,36.2741],[30.3934,36.2798],[30.3881,36.2786],[30.3877,36.2744],[30.3817,36.2763],[30.3677,36.2702],[30.3674,36.2722],[30.3206,36.3004],[30.3029,36.3082],[30.2762,36.3155],[30.2526,36.3159],[30.1938,36.315],[30.1622,36.3078],[30.1494,36.3014],[30.1474,36.2967],[30.1514,36.2951],[30.1479,36.2943],[30.1499,36.2923],[30.1533,36.2947],[30.1495,36.29],[30.1524,36.2861],[30.1506,36.2837],[30.1534,36.2781],[30.1523,36.2749],[30.1487,36.2748],[30.1511,36.2733],[30.146,36.2684],[30.14,36.2674],[30.14,36.2714],[30.1439,36.2762],[30.1394,36.2788],[30.1312,36.2699],[30.1314,36.2661],[30.1283,36.2627],[30.1215,36.2633],[30.12,36.2512],[30.1175,36.2521],[30.1164,36.248],[30.1122,36.2467],[30.1088,36.25],[30.1043,36.2467],[30.1009,36.2491],[30.1003,36.247],[30.0904,36.2509],[30.0852,36.2501],[30.0837,36.2536],[30.0798,36.2538],[30.0795,36.2566],[30.07111,36.26118],[30.0729,36.2593],[30.0634,36.2587],[30.0465,36.2524],[30.0123,36.2329],[29.991,36.2242]]],[[[31.6617,36.6472],[31.6611,36.6477],[31.6631,36.6475],[31.6642,36.6467],[31.6637,36.6464],[31.6617,36.6472]]],[[[32.0364,36.5327],[32.0362,36.5328],[32.0364,36.5328],[32.0364,36.5327]]],[[[32.0359,36.5328],[32.0361,36.533],[32.0361,36.5329],[32.0359,36.5327],[32.0359,36.5328]]],[[[31.9451,36.5591],[31.9452,36.5591],[31.9451,36.559],[31.9451,36.5591]]],[[[31.9287,36.5618],[31.929,36.5616],[31.929,36.5615],[31.9284,36.5616],[31.9287,36.5618]]],[[[31.926,36.5617],[31.926,36.5619],[31.9263,36.562],[31.9264,36.5618],[31.9263,36.5617],[31.926,36.5617]]],[[[31.8948,36.5721],[31.8945,36.5721],[31.8945,36.5722],[31.8946,36.5723],[31.8947,36.5723],[31.8948,36.5722],[31.8948,36.5721]]],[[[31.7523,36.6278],[31.7524,36.6274],[31.7517,36.6269],[31.7513,36.6273],[31.7523,36.6278]]],[[[31.7489,36.63],[31.749,36.6294],[31.7485,36.6285],[31.7478,36.6291],[31.7489,36.63]]],[[[31.7333,36.6347],[31.7339,36.6344],[31.7337,36.6342],[31.7332,36.6343],[31.7333,36.6347]]],[[[31.7288,36.639],[31.7291,36.6392],[31.7293,36.639],[31.7291,36.6387],[31.7289,36.6386],[31.7288,36.639]]],[[[31.6869,36.6451],[31.6874,36.6451],[31.6873,36.645],[31.6869,36.645],[31.6869,36.6451]]],[[[31.688,36.6463],[31.6881,36.6466],[31.6884,36.6465],[31.6884,36.6463],[31.6883,36.6463],[31.688,36.6463]]]]}},{"type":"Feature","properties":{"plaka":8},"geometry":{"type":"Polygon","coordinates":[[[41.3082,40.6575],[41.3177,40.6794],[41.3221,40.6843],[41.3447,40.6944],[41.3601,40.7046],[41.3649,40.7212],[41.3635,40.728],[41.3569,40.7357],[41.3397,40.7395],[41.3268,40.7497],[41.3129,40.7563],[41.2811,40.7625],[41.2675,40.7676],[41.2482,40.7826],[41.1532,40.811],[41.1548,40.8272],[41.1624,40.845],[41.1694,40.8545],[41.1791,40.8639],[41.189,40.8685],[41.2033,40.8845],[41.2138,40.9081],[41.2152,40.9179],[41.2265,40.9302],[41.2286,40.938],[41.2266,40.9459],[41.2296,40.952],[41.2656,40.98],[41.2908,40.9927],[41.3473,41.0273],[41.3647,41.0467],[41.3861,41.058],[41.3941,41.0775],[41.3956,41.0875],[41.3908,41.129],[41.3658,41.1634],[41.3488,41.1997],[41.319,41.2281],[41.3083,41.2551],[41.2726,41.2834],[41.2631,41.3093],[41.2497,41.3275],[41.2593,41.3379],[41.2729,41.3459],[41.3069,41.3543],[41.3374,41.3698],[41.3594,41.3779],[41.3808,41.378],[41.402,41.3829],[41.4238,41.4],[41.4609,41.4487],[41.469,41.4532],[41.4743,41.4612],[41.4847,41.4645],[41.4912,41.4699],[41.5023,41.4713],[41.5101,41.4781],[41.5219,41.4826],[41.5369,41.5096],[41.5427,41.5122],[41.5474,41.5197],[41.5569,41.5176],[41.5711,41.5191],[41.5787,41.5161],[41.584,41.5083],[41.6178,41.5011],[41.6221,41.4978],[41.6197,41.4861],[41.6225,41.4971],[41.6339,41.487],[41.6573,41.4852],[41.6655,41.4824],[41.6803,41.4872],[41.6901,41.4877],[41.7041,41.4961],[41.7103,41.4967],[41.7171,41.489],[41.7146,41.4802],[41.7082,41.4742],[41.7464,41.4712],[41.7739,41.4608],[41.7765,41.4635],[41.7859,41.4615],[41.789,41.4502],[41.8053,41.4465],[41.8147,41.4343],[41.8234,41.4308],[41.8455,41.4409],[41.8464,41.4483],[41.8817,41.4608],[41.8881,41.4719],[41.8951,41.475],[41.8928,41.4802],[41.9006,41.489],[41.9099,41.4946],[41.9115,41.4991],[41.9181,41.501],[41.9276,41.5083],[41.9375,41.51],[41.9423,41.5156],[41.949,41.5176],[41.9551,41.5234],[41.9623,41.5249],[41.9726,41.5212],[41.9846,41.5221],[41.9914,41.5162],[41.9907,41.5107],[41.994,41.5047],[42.0235,41.5016],[42.0319,41.4955],[42.0392,41.4941],[42.0588,41.4989],[42.0703,41.507],[42.0848,41.5108],[42.0908,41.5133],[42.103,41.5068],[42.1116,41.5107],[42.1266,41.5051],[42.1384,41.5073],[42.1465,41.5054],[42.1587,41.5065],[42.1709,41.5133],[42.1782,41.5145],[42.1942,41.5075],[42.2049,41.4912],[42.2132,41.4959],[42.2253,41.4987],[42.263,41.4918],[42.2747,41.4943],[42.2841,41.4932],[42.2938,41.4899],[42.304,41.4824],[42.3114,41.4807],[42.3137,41.4822],[42.3293,41.4681],[42.3489,41.4714],[42.3669,41.4649],[42.3822,41.4676],[42.3856,41.4631],[42.4009,41.4665],[42.413,41.458],[42.4178,41.4585],[42.4339,41.4437],[42.4462,41.4416],[42.4485,41.4382],[42.4572,41.4391],[42.4715,41.4355],[42.4892,41.4405],[42.4909,41.445],[42.5042,41.4401],[42.5065,41.4422],[42.5201,41.4365],[42.5243,41.4439],[42.5261,41.4434],[42.5424,41.4318],[42.5455,41.416],[42.5427,41.394],[42.5494,41.3697],[42.6124,41.3142],[42.6163,41.3064],[42.615,41.299],[42.601,41.2695],[42.5894,41.2564],[42.5761,41.2459],[42.554,41.2398],[42.5307,41.2294],[42.5182,41.2165],[42.5112,41.203],[42.5023,41.1937],[42.4734,41.1746],[42.4282,41.1358],[42.406,41.1113],[42.391,41.0904],[42.372,41.0491],[42.3729,41.0328],[42.3812,41.0174],[42.3852,41.0022],[42.3814,40.9761],[42.3634,40.94],[42.3544,40.9299],[42.3416,40.9211],[42.3188,40.9273],[42.2665,40.9324],[42.2473,40.9381],[42.2064,40.9586],[42.1792,40.9637],[42.1396,40.96],[42.1205,40.9659],[42.0967,40.9666],[42.0807,40.9644],[42.0541,40.9664],[42.0124,40.9592],[41.9853,40.9603],[41.9701,40.9582],[41.9521,40.9459],[41.9391,40.9366],[41.9213,40.9176],[41.8823,40.8961],[41.8572,40.8649],[41.8572,40.8502],[41.8608,40.8423],[41.881,40.8251],[41.8806,40.8037],[41.8748,40.7956],[41.8494,40.7856],[41.8439,40.7678],[41.8262,40.7378],[41.8258,40.721],[41.8205,40.7028],[41.8298,40.6875],[41.8302,40.682],[41.7974,40.6545],[41.7917,40.6518],[41.7879,40.6528],[41.7618,40.6645],[41.7477,40.6625],[41.7288,40.6639],[41.6595,40.6927],[41.6332,40.7001],[41.6236,40.6997],[41.6095,40.6925],[41.5892,40.6906],[41.5614,40.6797],[41.5442,40.6622],[41.5339,40.6598],[41.5251,40.6506],[41.4971,40.6384],[41.4709,40.6199],[41.4422,40.6069],[41.4417,40.5979],[41.4384,40.5935],[41.4117,40.5702],[41.3973,40.5707],[41.3637,40.5621],[41.3528,40.5619],[41.3347,40.5658],[41.3293,40.5904],[41.3167,40.6182],[41.3154,40.6483],[41.3082,40.6575]]]}},{"type":"Feature","properties":{"plaka":9},"geometry":{"type":"Polygon","coordinates":[[[27.4203,37.4103],[27.4133,37.4145],[27.4031,37.4141],[27.3994,37.4128],[27.3998,37.4099],[27.39,37.4107],[27.376,37.4051],[27.3648,37.3933],[27.3632,37.3889],[27.3652,37.3833],[27.3611,37.3793],[27.3595,37.3729],[27.3427,37.369],[27.3418,37.3733],[27.3376,37.371],[27.3345,37.3728],[27.3387,37.3747],[27.3336,37.3752],[27.3309,37.3785],[27.3285,37.3761],[27.3306,37.3717],[27.3182,37.3692],[27.3209,37.3672],[27.3205,37.3604],[27.3245,37.356],[27.3303,37.3547],[27.3338,37.3481],[27.3305,37.3426],[27.3238,37.3413],[27.3201,37.3439],[27.3184,37.3417],[27.3177,37.3448],[27.3145,37.3456],[27.3129,37.341],[27.3059,37.3486],[27.3086,37.3529],[27.2963,37.3495],[27.2853,37.3563],[27.2756,37.3531],[27.2758,37.3488],[27.269,37.3458],[27.2681,37.3432],[27.2626,37.3427],[27.263,37.3386],[27.2617,37.3365],[27.2585,37.3371],[27.2585,37.3351],[27.2546,37.3375],[27.2541,37.3358],[27.2358,37.3384],[27.2363,37.3418],[27.2301,37.3427],[27.2334,37.3499],[27.2193,37.3449],[27.2135,37.3467],[27.2215,37.354],[27.2091,37.3524],[27.2086,37.3566],[27.2031,37.3539],[27.2046,37.352],[27.2022,37.3506],[27.1921,37.3535],[27.1933,37.3565],[27.2031,37.3606],[27.2046,37.3665],[27.2078,37.3679],[27.2038,37.3706],[27.2047,37.3726],[27.2123,37.3764],[27.2089,37.381],[27.2183,37.3922],[27.2152,37.3955],[27.2103,37.3934],[27.2103,37.3986],[27.2149,37.4009],[27.2264,37.4005],[27.2324,37.4065],[27.2249,37.4082],[27.2245,37.4107],[27.2208,37.4121],[27.2222,37.4165],[27.2188,37.4197],[27.2212,37.4447],[27.2187,37.4536],[27.2216,37.4527],[27.2204,37.4544],[27.2272,37.4615],[27.2307,37.4737],[27.2302,37.4769],[27.2247,37.4815],[27.2286,37.487],[27.2253,37.4881],[27.2083,37.48],[27.2057,37.4741],[27.2048,37.4805],[27.2084,37.4874],[27.182,37.4723],[27.1752,37.472],[27.1765,37.4804],[27.1868,37.4984],[27.1886,37.5106],[27.1884,37.5304],[27.1811,37.5483],[27.1823,37.5519],[27.1749,37.5542],[27.1761,37.5593],[27.1846,37.5539],[27.1964,37.5617],[27.2072,37.5647],[27.2148,37.5585],[27.2186,37.5593],[27.219,37.5621],[27.2115,37.5724],[27.2179,37.5758],[27.218,37.5846],[27.2242,37.5872],[27.2096,37.6014],[27.2024,37.6027],[27.1893,37.6115],[27.1792,37.6086],[27.1787,37.612],[27.1657,37.6183],[27.158,37.6185],[27.1195,37.6302],[27.1151,37.6341],[27.1052,37.6349],[27.0963,37.64],[27.0747,37.6443],[27.0617,37.6427],[27.0323,37.652],[27.0258,37.6518],[27.0375,37.6588],[27.071,37.6542],[27.1102,37.6605],[27.1283,37.6608],[27.1368,37.6568],[27.1468,37.6607],[27.1629,37.6624],[27.1838,37.6722],[27.2019,37.6768],[27.2294,37.6719],[27.2624,37.6862],[27.2846,37.684],[27.2884,37.6893],[27.2887,37.7027],[27.2915,37.7069],[27.323,37.7152],[27.3248,37.7212],[27.3217,37.7304],[27.3338,37.7494],[27.3384,37.7523],[27.3558,37.7847],[27.3709,37.7891],[27.3864,37.8035],[27.3973,37.8043],[27.399,37.8088],[27.3934,37.8197],[27.3931,37.8254],[27.4099,37.8313],[27.4176,37.8386],[27.4216,37.8441],[27.4326,37.8469],[27.4365,37.8518],[27.4358,37.8706],[27.4283,37.8781],[27.4239,37.9205],[27.4611,37.9363],[27.474,37.9391],[27.4795,37.9493],[27.4813,37.9705],[27.4872,37.9827],[27.4979,37.9969],[27.5179,37.9981],[27.5312,37.9963],[27.5479,38.0069],[27.5747,38.0111],[27.6115,37.9927],[27.622,37.9918],[27.6371,37.9971],[27.6592,37.9831],[27.6757,37.9824],[27.7021,37.9868],[27.7071,37.984],[27.7362,37.9785],[27.7545,37.9794],[27.7874,37.9672],[27.8127,37.9632],[27.8551,37.9853],[27.8647,37.9854],[27.87,37.9879],[27.8737,37.9918],[27.8796,38.011],[27.9008,38.0111],[27.9114,38.0156],[27.9221,38.0107],[27.9345,37.9987],[27.951,37.9963],[27.9593,37.9991],[27.9664,37.9982],[27.9768,37.9882],[27.9919,37.9785],[28.0017,37.9747],[28.0082,37.9785],[28.0153,37.9822],[28.0218,37.9921],[28.0332,38.0016],[28.037,38.0219],[28.0421,38.029],[28.0462,38.0308],[28.0815,38.0238],[28.0892,38.0242],[28.0957,38.0302],[28.1015,38.0316],[28.1145,38.0261],[28.1231,38.0257],[28.1304,38.0256],[28.1339,38.0381],[28.14,38.042],[28.1541,38.0413],[28.1775,38.033],[28.1887,38.0339],[28.1979,38.0297],[28.2105,38.0282],[28.2229,38.0267],[28.2441,38.0361],[28.2528,38.0358],[28.2635,38.0313],[28.2793,38.0354],[28.3013,38.0644],[28.3047,38.0863],[28.311,38.0924],[28.3257,38.097],[28.3306,38.1016],[28.3304,38.1191],[28.3327,38.1219],[28.3431,38.1216],[28.3606,38.1257],[28.3732,38.1188],[28.3813,38.1185],[28.4091,38.0964],[28.4179,38.0962],[28.4243,38.0903],[28.4346,38.0875],[28.4407,38.0885],[28.4514,38.0986],[28.4847,38.1218],[28.5003,38.1236],[28.5193,38.1105],[28.5328,38.1013],[28.5572,38.105],[28.5737,38.0986],[28.602,38.0986],[28.609,38.0931],[28.6291,38.086],[28.6365,38.0708],[28.6561,38.063],[28.6873,38.0655],[28.7219,38.0603],[28.7363,38.0149],[28.7372,37.9987],[28.7442,37.9897],[28.7741,37.9833],[28.7988,37.9822],[28.8249,37.9742],[28.8251,37.9511],[28.8206,37.9303],[28.8163,37.9324],[28.8136,37.9286],[28.8094,37.9345],[28.8053,37.9324],[28.799,37.9367],[28.7861,37.9377],[28.7772,37.9459],[28.7767,37.9426],[28.7723,37.9413],[28.7698,37.9454],[28.7594,37.9481],[28.755,37.9466],[28.7446,37.9333],[28.7286,37.9198],[28.7278,37.9108],[28.733,37.9003],[28.7433,37.8921],[28.7426,37.8882],[28.7307,37.8812],[28.7282,37.8676],[28.7292,37.8612],[28.739,37.8488],[28.7389,37.8361],[28.7439,37.8206],[28.7793,37.7982],[28.7832,37.7849],[28.7878,37.7822],[28.8026,37.7807],[28.8084,37.7734],[28.8427,37.7666],[28.853,37.7564],[28.8651,37.7522],[28.8674,37.7474],[28.866,37.7367],[28.8596,37.731],[28.8373,37.7199],[28.8278,37.7094],[28.8194,37.7067],[28.8046,37.7077],[28.7964,37.7047],[28.7947,37.6682],[28.7915,37.6593],[28.7871,37.6535],[28.7761,37.6475],[28.7567,37.6419],[28.7559,37.6007],[28.7531,37.594],[28.7479,37.5896],[28.7322,37.5871],[28.7182,37.5705],[28.6961,37.5648],[28.6646,37.5486],[28.6429,37.5427],[28.6208,37.544],[28.6117,37.5416],[28.6019,37.5326],[28.5983,37.5132],[28.59728,37.514],[28.6021,37.509],[28.6056,37.4947],[28.6173,37.4785],[28.6021,37.4721],[28.5854,37.4757],[28.5292,37.4752],[28.4914,37.4853],[28.4652,37.4858],[28.452,37.505],[28.4359,37.501],[28.4138,37.5012],[28.3941,37.4948],[28.3842,37.4978],[28.3614,37.5144],[28.3491,37.5183],[28.3431,37.5257],[28.3249,37.523],[28.3019,37.516],[28.2889,37.5157],[28.2828,37.5191],[28.2819,37.5229],[28.2932,37.5521],[28.2783,37.5579],[28.2626,37.5539],[28.2567,37.5501],[28.2514,37.5475],[28.2435,37.5376],[28.2326,37.512],[28.2229,37.4961],[28.2044,37.4907],[28.1994,37.4869],[28.1829,37.4938],[28.1568,37.492],[28.1438,37.4556],[28.135,37.4502],[28.1182,37.4566],[28.083,37.4615],[28.0722,37.4653],[28.0623,37.4721],[28.0491,37.4738],[28.0028,37.4737],[27.9948,37.4677],[27.9541,37.4616],[27.9413,37.4671],[27.9423,37.4811],[27.9341,37.494],[27.9297,37.4946],[27.9231,37.4904],[27.9092,37.4904],[27.8952,37.4919],[27.8633,37.4895],[27.8455,37.4751],[27.8351,37.4734],[27.8236,37.4761],[27.8056,37.4685],[27.7952,37.4684],[27.7824,37.4732],[27.7704,37.4821],[27.7696,37.506],[27.7527,37.5232],[27.7474,37.5261],[27.7169,37.5267],[27.7042,37.5228],[27.6633,37.5255],[27.6494,37.5243],[27.6363,37.5285],[27.6181,37.5382],[27.6058,37.5428],[27.594,37.535],[27.5876,37.5344],[27.5604,37.5391],[27.5573,37.5457],[27.53,37.548],[27.5116,37.5455],[27.51,37.5398],[27.507,37.5381],[27.4772,37.5374],[27.4716,37.529],[27.4681,37.5168],[27.4712,37.4961],[27.4694,37.477],[27.4709,37.4566],[27.4636,37.4528],[27.4717,37.4382],[27.4653,37.4305],[27.4638,37.422],[27.4619,37.3981],[27.4639,37.3844],[27.4539,37.3761],[27.4377,37.3729],[27.4148,37.3619],[27.3994,37.3598],[27.3915,37.3654],[27.408,37.3716],[27.4149,37.3862],[27.4282,37.3854],[27.4271,37.4019],[27.4203,37.4103]]]}},{"type":"Feature","properties":{"plaka":10},"geometry":{"type":"MultiPolygon","coordinates":[[[[26.5885,39.2781],[26.5807,39.2762],[26.5766,39.278],[26.5857,39.2858],[26.5866,39.2895],[26.5924,39.2925],[26.5941,39.2977],[26.5912,39.3015],[26.6,39.3022],[26.6003,39.2966],[26.5961,39.292],[26.6034,39.2831],[26.5978,39.2818],[26.5921,39.2838],[26.5885,39.2781]]],[[[26.6364,39.2994],[26.6363,39.2992],[26.6357,39.2993],[26.6359,39.2997],[26.6364,39.2994]]],[[[26.6591,39.323],[26.6565,39.3238],[26.6586,39.3245],[26.6591,39.323]]],[[[26.6156,39.3251],[26.6154,39.3248],[26.6152,39.3249],[26.6155,39.3251],[26.6156,39.3251]]],[[[26.5283,39.3271],[26.5311,39.3332],[26.5387,39.3312],[26.5395,39.3291],[26.5385,39.3251],[26.5332,39.3244],[26.5283,39.3271]]],[[[26.6195,39.3298],[26.6197,39.3298],[26.6198,39.3296],[26.6198,39.3295],[26.6195,39.3295],[26.6195,39.3298]]],[[[26.5945,39.331],[26.5948,39.3311],[26.595,39.3307],[26.5949,39.3306],[26.5946,39.3308],[26.5945,39.331]]],[[[26.5687,39.3344],[26.569,39.3344],[26.5689,39.334],[26.5687,39.3339],[26.5683,39.3341],[26.5687,39.3344]]],[[[26.5827,39.3344],[26.583,39.3345],[26.5832,39.3341],[26.5831,39.334],[26.5827,39.334],[26.5827,39.3344]]],[[[26.5611,39.3374],[26.562,39.337],[26.562,39.3361],[26.5617,39.336],[26.5602,39.3367],[26.5611,39.3374]]],[[[26.5949,39.3377],[26.5953,39.3378],[26.5955,39.3375],[26.5953,39.3374],[26.5948,39.3374],[26.5949,39.3377]]],[[[26.5958,39.3368],[26.6025,39.3429],[26.6104,39.3404],[26.6138,39.3349],[26.6023,39.3329],[26.5958,39.3368]]],[[[26.5761,39.344],[26.5789,39.3439],[26.58,39.3394],[26.5738,39.3335],[26.5761,39.344]]],[[[26.6002,39.3484],[26.6016,39.344],[26.5916,39.3457],[26.5862,39.3435],[26.5868,39.3493],[26.5969,39.3495],[26.6002,39.3484]]],[[[26.6006,39.3515],[26.5991,39.3515],[26.598,39.3529],[26.5983,39.3527],[26.5999,39.3527],[26.6006,39.3515]]],[[[26.6673,39.3534],[26.6736,39.3539],[26.6701,39.3523],[26.6639,39.3511],[26.6673,39.3534]]],[[[26.5907,39.353],[26.5904,39.3523],[26.5892,39.3529],[26.5901,39.3533],[26.5907,39.353]]],[[[26.5921,39.3586],[26.5913,39.3581],[26.5905,39.3584],[26.5918,39.3589],[26.5921,39.3586]]],[[[26.6324,39.3692],[26.6336,39.3676],[26.6324,39.3681],[26.6313,39.3686],[26.6324,39.3692]]],[[[26.5752,39.3813],[26.5705,39.3783],[26.5684,39.3839],[26.5717,39.385],[26.5752,39.3813]]],[[[26.5888,39.3679],[26.5843,39.3722],[26.5893,39.3755],[26.5774,39.3815],[26.5784,39.3862],[26.5762,39.3904],[26.5808,39.392],[26.5851,39.3868],[26.5848,39.3915],[26.5901,39.3931],[26.5891,39.3969],[26.5921,39.3963],[26.603,39.3946],[26.5959,39.3884],[26.5959,39.377],[26.5923,39.3776],[26.5912,39.3731],[26.5932,39.3698],[26.5888,39.3679]]],[[[26.6458,39.3837],[26.6704,39.3897],[26.6644,39.386],[26.6683,39.3831],[26.6629,39.3812],[26.6615,39.3753],[26.6417,39.3766],[26.6252,39.3807],[26.6216,39.3787],[26.6236,39.3697],[26.6309,39.3633],[26.6301,39.3604],[26.6334,39.3572],[26.6437,39.3628],[26.6537,39.3631],[26.6567,39.3585],[26.6524,39.3529],[26.6577,39.3492],[26.6595,39.3438],[26.6648,39.339],[26.6754,39.3409],[26.6757,39.3435],[26.6803,39.3427],[26.6848,39.3444],[26.6836,39.3465],[26.6952,39.349],[26.6974,39.3481],[26.6961,39.3441],[26.7015,39.341],[26.7138,39.3409],[26.7295,39.3511],[26.735,39.3523],[26.7369,39.3596],[26.7473,39.3576],[26.7605,39.365],[26.7808,39.3756],[26.7893,39.387],[26.8033,39.3982],[26.8054,39.4043],[26.7979,39.407],[26.7991,39.4198],[26.7934,39.4278],[26.7985,39.4368],[26.8026,39.4362],[26.8099,39.4398],[26.8106,39.4377],[26.8146,39.4382],[26.8163,39.434],[26.8347,39.4336],[26.8474,39.4379],[26.8512,39.4436],[26.8517,39.4498],[26.8489,39.4669],[26.8556,39.4782],[26.9026,39.4769],[26.9236,39.4828],[26.92425,39.48357],[26.9303,39.4852],[26.9305,39.4918],[26.9351,39.4937],[26.9291,39.4919],[26.932,39.4949],[26.9316,39.504],[26.9339,39.5066],[26.931,39.5176],[26.9395,39.534],[26.9387,39.5367],[26.94141,39.53604],[26.9387,39.5376],[26.93894,39.5379],[26.9378,39.5373],[26.9376,39.5372],[26.9376,39.5376],[26.93946,39.53857],[26.9441,39.5445],[26.9518,39.5475],[26.9525,39.5553],[26.9425,39.5697],[26.9208,39.5839],[26.9073,39.5823],[26.8937,39.5843],[26.8888,39.582],[26.878,39.585],[26.8726,39.5797],[26.8669,39.5651],[26.8526,39.5666],[26.8417,39.5619],[26.8382,39.5574],[26.8187,39.5681],[26.8059,39.5659],[26.7991,39.5687],[26.7732,39.5712],[26.7596,39.5634],[26.7281,39.5672],[26.7189,39.5624],[26.7038,39.5608],[26.6908,39.555],[26.6702,39.5578],[26.6575,39.5521],[26.649,39.5772],[26.6528,39.5899],[26.6592,39.6002],[26.6595,39.6054],[26.6557,39.6136],[26.6597,39.6206],[26.6678,39.6273],[26.6714,39.6403],[26.6798,39.6483],[26.6826,39.6601],[26.7036,39.6961],[26.7207,39.711],[26.7361,39.7203],[26.7438,39.7221],[26.7571,39.7209],[26.7692,39.7102],[26.7811,39.7035],[26.8023,39.698],[26.8115,39.6984],[26.8464,39.7086],[26.8767,39.7224],[26.9186,39.7347],[26.945,39.7577],[26.968,39.7678],[26.9785,39.7697],[26.9932,39.7689],[27.0056,39.7652],[27.0333,39.75],[27.0488,39.7445],[27.0818,39.7446],[27.1136,39.7493],[27.1386,39.7506],[27.1509,39.7489],[27.1748,39.7379],[27.1872,39.7358],[27.2429,39.7001],[27.2655,39.695],[27.2849,39.6946],[27.3081,39.6977],[27.3422,39.7099],[27.3522,39.7169],[27.3614,39.7278],[27.3776,39.7379],[27.422,39.7575],[27.4426,39.7576],[27.4567,39.7668],[27.4726,39.8025],[27.485,39.8159],[27.4878,39.8272],[27.486,39.848],[27.4917,39.8696],[27.5083,39.898],[27.5237,39.9151],[27.5262,39.927],[27.5243,39.9447],[27.5202,39.9583],[27.5163,39.9629],[27.5047,39.97],[27.4905,39.9749],[27.4535,39.9834],[27.4444,39.9902],[27.4435,40.0074],[27.4464,40.0229],[27.452,40.0353],[27.4506,40.0484],[27.4418,40.0664],[27.426,40.086],[27.4185,40.1007],[27.4073,40.1102],[27.3933,40.1269],[27.3928,40.1442],[27.3974,40.157],[27.4218,40.1783],[27.4264,40.1909],[27.4315,40.1972],[27.458,40.2159],[27.4727,40.2296],[27.4971,40.2433],[27.5044,40.2541],[27.5059,40.2734],[27.511,40.2835],[27.5114,40.2881],[27.5054,40.2954],[27.5086,40.3066],[27.5473,40.3021],[27.5592,40.305],[27.5934,40.3229],[27.6223,40.3266],[27.6262,40.3237],[27.6217,40.3207],[27.6203,40.3161],[27.6261,40.3177],[27.6285,40.3199],[27.6341,40.3185],[27.6303,40.3201],[27.6339,40.3236],[27.6339,40.3237],[27.6686,40.3098],[27.7103,40.3144],[27.7197,40.31],[27.7534,40.3096],[27.7705,40.3121],[27.7814,40.3169],[27.8078,40.3386],[27.871,40.3676],[27.8782,40.374],[27.8774,40.3772],[27.8698,40.3836],[27.8194,40.4004],[27.8099,40.391],[27.8062,40.3921],[27.8019,40.3892],[27.806,40.3873],[27.8024,40.3876],[27.8013,40.3836],[27.7951,40.3837],[27.7937,40.3871],[27.7968,40.3885],[27.7967,40.3909],[27.7897,40.396],[27.7874,40.3942],[27.7885,40.4015],[27.7837,40.409],[27.7691,40.4154],[27.7468,40.4326],[27.749,40.4377],[27.7552,40.4422],[27.7505,40.45],[27.7402,40.4562],[27.7319,40.4532],[27.7164,40.4553],[27.7087,40.4635],[27.6884,40.4738],[27.685,40.4807],[27.6844,40.4899],[27.6799,40.5005],[27.6955,40.5072],[27.6996,40.5131],[27.7166,40.5206],[27.7307,40.5204],[27.7336,40.5245],[27.7373,40.5247],[27.7438,40.5169],[27.7478,40.5178],[27.7498,40.5193],[27.7493,40.526],[27.7519,40.5264],[27.7541,40.5222],[27.7685,40.521],[27.776,40.5241],[27.7757,40.5111],[27.7815,40.5066],[27.7879,40.5058],[27.7919,40.5155],[27.7975,40.5165],[27.8033,40.514],[27.8135,40.5184],[27.8279,40.5146],[27.8307,40.5108],[27.8357,40.5095],[27.8405,40.5097],[27.8449,40.5154],[27.8824,40.5147],[27.905,40.5079],[27.9197,40.5073],[27.9311,40.5015],[27.9349,40.5036],[27.9427,40.5009],[27.9429,40.4982],[27.9506,40.4969],[27.9561,40.5001],[27.9577,40.4958],[27.9653,40.4923],[27.9692,40.4938],[27.9715,40.4906],[27.9746,40.4907],[27.9761,40.4924],[27.9719,40.4928],[27.9751,40.4931],[27.9875,40.4878],[27.9898,40.4909],[27.9932,40.49],[27.9939,40.4872],[28.0101,40.4891],[28.0114,40.4864],[28.0139,40.4883],[28.022,40.4868],[28.0346,40.4772],[28.0285,40.4718],[28.0306,40.4695],[28.0299,40.4655],[28.0304,40.4697],[28.0287,40.4702],[28.0263,40.467],[28.0285,40.4661],[28.0275,40.4634],[28.0231,40.4607],[28.024,40.4579],[28.0263,40.458],[28.0245,40.4534],[28.0163,40.4474],[28.0115,40.4466],[28.0058,40.4398],[28.0016,40.4396],[28.0053,40.4401],[28.0047,40.4425],[27.9986,40.4404],[27.9873,40.4313],[27.9783,40.4298],[27.9707,40.4229],[27.9616,40.4251],[27.9522,40.4228],[27.9461,40.4134],[27.9376,40.4132],[27.935,40.4102],[27.9331,40.4124],[27.9261,40.4117],[27.9221,40.4069],[27.9191,40.4073],[27.9178,40.4016],[27.9083,40.4016],[27.9056,40.3946],[27.897,40.391],[27.8962,40.3851],[27.89814,40.3819],[27.8986,40.382],[27.9129,40.3774],[27.9277,40.3621],[27.9461,40.3562],[27.9577,40.3566],[27.9526,40.3548],[27.958,40.355],[27.9608,40.3518],[27.9631,40.3545],[27.9633,40.3511],[27.9678,40.3532],[27.968,40.3567],[27.9573,40.3599],[27.969,40.3574],[27.9726,40.3611],[27.9789,40.3622],[27.9733,40.3624],[27.9794,40.364],[27.9836,40.3619],[27.9862,40.3657],[27.9903,40.3669],[27.996,40.366],[28.0541,40.3784],[28.0673,40.3776],[28.1062,40.3858],[28.1126,40.3893],[28.1805,40.3971],[28.1836,40.3892],[28.1922,40.3363],[28.1778,40.311],[28.1741,40.2657],[28.1715,40.2622],[28.1647,40.2604],[28.1076,40.2667],[28.1009,40.2664],[28.0959,40.2616],[28.0955,40.2546],[28.1,40.2363],[28.115,40.2245],[28.1311,40.2002],[28.1467,40.1444],[28.1529,40.117],[28.176,40.0911],[28.2059,40.064],[28.1989,40.055],[28.1879,40.0479],[28.1908,40.0395],[28.2011,40.0334],[28.1918,40.0272],[28.1943,40.0233],[28.1922,40.0166],[28.1946,40.0078],[28.2129,39.9927],[28.2675,39.9576],[28.2652,39.9161],[28.2804,39.9006],[28.2909,39.8935],[28.3045,39.8912],[28.3348,39.8737],[28.3834,39.8588],[28.4085,39.8605],[28.43,39.8586],[28.4398,39.8549],[28.4492,39.8472],[28.453,39.836],[28.4556,39.8117],[28.4637,39.8007],[28.4853,39.7806],[28.5015,39.7711],[28.5107,39.7615],[28.5299,39.7542],[28.5888,39.7443],[28.6128,39.7354],[28.6311,39.7344],[28.66,39.7494],[28.6768,39.7686],[28.6864,39.7753],[28.7102,39.7808],[28.7219,39.7763],[28.7304,39.7675],[28.7262,39.7224],[28.7306,39.7014],[28.7378,39.6963],[28.75,39.693],[28.7584,39.6841],[28.7635,39.6608],[28.769,39.6489],[28.7929,39.6319],[28.8295,39.618],[28.8675,39.6189],[28.9174,39.6247],[28.9571,39.6215],[28.9854,39.6096],[28.9977,39.5872],[28.9974,39.5821],[28.9867,39.5765],[28.9851,39.5686],[28.9534,39.5587],[28.9507,39.5501],[28.9539,39.5463],[28.9541,39.5401],[28.9446,39.531],[28.9286,39.5242],[28.9258,39.5181],[28.9243,39.4911],[28.9294,39.4841],[28.9384,39.4777],[28.951,39.4599],[28.9446,39.4403],[28.9514,39.4275],[28.9503,39.4125],[28.9011,39.4028],[28.8803,39.3914],[28.8754,39.3844],[28.8735,39.3735],[28.8691,39.3664],[28.8332,39.3347],[28.821,39.3127],[28.8123,39.3019],[28.8055,39.2976],[28.7828,39.2838],[28.7553,39.2728],[28.7385,39.269],[28.7308,39.2696],[28.7081,39.2725],[28.6846,39.2787],[28.6644,39.2931],[28.6525,39.3115],[28.6382,39.3077],[28.6154,39.2926],[28.6131,39.2901],[28.6123,39.2809],[28.6165,39.2614],[28.6299,39.2432],[28.6368,39.2287],[28.6414,39.2227],[28.6647,39.2115],[28.6675,39.2022],[28.668,39.186],[28.6644,39.1801],[28.6348,39.185],[28.6242,39.1845],[28.6047,39.1666],[28.5847,39.1658],[28.5519,39.1576],[28.5359,39.1474],[28.5063,39.1384],[28.4732,39.1211],[28.4619,39.1178],[28.449,39.1085],[28.4336,39.1044],[28.427,39.0993],[28.3895,39.1005],[28.3659,39.0972],[28.3526,39.0832],[28.3346,39.0737],[28.3216,39.0715],[28.2966,39.0614],[28.2782,39.0632],[28.2577,39.0709],[28.2413,39.0885],[28.2294,39.0915],[28.2231,39.091],[28.2065,39.0795],[28.1915,39.0748],[28.1511,39.0777],[28.1371,39.0977],[28.1268,39.1079],[28.1212,39.1284],[28.1141,39.1404],[28.1005,39.156],[28.084,39.1669],[28.0593,39.173],[28.0464,39.1835],[28.0298,39.1891],[28.0187,39.1884],[28.0094,39.194],[27.9881,39.1977],[27.9759,39.2067],[27.9691,39.2192],[27.975,39.2331],[27.9719,39.2406],[27.9609,39.247],[27.9437,39.2502],[27.9379,39.2545],[27.9329,39.2639],[27.9339,39.2695],[27.9433,39.2749],[27.9535,39.2769],[27.9629,39.283],[27.9712,39.2915],[27.9723,39.2974],[27.9664,39.3046],[27.9547,39.3112],[27.9506,39.3167],[27.9481,39.3256],[27.9374,39.3381],[27.9184,39.3447],[27.894,39.346],[27.8834,39.3444],[27.8645,39.3251],[27.854,39.3256],[27.8444,39.321],[27.828,39.3148],[27.8213,39.3149],[27.7798,39.3254],[27.7702,39.3302],[27.7633,39.3431],[27.7532,39.3505],[27.7324,39.3601],[27.717,39.3575],[27.6711,39.3346],[27.6411,39.3355],[27.607,39.3488],[27.5967,39.3501],[27.5665,39.3449],[27.5614,39.3499],[27.5611,39.3655],[27.5564,39.3738],[27.5442,39.3803],[27.5354,39.3811],[27.5249,39.3786],[27.5139,39.3945],[27.5043,39.4017],[27.4948,39.4049],[27.4724,39.4051],[27.457,39.4098],[27.4302,39.4092],[27.4147,39.3943],[27.4081,39.3823],[27.3767,39.3643],[27.3712,39.3731],[27.3689,39.3845],[27.3553,39.3879],[27.3412,39.3868],[27.3337,39.3922],[27.3235,39.3936],[27.3109,39.3928],[27.3031,39.3886],[27.2975,39.3802],[27.275,39.3647],[27.2406,39.3601],[27.2223,39.3621],[27.2103,39.3668],[27.1892,39.3631],[27.1832,39.365],[27.1567,39.3649],[27.1139,39.3596],[27.0992,39.3442],[27.0607,39.3326],[27.0494,39.3262],[27.0422,39.3171],[27.0289,39.3153],[27.0239,39.311],[27.0016,39.3015],[26.9869,39.2949],[26.9663,39.2917],[26.9075,39.2688],[26.9048,39.2633],[26.8873,39.2531],[26.8867,39.2434],[26.8765,39.2347],[26.8441,39.236],[26.8302,39.2308],[26.8192,39.213],[26.7963,39.1997],[26.7707,39.1666],[26.7666,39.1666],[26.7616,39.1697],[26.7584,39.179],[26.7279,39.2101],[26.7278,39.2198],[26.7302,39.2136],[26.7341,39.2125],[26.733,39.2417],[26.7212,39.2569],[26.7042,39.2641],[26.6715,39.267],[26.6392,39.2664],[26.6338,39.2717],[26.6089,39.2734],[26.6119,39.2826],[26.6205,39.2858],[26.6266,39.2988],[26.6228,39.3059],[26.6265,39.3124],[26.6326,39.3145],[26.6358,39.3132],[26.6422,39.3189],[26.6522,39.3232],[26.6537,39.318],[26.6577,39.3169],[26.6516,39.3095],[26.6566,39.3037],[26.6512,39.3026],[26.6473,39.3053],[26.6477,39.3074],[26.6443,39.3075],[26.6417,39.3016],[26.6347,39.3045],[26.6307,39.297],[26.6347,39.2956],[26.6353,39.2923],[26.6387,39.2921],[26.6469,39.2934],[26.6519,39.2979],[26.659,39.2918],[26.6548,39.2857],[26.6604,39.2867],[26.6595,39.2832],[26.6709,39.2789],[26.6738,39.2844],[26.6666,39.295],[26.6608,39.2924],[26.6607,39.2985],[26.6633,39.3004],[26.6618,39.3027],[26.675,39.3123],[26.6897,39.3134],[26.6904,39.3189],[26.7027,39.3369],[26.6978,39.3427],[26.6888,39.3419],[26.6855,39.3442],[26.6833,39.3388],[26.6912,39.333],[26.6688,39.3291],[26.6557,39.3317],[26.6539,39.3293],[26.6574,39.33],[26.6482,39.3252],[26.6228,39.3266],[26.6233,39.3305],[26.6161,39.3355],[26.6131,39.3408],[26.616,39.353],[26.6083,39.3516],[26.6112,39.3573],[26.6239,39.3565],[26.6208,39.3643],[26.6135,39.3696],[26.6179,39.3727],[26.6173,39.3799],[26.6092,39.3845],[26.599,39.3859],[26.6142,39.3958],[26.6166,39.3934],[26.6292,39.3947],[26.6286,39.3885],[26.6367,39.3909],[26.6398,39.388],[26.6458,39.3888],[26.6436,39.3855],[26.6458,39.3837]]],[[[26.6885,39.3387],[26.6889,39.3388],[26.6889,39.3386],[26.6887,39.3385],[26.6885,39.3386],[26.6885,39.3387]]],[[[26.6765,39.3443],[26.6762,39.3439],[26.6758,39.344],[26.6761,39.3443],[26.6765,39.3443]]],[[[26.6796,39.3497],[26.68,39.3497],[26.68,39.3496],[26.6799,39.3495],[26.6796,39.3494],[26.6796,39.3497]]],[[[26.713,39.35],[26.7137,39.3501],[26.714,39.3497],[26.7136,39.3494],[26.7131,39.3496],[26.713,39.35]]],[[[26.6825,39.3516],[26.6823,39.3514],[26.6821,39.3514],[26.6824,39.3517],[26.6825,39.3516]]],[[[26.7001,39.3586],[26.7006,39.3585],[26.7006,39.3584],[26.7006,39.3583],[26.7,39.3583],[26.7001,39.3586]]],[[[26.7219,39.3591],[26.7219,39.3585],[26.7209,39.3592],[26.7218,39.3599],[26.7219,39.3591]]],[[[26.694,39.3717],[26.6977,39.3721],[26.6984,39.3684],[26.6958,39.3676],[26.694,39.3717]]],[[[26.77,39.3786],[26.7693,39.3753],[26.7609,39.3734],[26.7616,39.3715],[26.7601,39.3751],[26.77,39.3786]]],[[[26.7038,39.3799],[26.7083,39.3822],[26.7093,39.3734],[26.7033,39.3737],[26.7038,39.3799]]],[[[26.7242,39.3778],[26.7268,39.3792],[26.7276,39.3771],[26.7242,39.3778]]],[[[26.7069,39.4082],[26.7123,39.4098],[26.7109,39.4062],[26.7061,39.4057],[26.7069,39.4082]]],[[[27.4874,40.4693],[27.4856,40.4722],[27.4882,40.4791],[27.4855,40.4847],[27.4778,40.4893],[27.4784,40.4977],[27.4957,40.5122],[27.4973,40.5215],[27.5147,40.5375],[27.5405,40.5218],[27.5494,40.5216],[27.5276,40.5085],[27.5239,40.5034],[27.526,40.4956],[27.5352,40.4894],[27.5018,40.4799],[27.4874,40.4693]]],[[[27.4636,40.5481],[27.4682,40.5497],[27.4933,40.5546],[27.5038,40.5504],[27.4829,40.548],[27.4665,40.5414],[27.4636,40.5481]]],[[[27.4773,40.6448],[27.4835,40.6488],[27.4869,40.6482],[27.4876,40.6407],[27.4856,40.6378],[27.4773,40.6448]]],[[[27.7887,40.3937],[27.7877,40.3931],[27.7879,40.394],[27.7886,40.3946],[27.7887,40.3937]]],[[[27.5691,40.4672],[27.5602,40.4685],[27.5649,40.47],[27.5691,40.4672]]],[[[27.6476,40.4876],[27.6337,40.4736],[27.6326,40.4691],[27.6388,40.4638],[27.6379,40.461],[27.6467,40.4554],[27.6603,40.4619],[27.6619,40.4648],[27.6652,40.4598],[27.6601,40.4463],[27.628,40.4582],[27.6261,40.4617],[27.6091,40.4603],[27.5764,40.4656],[27.5789,40.4716],[27.5789,40.4807],[27.5814,40.4825],[27.6008,40.4784],[27.6076,40.4807],[27.6084,40.487],[27.5991,40.5018],[27.5987,40.51],[27.6012,40.5106],[27.616,40.5084],[27.622,40.5039],[27.6219,40.5011],[27.6317,40.4951],[27.64,40.4978],[27.6482,40.4929],[27.6476,40.4876]]],[[[27.5805,40.5072],[27.5832,40.507],[27.5772,40.4963],[27.5709,40.498],[27.5704,40.5004],[27.5751,40.505],[27.5773,40.5201],[27.5815,40.5217],[27.5837,40.5169],[27.5805,40.5072]]],[[[27.5786,40.5284],[27.5865,40.5265],[27.5852,40.5243],[27.5812,40.5253],[27.5786,40.5284]]],[[[27.6795,40.6511],[27.6885,40.6526],[27.706,40.6504],[27.7145,40.6449],[27.7301,40.6406],[27.7351,40.6331],[27.7275,40.6246],[27.7138,40.6169],[27.7048,40.6178],[27.6953,40.6094],[27.6808,40.6059],[27.6742,40.607],[27.6737,40.605],[27.6616,40.6025],[27.6597,40.6011],[27.6634,40.5942],[27.6571,40.5904],[27.6353,40.5846],[27.6302,40.5807],[27.6258,40.5823],[27.6053,40.5772],[27.6013,40.5774],[27.6013,40.5797],[27.5922,40.5802],[27.5804,40.5757],[27.5733,40.5757],[27.5562,40.5848],[27.5568,40.5884],[27.5441,40.5958],[27.536,40.5971],[27.5283,40.6029],[27.5264,40.6068],[27.5333,40.6182],[27.5264,40.6315],[27.5262,40.6373],[27.5313,40.6464],[27.5416,40.6485],[27.5502,40.6537],[27.5501,40.6442],[27.5691,40.6455],[27.571,40.6507],[27.5813,40.6555],[27.5992,40.6605],[27.6091,40.6567],[27.6268,40.6649],[27.6349,40.6669],[27.6386,40.665],[27.6414,40.6595],[27.6581,40.6606],[27.6582,40.6557],[27.6672,40.657],[27.6705,40.6605],[27.6753,40.6526],[27.6795,40.6511]]],[[[27.6767,40.6656],[27.678,40.6631],[27.6766,40.6601],[27.6742,40.6613],[27.6767,40.6656]]]]}},{"type":"Feature","properties":{"plaka":11},"geometry":{"type":"Polygon","coordinates":[[[30.0713,39.8299],[30.0555,39.8199],[30.0463,39.7984],[30.0142,39.7839],[30.0065,39.7698],[30.0003,39.73],[29.9896,39.6954],[29.9931,39.6908],[30.0224,39.6748],[30.0265,39.6665],[30.0237,39.6602],[30.0193,39.6571],[30.0018,39.6538],[29.9802,39.6586],[29.9602,39.6599],[29.9518,39.6631],[29.9415,39.672],[29.9196,39.7009],[29.8747,39.7187],[29.8479,39.7202],[29.8317,39.7142],[29.8091,39.7097],[29.7811,39.7123],[29.7511,39.7199],[29.748,39.7236],[29.7435,39.7424],[29.7443,39.7611],[29.7485,39.7774],[29.7441,39.7941],[29.7415,39.7985],[29.73,39.8038],[29.7183,39.8154],[29.7092,39.8261],[29.6991,39.8444],[29.7038,39.8606],[29.7276,39.8723],[29.7336,39.8801],[29.7529,39.9108],[29.7589,39.9363],[29.7506,39.9874],[29.7583,40.0225],[29.757,40.0281],[29.749,40.0401],[29.7465,40.0558],[29.7537,40.0756],[29.7529,40.081],[29.7484,40.0847],[29.7229,40.095],[29.7148,40.1032],[29.7135,40.1125],[29.7158,40.124],[29.7106,40.1343],[29.7104,40.143],[29.7206,40.1653],[29.7304,40.1753],[29.739,40.1779],[29.7655,40.175],[29.7779,40.1821],[29.7863,40.1961],[29.7918,40.2246],[29.7975,40.233],[29.8122,40.2425],[29.8229,40.2563],[29.8248,40.2749],[29.8289,40.2865],[29.8284,40.294],[29.8331,40.3025],[29.836,40.333],[29.8342,40.3431],[29.8254,40.3528],[29.811,40.3579],[29.8069,40.3673],[29.8071,40.3728],[29.8118,40.377],[29.8446,40.3929],[29.8626,40.4093],[29.8858,40.4161],[29.8909,40.4201],[29.8947,40.4276],[29.894,40.4384],[29.8685,40.4618],[29.8653,40.4713],[29.8651,40.4823],[29.8712,40.4898],[29.9018,40.5065],[29.9382,40.52],[29.951,40.5207],[29.9685,40.517],[29.9946,40.5],[29.9939,40.4806],[29.9974,40.4637],[30.0103,40.4364],[30.0143,40.4322],[30.0295,40.429],[30.0426,40.4366],[30.0494,40.4449],[30.0639,40.4513],[30.0693,40.4514],[30.0789,40.4402],[30.0875,40.4122],[30.1012,40.4003],[30.1139,40.3759],[30.1222,40.3708],[30.1422,40.3641],[30.1543,40.356],[30.1734,40.3577],[30.1835,40.3559],[30.2115,40.3388],[30.2222,40.337],[30.2286,40.3443],[30.2294,40.3535],[30.2471,40.3622],[30.2816,40.367],[30.3082,40.3789],[30.3304,40.3844],[30.345,40.3853],[30.3619,40.3792],[30.3772,40.3787],[30.395,40.3827],[30.433,40.3963],[30.4442,40.3941],[30.4447,40.3844],[30.4476,40.3782],[30.4641,40.3683],[30.4667,40.3602],[30.4757,40.3509],[30.4797,40.3423],[30.4797,40.3203],[30.4835,40.3151],[30.4964,40.3096],[30.512,40.2985],[30.5238,40.2943],[30.5321,40.2924],[30.5599,40.2943],[30.5645,40.2816],[30.5795,40.2588],[30.6087,40.2461],[30.6105,40.241],[30.6053,40.2222],[30.6058,40.2157],[30.627,40.2076],[30.6298,40.2016],[30.6314,40.1701],[30.6529,40.1494],[30.6334,40.148],[30.6273,40.1455],[30.6186,40.1485],[30.5907,40.1455],[30.5758,40.1411],[30.5499,40.1232],[30.5379,40.1135],[30.5238,40.0836],[30.5062,40.057],[30.4949,40.0456],[30.4916,40.0319],[30.4876,40.0256],[30.4806,40.0225],[30.4692,40.0221],[30.4425,40.0119],[30.3828,40.0127],[30.3781,40.0051],[30.3748,39.9711],[30.3761,39.9639],[30.3743,39.9569],[30.3587,39.9419],[30.3496,39.9395],[30.3174,39.941],[30.3107,39.9401],[30.3064,39.9367],[30.2985,39.9244],[30.2944,39.9094],[30.2999,39.8865],[30.2986,39.8762],[30.2887,39.8592],[30.2586,39.8404],[30.2453,39.8406],[30.2317,39.8485],[30.1736,39.8563],[30.1402,39.8546],[30.123,39.8463],[30.0713,39.8299]]]}},{"type":"Feature","properties":{"plaka":12},"geometry":{"type":"Polygon","coordinates":[[[40.2771,38.5223],[40.2751,38.5238],[40.2569,38.5256],[40.2468,38.5291],[40.2377,38.5518],[40.2248,38.5688],[40.2075,38.5709],[40.1914,38.5867],[40.173,38.592],[40.1692,38.5992],[40.154,38.6121],[40.1477,38.6336],[40.1487,38.648],[40.1555,38.6633],[40.1728,38.6799],[40.1793,38.6815],[40.2013,38.6717],[40.2083,38.6728],[40.2143,38.6832],[40.2275,38.6963],[40.2444,38.7078],[40.2495,38.7197],[40.2579,38.7264],[40.2723,38.7304],[40.2803,38.7394],[40.3165,38.7537],[40.336,38.7646],[40.3388,38.773],[40.3392,38.8026],[40.3309,38.8228],[40.322,38.8313],[40.3007,38.8369],[40.2639,38.8397],[40.2513,38.8452],[40.2457,38.8702],[40.2272,38.9089],[40.2257,38.9182],[40.2292,38.9447],[40.2282,38.9675],[40.2313,38.9817],[40.2409,38.993],[40.2402,39.0133],[40.2435,39.0387],[40.256,39.0633],[40.2712,39.077],[40.2795,39.0916],[40.2966,39.1129],[40.3005,39.1226],[40.2984,39.1473],[40.2933,39.1581],[40.2842,39.1647],[40.2631,39.1663],[40.2062,39.1773],[40.1578,39.1693],[40.1411,39.1626],[40.1191,39.1587],[40.0865,39.1364],[40.0512,39.1257],[40.0267,39.1094],[40.0048,39.1008],[39.9643,39.1018],[39.953,39.0991],[39.9376,39.1073],[39.9537,39.1169],[39.9586,39.1259],[39.9574,39.1329],[39.9542,39.1365],[39.9417,39.1425],[39.9381,39.1471],[39.9382,39.1569],[39.9296,39.164],[39.9267,39.1785],[39.9337,39.202],[39.9428,39.2173],[39.9487,39.2394],[39.9483,39.2486],[39.9662,39.2655],[40.0017,39.268],[40.0247,39.2826],[40.0261,39.292],[40.0245,39.2956],[39.9979,39.3149],[39.9952,39.3235],[39.9977,39.3255],[40.0121,39.3265],[40.0196,39.3322],[40.0304,39.3282],[40.0466,39.3268],[40.0565,39.3179],[40.0788,39.3159],[40.0875,39.3106],[40.12225,39.3002],[40.1155,39.3033],[40.1279,39.3271],[40.1468,39.3358],[40.1686,39.3396],[40.1941,39.3398],[40.2107,39.3514],[40.2164,39.3614],[40.2248,39.3657],[40.2429,39.3679],[40.2899,39.3632],[40.2962,39.3685],[40.2992,39.3799],[40.3084,39.3906],[40.3176,39.4095],[40.3,39.432],[40.2947,39.4445],[40.278,39.4582],[40.2741,39.4677],[40.2733,39.4788],[40.2844,39.4898],[40.2882,39.4971],[40.306,39.5053],[40.3321,39.5136],[40.3957,39.5122],[40.4103,39.5187],[40.4218,39.5297],[40.4305,39.5219],[40.4493,39.5135],[40.482,39.5162],[40.51,39.5154],[40.5334,39.53],[40.5469,39.5329],[40.5806,39.53],[40.6109,39.5222],[40.6028,39.5088],[40.5987,39.493],[40.5985,39.4665],[40.596,39.4595],[40.5858,39.4458],[40.589,39.4393],[40.6174,39.4273],[40.6308,39.4135],[40.6579,39.4168],[40.7117,39.4086],[40.70984,39.40696],[40.7267,39.4122],[40.7781,39.4109],[40.8047,39.4145],[40.8142,39.4184],[40.848,39.4429],[40.8622,39.4474],[40.9156,39.4412],[40.9537,39.4508],[41.0338,39.4371],[41.0556,39.4394],[41.0871,39.4329],[41.1284,39.4331],[41.1431,39.4263],[41.1513,39.406],[41.1669,39.3941],[41.1726,39.3806],[41.1609,39.3738],[41.1547,39.367],[41.1476,39.3275],[41.1504,39.3148],[41.1505,39.2882],[41.1701,39.26],[41.1764,39.24],[41.1765,39.2067],[41.1728,39.192],[41.1728,39.1813],[41.1819,39.1675],[41.1978,39.1585],[41.2127,39.1448],[41.2396,39.1037],[41.2613,39.0914],[41.2836,39.0704],[41.287,39.0583],[41.2814,39.0464],[41.2731,39.0392],[41.2542,39.0333],[41.2298,39.0296],[41.215,39.0236],[41.2111,39.0199],[41.1869,39.0025],[41.1797,38.9901],[41.1732,38.967],[41.1444,38.9476],[41.1389,38.9419],[41.1337,38.9292],[41.1174,38.9157],[41.113,38.9054],[41.1115,38.8914],[41.1142,38.8766],[41.1329,38.8223],[41.1332,38.7883],[41.1234,38.7609],[41.1348,38.7536],[41.1554,38.7482],[41.1554,38.7137],[41.1587,38.6972],[41.1298,38.7072],[41.1043,38.7108],[41.0564,38.6942],[41.0424,38.683],[41.0297,38.6827],[41.0145,38.6752],[40.9882,38.6752],[40.9642,38.6731],[40.9236,38.6542],[40.909,38.636],[40.897,38.6252],[40.8637,38.623],[40.853,38.6134],[40.8459,38.5951],[40.824,38.5726],[40.8126,38.5661],[40.8037,38.5664],[40.7819,38.5765],[40.7674,38.588],[40.7562,38.6107],[40.7512,38.6154],[40.7456,38.6149],[40.7206,38.6005],[40.7049,38.6076],[40.6896,38.6014],[40.6773,38.6122],[40.6667,38.6264],[40.6546,38.6331],[40.6425,38.6298],[40.6376,38.6216],[40.6376,38.615],[40.6435,38.6055],[40.6442,38.5974],[40.6376,38.591],[40.623,38.5858],[40.5901,38.5908],[40.5326,38.5938],[40.5195,38.5994],[40.4859,38.6223],[40.4645,38.633],[40.4413,38.6341],[40.4358,38.6301],[40.435,38.6263],[40.4403,38.6126],[40.4412,38.6022],[40.4367,38.5799],[40.4315,38.5704],[40.4102,38.5656],[40.3882,38.5574],[40.3618,38.5443],[40.352,38.5346],[40.3477,38.5246],[40.3483,38.518],[40.3586,38.4945],[40.3543,38.4892],[40.3248,38.4869],[40.3051,38.4893],[40.2981,38.4973],[40.2747,38.5038],[40.2728,38.5064],[40.2771,38.5223]]]}},{"type":"Feature","properties":{"plaka":13},"geometry":{"type":"Polygon","coordinates":[[[42.6908,38.2556],[42.7034,38.2555],[42.7206,38.2336],[42.7364,38.2236],[42.7398,38.2161],[42.7332,38.2015],[42.7312,38.1886],[42.7042,38.1821],[42.6882,38.1526],[42.672,38.1426],[42.6654,38.123],[42.6645,38.1081],[42.6906,38.0863],[42.6777,38.053],[42.6736,38.0365],[42.6587,38.0242],[42.6548,38.0144],[42.6542,37.9997],[42.6409,37.9858],[42.6324,37.9791],[42.622,37.9758],[42.6017,37.9759],[42.5619,37.9683],[42.5298,37.9722],[42.502,37.9806],[42.485,37.9952],[42.4839,38.0005],[42.4873,38.015],[42.4841,38.0254],[42.471,38.0308],[42.4513,38.0337],[42.4396,38.038],[42.4232,38.0511],[42.4148,38.0611],[42.3881,38.0754],[42.3607,38.1042],[42.3077,38.1157],[42.2824,38.1358],[42.2675,38.1647],[42.2472,38.1715],[42.2429,38.1773],[42.24,38.1879],[42.2403,38.2063],[42.2309,38.2248],[42.2169,38.2332],[42.2028,38.2367],[42.1778,38.2382],[42.1398,38.2356],[42.1276,38.233],[42.1107,38.225],[42.1002,38.2039],[42.0823,38.1859],[42.064,38.1807],[42.049,38.1836],[42.0294,38.183],[42.0008,38.172],[41.9748,38.1548],[41.9687,38.1546],[41.9604,38.1557],[41.9536,38.1602],[41.9487,38.1659],[41.9439,38.1807],[41.9322,38.1897],[41.9128,38.1892],[41.9002,38.1844],[41.8904,38.1871],[41.8768,38.1949],[41.8503,38.1957],[41.8252,38.206],[41.8204,38.2105],[41.8128,38.226],[41.8028,38.2273],[41.7742,38.2299],[41.7477,38.2356],[41.7149,38.2379],[41.6718,38.2582],[41.6612,38.2611],[41.6613,38.2679],[41.6453,38.2982],[41.6376,38.3421],[41.635,38.3936],[41.6405,38.4046],[41.6431,38.4201],[41.6433,38.4634],[41.6313,38.4996],[41.6256,38.5042],[41.5925,38.5072],[41.5583,38.5187],[41.5084,38.5552],[41.5269,38.5726],[41.555,38.5869],[41.584,38.5936],[41.6927,38.6088],[41.7239,38.6089],[41.8171,38.6002],[41.8759,38.5841],[41.895,38.5818],[41.9214,38.5808],[41.9405,38.5865],[41.9429,38.5996],[41.9411,38.6217],[41.9662,38.6386],[42.0135,38.6606],[42.0228,38.6847],[42.0272,38.6901],[42.0579,38.7043],[42.0816,38.7232],[42.1123,38.7415],[42.1181,38.748],[42.1347,38.7217],[42.1144,38.7542],[42.0872,38.766],[42.082,38.7725],[42.0816,38.7766],[42.0839,38.781],[42.0989,38.7897],[42.1075,38.801],[42.1163,38.8066],[42.1676,38.8176],[42.1703,38.8258],[42.1644,38.8437],[42.166,38.849],[42.173,38.8574],[42.1904,38.8706],[42.2066,38.8963],[42.2177,38.8984],[42.2461,38.8951],[42.2781,38.8983],[42.3927,38.9414],[42.4053,38.9512],[42.425,38.9567],[42.4883,38.9413],[42.5298,38.9436],[42.5425,38.941],[42.5459,38.9381],[42.5571,38.9226],[42.5687,38.8903],[42.5771,38.8852],[42.5885,38.8879],[42.5977,38.9015],[42.597,38.9232],[42.6037,38.9304],[42.6156,38.9345],[42.6694,38.9364],[42.6949,38.9443],[42.7338,38.9656],[42.8026,38.9807],[42.8207,38.9764],[42.8421,38.9595],[42.8574,38.9566],[42.8949,38.9551],[42.9168,38.9433],[42.9328,38.9423],[42.9417,38.9471],[42.9464,38.9686],[42.9548,38.9857],[42.9556,39.0191],[42.9588,39.0243],[42.9677,39.0258],[43.0101,39.0228],[43.0274,39.0115],[43.0461,38.9898],[43.0591,38.9595],[43.0633,38.937],[43.0691,38.9254],[43.081,38.9166],[43.0908,38.9139],[43.1267,38.9139],[43.1491,38.9183],[43.1921,38.9192],[43.2172,38.9148],[43.2307,38.9085],[43.2423,38.8968],[43.2459,38.8852],[43.2432,38.8646],[43.2343,38.8439],[43.2074,38.8153],[43.167,38.7839],[43.124,38.7516],[43.0639,38.7131],[43.0075,38.6844],[42.9111,38.6472],[42.847,38.6225],[42.786,38.5938],[42.7618,38.5526],[42.7573,38.5158],[42.7591,38.4603],[42.7684,38.4237],[42.777,38.4107],[42.7774,38.3945],[42.7652,38.3792],[42.7508,38.3432],[42.7182,38.3302],[42.6825,38.3109],[42.6751,38.2877],[42.6877,38.2577],[42.6908,38.2556]]]}},{"type":"Feature","properties":{"plaka":14},"geometry":{"type":"Polygon","coordinates":[[[30.576,40.3457],[30.5677,40.3517],[30.5598,40.3702],[30.5608,40.3765],[30.5689,40.3869],[30.5693,40.4179],[30.5832,40.4363],[30.5921,40.4753],[30.6246,40.5028],[30.6312,40.5051],[30.6798,40.4986],[30.7326,40.4968],[30.765,40.4997],[30.7749,40.504],[30.7966,40.5075],[30.8315,40.501],[30.8531,40.5047],[30.8681,40.5202],[30.8743,40.5223],[30.8771,40.5257],[30.8762,40.53],[30.8825,40.537],[30.872,40.543],[30.874,40.5674],[30.8862,40.5731],[30.8741,40.5853],[30.8732,40.5961],[30.8803,40.6102],[30.8965,40.6277],[30.8969,40.642],[30.9005,40.6464],[30.9108,40.6493],[30.9168,40.6397],[30.9108,40.6495],[30.9193,40.6595],[30.9253,40.6735],[30.9339,40.6806],[30.9346,40.6907],[30.9402,40.7053],[30.936,40.7212],[30.9265,40.7268],[30.8937,40.719],[30.8827,40.7408],[30.8781,40.7439],[30.844,40.7397],[30.8366,40.7437],[30.8314,40.7513],[30.8295,40.7605],[30.8442,40.7691],[30.8478,40.7743],[30.8473,40.7786],[30.8402,40.7892],[30.8412,40.7941],[30.8695,40.8184],[30.8966,40.8202],[30.9097,40.8276],[30.9074,40.8358],[30.902,40.8391],[30.8922,40.8344],[30.8782,40.8336],[30.872,40.8357],[30.8691,40.8399],[30.8709,40.8493],[30.8815,40.8625],[30.8774,40.8702],[30.8725,40.8731],[30.8478,40.8709],[30.8336,40.8755],[30.8188,40.8738],[30.8123,40.8792],[30.8154,40.8953],[30.8238,40.9095],[30.8625,40.9169],[30.8728,40.923],[30.8831,40.9332],[30.8988,40.9393],[30.9399,40.9709],[30.94021,40.9703],[30.9421,40.9747],[30.9567,40.9802],[30.9644,40.9865],[30.963,40.9933],[30.9553,40.995],[30.9513,41.0023],[30.961,41.0046],[30.9759,41.0133],[30.9834,41.0213],[30.9841,41.0274],[31.0031,41.0328],[31.0107,41.0444],[31.0099,41.0477],[31.0058,41.0494],[30.9934,41.0436],[30.9821,41.0457],[30.9806,41.0475],[30.9834,41.0498],[30.9832,41.0537],[30.978,41.0612],[30.9646,41.066],[30.9557,41.0652],[30.9658,41.0744],[31.0006,41.0717],[31.0005,41.0772],[31.0165,41.0777],[31.0298,41.0818],[31.0491,41.0796],[31.0582,41.0822],[31.0679,41.0816],[31.1111,41.0934],[31.1273,41.0944],[31.1269,41.0968],[31.1304,41.0945],[31.1815,41.099],[31.1961,41.1022],[31.2156,41.1022],[31.2395,41.1086],[31.2486,41.1081],[31.2638,41.1136],[31.2779,41.1149],[31.2889,41.0977],[31.2971,41.0922],[31.3053,41.09],[31.3368,41.0908],[31.3511,41.0885],[31.3725,41.0712],[31.3809,41.0668],[31.3993,41.0628],[31.4269,41.0602],[31.4439,41.0537],[31.4572,41.0449],[31.4674,41.0292],[31.4819,41.0199],[31.4947,41.0199],[31.5099,41.0299],[31.5204,41.0317],[31.5586,41.035],[31.6289,41.0363],[31.7123,41.0317],[31.7693,41.0192],[31.7777,41.0151],[31.8167,41.0097],[31.8231,41.0066],[31.8447,41.008],[31.8484,41.0058],[31.8574,41.0062],[31.8589,41.0042],[31.8747,41.0045],[31.9261,41.0155],[31.9438,41.0231],[31.998,41.032],[32.0106,41.0271],[32.0455,41.0218],[32.0632,41.014],[32.0891,41.0096],[32.1348,41.009],[32.1536,41.0162],[32.1956,41.0125],[32.2229,41.0211],[32.2401,41.0317],[32.269,41.0332],[32.2818,41.0304],[32.3012,41.0117],[32.3237,40.984],[32.3298,40.9605],[32.3406,40.9583],[32.3621,40.9637],[32.3661,40.9554],[32.3652,40.9485],[32.3533,40.9255],[32.3509,40.9055],[32.3424,40.8907],[32.3394,40.8788],[32.3475,40.8705],[32.3608,40.8665],[32.3699,40.8608],[32.3771,40.8603],[32.4369,40.8659],[32.4823,40.8858],[32.5128,40.8857],[32.519,40.8797],[32.5305,40.8529],[32.5404,40.8417],[32.5626,40.8241],[32.5684,40.8158],[32.5699,40.7678],[32.5656,40.757],[32.5671,40.7527],[32.5716,40.751],[32.5659,40.7418],[32.5412,40.7306],[32.5321,40.7236],[32.5245,40.7099],[32.5143,40.6993],[32.4854,40.6802],[32.4595,40.6745],[32.4515,40.6698],[32.4314,40.6501],[32.4275,40.6439],[32.4279,40.6381],[32.4403,40.6114],[32.4374,40.5824],[32.4275,40.5694],[32.4136,40.563],[32.3904,40.5578],[32.3674,40.5636],[32.3342,40.5837],[32.3014,40.5775],[32.2795,40.5689],[32.2446,40.5601],[32.2312,40.5596],[32.2066,40.5517],[32.1941,40.5436],[32.185,40.5243],[32.1754,40.5137],[32.1495,40.5031],[32.1301,40.4946],[32.1224,40.4888],[32.1186,40.4695],[32.1136,40.4599],[32.1139,40.4486],[32.1028,40.4335],[32.0907,40.4266],[32.0466,40.4203],[32.0314,40.4111],[32.0088,40.3881],[32.0052,40.3782],[31.985,40.3718],[31.9503,40.3552],[31.9271,40.3497],[31.907,40.3398],[31.8782,40.3211],[31.8521,40.3119],[31.8236,40.3195],[31.7947,40.3202],[31.7614,40.3328],[31.7524,40.3335],[31.746,40.3304],[31.7228,40.315],[31.6954,40.31],[31.6596,40.301],[31.6404,40.2895],[31.592,40.2689],[31.5773,40.2666],[31.5625,40.2696],[31.544,40.2748],[31.5054,40.2931],[31.4684,40.3187],[31.4525,40.3268],[31.4493,40.3291],[31.4376,40.3552],[31.4294,40.3646],[31.4147,40.3704],[31.389,40.3717],[31.3755,40.3715],[31.3561,40.3647],[31.327,40.3643],[31.3174,40.36],[31.2644,40.3483],[31.2481,40.3379],[31.238,40.3349],[31.2174,40.3371],[31.1962,40.346],[31.1747,40.3499],[31.1504,40.3503],[31.1405,40.3539],[31.132,40.3607],[31.1196,40.3625],[31.0959,40.3577],[31.0762,40.3436],[31.0696,40.334],[31.053,40.2875],[31.0508,40.2587],[31.0526,40.2515],[31.06,40.2438],[31.0604,40.2329],[31.0529,40.2224],[31.0436,40.2178],[31.0111,40.2148],[30.9931,40.2141],[30.9678,40.2183],[30.9572,40.2174],[30.9489,40.2138],[30.9426,40.2036],[30.9201,40.1871],[30.8896,40.1778],[30.8714,40.1755],[30.8528,40.1641],[30.8344,40.1484],[30.8255,40.1448],[30.8025,40.1455],[30.7825,40.1523],[30.7492,40.155],[30.7401,40.1531],[30.7276,40.1545],[30.6913,40.1469],[30.6643,40.1527],[30.6571,40.1525],[30.6529,40.1494],[30.6314,40.1701],[30.6298,40.2016],[30.627,40.2076],[30.6058,40.2157],[30.6053,40.2222],[30.6105,40.241],[30.6087,40.2461],[30.5795,40.2588],[30.5645,40.2816],[30.5605,40.2912],[30.5607,40.3006],[30.5747,40.3199],[30.5763,40.3401],[30.576,40.3457]]]}},{"type":"Feature","properties":{"plaka":15},"geometry":{"type":"Polygon","coordinates":[[[29.5903,36.9902],[29.5888,36.984],[29.5852,36.9805],[29.5858,36.9707],[29.5585,36.9579],[29.5534,36.9488],[29.5393,36.942],[29.534,36.9262],[29.528,36.9215],[29.5255,36.9139],[29.507,36.9002],[29.5034,36.8763],[29.4799,36.8535],[29.4689,36.8471],[29.4541,36.849],[29.4443,36.842],[29.4267,36.8392],[29.4161,36.8434],[29.4152,36.8538],[29.3997,36.8583],[29.3954,36.8656],[29.3896,36.8695],[29.3893,36.8776],[29.3797,36.8824],[29.3582,36.8781],[29.3482,36.8781],[29.3417,36.8806],[29.3349,36.8874],[29.328,36.8889],[29.329,36.8917],[29.3571,36.9466],[29.3722,36.9577],[29.3793,36.9667],[29.3803,36.974],[29.3789,36.9863],[29.3693,37.0014],[29.354,37.0028],[29.3485,37.0066],[29.3497,37.0318],[29.3543,37.0369],[29.3824,37.0517],[29.4218,37.054],[29.4361,37.0589],[29.4398,37.0666],[29.4339,37.0762],[29.433,37.0952],[29.4439,37.1237],[29.4569,37.1358],[29.4614,37.1446],[29.4618,37.1632],[29.4656,37.1812],[29.4781,37.2118],[29.4792,37.2355],[29.4957,37.2623],[29.5175,37.2806],[29.5431,37.2931],[29.5801,37.32],[29.5904,37.3311],[29.5931,37.34],[29.6346,37.3652],[29.6395,37.3722],[29.6407,37.3853],[29.6305,37.4021],[29.6161,37.409],[29.6127,37.4193],[29.5907,37.4268],[29.5719,37.4295],[29.5553,37.4385],[29.5499,37.4455],[29.5419,37.4693],[29.5376,37.4759],[29.5384,37.5146],[29.5449,37.5211],[29.546,37.5365],[29.5422,37.54],[29.5281,37.5441],[29.5171,37.5566],[29.5176,37.5748],[29.5274,37.5909],[29.5535,37.6049],[29.5693,37.6172],[29.5972,37.6287],[29.6297,37.6283],[29.6415,37.6264],[29.6495,37.6196],[29.6628,37.6152],[29.6764,37.6139],[29.6866,37.6159],[29.6975,37.632],[29.6982,37.6383],[29.6937,37.6557],[29.6706,37.6651],[29.6707,37.6738],[29.6772,37.6808],[29.7106,37.6995],[29.7272,37.7046],[29.751,37.7066],[29.8097,37.7022],[29.8305,37.7082],[29.8669,37.7333],[29.8711,37.7439],[29.8802,37.7556],[29.9019,37.7721],[29.9053,37.7724],[29.9169,37.7883],[29.964,37.7968],[30.011,37.8016],[30.0285,37.7912],[30.0596,37.7902],[30.0726,37.7934],[30.1108,37.8133],[30.124,37.8003],[30.1416,37.7889],[30.1634,37.7898],[30.1858,37.7792],[30.2176,37.7748],[30.2284,37.7759],[30.2413,37.7817],[30.2767,37.7879],[30.2994,37.795],[30.3778,37.8321],[30.3856,37.8316],[30.4069,37.816],[30.4253,37.7964],[30.4297,37.7883],[30.4303,37.7682],[30.4351,37.7453],[30.4443,37.7283],[30.4793,37.7121],[30.4875,37.7056],[30.5052,37.7045],[30.518,37.7005],[30.5379,37.6956],[30.5497,37.689],[30.5626,37.6866],[30.5738,37.689],[30.5867,37.6864],[30.5929,37.6832],[30.6018,37.6669],[30.6099,37.6619],[30.6721,37.6611],[30.7016,37.6515],[30.7248,37.6614],[30.7273,37.6562],[30.724,37.6471],[30.7362,37.6307],[30.7435,37.6143],[30.7415,37.5988],[30.7521,37.5881],[30.7542,37.5723],[30.7602,37.5552],[30.7821,37.5345],[30.7839,37.5174],[30.7977,37.507],[30.8072,37.4913],[30.8254,37.4796],[30.8335,37.465],[30.8408,37.4581],[30.8474,37.433],[30.846,37.4092],[30.848,37.4023],[30.8669,37.3963],[30.8815,37.3977],[30.8888,37.3924],[30.9055,37.3874],[30.9099,37.384],[30.9289,37.3802],[30.9393,37.3721],[30.9449,37.3605],[30.9463,37.3519],[30.9172,37.3392],[30.9085,37.3329],[30.9058,37.3241],[30.9079,37.3085],[30.8943,37.2978],[30.8936,37.2934],[30.8829,37.2874],[30.8847,37.283],[30.8816,37.2732],[30.872,37.2718],[30.8595,37.2565],[30.8256,37.25],[30.8051,37.2373],[30.7904,37.2392],[30.7705,37.2317],[30.7621,37.2313],[30.7514,37.233],[30.743,37.2433],[30.716,37.2394],[30.6832,37.244],[30.6268,37.2461],[30.5737,37.2408],[30.5526,37.2361],[30.4903,37.241],[30.4556,37.2576],[30.4362,37.2618],[30.4086,37.2807],[30.383,37.2906],[30.3708,37.2924],[30.3644,37.3017],[30.3556,37.3058],[30.3347,37.3121],[30.3145,37.3095],[30.2808,37.314],[30.2567,37.3262],[30.2354,37.346],[30.2248,37.3469],[30.2128,37.3456],[30.1959,37.3385],[30.1807,37.3252],[30.15,37.3122],[30.1419,37.2983],[30.1231,37.2914],[30.0707,37.2893],[30.0421,37.2843],[30.0263,37.2673],[30.0095,37.2409],[30.0071,37.2361],[29.9957,37.2257],[29.9907,37.2161],[29.9794,37.2073],[29.945,37.1973],[29.9223,37.1834],[29.9039,37.1759],[29.8875,37.1622],[29.8719,37.1555],[29.8451,37.1325],[29.8329,37.1169],[29.8401,37.1066],[29.8629,37.0917],[29.8724,37.0743],[29.8718,37.0598],[29.8641,37.0497],[29.8637,37.0355],[29.8603,37.0283],[29.8382,37.0153],[29.8008,37.0003],[29.7949,36.9925],[29.7844,36.9866],[29.7643,36.9821],[29.734,36.9624],[29.7227,36.9737],[29.7017,36.9873],[29.6858,36.9853],[29.6692,36.9898],[29.6374,36.9898],[29.6271,36.9932],[29.6138,36.9922],[29.6033,36.9975],[29.5943,36.9907],[29.5903,36.9902]]]}},{"type":"Feature","properties":{"plaka":16},"geometry":{"type":"MultiPolygon","coordinates":[[[[28.8675,39.6189],[28.8295,39.618],[28.7929,39.6319],[28.769,39.6489],[28.7635,39.6608],[28.7584,39.6841],[28.75,39.693],[28.7378,39.6963],[28.7306,39.7014],[28.7262,39.7224],[28.7303,39.7679],[28.7227,39.7757],[28.7117,39.7797],[28.7092,39.7822],[28.7102,39.7808],[28.6864,39.7753],[28.6768,39.7686],[28.66,39.7494],[28.6351,39.735],[28.6166,39.7347],[28.6042,39.7373],[28.5888,39.7443],[28.5256,39.7546],[28.5107,39.7615],[28.5015,39.7711],[28.4853,39.7806],[28.4598,39.8051],[28.4541,39.8173],[28.4512,39.8422],[28.4492,39.8472],[28.4398,39.8549],[28.43,39.8586],[28.4085,39.8605],[28.3834,39.8588],[28.3495,39.8678],[28.3237,39.8787],[28.3045,39.8912],[28.2909,39.8935],[28.2804,39.9006],[28.2652,39.9161],[28.2675,39.9576],[28.2129,39.9927],[28.1946,40.0078],[28.1922,40.0166],[28.1943,40.0233],[28.1918,40.0272],[28.2011,40.0334],[28.1908,40.0395],[28.1879,40.0479],[28.1989,40.055],[28.2059,40.064],[28.176,40.0911],[28.1529,40.117],[28.1311,40.2002],[28.115,40.2245],[28.1,40.2363],[28.0955,40.2546],[28.0959,40.2616],[28.1009,40.2664],[28.1076,40.2667],[28.1647,40.2604],[28.1715,40.2622],[28.1758,40.2717],[28.1778,40.311],[28.1922,40.3363],[28.1836,40.3892],[28.1805,40.3972],[28.2207,40.3978],[28.2366,40.4011],[28.2579,40.4014],[28.2845,40.3981],[28.286,40.4006],[28.2854,40.398],[28.2894,40.3975],[28.29,40.4],[28.2859,40.4017],[28.2903,40.4002],[28.2899,40.3977],[28.2966,40.3959],[28.3226,40.3981],[28.3356,40.4016],[28.3651,40.398],[28.3682,40.4006],[28.3684,40.3982],[28.3715,40.3988],[28.37109,40.40038],[28.3828,40.3964],[28.4125,40.3937],[28.5108,40.3956],[28.5763,40.3748],[28.6162,40.3666],[28.6342,40.3658],[28.6374,40.363],[28.6651,40.3615],[28.6779,40.3668],[28.6769,40.3713],[28.674,40.3727],[28.6752,40.3748],[28.7224,40.3778],[28.7257,40.3791],[28.7273,40.3831],[28.7343,40.3821],[28.7389,40.3859],[28.7703,40.3941],[28.7964,40.3943],[28.8039,40.3909],[28.8149,40.3909],[28.8294,40.3838],[28.8421,40.3816],[28.8529,40.3812],[28.8658,40.3854],[28.8773,40.3825],[28.8933,40.3713],[28.9021,40.369],[28.9262,40.3558],[28.9454,40.3561],[28.9534,40.3593],[28.9776,40.3558],[28.9963,40.3586],[29.0263,40.3621],[29.032,40.3653],[29.0523,40.3625],[29.0633,40.3682],[29.0696,40.3793],[29.0696,40.3856],[29.067,40.3899],[29.0752,40.3997],[29.0787,40.4079],[29.0829,40.4092],[29.0893,40.4159],[29.086,40.4173],[29.0893,40.416],[29.0958,40.4193],[29.1067,40.4153],[29.1179,40.4189],[29.1166,40.4178],[29.1217,40.4175],[29.1356,40.4232],[29.1513,40.4223],[29.1555,40.4247],[29.1532,40.4322],[29.1513,40.4319],[29.1532,40.4323],[29.1512,40.4367],[29.1323,40.4452],[29.1211,40.4554],[29.1148,40.4567],[29.0928,40.4738],[29.0833,40.4774],[29.0256,40.4792],[29.0168,40.4704],[29.0033,40.4702],[28.9898,40.4662],[28.9752,40.4551],[28.9707,40.4601],[28.9657,40.4617],[28.9356,40.4626],[28.9171,40.4676],[28.9139,40.4717],[28.8988,40.4724],[28.899,40.4755],[28.8835,40.4802],[28.8543,40.5062],[28.8496,40.5055],[28.8397,40.5093],[28.8245,40.509],[28.8199,40.5121],[28.7971,40.514],[28.7916,40.5175],[28.7808,40.5181],[28.7804,40.5345],[28.7884,40.5402],[28.7926,40.551],[28.8097,40.5591],[28.8158,40.5643],[28.8352,40.5663],[28.8506,40.5727],[28.8896,40.5824],[28.9059,40.5917],[28.9174,40.5815],[28.9468,40.5741],[28.9502,40.568],[28.9508,40.5574],[28.9587,40.5546],[28.9683,40.558],[28.9836,40.5523],[29.0096,40.5489],[29.00934,40.54794],[29.0117,40.5535],[29.0168,40.5588],[29.0413,40.5654],[29.0526,40.5657],[29.0766,40.5604],[29.1074,40.5627],[29.1617,40.5439],[29.1851,40.5274],[29.197,40.525],[29.2448,40.5282],[29.2783,40.5378],[29.3113,40.5508],[29.3288,40.554],[29.3468,40.5615],[29.3697,40.5652],[29.3982,40.5506],[29.4238,40.5439],[29.4484,40.5561],[29.4791,40.5561],[29.4834,40.5477],[29.4949,40.5435],[29.4981,40.5301],[29.5067,40.5279],[29.5299,40.5355],[29.5631,40.5395],[29.5945,40.5399],[29.6309,40.5504],[29.6788,40.5842],[29.6841,40.6044],[29.6986,40.6134],[29.7098,40.6164],[29.7235,40.6111],[29.7489,40.6083],[29.7937,40.5915],[29.8409,40.5976],[29.8519,40.597],[29.8658,40.5892],[29.8914,40.5816],[29.9121,40.5687],[29.9154,40.5638],[29.9176,40.5337],[29.9216,40.5282],[29.9382,40.52],[29.9018,40.5065],[29.8712,40.4898],[29.8651,40.4823],[29.8653,40.4713],[29.8685,40.4618],[29.894,40.4384],[29.8947,40.4276],[29.8909,40.4201],[29.8858,40.4161],[29.8626,40.4093],[29.8446,40.3929],[29.8076,40.3737],[29.8069,40.3673],[29.811,40.3579],[29.8254,40.3528],[29.8342,40.3431],[29.836,40.333],[29.8335,40.3038],[29.8284,40.294],[29.8289,40.2865],[29.8248,40.2749],[29.8229,40.2563],[29.8122,40.2425],[29.7975,40.233],[29.7918,40.2246],[29.7863,40.1961],[29.7827,40.1888],[29.7752,40.1793],[29.7655,40.175],[29.739,40.1779],[29.7304,40.1753],[29.7181,40.1609],[29.7099,40.1391],[29.7158,40.124],[29.7135,40.1125],[29.7169,40.1],[29.727,40.0928],[29.7484,40.0847],[29.7536,40.0784],[29.7464,40.0516],[29.749,40.0401],[29.757,40.0281],[29.7583,40.0225],[29.7506,39.9874],[29.759,39.9369],[29.7529,39.9108],[29.7336,39.8801],[29.7276,39.8723],[29.7045,39.8612],[29.6367,39.8743],[29.6086,39.8755],[29.5903,39.8681],[29.5724,39.864],[29.5386,39.8702],[29.4609,39.8682],[29.4541,39.8649],[29.4323,39.8313],[29.4171,39.8173],[29.3912,39.8048],[29.3061,39.7336],[29.2827,39.7157],[29.2696,39.7098],[29.2572,39.7006],[29.2383,39.6642],[29.2274,39.6511],[29.2178,39.6205],[29.2133,39.6133],[29.2045,39.6038],[29.1743,39.5823],[29.139,39.5835],[29.0948,39.5953],[28.9854,39.6096],[28.9571,39.6215],[28.9406,39.6241],[28.94354,39.62545],[28.9174,39.6247],[28.8675,39.6189]]],[[[28.53475,40.51402],[28.5356,40.5143],[28.5365,40.5145],[28.5369,40.5145],[28.536,40.5141],[28.53475,40.51402]]],[[[28.5207,40.5129],[28.5146,40.5215],[28.5223,40.5332],[28.5264,40.5514],[28.52,40.5654],[28.5407,40.5673],[28.549,40.5654],[28.5514,40.5642],[28.5505,40.5621],[28.5353,40.5509],[28.53614,40.54826],[28.5378,40.5441],[28.53698,40.54558],[28.5423,40.5288],[28.5422,40.5208],[28.5369,40.5146],[28.5207,40.5129]]]]}},{"type":"Feature","properties":{"plaka":17},"geometry":{"type":"MultiPolygon","coordinates":[[[[26.0799,39.5116],[26.0788,39.5219],[26.0851,39.53],[26.0915,39.5457],[26.0932,39.5595],[26.0997,39.5721],[26.1038,39.5888],[26.1282,39.6001],[26.146,39.6189],[26.1553,39.6416],[26.1589,39.657],[26.1598,39.6875],[26.1536,39.7066],[26.152,39.724],[26.1472,39.7328],[26.1469,39.7401],[26.1409,39.7485],[26.1397,39.7583],[26.1542,39.7778],[26.153,39.7876],[26.1565,39.8147],[26.1547,39.8277],[26.1415,39.8357],[26.1379,39.8412],[26.1442,39.8573],[26.1435,39.8666],[26.1516,39.8743],[26.1562,39.8867],[26.1569,39.8997],[26.1498,39.9075],[26.1478,39.914],[26.1558,39.9258],[26.1606,39.9492],[26.1645,39.9653],[26.1769,39.99],[26.1887,40.0025],[26.201,40.0112],[26.2116,40.0117],[26.2228,40.0064],[26.2321,40.006],[26.2322,40.0019],[26.2512,40.0006],[26.2654,40.0041],[26.2713,40.0027],[26.2816,40.0073],[26.2928,40.0083],[26.3033,40.0164],[26.3196,40.0186],[26.3289,40.0248],[26.3417,40.045],[26.3487,40.0491],[26.3561,40.0642],[26.3607,40.0789],[26.3656,40.0854],[26.3621,40.0915],[26.367,40.1036],[26.375,40.1079],[26.397,40.1073],[26.407,40.1196],[26.4083,40.1288],[26.3973,40.1451],[26.4017,40.1504],[26.4002,40.1509],[26.4052,40.1542],[26.4044,40.152],[26.4065,40.1526],[26.4093,40.1559],[26.4033,40.163],[26.4047,40.1673],[26.4019,40.1751],[26.4091,40.1972],[26.4044,40.1991],[26.4131,40.2019],[26.439,40.1971],[26.4492,40.1982],[26.4568,40.2018],[26.4692,40.1997],[26.4755,40.2046],[26.4844,40.2019],[26.4982,40.2123],[26.5231,40.2214],[26.5299,40.2289],[26.534,40.2326],[26.5453,40.236],[26.5423,40.2432],[26.5493,40.254],[26.5582,40.2571],[26.5596,40.2599],[26.5562,40.2618],[26.5605,40.2654],[26.5724,40.271],[26.5837,40.273],[26.5792,40.2761],[26.567,40.2756],[26.57,40.2797],[26.5852,40.2847],[26.6076,40.2851],[26.6172,40.2958],[26.6259,40.2983],[26.6275,40.3033],[26.6369,40.3105],[26.6392,40.3194],[26.6583,40.3316],[26.6628,40.3379],[26.6922,40.3531],[26.6893,40.3652],[26.691,40.3691],[26.7029,40.3738],[26.7133,40.3823],[26.7215,40.3832],[26.7388,40.3943],[26.7396,40.3969],[26.7332,40.3946],[26.7378,40.4005],[26.7507,40.4054],[26.7824,40.4081],[26.8099,40.4051],[26.8218,40.3992],[26.8364,40.4035],[26.8526,40.4038],[26.8625,40.4004],[26.8727,40.4015],[26.8849,40.3977],[26.8955,40.4018],[26.9006,40.4088],[26.9129,40.4102],[26.9249,40.4052],[26.9343,40.396],[26.9593,40.3851],[26.9752,40.3911],[26.9931,40.3876],[26.9985,40.3911],[27.0064,40.3899],[27.016,40.3926],[27.0367,40.3971],[27.0568,40.413],[27.062,40.4239],[27.06,40.4296],[27.0728,40.4319],[27.0885,40.4428],[27.121,40.4501],[27.1493,40.4521],[27.1878,40.4353],[27.1994,40.4362],[27.2106,40.4447],[27.2614,40.4637],[27.2739,40.4746],[27.2835,40.4756],[27.2923,40.4615],[27.3112,40.4476],[27.3257,40.412],[27.3119,40.406],[27.3093,40.4012],[27.3078,40.4035],[27.3046,40.401],[27.3087,40.3893],[27.3206,40.3751],[27.4048,40.3351],[27.4666,40.314],[27.5086,40.3066],[27.5054,40.2954],[27.5116,40.2869],[27.5102,40.2793],[27.5059,40.2734],[27.5044,40.2541],[27.4971,40.2433],[27.4727,40.2296],[27.458,40.2159],[27.4315,40.1972],[27.4264,40.1909],[27.4218,40.1783],[27.3974,40.157],[27.3928,40.1442],[27.3933,40.1269],[27.4073,40.1102],[27.4185,40.1007],[27.426,40.086],[27.4418,40.0664],[27.4489,40.0534],[27.452,40.0353],[27.4464,40.0229],[27.4435,40.0074],[27.4444,39.9902],[27.4535,39.9834],[27.4905,39.9749],[27.5129,39.9655],[27.5202,39.9583],[27.5243,39.9447],[27.5262,39.927],[27.5237,39.9151],[27.5083,39.898],[27.4917,39.8696],[27.486,39.848],[27.4878,39.8272],[27.485,39.8159],[27.4726,39.8025],[27.4567,39.7668],[27.4426,39.7576],[27.422,39.7575],[27.3776,39.7379],[27.3614,39.7278],[27.3522,39.7169],[27.3422,39.7099],[27.302,39.6961],[27.2791,39.6943],[27.2572,39.6962],[27.2429,39.7001],[27.1872,39.7358],[27.1748,39.7379],[27.1509,39.7489],[27.1386,39.7506],[27.0818,39.7446],[27.0488,39.7445],[27.0333,39.75],[27.0056,39.7652],[26.9932,39.7689],[26.9726,39.769],[26.9602,39.7649],[26.9394,39.7539],[26.9251,39.7385],[26.9186,39.7347],[26.8767,39.7224],[26.8464,39.7086],[26.8115,39.6984],[26.8023,39.698],[26.7811,39.7035],[26.7692,39.7102],[26.7571,39.7209],[26.7438,39.7221],[26.7361,39.7203],[26.7068,39.7],[26.6876,39.6676],[26.6813,39.6571],[26.6798,39.6483],[26.6714,39.6403],[26.6678,39.6273],[26.6595,39.6202],[26.6552,39.6124],[26.6595,39.6054],[26.6594,39.601],[26.6528,39.5899],[26.649,39.5772],[26.6575,39.5521],[26.6345,39.5551],[26.6076,39.5431],[26.6045,39.5454],[26.6022,39.5449],[26.6054,39.5436],[26.5964,39.5452],[26.587,39.5399],[26.5765,39.5395],[26.5718,39.5371],[26.5218,39.5323],[26.5061,39.5265],[26.4897,39.5282],[26.477,39.5255],[26.4704,39.5213],[26.4611,39.5217],[26.4547,39.5185],[26.4471,39.5183],[26.4228,39.5074],[26.4173,39.5014],[26.4079,39.5025],[26.3926,39.4978],[26.3768,39.4965],[26.3691,39.4871],[26.3695,39.481],[26.3563,39.4874],[26.3491,39.4881],[26.3264,39.4814],[26.2895,39.486],[26.2762,39.483],[26.2648,39.4835],[26.255,39.4795],[26.242,39.4643],[26.2351,39.4661],[26.2362,39.469],[26.2312,39.4742],[26.2218,39.4739],[26.2112,39.4698],[26.2047,39.4614],[26.1635,39.4599],[26.1556,39.4572],[26.1501,39.459],[26.1429,39.4545],[26.1319,39.4533],[26.1256,39.4558],[26.1175,39.4551],[26.106,39.4622],[26.0814,39.4676],[26.06512,39.47721],[26.063,39.4824],[26.0631,39.4889],[26.0704,39.505],[26.0799,39.5116]]],[[[26.0041,39.8168],[25.9945,39.8213],[25.9904,39.822],[25.9857,39.819],[25.9696,39.8295],[25.9639,39.8403],[25.966,39.8437],[25.9743,39.8459],[25.9882,39.8449],[26.0001,39.8487],[26.038,39.8472],[26.0523,39.85],[26.0599,39.8436],[26.0679,39.8416],[26.0718,39.836],[26.0769,39.8356],[26.0722,39.8344],[26.0752,39.8342],[26.0747,39.8287],[26.0778,39.8287],[26.0764,39.8265],[26.08,39.8214],[26.0766,39.8226],[26.0738,39.8206],[26.0769,39.8158],[26.0737,39.8132],[26.0799,39.8067],[26.0781,39.8026],[26.0832,39.801],[26.0734,39.7925],[26.0674,39.7936],[26.0668,39.79],[26.0621,39.7915],[26.0613,39.7875],[26.0606,39.7913],[26.0589,39.7888],[26.052,39.7873],[26.0492,39.794],[26.0463,39.7927],[26.0458,39.7948],[26.0461,39.7965],[26.0258,39.8037],[26.0217,39.808],[26.0044,39.8124],[26.0041,39.8168]]],[[[26.0551,39.9367],[26.0598,39.9399],[26.0673,39.939],[26.0747,39.9387],[26.0688,39.9331],[26.0564,39.9342],[26.0551,39.9367]]],[[[25.969,40.1264],[25.958,40.1233],[25.9392,40.1282],[25.9194,40.1241],[25.9131,40.1202],[25.9019,40.1199],[25.8943,40.1159],[25.8805,40.1145],[25.8717,40.1102],[25.8596,40.1093],[25.8531,40.1039],[25.838,40.1],[25.7995,40.1046],[25.7953,40.1026],[25.7924,40.0963],[25.7846,40.0968],[25.7821,40.0996],[25.7748,40.0977],[25.7648,40.1002],[25.7589,40.0991],[25.7578,40.0955],[25.7501,40.097],[25.7388,40.0914],[25.7305,40.0939],[25.7236,40.1078],[25.7122,40.1105],[25.7023,40.1177],[25.6991,40.115],[25.7001,40.1181],[25.6815,40.1222],[25.6685,40.13],[25.6739,40.1424],[25.6734,40.1517],[25.6791,40.16],[25.6934,40.1618],[25.7191,40.1832],[25.7551,40.1983],[25.7872,40.2167],[25.8054,40.2153],[25.8214,40.2187],[25.8361,40.2157],[25.8459,40.2167],[25.8538,40.2232],[25.8819,40.2356],[25.9041,40.2411],[25.9163,40.2403],[25.9258,40.245],[25.9365,40.2456],[25.9431,40.2424],[25.9481,40.2473],[25.9499,40.2457],[25.9495,40.237],[25.9535,40.2302],[25.9687,40.2288],[25.9792,40.2227],[25.9759,40.2098],[25.9786,40.1918],[25.9704,40.1833],[25.9746,40.1783],[25.9694,40.1725],[25.9677,40.1649],[25.9715,40.1531],[25.9832,40.147],[25.9958,40.1574],[26.0074,40.1614],[26.0144,40.1675],[26.0178,40.1593],[26.0143,40.1531],[25.9965,40.138],[25.9937,40.1323],[25.98,40.1312],[25.9727,40.1253],[25.969,40.1264]]],[[[26.4353,40.2291],[26.428,40.2297],[26.4236,40.2211],[26.3991,40.2167],[26.3801,40.2086],[26.3751,40.2037],[26.3684,40.2026],[26.3628,40.2051],[26.3584,40.2034],[26.3579,40.1999],[26.3614,40.1955],[26.358,40.1909],[26.3616,40.1794],[26.3727,40.1665],[26.3774,40.154],[26.3796,40.1532],[26.3775,40.1525],[26.3811,40.144],[26.3471,40.1265],[26.345,40.1214],[26.3282,40.1062],[26.3126,40.1004],[26.3093,40.0931],[26.2959,40.085],[26.2498,40.0684],[26.245,40.0632],[26.2318,40.06],[26.2266,40.0515],[26.2216,40.0493],[26.2167,40.0488],[26.211,40.0529],[26.204,40.0528],[26.188,40.041],[26.1819,40.044],[26.1748,40.0433],[26.1665,40.0521],[26.1811,40.0686],[26.1869,40.0807],[26.2096,40.1034],[26.2124,40.1162],[26.2218,40.127],[26.2359,40.1547],[26.2493,40.1651],[26.2524,40.1731],[26.2704,40.1931],[26.2716,40.1981],[26.2662,40.2022],[26.2708,40.201],[26.2674,40.2067],[26.2732,40.2095],[26.2785,40.2165],[26.2758,40.2326],[26.2785,40.254],[26.2587,40.2732],[26.2292,40.2889],[26.2375,40.2905],[26.2411,40.2935],[26.242,40.2977],[26.2473,40.3006],[26.2475,40.3053],[26.2389,40.3156],[26.2228,40.3178],[26.2153,40.3161],[26.2192,40.3193],[26.2488,40.3349],[26.2535,40.3404],[26.2636,40.346],[26.2953,40.3517],[26.3014,40.3597],[26.3126,40.3667],[26.3201,40.368],[26.3248,40.3622],[26.332,40.3635],[26.3425,40.3758],[26.3628,40.3845],[26.3641,40.3899],[26.3725,40.3936],[26.3911,40.4017],[26.3966,40.409],[26.4038,40.4114],[26.411,40.4106],[26.4262,40.4214],[26.4363,40.4329],[26.4651,40.4472],[26.4993,40.4544],[26.5177,40.4631],[26.5488,40.483],[26.5644,40.4851],[26.5854,40.496],[26.5948,40.5038],[26.6077,40.5051],[26.6319,40.5151],[26.6415,40.5132],[26.6429,40.5105],[26.6624,40.5101],[26.6762,40.5131],[26.6963,40.5129],[26.7057,40.5158],[26.7149,40.5283],[26.7163,40.5415],[26.7383,40.5511],[26.7469,40.562],[26.7496,40.5573],[26.7481,40.5548],[26.7513,40.5509],[26.7745,40.5499],[26.7999,40.5602],[26.8182,40.5718],[26.8367,40.5903],[26.8374,40.6024],[26.846,40.6113],[26.8447,40.6138],[26.8385,40.612],[26.8375,40.6091],[26.8327,40.6108],[26.835,40.6178],[26.8336,40.6227],[26.8219,40.6427],[26.7962,40.6629],[26.7832,40.666],[26.771,40.6639],[26.7589,40.6532],[26.7414,40.6462],[26.7322,40.6665],[26.7353,40.6863],[26.7464,40.6934],[26.7579,40.6971],[26.7667,40.7072],[26.7909,40.7147],[26.8096,40.7252],[26.8221,40.727],[26.8477,40.7257],[26.8584,40.73],[26.8638,40.7356],[26.8792,40.7384],[26.9513,40.7323],[26.989,40.7225],[27.006,40.7141],[27.0143,40.7057],[27.0182,40.6918],[27.0139,40.6805],[26.9998,40.6604],[26.9647,40.6252],[26.9565,40.5835],[26.9649,40.5674],[26.9566,40.5504],[26.8994,40.5413],[26.8901,40.5327],[26.8382,40.508],[26.8204,40.5013],[26.7874,40.494],[26.784,40.4895],[26.7402,40.4794],[26.7294,40.472],[26.7169,40.4585],[26.7045,40.4579],[26.6918,40.4475],[26.695,40.4317],[26.693,40.4298],[26.6998,40.4254],[26.6964,40.4216],[26.6976,40.4205],[26.6837,40.4173],[26.6825,40.4099],[26.6751,40.4037],[26.6595,40.4079],[26.6434,40.4021],[26.639,40.3947],[26.6282,40.3902],[26.6247,40.3857],[26.631,40.3741],[26.6326,40.364],[26.6181,40.3451],[26.5946,40.3311],[26.5883,40.3205],[26.5759,40.3202],[26.5711,40.3126],[26.5615,40.3055],[26.5542,40.3045],[26.5396,40.2967],[26.5219,40.2938],[26.5124,40.2894],[26.5039,40.282],[26.4955,40.2792],[26.4937,40.2697],[26.479,40.257],[26.4635,40.2458],[26.4641,40.2441],[26.4511,40.2365],[26.4353,40.2291]]]]}},{"type":"Feature","properties":{"plaka":18},"geometry":{"type":"Polygon","coordinates":[[[33.336,40.3977],[33.3247,40.3907],[33.3169,40.3662],[33.2984,40.3411],[33.2586,40.3291],[33.2453,40.329],[33.2153,40.3737],[33.2021,40.4086],[33.1907,40.4224],[33.1764,40.4321],[33.1545,40.4623],[33.1316,40.4849],[33.1092,40.4897],[33.0881,40.4895],[33.0619,40.4814],[33.0382,40.4794],[33.0225,40.4838],[32.993,40.4863],[32.9684,40.5022],[32.9571,40.5196],[32.9252,40.5242],[32.9107,40.5293],[32.9005,40.5362],[32.8924,40.5513],[32.8892,40.5747],[32.8895,40.5774],[32.9043,40.5918],[32.9058,40.6018],[32.9038,40.6096],[32.8892,40.6266],[32.8538,40.6416],[32.7929,40.6559],[32.7423,40.677],[32.7247,40.6933],[32.7088,40.7254],[32.6839,40.744],[32.6651,40.7488],[32.5939,40.7523],[32.5716,40.751],[32.5662,40.7547],[32.5699,40.7678],[32.5703,40.7974],[32.5684,40.8158],[32.5653,40.8205],[32.5305,40.8529],[32.519,40.8797],[32.5128,40.8857],[32.4823,40.8858],[32.4369,40.8659],[32.4261,40.8663],[32.3996,40.8618],[32.3699,40.8608],[32.3428,40.8738],[32.3394,40.8788],[32.3402,40.8849],[32.3509,40.9055],[32.3555,40.9317],[32.3652,40.9485],[32.3641,40.9619],[32.3597,40.9635],[32.3406,40.9583],[32.3298,40.9605],[32.3237,40.984],[32.2997,41.0134],[32.2783,41.0318],[32.2889,41.0428],[32.2957,41.0448],[32.3455,41.0401],[32.3764,41.04],[32.3868,41.0415],[32.4062,41.0509],[32.42,41.0526],[32.5442,41.0534],[32.5666,41.0433],[32.6115,41.0121],[32.6306,41.0129],[32.6525,41.028],[32.6726,41.0306],[32.715,41.0249],[32.7279,41.0163],[32.7586,41.003],[32.7694,40.9999],[32.7871,40.9997],[32.8021,40.9936],[32.8128,41.0116],[32.8147,41.0219],[32.8247,41.0319],[32.8262,41.0368],[32.8235,41.0408],[32.81,41.0452],[32.8049,41.0494],[32.804,41.0625],[32.8113,41.0742],[32.8139,41.0864],[32.8077,41.0962],[32.8052,41.1082],[32.7935,41.1258],[32.7885,41.1287],[32.7949,41.1316],[32.8111,41.1341],[32.828,41.1312],[32.8636,41.1411],[32.8784,41.1368],[32.8927,41.1373],[32.9059,41.142],[32.9143,41.1545],[32.9305,41.1584],[32.9473,41.1566],[32.9635,41.147],[32.9762,41.1492],[32.9913,41.1452],[33.0043,41.1476],[33.0136,41.1428],[33.0181,41.1359],[33.0352,41.1229],[33.0447,41.1106],[33.0576,41.1064],[33.0578,41.0958],[33.0524,41.0832],[33.0536,41.0783],[33.0588,41.0747],[33.0601,41.0707],[33.0732,41.0625],[33.087,41.0607],[33.116,41.0526],[33.1413,41.0655],[33.1566,41.0677],[33.1771,41.0744],[33.1878,41.0734],[33.2046,41.0667],[33.2104,41.061],[33.2188,41.0573],[33.2436,41.0528],[33.2519,41.0467],[33.2987,41.0339],[33.3025,41.0318],[33.3038,41.0242],[33.3249,41.0021],[33.31808,40.9942],[33.3215,40.9971],[33.3353,40.9836],[33.3459,40.9784],[33.3683,40.9762],[33.4122,40.9804],[33.4243,40.9895],[33.4234,41.0057],[33.4282,41.0145],[33.4475,41.0376],[33.4718,41.0517],[33.4816,41.0547],[33.4979,41.0555],[33.5143,41.0505],[33.5298,41.0398],[33.5491,41.0329],[33.5717,41.0316],[33.5901,41.0399],[33.6081,41.0444],[33.6339,41.0484],[33.6657,41.0494],[33.6897,41.0555],[33.7042,41.0565],[33.7437,41.0502],[33.7676,41.0523],[33.8191,41.0323],[33.8238,41.0264],[33.8201,41.0072],[33.8127,40.9965],[33.7982,40.9877],[33.7928,40.981],[33.7886,40.9629],[33.7915,40.9406],[33.7973,40.9278],[33.7963,40.9023],[33.7714,40.8644],[33.7678,40.854],[33.7738,40.8416],[33.7832,40.8353],[33.7953,40.8332],[33.835,40.8332],[33.9094,40.8515],[33.9432,40.8549],[33.9652,40.854],[33.9925,40.8456],[34.0329,40.8282],[34.0871,40.8269],[34.0893,40.8101],[34.1041,40.7759],[34.1013,40.7655],[34.0936,40.7581],[34.0641,40.7482],[34.0453,40.7367],[34.0633,40.7215],[34.0661,40.7108],[34.0712,40.7055],[34.1046,40.6839],[34.1183,40.6716],[34.1197,40.6549],[34.1177,40.6427],[34.1084,40.6349],[34.0994,40.6212],[34.0995,40.6093],[34.0922,40.5957],[34.0946,40.5774],[34.106,40.5691],[34.1281,40.5631],[34.1303,40.5607],[34.1299,40.5489],[34.1222,40.5383],[34.1225,40.5341],[34.1504,40.5113],[34.1548,40.5032],[34.1629,40.4962],[34.1636,40.4906],[34.1586,40.4835],[34.1604,40.4792],[34.1418,40.4733],[34.1332,40.4771],[34.1408,40.4733],[34.1433,40.4626],[34.1395,40.4511],[34.1436,40.4359],[34.1513,40.4264],[34.1588,40.423],[34.1614,40.419],[34.1636,40.3974],[34.1511,40.3977],[34.1361,40.3912],[34.1227,40.3785],[34.1198,40.3681],[34.1134,40.3611],[34.0999,40.357],[34.0896,40.3505],[34.0495,40.314],[33.9847,40.2784],[33.9777,40.2703],[33.9708,40.248],[33.9539,40.2534],[33.9366,40.267],[33.9269,40.2696],[33.8902,40.2714],[33.8351,40.2679],[33.8217,40.2801],[33.817,40.2929],[33.8138,40.3155],[33.8075,40.32],[33.78414,40.32769],[33.779,40.3266],[33.748,40.3246],[33.7366,40.3283],[33.7303,40.3266],[33.6928,40.3328],[33.6854,40.3294],[33.6699,40.33],[33.6593,40.3242],[33.6362,40.3357],[33.607,40.3412],[33.5943,40.3467],[33.571,40.3485],[33.5378,40.3435],[33.521,40.3451],[33.5009,40.3508],[33.4655,40.3637],[33.4548,40.3735],[33.4165,40.3933],[33.3759,40.3985],[33.336,40.3977]]]}},{"type":"Feature","properties":{"plaka":19},"geometry":{"type":"Polygon","coordinates":[[[34.6519,39.9883],[34.641,39.9656],[34.6208,39.9497],[34.6039,39.9479],[34.5786,39.9527],[34.5556,39.9605],[34.5338,39.974],[34.5029,39.9871],[34.4812,39.9891],[34.4308,40.002],[34.4179,39.9995],[34.3671,39.9759],[34.3559,39.9649],[34.3498,39.9545],[34.3272,39.9395],[34.3045,39.9357],[34.2758,39.9375],[34.2516,39.9319],[34.2448,39.9279],[34.24,39.9312],[34.2353,39.9357],[34.2269,39.9554],[34.217,39.9692],[34.1933,39.9906],[34.1791,40.0132],[34.1583,40.0302],[34.1477,40.0454],[34.1304,40.0587],[34.1051,40.0655],[34.1007,40.069],[34.094,40.0678],[34.0917,40.0698],[34.09,40.0824],[34.0836,40.0895],[34.0839,40.101],[34.0782,40.1111],[34.0769,40.122],[34.0728,40.1274],[34.0547,40.138],[34.0559,40.1537],[34.0515,40.1621],[34.0611,40.1759],[34.0497,40.1952],[34.0323,40.209],[33.9816,40.2248],[33.9748,40.2302],[33.9702,40.2415],[33.9777,40.2703],[33.9847,40.2784],[34.0495,40.314],[34.0896,40.3505],[34.0999,40.357],[34.1134,40.3611],[34.1198,40.3681],[34.1227,40.3785],[34.1361,40.3912],[34.1511,40.3977],[34.1638,40.3976],[34.161,40.4203],[34.1513,40.4264],[34.1432,40.4371],[34.1395,40.4511],[34.1433,40.4626],[34.1408,40.4733],[34.16039,40.47923],[34.1586,40.4835],[34.1636,40.4906],[34.1629,40.4962],[34.1548,40.5032],[34.1504,40.5113],[34.1225,40.5341],[34.1222,40.5383],[34.1299,40.5489],[34.1303,40.5607],[34.1281,40.5631],[34.106,40.5691],[34.0949,40.5765],[34.0919,40.5912],[34.0934,40.6009],[34.0995,40.6093],[34.0999,40.6227],[34.1084,40.6349],[34.1177,40.6427],[34.1193,40.6683],[34.1132,40.6778],[34.0712,40.7055],[34.0661,40.7108],[34.0633,40.7215],[34.0453,40.7367],[34.0641,40.7482],[34.0936,40.7581],[34.1013,40.7655],[34.1041,40.7759],[34.0893,40.8101],[34.0871,40.8269],[34.1067,40.832],[34.1357,40.8438],[34.1803,40.8424],[34.1996,40.8466],[34.2363,40.8784],[34.2473,40.9099],[34.2496,40.9281],[34.2555,40.9333],[34.2603,40.9434],[34.2602,40.9666],[34.2647,40.9689],[34.2669,40.9744],[34.2861,40.9822],[34.3081,40.9958],[34.3271,41.0156],[34.33061,41.01021],[34.3182,41.0425],[34.3101,41.0527],[34.2805,41.0589],[34.2386,41.0775],[34.2272,41.0881],[34.2243,41.1156],[34.2298,41.1302],[34.2313,41.1425],[34.2179,41.1761],[34.2187,41.1829],[34.2324,41.1894],[34.2657,41.1967],[34.2804,41.2045],[34.2912,41.2161],[34.3068,41.2433],[34.3192,41.2514],[34.3269,41.2719],[34.3368,41.2813],[34.3424,41.2926],[34.3688,41.2914],[34.3872,41.2852],[34.3999,41.2753],[34.4155,41.2729],[34.43,41.2909],[34.4351,41.301],[34.4503,41.3112],[34.4561,41.323],[34.4957,41.3318],[34.5104,41.3254],[34.5364,41.2994],[34.5586,41.2916],[34.5736,41.2934],[34.5983,41.2833],[34.6237,41.2915],[34.6552,41.2869],[34.6795,41.2927],[34.6884,41.292],[34.6934,41.2865],[34.6909,41.268],[34.7099,41.2525],[34.7244,41.2464],[34.75,41.2417],[34.7796,41.2284],[34.8033,41.2233],[34.8409,41.2093],[34.8508,41.2087],[34.85021,41.20789],[34.8646,41.2138],[34.8724,41.2234],[34.8752,41.2328],[34.872,41.2423],[34.8747,41.2465],[34.8944,41.2556],[34.9123,41.254],[34.9087,41.2479],[34.9098,41.2441],[34.9271,41.2279],[34.931,41.1978],[34.9393,41.1921],[34.9556,41.1867],[34.9628,41.1768],[34.9632,41.1632],[34.9558,41.1294],[34.9398,41.1176],[34.9345,41.1091],[34.9434,41.0921],[34.9858,41.0806],[35.0157,41.0786],[35.0322,41.0826],[35.0762,41.0762],[35.086,41.0784],[35.091,41.0663],[35.0954,41.041],[35.0884,41.0322],[35.0754,41.0223],[35.0498,41.0183],[35.0376,41.0114],[35.0282,40.9943],[35.0282,40.9877],[35.0353,40.9804],[35.0467,40.9614],[35.0652,40.9454],[35.0718,40.9328],[35.0723,40.9261],[35.0687,40.9133],[35.0539,40.8992],[35.0475,40.8957],[35.0366,40.8845],[35.0148,40.8735],[35.0115,40.8669],[35.0128,40.8528],[35.0056,40.8392],[34.9954,40.8032],[34.9929,40.778],[35.02,40.7368],[35.0399,40.7139],[35.0487,40.7029],[35.0575,40.6971],[35.0943,40.6914],[35.1449,40.6887],[35.1816,40.7013],[35.1994,40.7125],[35.222,40.7182],[35.2307,40.7167],[35.2446,40.7073],[35.2417,40.7056],[35.2431,40.7037],[35.2528,40.6994],[35.2677,40.6876],[35.2777,40.685],[35.293,40.6876],[35.3077,40.692],[35.316,40.6919],[35.3301,40.6813],[35.3342,40.6671],[35.3332,40.6534],[35.3377,40.6449],[35.3547,40.6393],[35.3764,40.6428],[35.398,40.6332],[35.4395,40.6207],[35.4475,40.6138],[35.4503,40.608],[35.4511,40.5845],[35.4655,40.5681],[35.4968,40.5621],[35.533,40.5631],[35.5339,40.5607],[35.5246,40.5374],[35.5062,40.5235],[35.4717,40.5074],[35.4122,40.4517],[35.407,40.4435],[35.4056,40.4238],[35.394,40.3929],[35.385,40.3879],[35.3758,40.3838],[35.3609,40.359],[35.3638,40.3396],[35.3794,40.3315],[35.3867,40.3183],[35.3865,40.3064],[35.3699,40.2546],[35.3206,40.2396],[35.2976,40.2282],[35.2427,40.1949],[35.2234,40.1984],[35.2056,40.2075],[35.1754,40.2279],[35.1628,40.2294],[35.154,40.2255],[35.1485,40.2197],[35.1458,40.1996],[35.1515,40.17],[35.1635,40.1599],[35.1807,40.1579],[35.1988,40.1597],[35.2072,40.1553],[35.2069,40.1468],[35.2015,40.1436],[35.1666,40.1365],[35.1315,40.1119],[35.1315,40.1017],[35.1578,40.067],[35.1721,40.0531],[35.1737,40.0404],[35.1693,40.0333],[35.149,40.0254],[35.1298,40.024],[35.1125,40.0262],[35.0879,40.0223],[35.0483,40.009],[35.0407,40.0031],[35.0359,40.0023],[34.981,40.0011],[34.9708,40.0052],[34.9569,40.007],[34.9409,40.0058],[34.9148,39.9976],[34.91,39.9981],[34.9038,40.0013],[34.8981,40.0109],[34.8964,40.0372],[34.8836,40.0454],[34.8743,40.046],[34.8674,40.0432],[34.8523,40.028],[34.8348,40.0165],[34.8003,40.0063],[34.7739,40.0059],[34.7401,40.0176],[34.6718,40.0246],[34.6636,40.0201],[34.6576,40.013],[34.649,40.0024],[34.6519,39.9883]]]}},{"type":"Feature","properties":{"plaka":20},"geometry":{"type":"Polygon","coordinates":[[[29.4569,37.1358],[29.4439,37.1237],[29.433,37.0952],[29.4339,37.0762],[29.4394,37.0639],[29.4326,37.0567],[29.4218,37.054],[29.3824,37.0517],[29.3543,37.0369],[29.3497,37.0318],[29.3485,37.0066],[29.354,37.0028],[29.3693,37.0014],[29.3802,36.983],[29.3793,36.9667],[29.3722,36.9577],[29.3571,36.9466],[29.328,36.8889],[29.2969,36.8862],[29.2822,36.8682],[29.2741,36.8633],[29.2442,36.8597],[29.2119,36.8514],[29.2044,36.8593],[29.1867,36.8663],[29.1788,36.8674],[29.1708,36.863],[29.1557,36.8643],[29.1409,36.8609],[29.1276,36.8629],[29.1179,36.8682],[29.0889,36.9019],[29.0868,36.915],[29.094,36.9249],[29.094,36.9298],[29.0736,36.9548],[29.0747,36.9666],[29.0801,36.9758],[29.0968,36.9926],[29.0995,37.0054],[29.1054,37.0099],[29.1059,37.0131],[29.0984,37.0336],[29.0828,37.0443],[29.0725,37.0471],[29.0581,37.0435],[29.0387,37.0552],[29.0351,37.0603],[29.0209,37.0622],[29.0171,37.0693],[29.001,37.0847],[28.9962,37.0937],[28.9744,37.1029],[28.9734,37.1135],[28.9627,37.1247],[28.9447,37.1378],[28.9052,37.1449],[28.8852,37.1358],[28.8795,37.1354],[28.8751,37.1385],[28.8745,37.1418],[28.8704,37.1422],[28.8597,37.1357],[28.841,37.1307],[28.8348,37.1357],[28.8332,37.1414],[28.8363,37.1454],[28.8354,37.1541],[28.8308,37.1632],[28.8214,37.1728],[28.8174,37.1844],[28.8082,37.1865],[28.7955,37.1843],[28.7854,37.1939],[28.7875,37.2005],[28.7841,37.2053],[28.7859,37.212],[28.7809,37.2178],[28.7834,37.2223],[28.7805,37.2271],[28.7851,37.2342],[28.7844,37.2403],[28.7695,37.2499],[28.7641,37.2535],[28.754,37.2669],[28.7381,37.2714],[28.7401,37.2789],[28.7309,37.2908],[28.7371,37.2962],[28.7423,37.3244],[28.7294,37.3339],[28.7196,37.3379],[28.7147,37.3524],[28.7046,37.3649],[28.6772,37.3681],[28.6635,37.3737],[28.6544,37.3739],[28.6477,37.3676],[28.6426,37.3714],[28.6446,37.3776],[28.627,37.4014],[28.6303,37.4152],[28.6195,37.4227],[28.6147,37.4293],[28.6293,37.4548],[28.6309,37.4616],[28.6267,37.4741],[28.616,37.4811],[28.6052,37.4956],[28.6025,37.5083],[28.5983,37.5132],[28.6019,37.5326],[28.6147,37.5426],[28.6512,37.544],[28.6709,37.5514],[28.6961,37.5648],[28.7113,37.5676],[28.7254,37.577],[28.7296,37.5855],[28.7479,37.5896],[28.7541,37.5958],[28.7577,37.6174],[28.7551,37.6248],[28.7556,37.64],[28.7578,37.6432],[28.7749,37.6469],[28.7843,37.6516],[28.7915,37.6593],[28.7947,37.6682],[28.7964,37.7047],[28.8046,37.7077],[28.8194,37.7067],[28.8278,37.7094],[28.8396,37.7216],[28.8619,37.7331],[28.8669,37.7387],[28.8666,37.7438],[28.8673,37.7487],[28.8651,37.7522],[28.853,37.7564],[28.8427,37.7666],[28.8084,37.7734],[28.8026,37.7807],[28.7878,37.7822],[28.7814,37.7867],[28.7793,37.7982],[28.7651,37.8089],[28.7583,37.8103],[28.7439,37.8206],[28.7389,37.8361],[28.739,37.8488],[28.7282,37.8639],[28.7307,37.8812],[28.7426,37.8882],[28.7433,37.8921],[28.7307,37.903],[28.7276,37.9176],[28.755,37.9466],[28.7614,37.9483],[28.7706,37.9449],[28.7735,37.9412],[28.7782,37.9456],[28.7861,37.9377],[28.799,37.9367],[28.8053,37.9324],[28.8094,37.9345],[28.8136,37.9286],[28.8163,37.9324],[28.8203,37.9302],[28.8251,37.9511],[28.8256,37.9689],[28.8249,37.9742],[28.7988,37.9822],[28.7741,37.9833],[28.7487,37.9878],[28.7442,37.9897],[28.7372,37.9987],[28.7363,38.0149],[28.7219,38.0603],[28.6855,38.0657],[28.6561,38.063],[28.6365,38.0708],[28.634,38.0739],[28.6296,38.0857],[28.6379,38.0896],[28.6582,38.0934],[28.6733,38.107],[28.7012,38.1076],[28.709,38.1209],[28.72,38.1313],[28.7241,38.1468],[28.7357,38.1608],[28.7374,38.1744],[28.7651,38.1729],[28.7752,38.1834],[28.7965,38.1975],[28.8138,38.2004],[28.8271,38.2122],[28.8592,38.2208],[28.8697,38.2352],[28.8707,38.2465],[28.8775,38.2466],[28.8888,38.2415],[28.8997,38.2414],[28.9209,38.2426],[28.9553,38.2316],[28.9707,38.2312],[29.0075,38.2378],[29.0223,38.2281],[29.029,38.227],[29.047,38.229],[29.0705,38.2423],[29.0872,38.2453],[29.1018,38.2412],[29.1177,38.2408],[29.1192,38.2335],[29.1249,38.2332],[29.1282,38.2284],[29.1365,38.2247],[29.1467,38.225],[29.1534,38.2192],[29.1815,38.2124],[29.1845,38.1823],[29.1896,38.1744],[29.2073,38.16247],[29.2133,38.1794],[29.2212,38.1921],[29.2228,38.2033],[29.22093,38.21086],[29.2194,38.2102],[29.2118,38.212],[29.2041,38.225],[29.2119,38.2291],[29.2147,38.2402],[29.2262,38.238],[29.2518,38.2482],[29.2782,38.2866],[29.2833,38.2908],[29.3079,38.3029],[29.3849,38.3245],[29.4026,38.3233],[29.4153,38.3184],[29.4329,38.2959],[29.4432,38.2927],[29.4545,38.2807],[29.4638,38.2753],[29.4852,38.2719],[29.4968,38.276],[29.5262,38.2774],[29.5385,38.2753],[29.5592,38.2669],[29.5729,38.2432],[29.5894,38.2512],[29.6253,38.269],[29.6429,38.2839],[29.6368,38.2963],[29.6286,38.325],[29.6282,38.3656],[29.624,38.3829],[29.6119,38.4007],[29.6143,38.41],[29.6186,38.4138],[29.6665,38.4275],[29.722,38.4504],[29.7444,38.4535],[29.7473,38.456],[29.7605,38.4536],[29.7798,38.4729],[29.806,38.4802],[29.8288,38.4787],[29.8498,38.4706],[29.8695,38.467],[29.9006,38.4491],[29.9013,38.419],[29.9134,38.4052],[29.9227,38.403],[29.9457,38.4098],[29.9671,38.4107],[29.9933,38.4036],[30.001,38.3862],[30.0135,38.3751],[30.0378,38.3677],[30.0508,38.3612],[30.0687,38.3441],[30.0726,38.3359],[30.0756,38.3198],[30.0922,38.2933],[30.0966,38.2775],[30.1158,38.256],[30.1027,38.2232],[30.0783,38.2108],[30.0679,38.1977],[30.0338,38.1884],[30.0257,38.1823],[30.0111,38.1661],[30.0048,38.1529],[29.9953,38.1422],[29.9787,38.1295],[29.9699,38.1269],[29.9282,38.1396],[29.9066,38.1339],[29.8851,38.1244],[29.8463,38.0979],[29.7949,38.0719],[29.7863,38.0625],[29.7805,38.0323],[29.7616,38.0218],[29.7431,38.0152],[29.7258,38.0095],[29.6986,38.0045],[29.6917,37.9959],[29.6875,37.9853],[29.6727,37.9102],[29.674,37.9019],[29.6814,37.8916],[29.6831,37.88],[29.6996,37.8627],[29.718,37.8544],[29.725,37.8533],[29.7511,37.8573],[29.7591,37.8559],[29.7809,37.8469],[29.808,37.8305],[29.8295,37.8209],[29.8848,37.8232],[29.9087,37.8072],[29.9167,37.7949],[29.9165,37.7866],[29.9053,37.7724],[29.9019,37.7721],[29.8802,37.7556],[29.8711,37.7439],[29.8669,37.7333],[29.8515,37.722],[29.8305,37.7082],[29.8097,37.7022],[29.751,37.7066],[29.7233,37.7036],[29.7106,37.6995],[29.6734,37.6783],[29.6697,37.6701],[29.6722,37.6629],[29.6937,37.6557],[29.6964,37.6486],[29.6983,37.6346],[29.6866,37.6159],[29.6764,37.6139],[29.6628,37.6152],[29.6495,37.6196],[29.6415,37.6264],[29.6068,37.6291],[29.5838,37.6245],[29.5274,37.5909],[29.5197,37.5804],[29.5159,37.5649],[29.5181,37.5544],[29.5245,37.547],[29.5316,37.5426],[29.545,37.5388],[29.546,37.5365],[29.5449,37.5211],[29.5384,37.5146],[29.5376,37.4759],[29.5419,37.4693],[29.5499,37.4455],[29.5588,37.4354],[29.5719,37.4295],[29.5907,37.4268],[29.6127,37.4193],[29.6161,37.409],[29.6305,37.4021],[29.6403,37.3876],[29.6381,37.3693],[29.617,37.3532],[29.5931,37.34],[29.5904,37.3311],[29.579,37.319],[29.5424,37.2926],[29.5175,37.2806],[29.4957,37.2623],[29.4792,37.2355],[29.4781,37.2118],[29.4648,37.1775],[29.4614,37.1446],[29.4569,37.1358]]]}},{"type":"Feature","properties":{"plaka":21},"geometry":{"type":"Polygon","coordinates":[[[40.6363,37.703],[40.6406,37.6869],[40.6399,37.6364],[40.6312,37.6248],[40.5955,37.6068],[40.5316,37.5974],[40.4788,37.6015],[40.4648,37.6048],[40.4478,37.6035],[40.4299,37.5958],[40.4036,37.561],[40.3229,37.5301],[40.2887,37.5252],[40.2558,37.5079],[40.2404,37.5085],[40.2266,37.5183],[40.2179,37.5281],[40.1954,37.5387],[40.1516,37.5515],[40.1258,37.5539],[40.1194,37.5524],[40.1047,37.543],[40.0896,37.5387],[40.073,37.5415],[40.0571,37.5371],[40.0459,37.54],[40.0411,37.5346],[40.0121,37.5157],[39.9832,37.5096],[39.9462,37.514],[39.8944,37.5301],[39.8591,37.5336],[39.8702,37.5656],[39.8424,37.6109],[39.8368,37.6321],[39.8375,37.65],[39.8332,37.6762],[39.8278,37.687],[39.8276,37.7247],[39.8224,37.7355],[39.8088,37.7521],[39.8061,37.7629],[39.8065,37.7741],[39.8165,37.82],[39.8114,37.8454],[39.8042,37.855],[39.7941,37.8605],[39.7758,37.8624],[39.7555,37.8611],[39.7214,37.8451],[39.7104,37.8372],[39.6839,37.8093],[39.678,37.807],[39.6552,37.81],[39.5949,37.8415],[39.5773,37.8572],[39.561,37.8635],[39.5415,37.8666],[39.5289,37.8782],[39.5226,37.8878],[39.4861,37.9115],[39.4739,37.9221],[39.4414,37.93],[39.401,37.9534],[39.3837,37.9598],[39.3528,37.9641],[39.3171,37.9634],[39.293,37.9558],[39.276,37.9458],[39.2553,37.9454],[39.235,37.9555],[39.2006,38.0003],[39.187,38.0032],[39.1698,37.9971],[39.1535,37.9951],[39.1346,38.0046],[39.1317,38.0118],[39.1323,38.0203],[39.1506,38.0149],[39.1603,38.0174],[39.1775,38.0287],[39.1811,38.0374],[39.1946,38.0492],[39.2011,38.0617],[39.2222,38.072],[39.2348,38.1069],[39.2359,38.1185],[39.2559,38.133],[39.2626,38.1495],[39.2561,38.1787],[39.234,38.1925],[39.2267,38.2035],[39.22,38.2063],[39.1965,38.2053],[39.1684,38.1851],[39.1543,38.1819],[39.1394,38.1869],[39.1225,38.1868],[39.1095,38.1963],[39.1074,38.2018],[39.1087,38.2052],[39.128,38.2168],[39.1363,38.2262],[39.1398,38.2363],[39.1412,38.255],[39.1515,38.2977],[39.1636,38.3033],[39.1936,38.3091],[39.2376,38.305],[39.2583,38.3146],[39.2764,38.3341],[39.2904,38.3434],[39.3303,38.3458],[39.3459,38.3395],[39.3567,38.3287],[39.3696,38.3225],[39.4198,38.3139],[39.473,38.2968],[39.4819,38.2891],[39.4895,38.273],[39.4999,38.2637],[39.5257,38.2604],[39.5495,38.2663],[39.5546,38.2754],[39.5732,38.2821],[39.5928,38.3005],[39.6219,38.322],[39.6633,38.3314],[39.6793,38.3439],[39.6818,38.3493],[39.6854,38.3505],[39.6866,38.3471],[39.6918,38.3473],[39.6965,38.3422],[39.6992,38.3447],[39.7008,38.343],[39.6991,38.3404],[39.7029,38.3394],[39.7072,38.3447],[39.7125,38.3468],[39.7272,38.3473],[39.7347,38.3526],[39.7493,38.3536],[39.7722,38.368],[39.8041,38.3801],[39.8102,38.3794],[39.8255,38.3719],[39.8526,38.3703],[39.8673,38.3579],[39.8576,38.3673],[39.8685,38.3755],[39.8867,38.3996],[39.8942,38.4187],[39.9123,38.4373],[39.9355,38.4545],[39.9676,38.4547],[39.9961,38.4677],[40.0481,38.4776],[40.072,38.4755],[40.1099,38.4769],[40.1469,38.4609],[40.1658,38.4591],[40.1805,38.4596],[40.2069,38.466],[40.2254,38.4644],[40.233,38.4616],[40.2553,38.4615],[40.2714,38.4671],[40.2775,38.4723],[40.2828,38.4721],[40.2969,38.4786],[40.3051,38.4893],[40.3248,38.4869],[40.3543,38.4892],[40.3586,38.4945],[40.3483,38.518],[40.3477,38.5246],[40.352,38.5346],[40.3618,38.5443],[40.3882,38.5574],[40.4102,38.5656],[40.4315,38.5704],[40.4289,38.5547],[40.4412,38.6022],[40.4403,38.6126],[40.4354,38.6219],[40.4358,38.6301],[40.4444,38.6349],[40.4645,38.633],[40.4859,38.6223],[40.5195,38.5994],[40.5326,38.5938],[40.5901,38.5908],[40.623,38.5858],[40.6376,38.591],[40.6442,38.5974],[40.6435,38.6055],[40.6376,38.615],[40.6376,38.6216],[40.6425,38.6298],[40.6507,38.6327],[40.657,38.6326],[40.6667,38.6264],[40.6773,38.6122],[40.6896,38.6014],[40.7049,38.6076],[40.7206,38.6005],[40.7456,38.6149],[40.7539,38.6136],[40.7674,38.588],[40.7819,38.5765],[40.8082,38.5656],[40.824,38.5726],[40.8459,38.5951],[40.8512,38.6104],[40.8601,38.6204],[40.8664,38.6246],[40.897,38.6252],[40.909,38.636],[40.9208,38.6523],[40.9554,38.6699],[40.9737,38.6748],[41.0176,38.676],[41.0297,38.6827],[41.0424,38.683],[41.0564,38.6942],[41.1043,38.7108],[41.1298,38.7072],[41.1587,38.6972],[41.1582,38.6725],[41.1521,38.66],[41.1525,38.6422],[41.1564,38.6229],[41.1553,38.614],[41.1564,38.6065],[41.1678,38.5911],[41.171,38.5843],[41.1714,38.5765],[41.1749,38.5711],[41.1956,38.5626],[41.2071,38.5604],[41.2271,38.5408],[41.2356,38.5376],[41.3006,38.5261],[41.338,38.4977],[41.3619,38.4905],[41.3721,38.4785],[41.3662,38.4781],[41.3614,38.4742],[41.3546,38.4591],[41.3483,38.4585],[41.3373,38.463],[41.3306,38.463],[41.3239,38.4599],[41.3171,38.4512],[41.3021,38.4507],[41.2858,38.4427],[41.2714,38.4304],[41.2643,38.4158],[41.2525,38.4136],[41.2413,38.4078],[41.2332,38.3871],[41.2401,38.3704],[41.2195,38.3607],[41.2128,38.3439],[41.1957,38.3167],[41.185,38.3125],[41.1776,38.3122],[41.1864,38.2877],[41.18,38.2574],[41.1683,38.2037],[41.1649,38.2002],[41.1645,38.1887],[41.1695,38.1841],[41.1827,38.1813],[41.1917,38.1718],[41.2026,38.1694],[41.2024,38.1505],[41.2171,38.1412],[41.2163,38.1326],[41.2212,38.1178],[41.2138,38.1068],[41.214,38.095],[41.2024,38.0702],[41.1856,38.0645],[41.1741,38.0558],[41.1693,38.0359],[41.1445,38.0092],[41.1468,37.9989],[41.1551,37.9873],[41.1401,37.9715],[41.1345,37.962],[41.1299,37.9463],[41.1258,37.9423],[41.1158,37.9404],[41.106,37.9338],[41.0967,37.9112],[41.0916,37.9082],[41.0812,37.9068],[41.0776,37.8992],[41.0697,37.8942],[41.0521,37.8914],[41.0372,37.8844],[41.0308,37.8782],[41.0246,37.8672],[41.0173,37.8631],[41.0088,37.8506],[40.999,37.8462],[40.9994,37.8181],[40.9942,37.811],[40.9866,37.8067],[40.9911,37.7874],[41.0113,37.7815],[41.0241,37.7928],[41.0281,37.7933],[41.032,37.7901],[41.0319,37.7848],[41.0186,37.775],[41.0186,37.7726],[41.0273,37.7703],[41.039,37.7778],[41.0493,37.7788],[41.0526,37.7775],[41.0529,37.7708],[41.0471,37.7423],[41.0444,37.7344],[41.0399,37.73],[41.0179,37.7192],[40.9867,37.7089],[40.9736,37.6877],[40.9588,37.6777],[40.9272,37.6669],[40.8842,37.6421],[40.8751,37.6417],[40.8517,37.6469],[40.8,37.6648],[40.7742,37.6684],[40.7115,37.6937],[40.6981,37.7016],[40.6888,37.7295],[40.6816,37.7377],[40.6699,37.744],[40.652,37.7409],[40.6382,37.7127],[40.6363,37.703]]]}},{"type":"Feature","properties":{"plaka":22},"geometry":{"type":"MultiPolygon","coordinates":[[[[26.05434,40.69939],[26.0527,40.7107],[26.0352,40.7295],[26.0731,40.7269],[26.0847,40.7303],[26.0883,40.7349],[26.1235,40.7425],[26.1247,40.7493],[26.1278,40.7547],[26.1269,40.7715],[26.1307,40.779],[26.1361,40.7808],[26.1418,40.7889],[26.1417,40.7937],[26.1584,40.8073],[26.1553,40.8069],[26.1659,40.8092],[26.1748,40.8178],[26.1793,40.8127],[26.1799,40.82],[26.1855,40.8194],[26.1873,40.8229],[26.1899,40.8208],[26.1916,40.8265],[26.2025,40.8206],[26.204,40.8235],[26.2014,40.8294],[26.2087,40.8285],[26.2103,40.8368],[26.2155,40.8333],[26.2196,40.8342],[26.2195,40.8364],[26.2123,40.8396],[26.2177,40.8423],[26.216,40.8466],[26.2096,40.848],[26.2062,40.846],[26.2034,40.8505],[26.2052,40.855],[26.2144,40.8541],[26.2128,40.8592],[26.2072,40.8599],[26.2064,40.8655],[26.2234,40.8668],[26.2242,40.8752],[26.2212,40.8844],[26.2228,40.8899],[26.2292,40.8911],[26.2294,40.887],[26.2242,40.8865],[26.2269,40.8821],[26.2346,40.8857],[26.2502,40.8814],[26.2529,40.8874],[26.2545,40.9049],[26.2624,40.9148],[26.2647,40.9133],[26.2645,40.9039],[26.2693,40.899],[26.2778,40.8934],[26.2908,40.8933],[26.298,40.8976],[26.3022,40.904],[26.2852,40.9226],[26.2881,40.9305],[26.2943,40.9314],[26.2996,40.9276],[26.3052,40.9268],[26.3197,40.9397],[26.3254,40.942],[26.3539,40.9418],[26.3587,40.9443],[26.3604,40.948],[26.359,40.9519],[26.3469,40.9663],[26.3276,40.9772],[26.3262,40.986],[26.3299,40.9897],[26.3434,40.9891],[26.3498,40.9925],[26.3586,41.003],[26.3643,41.0213],[26.3554,41.0275],[26.3459,41.0304],[26.3396,41.0395],[26.3265,41.0424],[26.3304,41.0473],[26.3299,41.0517],[26.3147,41.0681],[26.3111,41.0765],[26.3115,41.0834],[26.331,41.0969],[26.336,41.107],[26.3307,41.1118],[26.3108,41.1086],[26.3055,41.1097],[26.304,41.1132],[26.3076,41.1197],[26.3236,41.1249],[26.3216,41.1354],[26.3322,41.1384],[26.3361,41.1441],[26.329,41.1528],[26.3132,41.1602],[26.3076,41.1738],[26.3097,41.1812],[26.3244,41.1861],[26.32,41.197],[26.3206,41.2038],[26.3244,41.2127],[26.3305,41.2192],[26.3188,41.2344],[26.3175,41.2446],[26.327,41.256],[26.3382,41.2571],[26.3431,41.2604],[26.3594,41.2499],[26.4034,41.2535],[26.4373,41.2798],[26.4474,41.2798],[26.4601,41.2849],[26.464,41.2906],[26.4654,41.3013],[26.4871,41.3058],[26.4914,41.3104],[26.497,41.327],[26.5016,41.3294],[26.5125,41.3281],[26.5181,41.3392],[26.5236,41.3403],[26.5266,41.3375],[26.5346,41.3376],[26.5428,41.3419],[26.5504,41.3415],[26.5716,41.3249],[26.5796,41.3222],[26.5877,41.3226],[26.6274,41.3463],[26.6352,41.3853],[26.6288,41.4108],[26.6299,41.4163],[26.6254,41.4213],[26.614,41.4231],[26.6116,41.4395],[26.6129,41.4637],[26.6,41.4807],[26.6046,41.4944],[26.6017,41.5064],[26.5915,41.5262],[26.5928,41.5352],[26.5971,41.5392],[26.5979,41.5478],[26.5918,41.5573],[26.5929,41.5666],[26.5867,41.5741],[26.5968,41.5817],[26.5989,41.5884],[26.5917,41.6103],[26.5684,41.6104],[26.5312,41.6218],[26.4882,41.6545],[26.4962,41.6621],[26.4929,41.6636],[26.4929,41.6684],[26.4899,41.6727],[26.4705,41.6695],[26.4572,41.6738],[26.4456,41.6852],[26.422,41.6848],[26.41,41.6905],[26.4,41.6913],[26.3951,41.6951],[26.3832,41.6963],[26.3773,41.699],[26.3743,41.7063],[26.3679,41.711],[26.3589,41.7093],[26.3573,41.7143],[26.3292,41.7359],[26.3311,41.7429],[26.3299,41.7521],[26.3371,41.7652],[26.3399,41.7757],[26.3544,41.7985],[26.3634,41.8081],[26.3693,41.82],[26.379,41.8225],[26.5385,41.8233],[26.5523,41.8479],[26.5636,41.8552],[26.57504,41.85077],[26.5629,41.8563],[26.5635,41.863],[26.5666,41.8676],[26.574,41.8677],[26.5805,41.8718],[26.5802,41.8773],[26.5698,41.8809],[26.5671,41.886],[26.5763,41.8924],[26.5775,41.8977],[26.5843,41.9032],[26.5707,41.9125],[26.5624,41.926],[26.5865,41.9476],[26.6183,41.9653],[26.6235,41.9799],[26.6336,41.9763],[26.6367,41.9729],[26.6578,41.9704],[26.6676,41.9651],[26.6735,41.9691],[26.6844,41.9674],[26.6881,41.9692],[26.6931,41.9664],[26.7038,41.9653],[26.7127,41.9683],[26.7289,41.9608],[26.7513,41.9585],[26.7546,41.9588],[26.7594,41.9704],[26.7635,41.9694],[26.774,41.9797],[26.7789,41.9789],[26.7874,41.9897],[26.7934,41.9899],[26.7941,41.9844],[26.8091,41.9782],[26.8111,41.9749],[26.8189,41.9729],[26.8288,41.974],[26.8327,41.9694],[26.8422,41.9692],[26.8472,41.9701],[26.848,41.9808],[26.8524,41.9836],[26.8564,41.9818],[26.8713,41.9908],[26.9016,41.9873],[26.9109,41.9908],[26.9136,41.9951],[26.9223,41.9948],[26.9274,42.0014],[26.9395,42.0001],[26.9543,41.9574],[26.9583,41.9334],[26.9684,41.9188],[26.9723,41.8877],[26.9864,41.8585],[26.9913,41.8418],[26.9986,41.7874],[26.9967,41.7676],[26.9773,41.7323],[26.9571,41.6772],[26.9426,41.6682],[26.9001,41.6574],[26.8905,41.6371],[26.8904,41.6269],[26.8964,41.6185],[26.9074,41.6115],[26.9256,41.6055],[26.931,41.6067],[26.9516,41.6257],[26.9633,41.6296],[26.9817,41.6194],[26.9833,41.6139],[26.9763,41.5938],[26.9646,41.5727],[26.9612,41.5588],[26.9592,41.5213],[26.9531,41.5122],[26.9323,41.4966],[26.9247,41.4859],[26.8847,41.4128],[26.8812,41.4045],[26.8812,41.394],[26.8907,41.3825],[26.8973,41.3684],[26.8995,41.3522],[26.9034,41.3421],[26.9155,41.3282],[26.9257,41.3106],[26.933,41.2834],[26.9503,41.255],[26.9587,41.2292],[26.9496,41.1797],[26.9417,41.1655],[26.922,41.1484],[26.907,41.141],[26.8705,41.1285],[26.8332,41.1076],[26.8012,41.075],[26.7724,41.0714],[26.7431,41.0765],[26.7198,41.0769],[26.7011,41.0639],[26.6835,41.0383],[26.684,41.0315],[26.7115,41.0281],[26.7249,41.0322],[26.7303,41.031],[26.7399,41.0222],[26.7416,41.0082],[26.7255,40.9688],[26.7337,40.9376],[26.7364,40.9152],[26.7288,40.8863],[26.7205,40.8685],[26.7188,40.8504],[26.7235,40.8394],[26.7331,40.8293],[26.7926,40.7805],[26.8027,40.7643],[26.8048,40.7465],[26.8039,40.7298],[26.794,40.7167],[26.7667,40.7072],[26.7579,40.6971],[26.7464,40.6934],[26.7353,40.6863],[26.7322,40.6665],[26.7414,40.6462],[26.7217,40.6483],[26.7021,40.6402],[26.702,40.638],[26.696,40.6376],[26.6853,40.6417],[26.6663,40.6397],[26.6069,40.6401],[26.5977,40.6334],[26.5871,40.633],[26.571,40.6159],[26.5495,40.6121],[26.5359,40.5925],[26.5329,40.5922],[26.5202,40.5977],[26.5124,40.5955],[26.5052,40.5975],[26.4767,40.6125],[26.4785,40.6157],[26.4765,40.6122],[26.4723,40.6173],[26.463,40.6195],[26.4475,40.6191],[26.4397,40.6152],[26.4298,40.6056],[26.418,40.6027],[26.3968,40.6082],[26.3949,40.6041],[26.3908,40.6045],[26.3862,40.608],[26.3856,40.6113],[26.3823,40.612],[26.3514,40.6073],[26.3434,40.6045],[26.3348,40.596],[26.2874,40.5911],[26.2695,40.5967],[26.255,40.5956],[26.2187,40.6011],[26.2115,40.5981],[26.1808,40.5973],[26.1775,40.5943],[26.1722,40.5954],[26.1549,40.5902],[26.1444,40.5904],[26.1089,40.5994],[26.0795,40.6126],[26.0687,40.6242],[26.0611,40.6386],[26.065,40.6467],[26.0633,40.6604],[26.0648,40.6744],[26.0594,40.6882],[26.0531,40.6948],[26.05061,40.6952],[26.0548,40.6957],[26.0541,40.6984],[26.0511,40.6982],[26.05434,40.69939]]],[[[26.05,40.6953],[26.0487,40.699],[26.0506,40.6952],[26.05,40.6953]]]]}},{"type":"Feature","properties":{"plaka":23},"geometry":{"type":"Polygon","coordinates":[[[38.8859,38.3615],[38.883,38.3726],[38.8767,38.3841],[38.8639,38.3953],[38.8333,38.4083],[38.8305,38.4134],[38.8324,38.4315],[38.8153,38.4407],[38.8035,38.4391],[38.7881,38.4334],[38.7713,38.4324],[38.7344,38.4223],[38.7065,38.4201],[38.6842,38.4225],[38.5956,38.4422],[38.5436,38.4573],[38.4845,38.4629],[38.4614,38.4687],[38.4416,38.477],[38.4206,38.4947],[38.4152,38.5095],[38.4105,38.5144],[38.3719,38.5329],[38.3658,38.5391],[38.3615,38.5473],[38.3558,38.5752],[38.3559,38.6106],[38.3652,38.6334],[38.3916,38.6625],[38.4127,38.6793],[38.4262,38.6857],[38.4653,38.6925],[38.4752,38.6985],[38.4795,38.706],[38.4782,38.72],[38.4667,38.744],[38.4704,38.75],[38.4782,38.7531],[38.5048,38.7461],[38.5118,38.7482],[38.5231,38.7619],[38.5301,38.7643],[38.5423,38.7634],[38.5727,38.7519],[38.5875,38.7505],[38.6043,38.7533],[38.6239,38.7436],[38.6305,38.7453],[38.6422,38.7537],[38.6449,38.7575],[38.6441,38.7608],[38.6303,38.77],[38.6268,38.7759],[38.6343,38.7806],[38.6426,38.7805],[38.6396,38.7872],[38.6401,38.7981],[38.6476,38.8143],[38.647,38.8264],[38.6436,38.8317],[38.614,38.8559],[38.6034,38.8821],[38.5933,38.8871],[38.579,38.888],[38.5534,38.8976],[38.5496,38.9029],[38.5489,38.9194],[38.5576,38.9298],[38.5801,38.9365],[38.6038,38.9553],[38.6131,38.9659],[38.6174,38.9759],[38.6179,38.9946],[38.6239,39.0084],[38.629,39.0125],[38.6455,39.0167],[38.6547,39.0356],[38.6658,39.0413],[38.6727,39.0487],[38.6908,39.029],[38.7139,39.0157],[38.7792,39.0062],[38.7891,38.9799],[38.775,38.9519],[38.7642,38.9387],[38.7568,38.9195],[38.7551,38.908],[38.757,38.8906],[38.7624,38.8857],[38.7809,38.8776],[38.7865,38.8713],[38.7994,38.8771],[38.8302,38.8844],[38.8902,38.893],[38.9326,38.8981],[38.9749,38.8939],[39.0111,38.8874],[39.0623,38.8904],[39.0974,38.8778],[39.1255,38.8811],[39.1471,38.8731],[39.1944,38.8624],[39.2512,38.8636],[39.2637,38.8546],[39.2807,38.8362],[39.3052,38.8205],[39.3567,38.8119],[39.37,38.8061],[39.3897,38.7888],[39.3884,38.7722],[39.3903,38.7683],[39.3975,38.7694],[39.4155,38.78],[39.4337,38.786],[39.4392,38.7831],[39.4524,38.7675],[39.4761,38.7637],[39.4761,38.7636],[39.4857,38.7638],[39.5081,38.7697],[39.5101,38.7751],[39.5076,38.7892],[39.5201,38.797],[39.5226,38.8075],[39.5276,38.8143],[39.5345,38.8155],[39.5437,38.8095],[39.5508,38.8096],[39.5717,38.8188],[39.5838,38.8296],[39.5889,38.8184],[39.6079,38.8141],[39.6305,38.8224],[39.6386,38.821],[39.6639,38.8091],[39.7136,38.8087],[39.7328,38.8226],[39.7495,38.8428],[39.7576,38.8445],[39.7653,38.8406],[39.7765,38.8269],[39.7953,38.8214],[39.8004,38.8276],[39.7985,38.8473],[39.8001,38.8589],[39.8174,38.859],[39.822,38.8703],[39.8277,38.8774],[39.8323,38.8792],[39.841,38.8792],[39.8475,38.8813],[39.8507,38.8861],[39.844,38.8971],[39.8643,38.906],[39.8731,38.9149],[39.8741,38.9238],[39.8679,38.9324],[39.8679,38.9388],[39.8797,38.9642],[39.8868,38.973],[39.884,38.9824],[39.8886,38.9952],[39.9027,39.0065],[39.8905,39.0137],[39.8749,39.0273],[39.8655,39.0506],[39.8682,39.0641],[39.891,39.0882],[39.9186,39.1076],[39.9319,39.1102],[39.953,39.0991],[39.9643,39.1018],[40.0048,39.1008],[40.0267,39.1094],[40.0512,39.1257],[40.0865,39.1364],[40.1191,39.1587],[40.1411,39.1626],[40.1567,39.1691],[40.2062,39.1773],[40.2507,39.1676],[40.2875,39.1634],[40.2933,39.1581],[40.2984,39.1473],[40.3005,39.1226],[40.2966,39.1129],[40.2795,39.0916],[40.2712,39.077],[40.256,39.0633],[40.2435,39.0387],[40.2402,39.0133],[40.2416,38.9969],[40.2401,38.9913],[40.2313,38.9817],[40.2298,38.975],[40.2277,38.9631],[40.2292,38.9447],[40.2257,38.922],[40.2272,38.9089],[40.2413,38.8815],[40.2513,38.8452],[40.2562,38.8417],[40.3175,38.8332],[40.3262,38.8277],[40.3346,38.8163],[40.3392,38.8026],[40.3393,38.7796],[40.3379,38.7679],[40.3337,38.7624],[40.2783,38.7386],[40.2723,38.7304],[40.2546,38.7243],[40.2483,38.7177],[40.2444,38.7078],[40.2275,38.6963],[40.2143,38.6832],[40.2083,38.6728],[40.2013,38.6717],[40.1793,38.6815],[40.1728,38.6799],[40.1555,38.6633],[40.1487,38.648],[40.1478,38.6379],[40.151,38.6183],[40.1562,38.6086],[40.1692,38.5992],[40.1754,38.5904],[40.1885,38.5879],[40.1948,38.5842],[40.2042,38.5727],[40.2109,38.5698],[40.2248,38.5688],[40.2377,38.5518],[40.2468,38.5291],[40.2771,38.5223],[40.2728,38.5064],[40.2747,38.5038],[40.2889,38.5013],[40.3012,38.495],[40.3051,38.4893],[40.2997,38.4806],[40.2842,38.4726],[40.2775,38.4723],[40.2738,38.4683],[40.2589,38.462],[40.233,38.4616],[40.2254,38.4644],[40.2069,38.466],[40.1748,38.4587],[40.1469,38.4609],[40.1099,38.4769],[40.0399,38.477],[39.9961,38.4677],[39.9738,38.4568],[39.9604,38.4541],[39.9355,38.4545],[39.9123,38.4373],[39.8942,38.4187],[39.8899,38.4043],[39.8685,38.3755],[39.8576,38.3673],[39.8511,38.3707],[39.8283,38.3714],[39.8156,38.3756],[39.81698,38.38558],[39.8144,38.3765],[39.8083,38.38],[39.8005,38.3794],[39.7633,38.3636],[39.7493,38.3536],[39.7347,38.3526],[39.7272,38.3473],[39.7125,38.3468],[39.7072,38.3447],[39.7029,38.3394],[39.6991,38.3404],[39.7008,38.343],[39.6992,38.3447],[39.6965,38.3422],[39.6918,38.3473],[39.6866,38.3471],[39.6854,38.3505],[39.6818,38.3493],[39.6793,38.3439],[39.6633,38.3314],[39.6219,38.322],[39.5928,38.3005],[39.5732,38.2821],[39.5546,38.2754],[39.5495,38.2663],[39.5257,38.2604],[39.4999,38.2637],[39.4895,38.273],[39.4819,38.2891],[39.473,38.2968],[39.4198,38.3139],[39.3696,38.3225],[39.3567,38.3287],[39.3509,38.3351],[39.3395,38.343],[39.3303,38.3458],[39.2904,38.3434],[39.2764,38.3341],[39.2583,38.3146],[39.2371,38.3049],[39.1936,38.3091],[39.1636,38.3033],[39.1506,38.2972],[39.1393,38.3143],[39.1175,38.3306],[39.1118,38.3432],[39.1061,38.3462],[39.093,38.34],[39.0768,38.3418],[39.0278,38.3308],[39.009,38.3322],[38.9912,38.32],[38.9702,38.3172],[38.9351,38.3394],[38.9229,38.3519],[38.9113,38.3561],[38.8955,38.3553],[38.8895,38.3579],[38.8859,38.3615]]]}},{"type":"Feature","properties":{"plaka":24},"geometry":{"type":"Polygon","coordinates":[[[38.9069,39.205],[38.8931,39.2055],[38.8857,39.2034],[38.8747,39.2087],[38.8545,39.2066],[38.8096,39.2074],[38.7833,39.2046],[38.7621,39.1978],[38.7603,39.189],[38.7707,39.1846],[38.7733,39.1771],[38.763,39.1509],[38.7522,39.1429],[38.7298,39.1369],[38.7327,39.1317],[38.7341,39.1149],[38.7441,39.1044],[38.7404,39.0742],[38.7481,39.0326],[38.7792,39.0062],[38.716,39.0151],[38.7016,39.022],[38.69,39.0296],[38.6666,39.0536],[38.651,39.0594],[38.6377,39.08],[38.6093,39.1082],[38.5978,39.1127],[38.5573,39.1156],[38.5397,39.1249],[38.5291,39.1429],[38.5141,39.1534],[38.5011,39.1562],[38.4865,39.154],[38.4405,39.1368],[38.4138,39.1207],[38.373,39.1171],[38.3441,39.1272],[38.3256,39.142],[38.3143,39.1475],[38.3096,39.1577],[38.3119,39.1676],[38.323,39.1749],[38.3234,39.1902],[38.3271,39.1948],[38.3335,39.216],[38.3508,39.2302],[38.3612,39.2497],[38.3628,39.2573],[38.3598,39.2719],[38.35,39.2938],[38.349,39.3111],[38.3302,39.3501],[38.3428,39.3608],[38.3572,39.3674],[38.3763,39.3903],[38.406,39.4056],[38.4095,39.4106],[38.4054,39.4346],[38.3943,39.4482],[38.3752,39.4558],[38.3602,39.4565],[38.3415,39.4614],[38.3217,39.4734],[38.2997,39.5104],[38.2859,39.5262],[38.2781,39.5395],[38.2769,39.5485],[38.2843,39.5669],[38.3059,39.5673],[38.3188,39.5741],[38.3352,39.5712],[38.3473,39.5877],[38.3458,39.5973],[38.3332,39.6144],[38.3262,39.6295],[38.3174,39.6354],[38.3153,39.6463],[38.3274,39.6638],[38.323,39.6718],[38.3319,39.6804],[38.3432,39.6866],[38.3514,39.7025],[38.3537,39.7189],[38.3618,39.7319],[38.3551,39.7543],[38.3578,39.7637],[38.3687,39.772],[38.3865,39.776],[38.4096,39.7879],[38.428,39.8022],[38.4344,39.8104],[38.455,39.8312],[38.4574,39.8364],[38.455,39.8543],[38.4506,39.861],[38.442,39.868],[38.411,39.8767],[38.4028,39.8822],[38.3865,39.8999],[38.3617,39.9124],[38.3555,39.9195],[38.3557,39.9228],[38.3668,39.9378],[38.3865,39.9346],[38.3969,39.9373],[38.4297,39.9564],[38.4461,39.9769],[38.4572,39.9804],[38.4925,39.983],[38.5306,39.9703],[38.5507,39.9705],[38.5622,39.9754],[38.5843,39.9715],[38.5959,39.9808],[38.6148,39.9857],[38.619,39.9925],[38.6321,39.999],[38.6676,40.0035],[38.6742,40.0073],[38.6853,40.0231],[38.7232,40.0224],[38.7389,40.0187],[38.7487,40.0121],[38.7576,40.0126],[38.7606,40.0153],[38.7605,40.0221],[38.7655,40.0298],[38.7663,40.0546],[38.7689,40.0569],[38.7671,40.0622],[38.7684,40.0664],[38.7722,40.0675],[38.7636,40.071],[38.7694,40.0733],[38.7676,40.0762],[38.7698,40.0776],[38.7906,40.0761],[38.8137,40.0649],[38.8346,40.0594],[38.8762,40.0607],[38.8936,40.0509],[38.9205,40.0452],[38.9394,40.0483],[38.9592,40.0601],[38.9762,40.061],[38.9894,40.0581],[39.0138,40.0461],[39.0259,40.0362],[39.0557,40.0208],[39.0785,40.0053],[39.0916,40.0025],[39.1403,40.0021],[39.1536,39.9979],[39.1816,39.9706],[39.1904,39.9498],[39.2008,39.9384],[39.2641,39.9291],[39.3069,39.9138],[39.3651,39.9027],[39.3989,39.8867],[39.4476,39.8747],[39.4593,39.8655],[39.4803,39.8658],[39.5042,39.8759],[39.5167,39.8767],[39.542,39.8688],[39.5725,39.8485],[39.5853,39.8439],[39.6029,39.8485],[39.6165,39.8552],[39.6363,39.8707],[39.662,39.879],[39.6718,39.8854],[39.6986,39.8912],[39.7147,39.9034],[39.7517,39.9055],[39.7784,39.9215],[39.798,39.9256],[39.8086,39.9396],[39.8198,39.9459],[39.8261,39.9576],[39.8459,39.9651],[39.8516,39.9756],[39.8738,39.9951],[39.8944,39.9988],[39.9011,40.0026],[39.924,40.0215],[39.9318,40.0351],[39.961,40.0467],[39.9705,40.0543],[39.9763,40.0631],[40.0408,40.0803],[40.0489,40.0787],[40.0582,40.0665],[40.0664,40.063],[40.0931,40.0537],[40.1115,40.0522],[40.1292,40.0409],[40.1381,40.0306],[40.1463,40.0281],[40.1729,40.0378],[40.2066,40.0383],[40.2243,40.045],[40.2427,40.0502],[40.2528,40.0486],[40.2748,40.0373],[40.308,40.0144],[40.2808,39.9876],[40.2579,39.9705],[40.251,39.9619],[40.2534,39.9544],[40.2492,39.9348],[40.25433,39.92289],[40.2591,39.9241],[40.2757,39.9319],[40.2816,39.9324],[40.291,39.9275],[40.3045,39.9342],[40.3125,39.9351],[40.3329,39.9319],[40.3515,39.9145],[40.3807,39.8998],[40.3895,39.899],[40.4173,39.912],[40.4547,39.9062],[40.4651,39.9036],[40.4766,39.8949],[40.5099,39.8827],[40.5222,39.8748],[40.5386,39.8702],[40.546,39.8652],[40.5605,39.849],[40.564,39.8257],[40.5625,39.791],[40.543,39.7664],[40.5444,39.7588],[40.564,39.7316],[40.6015,39.6964],[40.6329,39.6775],[40.6637,39.672],[40.6827,39.6592],[40.6825,39.6441],[40.6777,39.6281],[40.6733,39.6194],[40.6644,39.6098],[40.6626,39.5967],[40.6652,39.5886],[40.6726,39.58],[40.6876,39.5723],[40.7096,39.5523],[40.7202,39.5493],[40.7337,39.5494],[40.7522,39.5379],[40.7553,39.5342],[40.7544,39.5278],[40.7527,39.5248],[40.7401,39.5213],[40.6827,39.5221],[40.6379,39.5169],[40.5806,39.53],[40.5469,39.5329],[40.5334,39.53],[40.51,39.5154],[40.4459,39.514],[40.4305,39.5219],[40.4223,39.5291],[40.4196,39.5351],[40.413,39.5631],[40.4218,39.5931],[40.4127,39.603],[40.369,39.602],[40.3437,39.5983],[40.3241,39.5941],[40.2962,39.5841],[40.2725,39.5849],[40.2551,39.5814],[40.2416,39.5857],[40.1908,39.5727],[40.1703,39.5784],[40.1533,39.5776],[40.1385,39.566],[40.1228,39.5641],[40.1206,39.5608],[40.1058,39.5602],[40.1026,39.5564],[40.0838,39.556],[40.0641,39.5504],[40.0545,39.5549],[40.0503,39.5516],[40.0451,39.5558],[40.0135,39.5681],[39.9882,39.5647],[39.9706,39.5716],[39.9615,39.5708],[39.9566,39.5742],[39.9261,39.5801],[39.9211,39.5832],[39.9001,39.5851],[39.8926,39.5886],[39.8737,39.589],[39.8717,39.5937],[39.8626,39.5942],[39.8578,39.5998],[39.8484,39.6018],[39.8488,39.606],[39.8468,39.607],[39.8369,39.6086],[39.8264,39.6041],[39.804,39.6157],[39.7931,39.616],[39.7814,39.586],[39.7828,39.5641],[39.7895,39.5404],[39.7871,39.5291],[39.7805,39.5224],[39.7744,39.5189],[39.751,39.5185],[39.7451,39.515],[39.7367,39.5045],[39.7005,39.486],[39.6799,39.4706],[39.6338,39.4497],[39.6168,39.4482],[39.5941,39.4395],[39.5722,39.4411],[39.5608,39.4458],[39.5546,39.4517],[39.547,39.4777],[39.5473,39.5048],[39.5441,39.5108],[39.5333,39.5149],[39.5028,39.5046],[39.4811,39.5012],[39.4513,39.4923],[39.4316,39.4945],[39.4158,39.4917],[39.3944,39.4814],[39.3815,39.4808],[39.3583,39.4689],[39.3289,39.458],[39.3082,39.4539],[39.2922,39.4579],[39.2832,39.4696],[39.2748,39.47],[39.2642,39.4759],[39.2571,39.4771],[39.2401,39.4742],[39.2276,39.4683],[39.1977,39.467],[39.1848,39.4689],[39.1685,39.4752],[39.1595,39.4749],[39.1346,39.4669],[39.1023,39.4615],[39.0848,39.4516],[39.068,39.4309],[39.0395,39.4058],[39.0297,39.3886],[39.0085,39.3739],[38.9972,39.3524],[38.989,39.3462],[38.9747,39.3412],[38.9513,39.3284],[38.9291,39.3266],[38.9057,39.3328],[38.8998,39.3353],[38.8673,39.3619],[38.8547,39.3657],[38.8313,39.364],[38.8059,39.3489],[38.7973,39.3407],[38.7958,39.321],[38.8081,39.3056],[38.8215,39.2972],[38.8483,39.2967],[38.8722,39.2913],[38.8945,39.2785],[38.9416,39.2764],[38.952,39.2684],[38.9599,39.2525],[38.9592,39.2478],[38.9383,39.2233],[38.9275,39.2197],[38.9163,39.2095],[38.9069,39.205]]]}},{"type":"Feature","properties":{"plaka":25},"geometry":{"type":"Polygon","coordinates":[[[41.0871,39.4329],[41.0556,39.4394],[41.0338,39.4371],[40.9537,39.4508],[40.9156,39.4412],[40.8622,39.4474],[40.8392,39.4376],[40.8142,39.4184],[40.8047,39.4145],[40.7781,39.4109],[40.7331,39.4127],[40.7117,39.4086],[40.6579,39.4168],[40.6357,39.4129],[40.6286,39.4141],[40.6174,39.4273],[40.5927,39.4362],[40.5857,39.445],[40.5985,39.4665],[40.5987,39.493],[40.6028,39.5088],[40.6109,39.5222],[40.6379,39.5169],[40.6827,39.5221],[40.7401,39.5213],[40.7527,39.5248],[40.7553,39.5342],[40.7337,39.5494],[40.7202,39.5493],[40.7096,39.5523],[40.6876,39.5723],[40.6726,39.58],[40.6652,39.5886],[40.6626,39.5967],[40.6635,39.606],[40.6644,39.6098],[40.6733,39.6194],[40.6808,39.6375],[40.6834,39.6555],[40.6812,39.6608],[40.6637,39.672],[40.6329,39.6775],[40.6008,39.697],[40.564,39.7316],[40.543,39.7622],[40.544,39.7679],[40.5625,39.791],[40.5635,39.8054],[40.564,39.8257],[40.5605,39.849],[40.546,39.8652],[40.5357,39.8714],[40.5222,39.8748],[40.5032,39.8856],[40.4766,39.8949],[40.4651,39.9036],[40.4547,39.9062],[40.4173,39.912],[40.3895,39.899],[40.3807,39.8998],[40.3515,39.9145],[40.3329,39.9319],[40.3076,39.9349],[40.2905,39.9275],[40.2816,39.9324],[40.2757,39.9319],[40.2545,39.9225],[40.2492,39.9348],[40.2534,39.9544],[40.2505,39.9608],[40.2579,39.9705],[40.2808,39.9876],[40.308,40.0144],[40.3308,40.0133],[40.339,40.0186],[40.3991,40.0026],[40.4111,40.0019],[40.4428,40.0061],[40.4698,40.0165],[40.4791,40.0256],[40.4915,40.0321],[40.5116,40.063],[40.5253,40.0688],[40.5747,40.0813],[40.6112,40.0976],[40.6431,40.1138],[40.664,40.118],[40.6776,40.1275],[40.6952,40.156],[40.6993,40.1723],[40.7125,40.2031],[40.71,40.2186],[40.7024,40.2268],[40.688,40.2321],[40.6679,40.2267],[40.6591,40.221],[40.6508,40.2196],[40.6358,40.222],[40.599,40.2516],[40.5832,40.2637],[40.5754,40.2664],[40.5647,40.2775],[40.5466,40.2865],[40.5253,40.3336],[40.5291,40.3404],[40.5349,40.3443],[40.5592,40.3475],[40.5708,40.3517],[40.5822,40.3615],[40.5848,40.3725],[40.5805,40.394],[40.5627,40.4119],[40.5553,40.4259],[40.5645,40.4486],[40.5644,40.4614],[40.5715,40.4769],[40.5819,40.4907],[40.5859,40.5157],[40.5864,40.5354],[40.6152,40.5537],[40.644,40.5768],[40.6753,40.5918],[40.7145,40.604],[40.7493,40.6049],[40.7612,40.6114],[40.7772,40.6429],[40.8047,40.6515],[40.8243,40.6604],[40.8279,40.6646],[40.8292,40.6886],[40.8209,40.7272],[40.8224,40.7356],[40.8266,40.7413],[40.8653,40.7357],[40.8966,40.7366],[40.9292,40.7325],[40.9544,40.7362],[40.9757,40.7447],[40.9934,40.7567],[41.0361,40.7618],[41.0543,40.7614],[41.0947,40.7734],[41.1396,40.7977],[41.1532,40.811],[41.2522,40.781],[41.2675,40.7676],[41.2811,40.7625],[41.3129,40.7563],[41.3268,40.7497],[41.3397,40.7395],[41.3569,40.7357],[41.365,40.725],[41.3601,40.7046],[41.3447,40.6944],[41.3221,40.6843],[41.3177,40.6794],[41.3082,40.6575],[41.3154,40.6483],[41.3167,40.6182],[41.3298,40.5888],[41.3347,40.5658],[41.3528,40.5619],[41.3637,40.5621],[41.3973,40.5707],[41.4117,40.5702],[41.4384,40.5935],[41.4417,40.5979],[41.4422,40.6069],[41.4709,40.6199],[41.4971,40.6384],[41.5251,40.6506],[41.5339,40.6598],[41.5442,40.6622],[41.5614,40.6797],[41.5892,40.6906],[41.6095,40.6925],[41.6236,40.6997],[41.6332,40.7001],[41.6595,40.6927],[41.7235,40.6653],[41.7462,40.6625],[41.7591,40.6648],[41.7674,40.6636],[41.7917,40.6518],[41.8275,40.678],[41.8302,40.682],[41.8298,40.6875],[41.8204,40.7041],[41.8258,40.721],[41.8262,40.7378],[41.8439,40.7678],[41.8506,40.7868],[41.8748,40.7956],[41.8806,40.8037],[41.881,40.8251],[41.8608,40.8423],[41.8572,40.8502],[41.8572,40.8649],[41.8823,40.8961],[41.9213,40.9176],[41.9391,40.9366],[41.9521,40.9459],[41.9701,40.9582],[41.9781,40.96],[42.0124,40.9592],[42.0541,40.9664],[42.0807,40.9644],[42.0967,40.9666],[42.1205,40.9659],[42.1365,40.9601],[42.1792,40.9637],[42.2017,40.9602],[42.2473,40.9381],[42.2665,40.9324],[42.3188,40.9273],[42.3416,40.9211],[42.3405,40.9104],[42.3448,40.8884],[42.361,40.8608],[42.37,40.8392],[42.3778,40.8308],[42.3899,40.8268],[42.4106,40.8237],[42.4499,40.8123],[42.4903,40.8063],[42.5139,40.7826],[42.5425,40.7627],[42.5594,40.7402],[42.562,40.7019],[42.5712,40.6821],[42.5729,40.6698],[42.5701,40.6562],[42.5624,40.6394],[42.5602,40.6155],[42.5501,40.5844],[42.5344,40.5729],[42.5294,40.5636],[42.525,40.5349],[42.5264,40.5185],[42.5321,40.4953],[42.5388,40.48],[42.5296,40.436],[42.5226,40.4213],[42.5151,40.415],[42.5004,40.4165],[42.4876,40.4104],[42.4505,40.4005],[42.4309,40.3846],[42.4084,40.3738],[42.3847,40.3745],[42.3554,40.38],[42.3369,40.3792],[42.3189,40.37],[42.3048,40.3674],[42.249,40.3726],[42.2378,40.3764],[42.2127,40.3907],[42.1921,40.3951],[42.1734,40.393],[42.1655,40.3869],[42.1596,40.3758],[42.1459,40.357],[42.1352,40.3316],[42.1294,40.3046],[42.1324,40.2818],[42.1378,40.2681],[42.1489,40.2499],[42.1625,40.2362],[42.1723,40.2299],[42.2093,40.2159],[42.2279,40.2067],[42.2355,40.1998],[42.2831,40.1881],[42.303,40.1734],[42.3914,40.1466],[42.4011,40.1373],[42.4163,40.1146],[42.4274,40.1074],[42.4499,40.0792],[42.4616,40.0693],[42.4682,40.0588],[42.4969,40.0395],[42.5321,40.0262],[42.5561,40.0042],[42.5669,39.9844],[42.5729,39.9596],[42.565,39.921],[42.5406,39.9267],[42.4944,39.9119],[42.4721,39.917],[42.4629,39.9163],[42.4342,39.9062],[42.3983,39.8746],[42.3819,39.8685],[42.3334,39.857],[42.3212,39.8482],[42.3,39.837],[42.2858,39.8212],[42.2871,39.7863],[42.2909,39.775],[42.3061,39.767],[42.3316,39.7604],[42.3494,39.7486],[42.3868,39.7305],[42.404,39.726],[42.4174,39.7109],[42.4291,39.6917],[42.4397,39.6822],[42.4537,39.6753],[42.4753,39.6704],[42.4868,39.6648],[42.501,39.6482],[42.5068,39.629],[42.5059,39.6126],[42.5123,39.5994],[42.5084,39.5933],[42.4959,39.5882],[42.4773,39.5711],[42.4663,39.552],[42.452,39.5352],[42.4178,39.5021],[42.4045,39.4977],[42.392,39.497],[42.3499,39.5014],[42.3277,39.4992],[42.3123,39.4908],[42.2946,39.4757],[42.2727,39.4617],[42.2482,39.4504],[42.2212,39.4345],[42.2149,39.4276],[42.2065,39.4086],[42.1866,39.3884],[42.1875,39.3754],[42.2001,39.3683],[42.2082,39.3588],[42.2159,39.3385],[42.2154,39.3219],[42.2083,39.3151],[42.1938,39.3071],[42.1859,39.299],[42.1679,39.2939],[42.1464,39.2919],[42.1116,39.284],[42.0833,39.2879],[42.0722,39.2854],[42.067,39.278],[42.0592,39.2548],[42.0472,39.2424],[42.0082,39.2226],[41.9947,39.2111],[41.9778,39.2015],[41.935,39.1914],[41.913,39.1979],[41.8998,39.1945],[41.8838,39.1838],[41.8606,39.1842],[41.8325,39.184],[41.8196,39.179],[41.8068,39.179],[41.7985,39.1718],[41.7919,39.1699],[41.742,39.1615],[41.7123,39.1629],[41.6493,39.1542],[41.6384,39.157],[41.6235,39.1551],[41.616,39.1575],[41.6088,39.1671],[41.602,39.2032],[41.6063,39.2205],[41.6245,39.2322],[41.6269,39.2367],[41.6275,39.2454],[41.6248,39.2516],[41.6183,39.2564],[41.5968,39.2583],[41.5576,39.2702],[41.5309,39.2816],[41.5004,39.2999],[41.4603,39.3166],[41.4144,39.3283],[41.3823,39.3302],[41.3211,39.3393],[41.258,39.3374],[41.2331,39.3412],[41.1996,39.365],[41.1726,39.3806],[41.1669,39.3941],[41.1513,39.406],[41.1431,39.4263],[41.1284,39.4331],[41.0871,39.4329]]]}},{"type":"Feature","properties":{"plaka":26},"geometry":{"type":"Polygon","coordinates":[[[30.672,39.0864],[30.6647,39.0908],[30.6432,39.0971],[30.5945,39.0964],[30.5705,39.1071],[30.5402,39.1362],[30.54,39.1558],[30.5323,39.1607],[30.5105,39.1853],[30.5025,39.1972],[30.501,39.2065],[30.4936,39.2185],[30.4504,39.227],[30.4384,39.2255],[30.3869,39.2781],[30.3805,39.2926],[30.3808,39.3185],[30.375,39.3284],[30.3535,39.3489],[30.3415,39.3557],[30.3349,39.3634],[30.3322,39.3716],[30.3321,39.3868],[30.3344,39.3913],[30.37,39.4036],[30.3798,39.4101],[30.3826,39.4165],[30.386,39.4331],[30.3658,39.4495],[30.3612,39.4595],[30.3599,39.4692],[30.365,39.48],[30.3774,39.4986],[30.3754,39.5085],[30.3709,39.5147],[30.323,39.5424],[30.2849,39.5537],[30.2651,39.5704],[30.2225,39.6139],[30.2147,39.6355],[30.2136,39.6428],[30.2011,39.6582],[30.1947,39.6613],[30.1768,39.6639],[30.1735,39.6784],[30.171,39.6819],[30.1658,39.6826],[30.1531,39.6814],[30.1267,39.6743],[30.1032,39.6717],[30.0721,39.6727],[30.0368,39.6661],[30.0265,39.6665],[30.0224,39.6748],[29.9931,39.6908],[29.9896,39.6954],[30.0003,39.73],[30.0065,39.7698],[30.0128,39.7825],[30.0301,39.7923],[30.0446,39.7967],[30.0539,39.8171],[30.0602,39.8237],[30.0713,39.8299],[30.123,39.8463],[30.1402,39.8546],[30.1736,39.8563],[30.2145,39.8495],[30.2259,39.8501],[30.2453,39.8406],[30.2586,39.8404],[30.2887,39.8592],[30.2986,39.8762],[30.2999,39.8865],[30.2941,39.9055],[30.2985,39.9244],[30.3041,39.9341],[30.3107,39.9401],[30.354,39.9402],[30.3587,39.9419],[30.3722,39.9546],[30.376,39.9601],[30.3745,39.9821],[30.3781,40.0051],[30.3828,40.0127],[30.4401,40.0117],[30.4552,40.0153],[30.4692,40.0221],[30.4806,40.0225],[30.4876,40.0256],[30.4916,40.0319],[30.4949,40.0456],[30.5062,40.057],[30.5238,40.0836],[30.5379,40.1135],[30.5776,40.1417],[30.5972,40.1467],[30.6186,40.1485],[30.6273,40.1455],[30.6334,40.148],[30.6459,40.1474],[30.6585,40.1528],[30.6913,40.1469],[30.7276,40.1545],[30.7401,40.1531],[30.7492,40.155],[30.7825,40.1523],[30.8025,40.1455],[30.8223,40.1445],[30.8173,40.1353],[30.8238,40.1205],[30.8377,40.096],[30.8451,40.0911],[30.8484,40.0843],[30.8546,40.0822],[30.8377,40.0741],[30.8543,40.0817],[30.8514,40.0745],[30.8572,40.0633],[30.8713,40.0593],[30.8836,40.0491],[30.8948,40.0506],[30.9115,40.0382],[30.927,40.0368],[30.9383,40.0293],[30.9558,40.0336],[30.9708,40.031],[31.0,40.0303],[31.0046,40.0255],[31.01,40.0255],[31.0166,40.0279],[31.0148,40.0354],[31.0171,40.0421],[31.0342,40.0499],[31.0489,40.0544],[31.0845,40.0512],[31.1008,40.054],[31.1093,40.0615],[31.1156,40.07],[31.1187,40.0708],[31.1279,40.0666],[31.1487,40.0665],[31.1625,40.0526],[31.187,40.0477],[31.2018,40.0484],[31.2078,40.0551],[31.214,40.0571],[31.2357,40.0609],[31.2658,40.0626],[31.2846,40.0589],[31.3087,40.0595],[31.3245,40.0549],[31.3323,40.0488],[31.34,40.0467],[31.383,40.0615],[31.393,40.0619],[31.4118,40.0522],[31.4273,40.0504],[31.431,40.0477],[31.4291,40.0436],[31.4187,40.0391],[31.4047,40.0404],[31.3884,40.035],[31.3883,40.0308],[31.396,40.0262],[31.4029,40.0173],[31.4138,40.0231],[31.425,40.0193],[31.4368,40.0209],[31.4543,40.0312],[31.4604,40.0414],[31.4649,40.0435],[31.4963,40.0212],[31.5039,40.0193],[31.5126,40.0215],[31.5262,40.0367],[31.5308,40.0383],[31.6058,40.0267],[31.6326,40.0272],[31.6495,40.0353],[31.6566,40.0441],[31.6605,40.0563],[31.6676,40.0587],[31.6727,40.0556],[31.6744,40.049],[31.6664,40.0361],[31.6657,40.0243],[31.6589,40.0155],[31.6597,40.011],[31.6656,40.0079],[31.6778,40.0088],[31.6938,40.0185],[31.7098,40.0234],[31.7089,40.0084],[31.6954,39.9921],[31.6988,39.9801],[31.7053,39.9718],[31.7135,39.9674],[31.7223,39.9658],[31.7334,39.9688],[31.7384,39.9655],[31.7407,39.9587],[31.7382,39.9413],[31.7394,39.9351],[31.7628,39.9162],[31.7717,39.9003],[31.7896,39.884],[31.7968,39.8796],[31.8111,39.8761],[31.8325,39.8777],[31.8471,39.8828],[31.857,39.8831],[31.8701,39.8706],[31.8519,39.8624],[31.8468,39.8563],[31.8488,39.8522],[31.8576,39.8496],[31.8803,39.8563],[31.8929,39.8567],[31.8979,39.8546],[31.8985,39.8519],[31.8833,39.8375],[31.872,39.8205],[31.8403,39.8083],[31.7977,39.7784],[31.7958,39.771],[31.7999,39.7324],[31.8165,39.697],[31.8476,39.6472],[31.8714,39.6182],[31.8845,39.5921],[31.8859,39.5742],[31.9017,39.5574],[31.9156,39.5242],[31.9295,39.5149],[31.9711,39.5099],[31.9894,39.5019],[31.9971,39.4953],[31.9877,39.4796],[31.9939,39.4657],[31.9954,39.4558],[31.9913,39.431],[32.0075,39.4203],[32.0065,39.4145],[31.999,39.4053],[31.9749,39.4015],[31.9705,39.396],[31.9919,39.3752],[31.9871,39.3688],[31.9783,39.3659],[31.9729,39.3555],[31.9797,39.3487],[31.9889,39.348],[31.9962,39.3434],[32.0018,39.3429],[32.0038,39.3335],[32.0159,39.3249],[32.0183,39.3206],[32.0202,39.3059],[32.0193,39.2808],[32.0067,39.2253],[32.0032,39.2209],[31.9974,39.2214],[31.968,39.2437],[31.9487,39.2328],[31.9298,39.2269],[31.9223,39.2129],[31.8948,39.1928],[31.8868,39.1839],[31.8723,39.1856],[31.8641,39.1782],[31.853,39.1764],[31.8483,39.1733],[31.8454,39.1612],[31.8377,39.1474],[31.8438,39.1355],[31.8196,39.137],[31.8005,39.1345],[31.7858,39.1248],[31.7762,39.1117],[31.7233,39.0761],[31.7134,39.0731],[31.7031,39.0727],[31.6649,39.0853],[31.6479,39.0852],[31.6369,39.0841],[31.586,39.0675],[31.5655,39.0787],[31.5559,39.0867],[31.5149,39.0974],[31.4911,39.1005],[31.4685,39.1002],[31.4384,39.1051],[31.4328,39.1106],[31.4307,39.1359],[31.4227,39.1463],[31.3986,39.161],[31.3913,39.1586],[31.3699,39.1638],[31.3516,39.164],[31.3342,39.1778],[31.3202,39.2003],[31.3022,39.2135],[31.2912,39.2314],[31.275,39.2359],[31.237,39.2383],[31.2059,39.2553],[31.1746,39.2606],[31.1582,39.2575],[31.1361,39.2673],[31.1137,39.2723],[31.1083,39.269],[31.0947,39.241],[31.0956,39.2316],[31.0992,39.2196],[31.1027,39.2158],[31.1043,39.2057],[31.1052,39.1901],[31.0999,39.1845],[31.085,39.1865],[31.0658,39.202],[31.0619,39.2027],[31.0417,39.1957],[31.0357,39.1891],[31.0365,39.1857],[31.0478,39.1729],[31.0506,39.1617],[31.0455,39.1552],[31.0335,39.1532],[31.0219,39.1609],[31.0128,39.1818],[30.995,39.1947],[30.9853,39.1967],[30.969,39.1953],[30.9576,39.1886],[30.9521,39.1823],[30.9338,39.2013],[30.9259,39.2038],[30.9077,39.2038],[30.8916,39.1996],[30.8841,39.1897],[30.8793,39.1721],[30.8799,39.1668],[30.8825,39.1648],[30.8965,39.1631],[30.9089,39.1575],[30.9161,39.1432],[30.9164,39.1294],[30.9126,39.1238],[30.8885,39.1177],[30.8505,39.1212],[30.84,39.1195],[30.8202,39.1081],[30.813,39.1012],[30.8064,39.0899],[30.8066,39.0832],[30.7958,39.0745],[30.7733,39.0707],[30.7623,39.065],[30.7089,39.0539],[30.702,39.0555],[30.681,39.0682],[30.6774,39.0727],[30.672,39.0864]]]}},{"type":"Feature","properties":{"plaka":27},"geometry":{"type":"Polygon","coordinates":[[[37.2551,36.6694],[37.2241,36.6718],[37.2158,36.6748],[37.1877,36.6651],[37.1795,36.6596],[37.1625,36.6555],[37.1582,36.6607],[37.1557,36.6601],[37.1421,36.6772],[37.1251,36.6656],[37.1142,36.6722],[37.1058,36.6717],[37.0992,36.6486],[37.0861,36.6342],[37.057,36.6453],[37.056,36.6557],[37.036,36.6648],[37.0207,36.6652],[37.0195,36.683],[37.0124,36.6858],[37.0184,36.6918],[37.0193,36.6971],[37.0333,36.699],[37.0409,36.7046],[37.0503,36.7257],[37.0469,36.7268],[37.0396,36.7366],[37.0151,36.7368],[36.9998,36.7399],[36.998,36.7465],[36.9997,36.7509],[36.9963,36.7528],[36.9961,36.7571],[36.9935,36.7588],[36.9976,36.7643],[36.9845,36.7617],[36.9725,36.763],[36.9555,36.77],[36.9457,36.7769],[36.9415,36.774],[36.9339,36.7735],[36.9327,36.7756],[36.9346,36.7794],[36.9286,36.7785],[36.9288,36.782],[36.9237,36.786],[36.9028,36.7776],[36.8934,36.7772],[36.8329,36.7918],[36.8085,36.7938],[36.7853,36.7988],[36.762,36.811],[36.753,36.8185],[36.7294,36.8208],[36.7249,36.8249],[36.7179,36.8261],[36.7198,36.8375],[36.7168,36.8275],[36.7049,36.8255],[36.6977,36.8273],[36.6802,36.8259],[36.6645,36.8291],[36.6541,36.8356],[36.6402,36.8367],[36.6238,36.8638],[36.6113,36.8738],[36.6013,36.8785],[36.5833,36.8782],[36.5532,36.872],[36.5311,36.8729],[36.508,36.8836],[36.4985,36.882],[36.4815,36.8864],[36.4678,36.8963],[36.4622,36.9067],[36.4714,36.9236],[36.4697,36.9304],[36.4721,36.9468],[36.4676,36.9591],[36.4757,36.9689],[36.4941,36.9818],[36.4929,36.9954],[36.4981,37.0022],[36.4984,37.0089],[36.5067,37.0161],[36.5342,37.025],[36.5508,37.045],[36.5676,37.0528],[36.582,37.0816],[36.5934,37.0859],[36.6056,37.1024],[36.6061,37.1067],[36.6147,37.1178],[36.6137,37.126],[36.6156,37.1319],[36.6214,37.1378],[36.6246,37.1515],[36.6352,37.1594],[36.6456,37.1611],[36.66,37.1732],[36.6794,37.183],[36.708,37.2098],[36.7125,37.2186],[36.7187,37.224],[36.7443,37.2292],[36.7653,37.2265],[36.7762,37.2343],[36.7919,37.2396],[36.8302,37.2432],[36.8396,37.2466],[36.8714,37.2752],[36.8777,37.2896],[36.8775,37.3052],[36.8808,37.3109],[36.8946,37.3191],[36.9035,37.3194],[36.9378,37.3071],[36.9544,37.3074],[36.9711,37.2992],[36.9795,37.2916],[36.9839,37.2743],[36.9839,37.2549],[37.0277,37.2521],[37.0321,37.2476],[37.0338,37.2348],[37.0433,37.2105],[37.0431,37.1931],[37.0494,37.184],[37.055,37.1805],[37.0759,37.1809],[37.0887,37.1949],[37.1006,37.1996],[37.109,37.2073],[37.1107,37.2287],[37.1151,37.2382],[37.1253,37.2445],[37.1347,37.2547],[37.1442,37.2586],[37.1524,37.2685],[37.1834,37.2785],[37.1911,37.2861],[37.2128,37.3198],[37.2209,37.3275],[37.2323,37.3334],[37.2475,37.3365],[37.2725,37.3327],[37.283,37.3293],[37.313,37.3131],[37.3333,37.3096],[37.345,37.3138],[37.3536,37.3245],[37.3784,37.3242],[37.3851,37.3288],[37.3922,37.3421],[37.4055,37.3443],[37.4417,37.3411],[37.4511,37.3479],[37.4544,37.3545],[37.4556,37.3842],[37.4728,37.3865],[37.5112,37.4021],[37.5188,37.4073],[37.5392,37.4316],[37.5459,37.4464],[37.5473,37.4657],[37.5505,37.4709],[37.596,37.4712],[37.6209,37.4782],[37.6331,37.4883],[37.6339,37.5044],[37.638,37.5161],[37.6452,37.5228],[37.6724,37.5365],[37.6976,37.5314],[37.7406,37.5314],[37.7519,37.5163],[37.762,37.5078],[37.8372,37.4761],[37.8564,37.4726],[37.8916,37.4736],[37.9303,37.4913],[37.9472,37.495],[37.9645,37.4906],[37.9773,37.4832],[38.0345,37.4717],[38.0583,37.4695],[38.0798,37.4514],[38.0812,37.4474],[38.0759,37.4438],[38.07,37.4321],[38.0643,37.4294],[38.0579,37.4306],[38.0439,37.4388],[38.0324,37.4413],[38.0093,37.435],[37.9917,37.4398],[37.9783,37.4367],[37.9714,37.4309],[37.9645,37.4158],[37.9416,37.4022],[37.9333,37.3859],[37.9044,37.3599],[37.8737,37.3418],[37.8739,37.3348],[37.8846,37.3304],[37.8867,37.3249],[37.8821,37.3208],[37.8664,37.3179],[37.8618,37.3144],[37.8508,37.2826],[37.8402,37.268],[37.8425,37.2579],[37.8485,37.2497],[37.8679,37.239],[37.8794,37.2269],[37.8826,37.2174],[37.8799,37.2122],[37.871,37.2116],[37.8521,37.2239],[37.8456,37.2245],[37.8389,37.2212],[37.8347,37.2102],[37.8347,37.2024],[37.8398,37.1861],[37.849,37.1702],[37.8721,37.1454],[37.8763,37.1366],[37.8763,37.1245],[37.8673,37.1083],[37.863,37.0916],[37.8616,37.0794],[37.8647,37.0721],[37.8773,37.0596],[37.9152,37.0405],[37.9378,37.0414],[37.9569,37.055],[37.9701,37.0561],[37.9756,37.0543],[37.9808,37.0471],[37.9801,37.0388],[37.9703,37.0177],[37.9627,37.0074],[37.9614,36.9961],[37.9681,36.9827],[37.9741,36.9765],[37.9836,36.9698],[37.9974,36.9651],[38.0014,36.9577],[38.0012,36.951],[38.0034,36.9336],[38.0125,36.9084],[38.0358,36.882],[38.0368,36.8681],[38.0259,36.8578],[38.022,36.8477],[38.0217,36.8402],[38.0269,36.8316],[38.0168,36.8253],[37.9946,36.8319],[37.9642,36.8207],[37.9399,36.818],[37.9248,36.8106],[37.9035,36.7915],[37.8791,36.7878],[37.8271,36.7684],[37.8012,36.7636],[37.786,36.7505],[37.7803,36.7488],[37.7784,36.7489],[37.7274,36.7515],[37.703,36.7574],[37.6988,36.7565],[37.6828,36.7438],[37.6733,36.7437],[37.6652,36.749],[37.6587,36.7492],[37.6222,36.7249],[37.5671,36.703],[37.5489,36.7279],[37.567,36.703],[37.4983,36.6754],[37.489,36.6672],[37.4878,36.65],[37.4723,36.6321],[37.4437,36.6321],[37.4255,36.6428],[37.4071,36.6439],[37.3945,36.6489],[37.3486,36.6579],[37.2793,36.6709],[37.2794,36.664],[37.2729,36.6636],[37.2551,36.6694]]]}},{"type":"Feature","properties":{"plaka":28},"geometry":{"type":"Polygon","coordinates":[[[38.4406,40.1337],[38.4347,40.1311],[38.4226,40.1314],[38.407,40.139],[38.4031,40.1434],[38.3849,40.1442],[38.3725,40.1484],[38.3432,40.1663],[38.323,40.1675],[38.319,40.1809],[38.3036,40.1847],[38.2812,40.1975],[38.2591,40.1986],[38.2442,40.2044],[38.229,40.2029],[38.2114,40.2083],[38.1937,40.2103],[38.1745,40.2178],[38.1707,40.224],[38.171,40.2305],[38.1749,40.246],[38.1836,40.2628],[38.1844,40.2926],[38.1717,40.3017],[38.1734,40.3202],[38.1594,40.3301],[38.1563,40.3354],[38.1508,40.4008],[38.1337,40.4302],[38.1311,40.4489],[38.1251,40.4588],[38.1231,40.4685],[38.13,40.482],[38.1299,40.4863],[38.1272,40.49],[38.1062,40.4983],[38.066,40.4973],[38.0589,40.4983],[38.0431,40.5066],[38.0369,40.5303],[38.048,40.5591],[38.0497,40.58],[38.047,40.5849],[38.0348,40.5946],[38.035,40.6025],[38.0302,40.6094],[38.0296,40.6154],[38.0102,40.6252],[37.9971,40.6369],[38.0132,40.6375],[38.0477,40.6541],[38.0359,40.6984],[38.0368,40.7151],[38.0238,40.7207],[38.0226,40.7287],[38.0092,40.7328],[37.9803,40.7354],[37.975,40.7407],[37.9702,40.7558],[38.012,40.761],[38.0183,40.772],[38.0169,40.7909],[38.0162,40.8043],[38.0113,40.8136],[38.0109,40.8207],[38.0143,40.8309],[38.0138,40.8429],[38.0203,40.8462],[38.0215,40.8499],[38.0218,40.8872],[38.0277,40.8881],[38.0337,40.8943],[38.0415,40.8978],[38.0555,40.895],[38.0695,40.8974],[38.0818,40.9038],[38.0841,40.9102],[38.0907,40.9156],[38.0969,40.9162],[38.1001,40.9196],[38.1101,40.9185],[38.1162,40.9204],[38.1168,40.928],[38.1145,40.9326],[38.1031,40.9346],[38.1014,40.939],[38.1049,40.9416],[38.1064,40.948],[38.1125,40.9516],[38.1163,40.9582],[38.129,40.9541],[38.1507,40.9527],[38.1802,40.9443],[38.19,40.9389],[38.2099,40.9379],[38.2538,40.9441],[38.2851,40.945],[38.3057,40.9358],[38.3099,40.9292],[38.3254,40.9191],[38.3588,40.9087],[38.3774,40.9149],[38.377,40.9168],[38.3786,40.9156],[38.385,40.9203],[38.3847,40.923],[38.3902,40.9246],[38.3954,40.9189],[38.4058,40.9147],[38.4199,40.9163],[38.4304,40.912],[38.4336,40.9124],[38.4356,40.9166],[38.4393,40.9145],[38.4489,40.9155],[38.459,40.9151],[38.4719,40.9188],[38.4864,40.9147],[38.5355,40.9205],[38.5548,40.9277],[38.5791,40.943],[38.5885,40.9451],[38.5939,40.9528],[38.5992,40.9543],[38.6195,40.9715],[38.6339,40.9733],[38.6494,40.9701],[38.6653,40.9554],[38.6839,40.949],[38.7188,40.9548],[38.7379,40.9634],[38.7788,40.9906],[38.7912,40.9956],[38.7942,41.0001],[38.8044,41.0027],[38.8147,41.0109],[38.8273,41.0063],[38.8453,41.0139],[38.8798,41.0158],[38.9232,41.042],[38.9332,41.0455],[38.9457,41.0401],[38.9654,41.039],[38.9857,41.0413],[39.0099,41.0358],[39.0225,41.0357],[39.0306,41.0387],[39.06,41.0416],[39.0765,41.0481],[39.0863,41.0483],[39.1251,41.0575],[39.1558,41.0766],[39.1659,41.0812],[39.1737,41.0806],[39.1755,41.0775],[39.1728,41.0705],[39.1659,41.0681],[39.164,41.0652],[39.1699,41.0575],[39.1601,41.0523],[39.162,41.0441],[39.1541,41.0366],[39.1549,41.0173],[39.1435,41.0066],[39.1467,40.9978],[39.1405,40.9833],[39.1459,40.9623],[39.1379,40.9506],[39.1338,40.9328],[39.1348,40.8996],[39.1388,40.8878],[39.1474,40.8787],[39.1446,40.8564],[39.1333,40.848],[39.1259,40.8293],[39.1358,40.81],[39.1095,40.7995],[39.0659,40.8023],[39.0569,40.8004],[39.0472,40.7912],[39.0375,40.7759],[39.0135,40.767],[39.0056,40.76],[38.993,40.7584],[38.9662,40.764],[38.9224,40.7606],[38.914,40.7482],[38.8987,40.7435],[38.8951,40.7341],[38.8951,40.7264],[38.8996,40.7124],[38.8994,40.6972],[38.8949,40.6931],[38.8685,40.6854],[38.8536,40.6718],[38.8445,40.6545],[38.8322,40.644],[38.8426,40.6331],[38.846,40.6232],[38.8412,40.6187],[38.8226,40.6121],[38.7994,40.5949],[38.7979,40.5892],[38.7997,40.5768],[38.7967,40.568],[38.7899,40.5541],[38.7899,40.5444],[38.7934,40.5306],[38.8003,40.5195],[38.8293,40.505],[38.8363,40.5045],[38.851,40.509],[38.8909,40.502],[38.8983,40.4929],[38.9128,40.4826],[38.9327,40.4835],[38.9769,40.4674],[38.9956,40.449],[39.0201,40.4318],[39.0493,40.3941],[39.0701,40.384],[39.0775,40.3711],[39.0805,40.3602],[39.0768,40.353],[39.0692,40.3491],[39.0279,40.3441],[39.0111,40.3381],[39.0022,40.3235],[38.9875,40.3076],[38.9698,40.2918],[38.9578,40.2854],[38.9449,40.2718],[38.9308,40.2505],[38.9104,40.2399],[38.9018,40.2327],[38.8871,40.1965],[38.8648,40.1774],[38.864,40.1672],[38.8685,40.1609],[38.8874,40.146],[38.955,40.1232],[38.965,40.1103],[38.9592,40.0793],[38.9621,40.0605],[38.9538,40.0583],[38.9394,40.0483],[38.919,40.0454],[38.8936,40.0509],[38.8792,40.0596],[38.8718,40.0612],[38.8472,40.0584],[38.8346,40.0594],[38.8137,40.0649],[38.7906,40.0761],[38.7698,40.0776],[38.766,40.0821],[38.759,40.0844],[38.7214,40.0807],[38.7099,40.0821],[38.6996,40.0854],[38.6757,40.1009],[38.6562,40.1078],[38.6429,40.1076],[38.627,40.111],[38.6077,40.1085],[38.5941,40.1118],[38.5747,40.1123],[38.5493,40.1103],[38.5312,40.1179],[38.5259,40.1278],[38.5274,40.1532],[38.5033,40.1611],[38.4887,40.1709],[38.4745,40.1721],[38.464,40.1663],[38.4406,40.1337]]]}},{"type":"Feature","properties":{"plaka":29},"geometry":{"type":"Polygon","coordinates":[[[39.9586,40.0453],[39.9318,40.0351],[39.924,40.0215],[39.8975,40.0002],[39.8722,39.9941],[39.854,39.9793],[39.8474,39.9664],[39.8261,39.9576],[39.8175,39.9434],[39.8086,39.9396],[39.7997,39.9271],[39.7917,39.923],[39.7784,39.9215],[39.7517,39.9055],[39.7147,39.9034],[39.6986,39.8912],[39.6718,39.8854],[39.662,39.879],[39.6363,39.8707],[39.6165,39.8552],[39.6029,39.8485],[39.5905,39.8444],[39.5822,39.8442],[39.542,39.8688],[39.5167,39.8767],[39.5042,39.8759],[39.4803,39.8658],[39.4593,39.8655],[39.4476,39.8747],[39.3989,39.8867],[39.3651,39.9027],[39.3069,39.9138],[39.2641,39.9291],[39.2014,39.938],[39.1904,39.9498],[39.1816,39.9706],[39.1555,39.9967],[39.1403,40.0021],[39.0916,40.0025],[39.0785,40.0053],[39.0557,40.0208],[39.0259,40.0362],[39.0138,40.0461],[38.9945,40.056],[38.9762,40.061],[38.9621,40.0605],[38.9592,40.0793],[38.965,40.1103],[38.9571,40.1215],[38.8874,40.146],[38.8729,40.1566],[38.864,40.1672],[38.8648,40.1774],[38.8882,40.1979],[38.8946,40.219],[38.9018,40.2327],[38.9104,40.2399],[38.9308,40.2505],[38.9449,40.2718],[38.9578,40.2854],[38.9698,40.2918],[38.9875,40.3076],[39.0022,40.3235],[39.0111,40.3381],[39.0279,40.3441],[39.0692,40.3491],[39.0768,40.353],[39.0805,40.3602],[39.0775,40.3711],[39.0701,40.384],[39.0657,40.3877],[39.0516,40.3921],[39.0201,40.4318],[38.9956,40.449],[38.9848,40.4615],[38.9731,40.4694],[38.9327,40.4835],[38.9128,40.4826],[38.8983,40.4929],[38.8909,40.502],[38.851,40.509],[38.8363,40.5045],[38.8293,40.505],[38.8003,40.5195],[38.7934,40.5306],[38.7899,40.5444],[38.7899,40.5541],[38.7997,40.5768],[38.798,40.5932],[38.8226,40.6121],[38.8444,40.6204],[38.846,40.6232],[38.8444,40.6303],[38.8322,40.644],[38.8445,40.6545],[38.8517,40.6692],[38.8607,40.6797],[38.8685,40.6854],[38.8983,40.6955],[38.8998,40.7104],[38.895,40.733],[38.8987,40.7435],[38.914,40.7482],[38.9224,40.7606],[38.9662,40.764],[38.993,40.7584],[39.0056,40.76],[39.016,40.7681],[39.0351,40.7736],[39.0561,40.8001],[39.0659,40.8023],[39.1095,40.7995],[39.1358,40.81],[39.1706,40.7985],[39.1866,40.7984],[39.1993,40.7909],[39.2222,40.7826],[39.2312,40.7683],[39.2641,40.7409],[39.2727,40.7255],[39.2957,40.7148],[39.317,40.6942],[39.3335,40.6901],[39.3566,40.6806],[39.3752,40.6771],[39.4167,40.6615],[39.4274,40.6531],[39.4334,40.6414],[39.4414,40.6331],[39.4523,40.6299],[39.465,40.6205],[39.4786,40.6186],[39.4931,40.6131],[39.5435,40.6161],[39.5492,40.6182],[39.5822,40.6136],[39.6021,40.6062],[39.6177,40.605],[39.6333,40.6061],[39.6543,40.6124],[39.6654,40.6128],[39.6841,40.6176],[39.7187,40.6408],[39.74,40.6641],[39.7554,40.6898],[39.7696,40.7059],[39.8215,40.7241],[39.8396,40.7237],[39.8465,40.7201],[39.8515,40.7142],[39.8496,40.6684],[39.8409,40.651],[39.8403,40.6319],[39.8453,40.6168],[39.8572,40.607],[39.8642,40.606],[39.8754,40.6076],[39.894,40.6222],[39.9055,40.6194],[39.9144,40.6052],[39.9179,40.5768],[39.9218,40.5673],[39.9473,40.5483],[39.9663,40.54],[39.9794,40.5398],[40.0188,40.5546],[40.0393,40.5701],[40.04,40.5793],[40.0361,40.5871],[39.9989,40.6095],[39.985,40.6264],[39.9832,40.6409],[39.9889,40.6461],[39.9958,40.6478],[40.0392,40.6518],[40.0478,40.6423],[40.055,40.6227],[40.0562,40.6091],[40.0968,40.6006],[40.1106,40.5939],[40.1165,40.5884],[40.1213,40.5782],[40.1288,40.5738],[40.1549,40.5704],[40.1934,40.5548],[40.2174,40.5516],[40.2264,40.5467],[40.2352,40.5372],[40.2598,40.5198],[40.2769,40.5143],[40.2947,40.5151],[40.3365,40.5199],[40.3576,40.5191],[40.3695,40.5225],[40.4061,40.5132],[40.4208,40.5185],[40.4599,40.5187],[40.4764,40.5277],[40.4853,40.5212],[40.5013,40.517],[40.527,40.5184],[40.5581,40.5214],[40.5864,40.5354],[40.5859,40.5157],[40.5819,40.4907],[40.5715,40.4769],[40.5644,40.4614],[40.5645,40.4486],[40.5553,40.4259],[40.5627,40.4119],[40.5805,40.394],[40.5848,40.3725],[40.5822,40.3615],[40.5708,40.3517],[40.5321,40.3428],[40.5263,40.3371],[40.5259,40.3292],[40.5466,40.2865],[40.5647,40.2775],[40.5754,40.2664],[40.5832,40.2637],[40.5942,40.2538],[40.604,40.2492],[40.6358,40.222],[40.6508,40.2196],[40.6591,40.221],[40.6679,40.2267],[40.688,40.2321],[40.7077,40.223],[40.7121,40.2141],[40.7125,40.2031],[40.6902,40.1464],[40.6776,40.1275],[40.668,40.1198],[40.6431,40.1138],[40.5747,40.0813],[40.5253,40.0688],[40.5116,40.063],[40.4915,40.0321],[40.4791,40.0256],[40.4698,40.0165],[40.4496,40.0083],[40.4111,40.0019],[40.3893,40.0045],[40.3575,40.015],[40.339,40.0186],[40.3308,40.0133],[40.308,40.0144],[40.2748,40.0373],[40.2528,40.0486],[40.2453,40.0503],[40.2066,40.0383],[40.1729,40.0378],[40.1463,40.0281],[40.1381,40.0306],[40.1292,40.0409],[40.1115,40.0522],[40.0931,40.0537],[40.0594,40.0659],[40.045,40.0807],[39.9758,40.0626],[39.9716,40.0556],[39.9586,40.0453]]]}},{"type":"Feature","properties":{"plaka":30},"geometry":{"type":"Polygon","coordinates":[[[44.5423,37.1197],[44.5332,37.1241],[44.5314,37.1205],[44.5249,37.1204],[44.5241,37.1146],[44.5139,37.1115],[44.5174,37.1016],[44.5116,37.1002],[44.5093,37.0965],[44.4913,37.0868],[44.4826,37.0871],[44.4781,37.0793],[44.4713,37.0786],[44.4655,37.0728],[44.4523,37.0703],[44.449,37.0716],[44.4413,37.065],[44.4315,37.0656],[44.42,37.0597],[44.4184,37.0552],[44.4142,37.0521],[44.4014,37.0509],[44.3996,37.0564],[44.3967,37.0499],[44.3939,37.0497],[44.392,37.0534],[44.3835,37.0587],[44.3697,37.0554],[44.365,37.0513],[44.3588,37.0514],[44.3555,37.0452],[44.3493,37.0434],[44.3488,37.0398],[44.3575,37.0306],[44.3622,37.0307],[44.3676,37.0238],[44.3614,37.0235],[44.361,37.0216],[44.3515,37.019],[44.342,37.0084],[44.3383,37.0076],[44.332,36.9993],[44.3293,36.9884],[44.3149,36.9849],[44.3116,36.9794],[44.3148,36.9646],[44.3113,36.9635],[44.288,36.9771],[44.2846,36.9911],[44.2784,36.9948],[44.25,36.9982],[44.2428,37.0109],[44.2362,37.0108],[44.2327,37.0178],[44.2291,37.0197],[44.2305,37.0226],[44.2277,37.0278],[44.2223,37.033],[44.2331,37.0385],[44.2288,37.0529],[44.2172,37.0594],[44.2177,37.0623],[44.2137,37.0671],[44.1996,37.0756],[44.1963,37.0753],[44.1923,37.0799],[44.1951,37.0918],[44.1846,37.0958],[44.1833,37.1023],[44.1853,37.1075],[44.2014,37.1194],[44.2046,37.1321],[44.2132,37.1352],[44.2232,37.1582],[44.2342,37.16],[44.2468,37.1558],[44.2762,37.1637],[44.2807,37.1766],[44.2786,37.1811],[44.2818,37.1853],[44.2765,37.1956],[44.28297,37.19806],[44.2807,37.198],[44.2708,37.1933],[44.265,37.1968],[44.2642,37.2011],[44.2708,37.212],[44.268,37.2164],[44.2703,37.2197],[44.2685,37.2304],[44.2703,37.2374],[44.2676,37.2441],[44.2599,37.2484],[44.2506,37.2493],[44.251,37.2513],[44.2467,37.2543],[44.2469,37.2594],[44.2427,37.2637],[44.2418,37.2692],[44.2286,37.2812],[44.2166,37.2803],[44.2081,37.2806],[44.1979,37.2884],[44.1941,37.2883],[44.1863,37.2941],[44.172,37.2965],[44.1638,37.3029],[44.1533,37.3005],[44.146,37.3093],[44.1275,37.3173],[44.1252,37.322],[44.1,37.3142],[44.0876,37.3161],[44.0835,37.3132],[44.0749,37.3145],[44.0684,37.3123],[44.0619,37.3199],[44.051,37.3189],[44.0409,37.3212],[44.0399,37.3246],[44.0343,37.3222],[44.0315,37.325],[44.024,37.316],[44.0214,37.3269],[44.0181,37.3266],[44.0143,37.3209],[44.0049,37.3153],[43.9977,37.3073],[43.9925,37.2974],[43.9708,37.2941],[43.9677,37.2911],[43.9539,37.2915],[43.9574,37.2702],[43.9439,37.2672],[43.9474,37.2567],[43.9429,37.2488],[43.9298,37.2455],[43.9388,37.2412],[43.9263,37.2367],[43.9194,37.223],[43.9009,37.2208],[43.8947,37.2179],[43.8886,37.2184],[43.8828,37.2223],[43.8528,37.2228],[43.8509,37.219],[43.8433,37.2155],[43.8396,37.2004],[43.8302,37.1924],[43.8284,37.1995],[43.8241,37.2009],[43.8151,37.21],[43.8117,37.2217],[43.8041,37.2259],[43.7864,37.2284],[43.7763,37.2269],[43.7493,37.2337],[43.7457,37.2328],[43.7458,37.2289],[43.7407,37.2274],[43.7354,37.2313],[43.7218,37.2336],[43.7061,37.2324],[43.7052,37.229],[43.6882,37.2339],[43.6864,37.2293],[43.6804,37.2263],[43.6538,37.2224],[43.6513,37.2244],[43.6452,37.2215],[43.6421,37.2165],[43.6379,37.2192],[43.6204,37.2199],[43.6166,37.2315],[43.6095,37.2376],[43.5948,37.2317],[43.5837,37.2381],[43.5774,37.2507],[43.5652,37.257],[43.5574,37.2508],[43.5367,37.2474],[43.5298,37.2485],[43.5195,37.244],[43.5139,37.2383],[43.5064,37.2427],[43.4959,37.2425],[43.4905,37.2477],[43.4741,37.2521],[43.4762,37.2618],[43.4687,37.2636],[43.4593,37.27],[43.4388,37.2736],[43.4163,37.2812],[43.4124,37.2837],[43.4079,37.292],[43.4035,37.2906],[43.3885,37.2984],[43.3888,37.3047],[43.3724,37.3066],[43.3695,37.3101],[43.3714,37.3166],[43.3636,37.3211],[43.3602,37.3272],[43.3402,37.3259],[43.3267,37.3253],[43.3246,37.3203],[43.3182,37.3169],[43.3169,37.3091],[43.3185,37.3047],[43.3024,37.3025],[43.2902,37.3109],[43.2697,37.3129],[43.2697,37.3279],[43.2495,37.3295],[43.2416,37.3441],[43.2344,37.3468],[43.2123,37.3454],[43.2011,37.3485],[43.1949,37.3564],[43.1868,37.3584],[43.1698,37.356],[43.1675,37.3591],[43.1619,37.3567],[43.161,37.3615],[43.1528,37.3646],[43.1522,37.3693],[43.1461,37.372],[43.1373,37.3692],[43.1318,37.3716],[43.1206,37.3701],[43.1161,37.3718],[43.099,37.3655],[43.0815,37.3671],[43.079,37.3652],[43.0711,37.3655],[43.0666,37.3593],[43.0603,37.3559],[43.0216,37.3528],[43.0211,37.3428],[43.0147,37.3379],[43.0111,37.3315],[42.9904,37.3275],[42.9889,37.3253],[42.9734,37.3251],[42.9591,37.3113],[42.9544,37.3122],[42.9474,37.3182],[42.9333,37.3181],[42.9183,37.327],[42.9045,37.3292],[42.8966,37.3273],[42.8802,37.3375],[42.8707,37.336],[42.8639,37.3442],[42.8508,37.3477],[42.8363,37.3418],[42.8269,37.3475],[42.8271,37.3528],[42.8217,37.3596],[42.8258,37.3606],[42.8253,37.3699],[42.8174,37.374],[42.7939,37.3797],[42.7887,37.379],[42.7844,37.3741],[42.7794,37.3745],[42.7735,37.364],[42.7552,37.3475],[42.746,37.3465],[42.7384,37.3362],[42.7294,37.3369],[42.7262,37.34],[42.7287,37.3437],[42.7199,37.3539],[42.7188,37.3608],[42.7093,37.3683],[42.7126,37.3708],[42.7167,37.3658],[42.7252,37.3664],[42.7292,37.3709],[42.7303,37.3797],[42.7054,37.3838],[42.7062,37.3889],[42.7012,37.3914],[42.7045,37.3938],[42.7007,37.399],[42.7056,37.4017],[42.7019,37.4079],[42.7022,37.412],[42.7156,37.4208],[42.7151,37.4231],[42.7193,37.4266],[42.7206,37.4368],[42.726,37.4397],[42.7206,37.4402],[42.7174,37.4445],[42.7012,37.4432],[42.6906,37.4453],[42.6816,37.4513],[42.6728,37.469],[42.6702,37.4821],[42.666,37.4817],[42.6622,37.4894],[42.6555,37.492],[42.6595,37.4938],[42.6575,37.4962],[42.6606,37.4992],[42.6577,37.5023],[42.6603,37.5072],[42.6591,37.5116],[42.6628,37.5237],[42.6677,37.5269],[42.6682,37.5303],[42.6748,37.5294],[42.7014,37.5346],[42.7085,37.5377],[42.7131,37.5434],[42.7189,37.5429],[42.7328,37.5502],[42.7416,37.5502],[42.7585,37.5615],[42.7655,37.5773],[42.7735,37.5792],[42.7801,37.5892],[42.7875,37.5911],[42.7964,37.5991],[42.8102,37.6027],[42.8146,37.6111],[42.8256,37.6224],[42.8337,37.6465],[42.8298,37.6651],[42.8309,37.6761],[42.855,37.6809],[42.8669,37.6915],[42.867,37.7252],[42.8771,37.7483],[42.8783,37.7634],[42.8871,37.7843],[42.9193,37.7829],[42.9315,37.7758],[42.9473,37.7596],[42.9714,37.7534],[42.9988,37.7534],[43.0532,37.7466],[43.1312,37.7487],[43.1708,37.7362],[43.2323,37.7347],[43.2682,37.741],[43.2983,37.7426],[43.3339,37.7368],[43.3469,37.74],[43.3814,37.7562],[43.4034,37.7579],[43.4581,37.748],[43.4939,37.738],[43.5365,37.733],[43.5642,37.7355],[43.5747,37.7398],[43.5947,37.7539],[43.6369,37.7745],[43.6772,37.7641],[43.6952,37.7641],[43.73,37.7591],[43.8263,37.7705],[43.8619,37.7675],[43.9096,37.7704],[43.9389,37.7771],[43.9746,37.7925],[43.9945,37.7956],[44.026,37.8059],[44.0401,37.8049],[44.0591,37.7991],[44.0886,37.796],[44.0907,37.7774],[44.0838,37.7637],[44.0828,37.7458],[44.08286,37.74555],[44.0838,37.7542],[44.0964,37.7608],[44.1242,37.7565],[44.1389,37.7403],[44.1518,37.7336],[44.2015,37.7317],[44.2103,37.732],[44.2444,37.7423],[44.2652,37.7609],[44.2912,37.7737],[44.3081,37.7791],[44.348,37.7839],[44.3872,37.7709],[44.4213,37.7697],[44.4343,37.767],[44.4459,37.7707],[44.4536,37.7658],[44.4698,37.7642],[44.4706,37.7624],[44.48,37.7709],[44.4924,37.7693],[44.5015,37.774],[44.5169,37.7753],[44.5235,37.7812],[44.5605,37.7799],[44.5652,37.7784],[44.5622,37.7693],[44.5849,37.7647],[44.5918,37.7608],[44.5901,37.7568],[44.5957,37.746],[44.6207,37.726],[44.621,37.7174],[44.6248,37.7074],[44.629,37.7035],[44.6276,37.7007],[44.6169,37.6892],[44.6082,37.6866],[44.5982,37.676],[44.591,37.6742],[44.5898,37.6701],[44.5743,37.6647],[44.5743,37.658],[44.5679,37.6429],[44.5681,37.6395],[44.573,37.6364],[44.5804,37.6363],[44.5934,37.6161],[44.6025,37.6136],[44.6143,37.6018],[44.6116,37.5872],[44.5996,37.5828],[44.5986,37.58],[44.6021,37.5755],[44.6056,37.5756],[44.6126,37.5704],[44.6081,37.5692],[44.6141,37.5648],[44.6127,37.5608],[44.6031,37.5592],[44.6011,37.5553],[44.6057,37.5494],[44.6127,37.5481],[44.6134,37.5445],[44.6072,37.538],[44.606,37.5302],[44.6015,37.5229],[44.6018,37.5132],[44.5865,37.5082],[44.5895,37.5002],[44.5962,37.4987],[44.5975,37.4952],[44.6015,37.4935],[44.6064,37.4832],[44.5973,37.4737],[44.5868,37.4733],[44.5877,37.4581],[44.5871,37.4512],[44.5809,37.4455],[44.5877,37.4385],[44.6065,37.4354],[44.6189,37.4369],[44.6336,37.4282],[44.6368,37.4232],[44.6346,37.4201],[44.6357,37.4165],[44.6433,37.4083],[44.6575,37.3994],[44.6538,37.3929],[44.6561,37.3847],[44.6837,37.3812],[44.6874,37.3841],[44.6977,37.3827],[44.7013,37.3799],[44.7107,37.3798],[44.722,37.3752],[44.7248,37.3541],[44.733,37.3453],[44.732,37.3414],[44.7503,37.3311],[44.7727,37.332],[44.7963,37.316],[44.8075,37.3056],[44.8153,37.2937],[44.8179,37.282],[44.8039,37.2633],[44.7774,37.2534],[44.7766,37.2489],[44.7674,37.2421],[44.7664,37.2376],[44.7599,37.2328],[44.758,37.2275],[44.7619,37.2229],[44.7604,37.2066],[44.7668,37.196],[44.7669,37.1819],[44.7815,37.1716],[44.7847,37.1601],[44.7883,37.1596],[44.7828,37.1555],[44.7847,37.1445],[44.7706,37.1544],[44.7714,37.1604],[44.7658,37.1666],[44.7576,37.168],[44.7563,37.1631],[44.7532,37.1618],[44.7523,37.164],[44.7412,37.1644],[44.7178,37.1744],[44.6999,37.1707],[44.6938,37.1761],[44.6857,37.1744],[44.6831,37.1708],[44.6782,37.1726],[44.6742,37.1699],[44.6611,37.1805],[44.6537,37.1819],[44.649,37.1883],[44.6448,37.189],[44.6406,37.1866],[44.6373,37.1919],[44.6348,37.1883],[44.6271,37.189],[44.6223,37.1868],[44.6204,37.1798],[44.6047,37.1734],[44.6005,37.1699],[44.6009,37.1659],[44.5874,37.1645],[44.5821,37.1614],[44.5759,37.1622],[44.5601,37.149],[44.5614,37.1453],[44.5585,37.1428],[44.5587,37.1386],[44.5527,37.1361],[44.5489,37.1289],[44.5519,37.1232],[44.5423,37.1197]]]}},{"type":"Feature","properties":{"plaka":31},"geometry":{"type":"Polygon","coordinates":[[[36.1694,35.8853],[36.1756,35.8694],[36.168,35.8294],[36.1612,35.8137],[36.1519,35.8085],[36.1422,35.8165],[36.1391,35.8325],[36.1343,35.8427],[36.1249,35.8526],[36.1171,35.856],[36.1158,35.8602],[36.1085,35.8659],[36.0991,35.8686],[36.0869,35.8674],[36.083,35.872],[36.0687,35.8691],[36.0481,35.8805],[36.0384,35.8782],[36.0256,35.8834],[36.0096,35.8806],[35.9988,35.8824],[36.0129,35.9138],[36.0181,35.9206],[36.0065,35.9405],[35.9775,35.9391],[35.9743,35.9345],[35.9634,35.9281],[35.948,35.9293],[35.932,35.9192],[35.9239,35.9214],[35.9177,35.9289],[35.9188,35.9481],[35.9233,35.9565],[35.9281,35.9567],[35.9294,35.9619],[35.9498,35.9787],[35.9579,35.9825],[35.9597,35.9921],[35.9804,36.0087],[35.9788,36.0227],[35.9523,36.0747],[35.9361,36.092],[35.9222,36.1158],[35.9134,36.1384],[35.8947,36.1664],[35.8674,36.1967],[35.8537,36.2204],[35.8405,36.2343],[35.8048,36.2741],[35.7918,36.2843],[35.7852,36.2941],[35.7821,36.301],[35.7852,36.3112],[35.7823,36.3183],[35.7901,36.3318],[35.8122,36.346],[35.8224,36.3631],[35.839,36.3718],[35.8553,36.3741],[35.8594,36.3804],[35.8612,36.3993],[35.8689,36.4034],[35.8787,36.4168],[35.8957,36.4191],[35.8985,36.4222],[35.9021,36.4403],[35.908,36.4459],[35.9267,36.4543],[35.9364,36.4624],[35.9863,36.48],[35.9993,36.4963],[36.0118,36.5027],[36.0212,36.5164],[36.0287,36.5202],[36.0355,36.5338],[36.0379,36.5352],[36.0386,36.5284],[36.0394,36.5361],[36.0853,36.5559],[36.1254,36.5783],[36.1372,36.581],[36.1456,36.5893],[36.1622,36.5958],[36.1763,36.5913],[36.1803,36.5933],[36.1842,36.5921],[36.1863,36.5952],[36.1894,36.5932],[36.1966,36.6084],[36.1977,36.631],[36.2112,36.64],[36.212,36.6537],[36.215,36.6587],[36.2144,36.6672],[36.1944,36.7042],[36.2034,36.7233],[36.204,36.7312],[36.1945,36.7441],[36.1945,36.7516],[36.1973,36.7584],[36.2043,36.7633],[36.206,36.767],[36.2056,36.7786],[36.2032,36.7793],[36.2046,36.7838],[36.1912,36.801],[36.1751,36.8209],[36.1704,36.8187],[36.1692,36.8204],[36.1739,36.8221],[36.1658,36.8312],[36.1697,36.8324],[36.1375,36.8712],[36.1189,36.8837],[36.0684,36.9107],[36.0581,36.9191],[36.0355,36.9285],[36.0162,36.9333],[36.006,36.9329],[35.9907,36.9243],[35.9828,36.9152],[35.9705,36.9091],[35.964,36.9014],[35.956,36.9106],[35.9624,36.9219],[35.9639,36.9376],[35.9821,36.9474],[35.9924,36.9604],[36.0146,36.97],[36.0487,36.9962],[36.0753,37.0047],[36.1069,36.9987],[36.1425,36.9973],[36.1841,37.005],[36.2163,37.0059],[36.2363,36.9882],[36.248,36.9879],[36.2536,36.9816],[36.2681,36.9815],[36.2756,36.9767],[36.2776,36.9721],[36.2736,36.9579],[36.2769,36.954],[36.3161,36.9436],[36.3218,36.9387],[36.3562,36.9272],[36.3985,36.9264],[36.4052,36.9292],[36.4141,36.9265],[36.4358,36.9275],[36.4399,36.9264],[36.4515,36.9133],[36.4617,36.9072],[36.4674,36.8968],[36.4826,36.8859],[36.4985,36.882],[36.508,36.8836],[36.5311,36.8729],[36.5532,36.872],[36.5833,36.8782],[36.6057,36.8771],[36.6238,36.8638],[36.6402,36.8367],[36.6541,36.8356],[36.659,36.8332],[36.6688,36.8245],[36.669,36.8214],[36.6716,36.8209],[36.6662,36.8163],[36.6668,36.8129],[36.6713,36.81],[36.6706,36.8005],[36.6669,36.8002],[36.6619,36.7931],[36.6575,36.7928],[36.6556,36.7891],[36.6451,36.7856],[36.6424,36.7807],[36.6433,36.7778],[36.6393,36.7739],[36.64,36.7693],[36.6347,36.7712],[36.6351,36.7679],[36.6277,36.7664],[36.6291,36.7627],[36.6256,36.762],[36.6134,36.7459],[36.6177,36.7379],[36.6189,36.7284],[36.6256,36.7206],[36.6302,36.7202],[36.6317,36.7133],[36.6291,36.7059],[36.6196,36.6941],[36.6131,36.691],[36.611,36.6826],[36.6077,36.677],[36.6031,36.6768],[36.5996,36.6724],[36.5891,36.6688],[36.588,36.6621],[36.5735,36.6591],[36.5789,36.6082],[36.5907,36.5852],[36.5841,36.5692],[36.575,36.529],[36.544,36.5017],[36.5466,36.5008],[36.5455,36.4973],[36.5484,36.498],[36.5492,36.4898],[36.543,36.4862],[36.5454,36.481],[36.5504,36.4805],[36.5552,36.474],[36.5544,36.4666],[36.5616,36.4638],[36.5577,36.4589],[36.5591,36.4574],[36.557,36.4547],[36.5588,36.4537],[36.5553,36.4523],[36.5575,36.4509],[36.5548,36.4434],[36.5591,36.4395],[36.5649,36.4402],[36.5659,36.4381],[36.5636,36.4267],[36.5657,36.4188],[36.5714,36.4195],[36.5749,36.4164],[36.5862,36.3917],[36.6076,36.3942],[36.6049,36.3884],[36.6053,36.3761],[36.6023,36.3732],[36.5966,36.3726],[36.5992,36.3687],[36.6187,36.3573],[36.6123,36.3527],[36.599,36.3495],[36.6058,36.3265],[36.6071,36.3255],[36.6052,36.3317],[36.6092,36.3325],[36.6098,36.3365],[36.6146,36.3382],[36.6177,36.335],[36.6241,36.3386],[36.6272,36.3376],[36.6273,36.3443],[36.6372,36.3423],[36.6423,36.3358],[36.6576,36.3389],[36.6581,36.334],[36.6659,36.3264],[36.6575,36.3167],[36.6589,36.3113],[36.6538,36.3116],[36.6563,36.3069],[36.6546,36.3066],[36.6559,36.2982],[36.6726,36.2989],[36.6815,36.2977],[36.6833,36.2949],[36.6956,36.2962],[36.6959,36.2885],[36.6921,36.288],[36.6863,36.2817],[36.684,36.2826],[36.6801,36.2713],[36.6975,36.2533],[36.6954,36.2432],[36.6811,36.2388],[36.6811,36.2331],[36.6756,36.2333],[36.6727,36.236],[36.6642,36.2358],[36.6669,36.2291],[36.6559,36.2291],[36.6335,36.2387],[36.6238,36.2388],[36.6199,36.2368],[36.6239,36.237],[36.6239,36.2343],[36.6288,36.2333],[36.6248,36.2291],[36.6251,36.2249],[36.6272,36.2246],[36.6234,36.2152],[36.6013,36.22],[36.6017,36.2218],[36.5901,36.2272],[36.5821,36.227],[36.5772,36.233],[36.5628,36.2371],[36.5596,36.2341],[36.5607,36.2306],[36.5528,36.224],[36.5345,36.2445],[36.526,36.2419],[36.5116,36.2425],[36.5073,36.24],[36.5012,36.2423],[36.5024,36.2388],[36.5001,36.2302],[36.5033,36.226],[36.5,36.2236],[36.4836,36.2326],[36.4869,36.2261],[36.4853,36.2206],[36.4879,36.2185],[36.4769,36.214],[36.4721,36.2081],[36.474,36.2014],[36.47,36.2011],[36.4693,36.1979],[36.4653,36.1969],[36.456,36.2026],[36.4566,36.2076],[36.432,36.2067],[36.3964,36.2245],[36.3881,36.218],[36.3843,36.2178],[36.38441,36.21792],[36.3813,36.2156],[36.3836,36.2132],[36.3879,36.2159],[36.3903,36.2145],[36.3884,36.2067],[36.3912,36.2106],[36.3938,36.2091],[36.3971,36.2022],[36.3924,36.2043],[36.3907,36.1973],[36.3946,36.195],[36.3935,36.1982],[36.396,36.1995],[36.3954,36.1969],[36.4001,36.194],[36.3994,36.1906],[36.3967,36.1922],[36.3965,36.1883],[36.3901,36.1885],[36.3866,36.1837],[36.3827,36.1855],[36.3874,36.1879],[36.3857,36.1896],[36.38075,36.18805],[36.3811,36.1881],[36.3806,36.1828],[36.3777,36.1838],[36.3724,36.1787],[36.3682,36.1799],[36.3744,36.1716],[36.3729,36.1699],[36.3701,36.1713],[36.3656,36.1673],[36.369,36.1655],[36.3679,36.1592],[36.3806,36.1548],[36.376,36.1525],[36.3787,36.1474],[36.3833,36.1493],[36.3891,36.1459],[36.3861,36.1439],[36.3877,36.1408],[36.3846,36.1402],[36.3825,36.1355],[36.3836,36.1304],[36.3755,36.1284],[36.3778,36.1252],[36.3714,36.1223],[36.3776,36.1224],[36.3798,36.1163],[36.3752,36.1189],[36.3701,36.1168],[36.3746,36.1137],[36.3751,36.1094],[36.3794,36.1107],[36.3814,36.109],[36.3812,36.1067],[36.3758,36.1062],[36.3748,36.1033],[36.3792,36.102],[36.3815,36.1051],[36.3857,36.1024],[36.3857,36.0947],[36.3811,36.0992],[36.3769,36.0984],[36.3898,36.0816],[36.3861,36.0773],[36.3865,36.0746],[36.3814,36.075],[36.3786,36.072],[36.3811,36.0652],[36.3791,36.0627],[36.381,36.058],[36.3788,36.0565],[36.3872,36.0524],[36.3858,36.0495],[36.3792,36.0485],[36.3802,36.0442],[36.3897,36.0414],[36.3807,36.0377],[36.3808,36.0342],[36.3776,36.0317],[36.3799,36.029],[36.3718,36.0247],[36.3735,36.0221],[36.3696,36.0195],[36.376,36.0189],[36.3743,36.0137],[36.3764,36.0113],[36.3654,36.0009],[36.3377,35.9882],[36.3026,36.01],[36.2888,36.01],[36.2859,36.0065],[36.2856,35.9828],[36.2987,35.9629],[36.2933,35.956],[36.2777,35.9498],[36.2688,35.953],[36.2607,35.9618],[36.2505,35.9632],[36.2028,35.9507],[36.1866,35.9383],[36.176,35.9209],[36.1745,35.894],[36.1694,35.8853]]]}},{"type":"Feature","properties":{"plaka":32},"geometry":{"type":"Polygon","coordinates":[[[30.7362,37.6307],[30.724,37.6471],[30.7273,37.6562],[30.7252,37.6612],[30.7181,37.6601],[30.7016,37.6515],[30.6721,37.6611],[30.6099,37.6619],[30.6018,37.6669],[30.5929,37.6832],[30.5867,37.6864],[30.5738,37.689],[30.5601,37.6869],[30.5235,37.7],[30.5052,37.7045],[30.4875,37.7056],[30.4793,37.7121],[30.4443,37.7283],[30.4351,37.7453],[30.4303,37.7682],[30.4297,37.7883],[30.4253,37.7964],[30.409,37.814],[30.3856,37.8316],[30.3778,37.8321],[30.2994,37.795],[30.2767,37.7879],[30.2413,37.7817],[30.2284,37.7759],[30.2176,37.7748],[30.1858,37.7792],[30.1634,37.7898],[30.1416,37.7889],[30.1128,37.8101],[30.1108,37.8133],[30.1168,37.8187],[30.1196,37.8258],[30.1506,37.8695],[30.1497,37.8879],[30.1531,37.9077],[30.1499,37.9202],[30.1558,37.9294],[30.1703,37.9402],[30.1737,37.953],[30.1854,37.9667],[30.1907,37.9792],[30.2327,37.9999],[30.2366,38.0058],[30.2391,38.019],[30.2568,38.034],[30.2749,38.0414],[30.3056,38.0454],[30.3208,38.0511],[30.3323,38.0524],[30.3395,38.0564],[30.3498,38.0741],[30.3527,38.0845],[30.3931,38.1117],[30.4004,38.1184],[30.4108,38.1356],[30.4424,38.1656],[30.47,38.1878],[30.4948,38.1791],[30.5102,38.1774],[30.527,38.167],[30.52558,38.16578],[30.5384,38.1641],[30.5517,38.1654],[30.5574,38.1706],[30.5623,38.184],[30.6147,38.2253],[30.6339,38.2324],[30.6445,38.2411],[30.6628,38.2512],[30.6925,38.2629],[30.7219,38.2686],[30.7323,38.2754],[30.7443,38.2893],[30.7515,38.2924],[30.7618,38.2927],[30.7742,38.2969],[30.8124,38.3226],[30.8271,38.3298],[30.8431,38.3572],[30.8565,38.373],[30.8639,38.3888],[30.8736,38.3903],[30.8803,38.3977],[30.9117,38.4075],[30.9263,38.4089],[30.9595,38.4178],[30.9668,38.4329],[30.9682,38.4447],[30.9793,38.4594],[30.9992,38.4703],[31.0189,38.4897],[31.0433,38.5065],[31.0673,38.5099],[31.093,38.505],[31.1116,38.5043],[31.1237,38.4882],[31.1486,38.4766],[31.1747,38.4571],[31.1802,38.4492],[31.2261,38.4368],[31.2414,38.4279],[31.2394,38.4172],[31.2407,38.4075],[31.2469,38.396],[31.2571,38.3851],[31.2784,38.3686],[31.2855,38.3409],[31.3124,38.292],[31.3421,38.2738],[31.3603,38.2585],[31.3994,38.2452],[31.4228,38.2293],[31.4379,38.2266],[31.4511,38.2188],[31.4763,38.1966],[31.5394,38.1681],[31.5636,38.1371],[31.5716,38.1203],[31.5733,38.1061],[31.5687,38.097],[31.5551,38.0858],[31.5466,38.074],[31.5412,38.0614],[31.5343,38.0543],[31.5297,38.0447],[31.521,38.0414],[31.5144,38.0347],[31.5043,38.0133],[31.5059,37.9837],[31.5047,37.9758],[31.4996,37.9663],[31.4845,37.9497],[31.4557,37.933],[31.4368,37.9154],[31.4343,37.9081],[31.4351,37.8837],[31.4418,37.87],[31.4619,37.852],[31.4681,37.8348],[31.4684,37.8117],[31.4627,37.7953],[31.4388,37.769],[31.4296,37.753],[31.4328,37.7296],[31.4317,37.7002],[31.422,37.6954],[31.4011,37.7],[31.3784,37.6989],[31.3625,37.6914],[31.3418,37.6734],[31.336,37.6632],[31.3346,37.6556],[31.3348,37.6317],[31.3447,37.6081],[31.354,37.5944],[31.3702,37.551],[31.3744,37.4907],[31.3726,37.4635],[31.3638,37.4288],[31.3607,37.4242],[31.3534,37.4205],[31.3463,37.4211],[31.3142,37.4359],[31.2981,37.4367],[31.2697,37.4258],[31.2574,37.4251],[31.2403,37.4171],[31.1923,37.4053],[31.1619,37.4012],[31.1344,37.3893],[31.1236,37.3882],[31.1082,37.3905],[31.0833,37.3678],[31.0594,37.3666],[31.0422,37.3552],[31.035,37.3447],[30.9993,37.3343],[30.9911,37.3359],[30.9739,37.348],[30.9449,37.3605],[30.9393,37.3721],[30.9289,37.3802],[30.9099,37.384],[30.9055,37.3874],[30.8888,37.3924],[30.8815,37.3977],[30.8669,37.3963],[30.848,37.4023],[30.846,37.4092],[30.8474,37.433],[30.8408,37.4581],[30.8335,37.465],[30.8251,37.4799],[30.8065,37.492],[30.7965,37.5084],[30.7837,37.5177],[30.7827,37.5338],[30.7602,37.5552],[30.7542,37.5723],[30.7521,37.5881],[30.7415,37.5988],[30.7435,37.6143],[30.7362,37.6307]]]}},{"type":"Feature","properties":{"plaka":33},"geometry":{"type":"MultiPolygon","coordinates":[[[[33.4049,36.1376],[33.4024,36.1315],[33.3931,36.1272],[33.3899,36.1396],[33.3596,36.1405],[33.3565,36.1426],[33.3563,36.1496],[33.3507,36.1533],[33.3357,36.1512],[33.3259,36.1465],[33.3185,36.1392],[33.3027,36.1334],[33.2994,36.1325],[33.2965,36.1354],[33.2906,36.1341],[33.289,36.1295],[33.2699,36.13],[33.2539,36.134],[33.2291,36.1289],[33.218,36.1301],[33.1951,36.1278],[33.1594,36.1376],[33.1334,36.1347],[33.1199,36.1271],[33.1114,36.1166],[33.107,36.1049],[33.0972,36.0968],[33.0935,36.0974],[33.0934,36.0913],[33.0881,36.0867],[33.0873,36.074],[33.0804,36.0705],[33.077,36.0715],[33.0805,36.0833],[33.0728,36.0845],[33.0662,36.0912],[33.0482,36.0957],[33.0299,36.0963],[33.0289,36.0933],[33.0231,36.0907],[33.017,36.0955],[33.0077,36.0947],[33.0031,36.1],[32.9707,36.1002],[32.9527,36.1043],[32.9417,36.1019],[32.9374,36.097],[32.9259,36.0882],[32.9038,36.0855],[32.8832,36.079],[32.8706,36.0787],[32.8738,36.075],[32.88,36.0739],[32.866,36.0689],[32.8405,36.0452],[32.8149,36.0352],[32.8012,36.0201],[32.7899,36.0276],[32.7365,36.033],[32.7186,36.0382],[32.7025,36.0378],[32.6895,36.0417],[32.6802,36.041],[32.6273,36.0709],[32.6028,36.0775],[32.5853,36.0896],[32.5924,36.1018],[32.5756,36.1153],[32.5736,36.1314],[32.563,36.1376],[32.5604,36.1417],[32.5644,36.1603],[32.5576,36.1851],[32.5631,36.2068],[32.5614,36.2296],[32.5645,36.2355],[32.5781,36.2391],[32.6052,36.2562],[32.6185,36.2673],[32.6224,36.2798],[32.6314,36.291],[32.6439,36.3149],[32.6524,36.3415],[32.6603,36.3878],[32.6559,36.3999],[32.6513,36.4307],[32.6435,36.443],[32.6361,36.4475],[32.6121,36.4549],[32.6016,36.4673],[32.5801,36.474],[32.5686,36.4801],[32.5818,36.4838],[32.6146,36.5096],[32.6374,36.5094],[32.674,36.5028],[32.7116,36.4861],[32.7547,36.4873],[32.7921,36.4827],[32.8315,36.4825],[32.8485,36.4795],[32.9769,36.4371],[33.0196,36.4378],[33.0333,36.436],[33.0427,36.4402],[33.047,36.4473],[33.0531,36.4823],[33.0499,36.4969],[33.0328,36.5278],[33.033,36.5354],[33.0368,36.5429],[33.0474,36.5502],[33.0509,36.5558],[33.0692,36.567],[33.0831,36.5724],[33.1037,36.5738],[33.1162,36.5811],[33.1219,36.5816],[33.1297,36.5781],[33.1421,36.5672],[33.1526,36.5528],[33.1637,36.5436],[33.1893,36.5296],[33.2091,36.5254],[33.2212,36.5291],[33.223,36.5324],[33.2098,36.5586],[33.1768,36.5951],[33.1462,36.6116],[33.1197,36.6148],[33.1071,36.6198],[33.0982,36.631],[33.083,36.6597],[33.0715,36.6675],[33.0655,36.692],[33.0587,36.7017],[33.032,36.7009],[32.9869,36.6878],[32.9781,36.6877],[32.976,36.7151],[32.9812,36.7309],[32.9823,36.7483],[32.9681,36.7671],[32.9595,36.7837],[32.9482,36.7902],[32.944,36.7998],[32.9436,36.8195],[32.9472,36.831],[32.9539,36.8484],[32.9578,36.8513],[32.978,36.8562],[32.9994,36.8547],[33.0372,36.8692],[33.0818,36.8687],[33.1018,36.8726],[33.1033,36.8652],[33.1114,36.8642],[33.1093,36.859],[33.1146,36.8542],[33.1159,36.8491],[33.1311,36.8442],[33.1474,36.8445],[33.1551,36.8502],[33.1645,36.8656],[33.1755,36.9038],[33.1971,36.9063],[33.2029,36.9106],[33.2132,36.9265],[33.2193,36.9289],[33.2376,36.9299],[33.2658,36.9234],[33.2776,36.9241],[33.3275,36.9412],[33.3366,36.9493],[33.3569,36.96],[33.398,36.96],[33.4316,36.9663],[33.4608,36.9762],[33.5094,36.979],[33.5418,36.9737],[33.5736,36.9775],[33.5892,36.9862],[33.6082,37.0158],[33.6177,37.0259],[33.6349,37.0363],[33.666,37.0366],[33.6838,37.0332],[33.7501,37.0129],[33.7775,37.008],[33.8268,37.0142],[33.8611,37.0335],[33.8805,37.0598],[33.9014,37.0791],[33.9662,37.1056],[33.9868,37.1189],[34.0069,37.1643],[34.0379,37.1747],[34.0468,37.1749],[34.0618,37.1822],[34.1115,37.19],[34.1339,37.1918],[34.1609,37.1869],[34.1787,37.1832],[34.2106,37.1881],[34.2208,37.1924],[34.2329,37.2015],[34.2434,37.2024],[34.2919,37.2155],[34.3151,37.2239],[34.358,37.2446],[34.3972,37.2587],[34.4106,37.2662],[34.4435,37.2918],[34.4472,37.2951],[34.4505,37.3036],[34.4466,37.3153],[34.4422,37.3209],[34.4209,37.3402],[34.434,37.3404],[34.445,37.3463],[34.4726,37.3763],[34.4998,37.3812],[34.5123,37.3755],[34.5347,37.3842],[34.5829,37.3906],[34.5937,37.3956],[34.6118,37.3981],[34.6271,37.4156],[34.6439,37.4216],[34.676,37.4269],[34.7063,37.4354],[34.7395,37.433],[34.7458,37.4281],[34.7679,37.4199],[34.7753,37.4213],[34.7778,37.3945],[34.7486,37.3562],[34.7598,37.3322],[34.7878,37.3034],[34.7985,37.2966],[34.814,37.292],[34.8366,37.2929],[34.8554,37.2967],[34.9104,37.2944],[34.9314,37.2856],[34.9409,37.2832],[34.9476,37.2843],[34.9621,37.2782],[34.9674,37.2738],[34.9626,37.2551],[34.9657,37.2489],[34.9654,37.2352],[34.9693,37.2293],[34.9695,37.2236],[34.9674,37.2172],[34.9638,37.2147],[34.954,37.2102],[34.9319,37.2071],[34.9226,37.1976],[34.9198,37.1868],[34.9278,37.177],[34.9309,37.1685],[34.9403,37.1597],[34.9466,37.1485],[34.957,37.1375],[34.9765,37.1305],[35.0128,37.1267],[35.0117,37.114],[35.0151,37.1001],[35.0098,37.0915],[35.0096,37.0862],[35.0124,37.0654],[35.0398,37.073],[35.0535,37.0734],[35.0737,37.0667],[35.0961,37.0544],[35.1154,37.0494],[35.1232,37.0434],[35.124,37.0317],[35.1189,37.0145],[35.1077,36.9911],[35.0973,36.9811],[35.0994,36.9613],[35.097,36.9443],[35.1189,36.9223],[35.139,36.9086],[35.1462,36.8311],[35.1514,36.8139],[35.151,36.7964],[35.1449,36.7917],[35.1337,36.7873],[35.1271,36.7917],[35.1217,36.7917],[35.0954,36.7832],[35.0908,36.7854],[35.0807,36.7968],[35.0755,36.7977],[35.0677,36.786],[35.0516,36.7785],[35.0434,36.7647],[35.0386,36.7655],[35.0348,36.777],[35.0265,36.7769],[35.0246,36.7703],[35.0305,36.7613],[35.0268,36.7568],[35.0202,36.7578],[35.0065,36.7673],[35.0033,36.7647],[35.01,36.7551],[35.0075,36.751],[35.0036,36.7516],[34.9948,36.7597],[34.971,36.7588],[34.9577,36.7407],[34.9298,36.741],[34.9049,36.7218],[34.899,36.7377],[34.8793,36.7611],[34.8539,36.7783],[34.8144,36.7969],[34.7881,36.8048],[34.7478,36.8114],[34.7215,36.8112],[34.7148,36.8083],[34.6972,36.8077],[34.696,36.8055],[34.6964,36.8074],[34.6922,36.8076],[34.6963,36.8045],[34.6925,36.805],[34.6912,36.8077],[34.6749,36.8083],[34.6722,36.8062],[34.6626,36.8059],[34.66108,36.80396],[34.6567,36.8025],[34.661,36.8051],[34.6552,36.8032],[34.6577,36.806],[34.6538,36.8082],[34.6513,36.8038],[34.6494,36.8061],[34.6487,36.7992],[34.6441,36.8041],[34.6377,36.7955],[34.636,36.7998],[34.6243,36.7898],[34.6279,36.7902],[34.6348,36.7843],[34.6421,36.7846],[34.6346,36.7838],[34.6295,36.788],[34.62,36.7851],[34.6068,36.78],[34.5757,36.7745],[34.5727,36.7732],[34.5738,36.771],[34.5726,36.7727],[34.5656,36.77],[34.56826,36.76851],[34.5647,36.7695],[34.5551,36.7629],[34.5474,36.7551],[34.5491,36.7509],[34.5456,36.7481],[34.5414,36.7382],[34.5118,36.7297],[34.5037,36.7226],[34.4753,36.7103],[34.4697,36.7039],[34.4678,36.7045],[34.4693,36.7033],[34.4666,36.7037],[34.4435,36.6844],[34.4296,36.6645],[34.4021,36.6553],[34.3609,36.6367],[34.3345,36.6199],[34.3191,36.6038],[34.3038,36.5992],[34.2686,36.5782],[34.2537,36.5637],[34.2577,36.5644],[34.252,36.5627],[34.2416,36.5511],[34.2332,36.5348],[34.2269,36.532],[34.2267,36.5279],[34.2321,36.5312],[34.2289,36.5273],[34.2248,36.5271],[34.2151,36.5192],[34.2126,36.5207],[34.2057,36.5169],[34.2026,36.51],[34.1987,36.509],[34.1949,36.502],[34.1832,36.4957],[34.1771,36.4846],[34.1781,36.4806],[34.174,36.4802],[34.1704,36.4758],[34.1684,36.468],[34.1486,36.4633],[34.1409,36.4576],[34.1337,36.4601],[34.1318,36.4557],[34.1348,36.454],[34.1276,36.4539],[34.1289,36.4503],[34.126,36.4468],[34.122,36.4501],[34.1202,36.4458],[34.1163,36.4474],[34.1143,36.444],[34.1196,36.4426],[34.1196,36.4406],[34.1182,36.4381],[34.111,36.438],[34.111,36.4337],[34.1133,36.4343],[34.1149,36.4315],[34.11,36.4263],[34.1077,36.4271],[34.1039,36.4226],[34.1002,36.4264],[34.0981,36.4215],[34.0903,36.4202],[34.0923,36.4177],[34.089,36.4153],[34.0849,36.4173],[34.0758,36.3605],[34.0794,36.3309],[34.0776,36.3205],[34.0679,36.3155],[34.0552,36.3138],[34.0491,36.3097],[34.0386,36.3114],[34.0332,36.3042],[34.0256,36.3047],[34.0167,36.3017],[34.0065,36.3081],[33.9973,36.3019],[33.9879,36.294],[33.9797,36.2816],[34.0102,36.2972],[34.0055,36.2906],[33.98,36.2715],[33.9714,36.2611],[33.9597,36.2375],[33.952,36.2337],[33.9491,36.236],[33.9487,36.2555],[33.9443,36.2731],[33.9378,36.2851],[33.9214,36.3007],[33.8989,36.3141],[33.8872,36.3174],[33.8688,36.3159],[33.8553,36.3052],[33.8474,36.2947],[33.8351,36.2874],[33.833,36.282],[33.8361,36.2762],[33.8332,36.2744],[33.8213,36.2753],[33.8149,36.2719],[33.8197,36.2641],[33.8186,36.2607],[33.8098,36.2554],[33.8048,36.2413],[33.8004,36.2361],[33.7847,36.2268],[33.7538,36.2153],[33.7037,36.1822],[33.706,36.181],[33.6901,36.1643],[33.6977,36.1521],[33.6987,36.1459],[33.6939,36.1377],[33.6866,36.1366],[33.6763,36.1389],[33.6724,36.1499],[33.6811,36.1594],[33.6742,36.161],[33.6626,36.1595],[33.6602,36.1616],[33.659,36.187],[33.6512,36.1933],[33.6478,36.1942],[33.6276,36.1869],[33.6046,36.1849],[33.5941,36.1771],[33.5863,36.1688],[33.5821,36.1601],[33.5728,36.156],[33.5741,36.1473],[33.5688,36.1378],[33.5642,36.1375],[33.5611,36.1287],[33.5385,36.1278],[33.5376,36.1366],[33.5451,36.1366],[33.5473,36.1389],[33.5436,36.1411],[33.5464,36.1441],[33.5434,36.1459],[33.5372,36.1426],[33.5304,36.1453],[33.5189,36.1455],[33.5092,36.1504],[33.4875,36.1535],[33.4779,36.1585],[33.4679,36.1576],[33.4633,36.1614],[33.4496,36.1536],[33.4423,36.155],[33.438,36.1496],[33.4316,36.1495],[33.4288,36.1519],[33.4219,36.1446],[33.4049,36.1376]]],[[[34.5754,36.7709],[34.5712,36.7677],[34.57042,36.76791],[34.5754,36.7709]]]]}},{"type":"Feature","properties":{"plaka":34},"geometry":{"type":"MultiPolygon","coordinates":[[[[28.873,40.9702],[28.8743,40.9692],[28.8648,40.9739],[28.8472,40.9735],[28.8496,40.971],[28.8477,40.9721],[28.8452,40.969],[28.8462,40.9669],[28.8406,40.9589],[28.8298,40.9547],[28.8257,40.9572],[28.8226,40.9571],[28.822,40.9552],[28.8253,40.9553],[28.8235,40.9545],[28.8092,40.9569],[28.805,40.9617],[28.7759,40.9766],[28.77546,40.97708],[28.76786,40.98164],[28.7671,40.9821],[28.76989,40.9814],[28.7715,40.981],[28.77268,40.97971],[28.7735,40.98044],[28.7756,40.9823],[28.77358,40.98563],[28.77323,40.98546],[28.7747,40.982],[28.7701,40.9815],[28.7688,40.9831],[28.7675,40.9847],[28.763,40.9801],[28.7573,40.9804],[28.7518,40.9795],[28.7399,40.9714],[28.7258,40.9715],[28.7252,40.9689],[28.7042,40.9736],[28.6974,40.9739],[28.6952,40.971],[28.6913,40.9723],[28.6842,40.9688],[28.6842,40.9634],[28.6836,40.9681],[28.6779,40.9679],[28.6764,40.9618],[28.6758,40.9651],[28.6745,40.962],[28.6724,40.9638],[28.67272,40.96514],[28.67243,40.96525],[28.6708,40.9617],[28.6705,40.9637],[28.665,40.9616],[28.6601,40.9639],[28.6214,40.9606],[28.5986,40.969],[28.5955,40.9734],[28.5994,40.9791],[28.596,40.9878],[28.597,40.9972],[28.5998,41.0084],[28.5963,41.0137],[28.5719,41.0194],[28.5654,41.0155],[28.5633,41.0167],[28.5629,41.0138],[28.5661,41.0147],[28.552,41.0073],[28.5508,41.0027],[28.5469,40.9996],[28.544,40.9861],[28.5412,40.9846],[28.5099,40.9991],[28.5017,41.0056],[28.4824,41.013],[28.4645,41.0253],[28.4186,41.0419],[28.3909,41.0481],[28.3705,41.0532],[28.3656,41.0515],[28.3437,41.0579],[28.3129,41.0574],[28.2794,41.064],[28.26,41.0628],[28.2492,41.0692],[28.2444,41.0694],[28.2395,41.0764],[28.2244,41.0779],[28.2183,41.0769],[28.211,41.0706],[28.1726,41.0737],[28.1281,41.0657],[28.1229,41.0598],[28.1166,41.0614],[28.0745,41.0567],[28.045,41.0427],[28.0288,41.0407],[28.0089,41.0314],[27.9873,41.0472],[27.9788,41.0576],[27.9758,41.0661],[27.9833,41.0722],[27.9816,41.0754],[27.9756,41.0754],[27.9743,41.0779],[27.9782,41.0821],[27.9746,41.0881],[27.9782,41.0981],[27.9846,41.1029],[27.9809,41.1109],[27.9827,41.1154],[27.9982,41.1353],[27.9981,41.1394],[28.0043,41.1489],[28.0114,41.156],[28.0092,41.1587],[28.0135,41.1597],[28.013,41.1661],[28.0184,41.1698],[28.0318,41.1931],[28.0057,41.2118],[27.9987,41.2205],[27.9977,41.2305],[27.9998,41.2402],[28.0184,41.2537],[28.0646,41.2688],[28.072,41.3],[28.0796,41.3271],[28.0904,41.3479],[28.0898,41.3717],[28.0991,41.3886],[28.1224,41.4101],[28.1243,41.4172],[28.1228,41.4279],[28.1158,41.4352],[28.1113,41.4648],[28.1045,41.4743],[28.0754,41.5012],[28.0745,41.5079],[28.0802,41.5133],[28.1112,41.5279],[28.1161,41.5354],[28.1165,41.5417],[28.1208,41.5424],[28.122,41.5472],[28.1197,41.5505],[28.1246,41.5544],[28.1235,41.5599],[28.1185,41.5622],[28.1332,41.5747],[28.1371,41.5809],[28.1463,41.5835],[28.1521,41.5799],[28.1652,41.5787],[28.1679,41.5742],[28.1828,41.5711],[28.1868,41.5672],[28.1813,41.5636],[28.1884,41.5588],[28.1857,41.5552],[28.1931,41.5532],[28.1929,41.5483],[28.1998,41.5487],[28.1994,41.5453],[28.2064,41.5387],[28.2226,41.5292],[28.2193,41.5282],[28.2207,41.5248],[28.2323,41.524],[28.2334,41.5198],[28.2446,41.5163],[28.2484,41.5108],[28.2503,41.5118],[28.2603,41.5072],[28.2615,41.5036],[28.2724,41.4964],[28.2785,41.4958],[28.4184,41.4367],[28.5206,41.3969],[28.5633,41.3828],[28.5765,41.3749],[28.6186,41.3576],[28.644,41.3494],[28.6559,41.3493],[28.6715,41.3432],[28.677,41.3433],[28.6792,41.3477],[28.6831,41.3485],[28.6878,41.3453],[28.6869,41.3432],[28.6838,41.3447],[28.6862,41.3415],[28.7258,41.3261],[28.7367,41.3289],[28.7551,41.32],[28.7626,41.3208],[28.7663,41.3171],[28.7855,41.312],[28.7882,41.3059],[28.7988,41.3014],[28.8117,41.305],[28.8251,41.2987],[28.8201,41.2988],[28.8197,41.2964],[28.8232,41.2937],[28.8256,41.2933],[28.8296,41.2975],[28.8308,41.2933],[28.8384,41.2873],[28.8647,41.2819],[28.8741,41.2845],[28.8729,41.279],[28.8753,41.2768],[28.9055,41.271],[28.9213,41.2722],[28.9409,41.2633],[28.9494,41.2627],[28.9476,41.2569],[28.9494,41.2626],[28.9612,41.2602],[28.9676,41.2539],[29.0191,41.2453],[29.0335,41.2465],[29.0336,41.2495],[29.0385,41.2519],[29.038,41.2566],[29.0417,41.2564],[29.0428,41.2537],[29.0491,41.257],[29.0606,41.2553],[29.0644,41.2508],[29.0675,41.2536],[29.0721,41.2517],[29.0723,41.2479],[29.0782,41.254],[29.0796,41.2488],[29.0844,41.25],[29.0846,41.2457],[29.0902,41.2478],[29.0913,41.2438],[29.0944,41.2453],[29.0983,41.2424],[29.0976,41.2402],[29.1026,41.2422],[29.105,41.2388],[29.1069,41.2398],[29.1059,41.237],[29.1113,41.2384],[29.109,41.2353],[29.1161,41.234],[29.1147,41.2289],[29.1152,41.2335],[29.1132,41.2342],[29.1119,41.2314],[29.1139,41.2297],[29.1064,41.2212],[29.1068,41.2169],[29.1114,41.2142],[29.1057,41.2067],[29.1001,41.2061],[29.0914,41.2004],[29.0815,41.1876],[29.0766,41.1851],[29.0727,41.175],[29.0606,41.1708],[29.0571,41.1657],[29.0362,41.1566],[29.0444,41.1497],[29.0523,41.147],[29.0578,41.1397],[29.0541,41.1387],[29.061,41.1357],[29.0716,41.1245],[29.0702,41.1203],[29.0617,41.1132],[29.05612,41.11365],[29.05606,41.11333],[29.0584,41.1127],[29.0593,41.1094],[29.0535,41.099],[29.0535,41.0953],[29.0571,41.0909],[29.0555,41.0816],[29.055,41.084],[29.0553,41.0815],[29.0441,41.0777],[29.0463,41.0679],[29.0417,41.0661],[29.0365,41.0595],[29.0327,41.0498],[28.9958,41.0368],[28.9884,41.0282],[28.9769,41.0211],[28.971,41.022],[28.9672,41.0249],[28.9656,41.0312],[28.9523,41.0349],[28.949,41.0414],[28.9414,41.0456],[28.9393,41.0515],[28.9476,41.0555],[28.9475,41.063],[28.9452,41.0641],[28.9479,41.0646],[28.9437,41.0647],[28.9467,41.0571],[28.9383,41.0549],[28.9351,41.0502],[28.9396,41.0426],[28.9449,41.0405],[28.9501,41.032],[28.9573,41.0285],[28.9662,41.0196],[28.9768,41.0167],[28.9866,41.0174],[28.9876,41.0103],[28.9856,41.0062],[28.9783,41.0011],[28.955,41.0027],[28.9521,41.0021],[28.9533,40.9991],[28.9521,41.0013],[28.9367,41.0012],[28.92784,40.99185],[28.92786,40.99183],[28.93,40.9928],[28.9294,40.991],[28.9192,40.9879],[28.9012,40.9794],[28.8913,40.98],[28.8767,40.9743],[28.8784,40.9724],[28.873,40.9702]]],[[[28.8796,40.9724],[28.8749,40.9689],[28.8743,40.9692],[28.8796,40.9724]]],[[[29.0526,40.5657],[29.0413,40.5654],[29.0168,40.5588],[29.0096,40.5489],[28.9836,40.5523],[28.9677,40.5581],[28.9582,40.5546],[28.9499,40.5578],[28.9503,40.5677],[28.9468,40.5741],[28.9174,40.5815],[28.9058,40.5911],[28.933,40.6013],[28.9512,40.6129],[28.9554,40.6189],[28.952,40.6171],[28.954,40.6201],[28.9659,40.6338],[28.9964,40.6459],[29.0034,40.6447],[29.0076,40.6465],[29.0131,40.6441],[29.0471,40.6485],[29.0679,40.6444],[29.0794,40.6467],[29.1079,40.6438],[29.1162,40.6475],[29.1317,40.6505],[29.1289,40.6488],[29.138,40.6495],[29.1453,40.6563],[29.1442,40.6613],[29.162,40.6558],[29.2065,40.6564],[29.231,40.6576],[29.2455,40.6612],[29.2419,40.6576],[29.2468,40.6587],[29.2468,40.6606],[29.2472,40.6586],[29.2615,40.6575],[29.2675,40.6603],[29.2668,40.6589],[29.2732,40.6593],[29.2739,40.6613],[29.276,40.6599],[29.278,40.6621],[29.2806,40.6599],[29.3075,40.6678],[29.3226,40.6807],[29.3448,40.6825],[29.3849,40.7119],[29.3918,40.7104],[29.3963,40.7121],[29.4205,40.6985],[29.4313,40.6978],[29.4368,40.6998],[29.4391,40.6771],[29.4326,40.6623],[29.4315,40.652],[29.45,40.6318],[29.4545,40.6219],[29.4523,40.6142],[29.4398,40.6054],[29.4346,40.598],[29.4282,40.5824],[29.4289,40.5695],[29.4242,40.567],[29.4211,40.5588],[29.4215,40.547],[29.419,40.5451],[29.3866,40.5553],[29.3717,40.5653],[29.3468,40.5615],[29.3288,40.554],[29.3113,40.5508],[29.2783,40.5378],[29.2448,40.5282],[29.2233,40.5256],[29.2008,40.5248],[29.1851,40.5274],[29.1681,40.5411],[29.1104,40.5621],[29.0766,40.5604],[29.0526,40.5657]]],[[[28.9902,40.8663],[28.9922,40.8659],[28.9961,40.8648],[28.9922,40.8635],[28.9902,40.8663]]],[[[29.0953,40.8692],[29.0869,40.8682],[29.0884,40.8704],[29.0852,40.8717],[29.0823,40.8705],[29.0831,40.8675],[29.0748,40.8689],[29.0758,40.8741],[29.09,40.8802],[29.0888,40.8832],[29.0931,40.885],[29.0986,40.8838],[29.1041,40.8741],[29.1026,40.8754],[29.1014,40.8736],[29.1039,40.8735],[29.0953,40.8692]]],[[[29.0573,40.8831],[29.0564,40.8869],[29.0695,40.8847],[29.0696,40.8804],[29.0723,40.8791],[29.0638,40.874],[29.054,40.876],[29.0522,40.8783],[29.0573,40.8831]]],[[[29.0538,40.9129],[29.0572,40.9067],[29.0538,40.9035],[29.0468,40.9024],[29.0391,40.912],[29.0496,40.9144],[29.0538,40.9129]]],[[[29.0872,40.9546],[29.0816,40.9534],[29.0722,40.9577],[29.0684,40.9627],[29.0575,40.9633],[29.0487,40.9693],[29.0454,40.9696],[29.042,40.9653],[29.0366,40.9692],[29.0321,40.9668],[29.0336,40.9739],[29.0339,40.9711],[29.0361,40.9728],[29.0365,40.9694],[29.0382,40.971],[29.0346,40.9765],[29.0361,40.9743],[29.0396,40.9754],[29.0388,40.9778],[29.0361,40.9769],[29.0384,40.9786],[29.0337,40.9814],[29.0344,40.9829],[29.0221,40.9783],[29.0147,40.9927],[29.0233,40.9923],[29.0227,40.9963],[29.0169,41.0],[29.0208,40.9963],[29.0184,40.9956],[29.0154,41.0006],[29.0115,41.001],[29.0103,41.0027],[29.0135,41.0027],[29.0124,41.0045],[29.0067,41.0074],[29.0103,41.0073],[29.0068,41.011],[29.0098,41.0093],[29.0094,41.014],[29.0111,41.0132],[29.0067,41.0232],[29.052,41.0483],[29.0523,41.0616],[29.057,41.0669],[29.0553,41.0735],[29.0636,41.0764],[29.0646,41.0789],[29.0676,41.0819],[29.0659,41.082],[29.0655,41.093],[29.0674,41.0945],[29.0643,41.0977],[29.0662,41.1028],[29.0732,41.107],[29.0833,41.1077],[29.0823,41.1096],[29.0857,41.1132],[29.0957,41.1174],[29.0977,41.1221],[29.0915,41.1343],[29.0716,41.1424],[29.0779,41.1544],[29.0723,41.1614],[29.0741,41.1655],[29.0868,41.1703],[29.0884,41.1734],[29.087,41.1787],[29.1063,41.1808],[29.1087,41.184],[29.1126,41.1831],[29.1198,41.1901],[29.1184,41.2003],[29.13,41.2024],[29.1318,41.2047],[29.1292,41.2078],[29.1401,41.2123],[29.1497,41.2131],[29.1523,41.2158],[29.1506,41.218],[29.1538,41.2196],[29.1618,41.217],[29.165,41.2245],[29.1987,41.2205],[29.2165,41.2246],[29.2149,41.2311],[29.2184,41.2314],[29.2195,41.229],[29.2239,41.2307],[29.2287,41.2283],[29.234,41.2302],[29.2413,41.2279],[29.2454,41.2318],[29.2564,41.2352],[29.2568,41.2322],[29.2603,41.2305],[29.2655,41.2312],[29.2675,41.2286],[29.2706,41.2297],[29.2907,41.2224],[29.3313,41.21543],[29.3317,41.2164],[29.3626,41.2108],[29.3718,41.2129],[29.3789,41.2115],[29.3893,41.2157],[29.3924,41.2125],[29.4452,41.1985],[29.4584,41.1973],[29.4979,41.1864],[29.5764,41.1719],[29.5999,41.1724],[29.6037,41.1755],[29.6021,41.1772],[29.6093,41.1782],[29.6063,41.1812],[29.5999,41.1787],[29.6073,41.1823],[29.6181,41.1777],[29.6243,41.1799],[29.6259,41.175],[29.6333,41.1743],[29.6332,41.1721],[29.6408,41.1697],[29.645,41.172],[29.6464,41.1689],[29.6591,41.1654],[29.6679,41.1667],[29.6789,41.162],[29.6994,41.1643],[29.7083,41.159],[29.7289,41.158],[29.732,41.1554],[29.742,41.1601],[29.7501,41.1589],[29.753,41.1614],[29.7533,41.1585],[29.7564,41.1574],[29.7677,41.1606],[29.7767,41.1586],[29.7765,41.1561],[29.7797,41.1585],[29.7891,41.1556],[29.7892,41.1519],[29.7958,41.1538],[29.8192,41.1438],[29.8464,41.1391],[29.8512,41.141],[29.8533,41.1397],[29.8519,41.142],[29.8609,41.1437],[29.8654,41.1414],[29.8733,41.1434],[29.8755,41.1389],[29.8948,41.1435],[29.9052,41.1429],[29.9074,41.1405],[29.9108,41.1434],[29.9135,41.1361],[29.9141,41.1164],[29.9215,41.098],[29.9213,41.0935],[29.916,41.0888],[29.9054,41.0878],[29.8953,41.0835],[29.8896,41.0664],[29.8669,41.0267],[29.8488,41.0134],[29.8255,41.0069],[29.8135,41.0069],[29.7753,41.0213],[29.76,41.024],[29.7464,41.032],[29.7394,41.032],[29.7221,41.0278],[29.7161,41.0234],[29.7125,41.0183],[29.7091,41.0005],[29.6938,40.9828],[29.6744,40.9689],[29.6668,40.9668],[29.6327,40.9683],[29.6192,40.9757],[29.6094,40.9936],[29.5816,41.0215],[29.5496,41.032],[29.5318,41.034],[29.5304,41.0314],[29.5274,41.0315],[29.5247,41.0345],[29.5257,41.0377],[29.5167,41.0443],[29.5115,41.0401],[29.5082,41.0415],[29.5087,41.0377],[29.5027,41.032],[29.4997,41.0191],[29.5052,41.0006],[29.505,40.9939],[29.4885,40.9769],[29.4815,40.9607],[29.4668,40.9516],[29.4604,40.9446],[29.4578,40.9363],[29.4562,40.9121],[29.4461,40.9031],[29.4392,40.8908],[29.4337,40.8869],[29.3854,40.8601],[29.3682,40.8558],[29.3632,40.8521],[29.3617,40.8492],[29.3712,40.8378],[29.3663,40.831],[29.3623,40.8164],[29.35,40.8244],[29.3399,40.8106],[29.3296,40.8167],[29.3188,40.8195],[29.3097,40.8115],[29.2978,40.8167],[29.2937,40.8157],[29.2934,40.8131],[29.2768,40.8142],[29.2651,40.8115],[29.2616,40.8088],[29.2652,40.8093],[29.2636,40.8051],[29.2571,40.8027],[29.2587,40.8077],[29.2546,40.8145],[29.2653,40.819],[29.2619,40.8165],[29.2673,40.8151],[29.2691,40.8195],[29.2753,40.8205],[29.2797,40.8265],[29.2777,40.8317],[29.2712,40.8319],[29.26679,40.83515],[29.2694,40.8366],[29.2641,40.8401],[29.2706,40.8481],[29.2672,40.8423],[29.2705,40.838],[29.2731,40.8388],[29.2711,40.8374],[29.2724,40.836],[29.2781,40.8338],[29.2813,40.8349],[29.2795,40.8366],[29.2842,40.8401],[29.2817,40.8424],[29.2855,40.8431],[29.2837,40.8444],[29.2891,40.8427],[29.2916,40.8458],[29.2898,40.8503],[29.2875,40.8503],[29.2894,40.8508],[29.2869,40.8526],[29.28732,40.85505],[29.2854,40.8543],[29.2743,40.8556],[29.2711,40.858],[29.2638,40.8547],[29.2524,40.8592],[29.2591,40.8571],[29.265,40.86],[29.2574,40.8657],[29.2559,40.8596],[29.2543,40.8627],[29.2581,40.867],[29.2394,40.8746],[29.2346,40.8744],[29.2386,40.8713],[29.23847,40.87129],[29.23807,40.87125],[29.23775,40.87121],[29.2377,40.87121],[29.2374,40.87118],[29.23739,40.87118],[29.2336,40.8708],[29.2363,40.869],[29.2371,40.8706],[29.23701,40.86899],[29.23708,40.86898],[29.2377,40.8704],[29.2377,40.8686],[29.2384,40.8702],[29.2385,40.8684],[29.2393,40.87],[29.2394,40.8682],[29.2405,40.8705],[29.2395,40.8677],[29.2272,40.871],[29.2158,40.8779],[29.2192,40.8851],[29.2157,40.878],[29.1883,40.8871],[29.179,40.8859],[29.1558,40.9002],[29.1428,40.9025],[29.1382,40.9067],[29.1087,40.9419],[29.1037,40.9435],[29.0949,40.9519],[29.09862,40.9544],[29.0904,40.9514],[29.0944,40.95],[29.0883,40.9513],[29.0872,40.9546]]],[[[29.1476,40.8469],[29.1404,40.8506],[29.1438,40.8556],[29.1476,40.8469]]],[[[29.124,40.8378],[29.1141,40.8384],[29.1098,40.8419],[29.1146,40.8464],[29.1101,40.8539],[29.113,40.8597],[29.1073,40.8614],[29.1146,40.8624],[29.1148,40.8707],[29.1282,40.8753],[29.1367,40.8743],[29.1388,40.87],[29.1258,40.8569],[29.1265,40.8463],[29.1241,40.844],[29.124,40.8378]]]]}},{"type":"Feature","properties":{"plaka":35},"geometry":{"type":"MultiPolygon","coordinates":[[[[26.4376,38.1884],[26.4401,38.1866],[26.4398,38.1829],[26.4363,38.1857],[26.4376,38.1884]]],[[[26.4342,38.1935],[26.428,38.1953],[26.4336,38.198],[26.4342,38.1935]]],[[[26.448,38.1966],[26.4418,38.1984],[26.4526,38.2012],[26.448,38.1966]]],[[[26.5991,38.4335],[26.5901,38.4306],[26.5876,38.4323],[26.584,38.4264],[26.5891,38.4214],[26.6004,38.4159],[26.6108,38.4227],[26.6108,38.4195],[26.6157,38.4154],[26.614,38.4116],[26.6173,38.4095],[26.6166,38.4034],[26.623,38.4008],[26.6251,38.3949],[26.6229,38.3921],[26.6265,38.3897],[26.6299,38.3807],[26.6401,38.3787],[26.6443,38.3722],[26.6453,38.3577],[26.6407,38.3479],[26.6438,38.3402],[26.6524,38.3376],[26.6548,38.3349],[26.652,38.3292],[26.6564,38.3305],[26.6585,38.3266],[26.6657,38.3228],[26.6681,38.3161],[26.6744,38.3113],[26.6928,38.312],[26.7022,38.3154],[26.7038,38.3199],[26.6999,38.3228],[26.7019,38.328],[26.7001,38.3323],[26.6935,38.3359],[26.6954,38.3402],[26.6924,38.3441],[26.6869,38.3471],[26.6746,38.3477],[26.6769,38.3522],[26.6756,38.3587],[26.6783,38.3603],[26.6842,38.3545],[26.6832,38.3516],[26.6889,38.3514],[26.6807,38.3659],[26.6827,38.3739],[26.6766,38.3783],[26.6757,38.3922],[26.6791,38.395],[26.6784,38.3972],[26.6864,38.4027],[26.683,38.4102],[26.6863,38.4111],[26.6856,38.4138],[26.6885,38.4179],[26.6941,38.4198],[26.6969,38.4257],[26.7053,38.4294],[26.7069,38.4343],[26.711,38.4327],[26.715,38.4272],[26.7226,38.4271],[26.7242,38.4285],[26.7202,38.4369],[26.7315,38.4301],[26.729,38.4265],[26.7327,38.4221],[26.7321,38.4264],[26.7356,38.4293],[26.7405,38.4213],[26.7357,38.4179],[26.7362,38.4128],[26.7423,38.4021],[26.7556,38.3989],[26.7482,38.3985],[26.7509,38.3951],[26.7493,38.3934],[26.7543,38.388],[26.7625,38.3841],[26.7624,38.372],[26.7688,38.3654],[26.779,38.3634],[26.7853,38.3744],[26.7837,38.3788],[26.7874,38.3793],[26.7925,38.3775],[26.7799,38.3639],[26.7923,38.3575],[26.8092,38.3557],[26.8246,38.3673],[26.855,38.3735],[26.8934,38.3799],[26.9004,38.379],[26.9243,38.3846],[26.9237,38.374],[26.9252,38.385],[26.9331,38.3834],[26.9555,38.3913],[26.9807,38.3966],[26.9984,38.408],[26.9969,38.4067],[27.0103,38.409],[27.017,38.4152],[27.0172,38.4182],[27.0202,38.4156],[27.0173,38.412],[27.0212,38.4153],[27.0345,38.4137],[27.0328,38.4127],[27.0354,38.4109],[27.0516,38.4128],[27.046,38.4121],[27.0458,38.4092],[27.0546,38.4057],[27.058,38.4072],[27.0573,38.4132],[27.0518,38.4132],[27.0597,38.4152],[27.0685,38.4057],[27.0714,38.4058],[27.0636,38.3984],[27.06372,38.39792],[27.0713,38.4038],[27.0868,38.3987],[27.1001,38.407],[27.1187,38.4108],[27.1292,38.4221],[27.1282,38.4243],[27.1304,38.4229],[27.133,38.4285],[27.1315,38.4293],[27.1332,38.4287],[27.1428,38.4427],[27.1459,38.4429],[27.1487,38.4474],[27.1474,38.4424],[27.1513,38.4428],[27.1546,38.4476],[27.1592,38.4457],[27.1573,38.4427],[27.1591,38.4418],[27.1623,38.4467],[27.1626,38.4418],[27.167,38.4398],[27.1685,38.4453],[27.1662,38.4484],[27.171,38.4472],[27.1669,38.4561],[27.157,38.4674],[27.1553,38.4652],[27.1537,38.4671],[27.1501,38.4652],[27.1505,38.4636],[27.12989,38.46671],[27.1346,38.465],[27.1353,38.4626],[27.1331,38.4647],[27.1243,38.4555],[27.1205,38.4555],[27.1125,38.449],[27.109,38.449],[27.0989,38.4535],[27.0977,38.4518],[27.0941,38.4551],[27.095,38.4529],[27.0934,38.4535],[27.0936,38.456],[27.0891,38.4571],[27.0785,38.4674],[27.07,38.4672],[27.068,38.4642],[27.0647,38.4593],[27.0716,38.4627],[27.0728,38.4607],[27.0622,38.4587],[27.0633,38.4628],[27.06,38.4624],[27.0605,38.4597],[27.0572,38.4608],[27.0556,38.4621],[27.0604,38.4648],[27.057,38.4636],[27.0559,38.4654],[27.0567,38.463],[27.0544,38.4631],[27.0524,38.4655],[27.0553,38.4675],[27.0531,38.4683],[27.0514,38.4662],[27.0465,38.4676],[27.0469,38.4651],[27.0405,38.4661],[27.0394,38.4638],[27.0342,38.4672],[27.0308,38.466],[27.0322,38.4684],[27.027,38.4683],[27.0224,38.4665],[27.0317,38.4639],[27.0237,38.4633],[27.022,38.4651],[27.01883,38.4628],[27.0181,38.4668],[27.0162,38.4644],[27.0147,38.4666],[27.0156,38.4637],[27.01,38.4623],[27.0104,38.4591],[27.0138,38.4612],[27.0104,38.458],[27.0099,38.4631],[26.9991,38.4575],[26.9953,38.4584],[26.9951,38.4619],[26.9936,38.4558],[26.9917,38.4587],[26.9934,38.4594],[26.991,38.4596],[26.9926,38.4547],[26.991,38.454],[26.9887,38.4605],[26.9887,38.4546],[26.9846,38.4578],[26.9834,38.4551],[26.9866,38.4533],[26.9858,38.4518],[26.9836,38.4534],[26.9836,38.4505],[26.9825,38.4538],[26.9828,38.45],[26.9797,38.4533],[26.9804,38.4486],[26.9762,38.4554],[26.9732,38.4548],[26.9746,38.4515],[26.9704,38.4536],[26.9747,38.4473],[26.9723,38.4426],[26.9768,38.4397],[26.9712,38.4357],[26.9722,38.4335],[26.9679,38.4365],[26.9712,38.4393],[26.9674,38.4486],[26.9656,38.448],[26.9689,38.4523],[26.9632,38.4474],[26.9628,38.4431],[26.9607,38.4455],[26.9549,38.4452],[26.9549,38.4389],[26.953,38.4432],[26.9532,38.4378],[26.944,38.428],[26.9512,38.4368],[26.9489,38.4416],[26.9515,38.4406],[26.952,38.4434],[26.9243,38.4601],[26.9196,38.4603],[26.9241,38.4608],[26.9221,38.4689],[26.9195,38.4713],[26.9163,38.4703],[26.9178,38.4738],[26.9086,38.4869],[26.8838,38.5041],[26.8887,38.5141],[26.8777,38.5174],[26.8811,38.5191],[26.8784,38.523],[26.8799,38.5273],[26.8754,38.5296],[26.8815,38.53],[26.8826,38.5342],[26.8736,38.5347],[26.85,38.5423],[26.8454,38.5459],[26.8459,38.5505],[26.8431,38.5499],[26.8305,38.5566],[26.8398,38.5558],[26.8413,38.558],[26.8383,38.5612],[26.8468,38.5602],[26.8432,38.5629],[26.8443,38.5649],[26.8418,38.5679],[26.8484,38.5755],[26.845,38.5811],[26.8401,38.5803],[26.8382,38.5897],[26.8345,38.5875],[26.8305,38.5776],[26.8249,38.5906],[26.8187,38.5869],[26.8159,38.5879],[26.8182,38.5903],[26.8154,38.5909],[26.81836,38.59574],[26.8136,38.5888],[26.8165,38.5943],[26.8098,38.5949],[26.8117,38.5967],[26.8074,38.5977],[26.8079,38.6017],[26.8003,38.5993],[26.8035,38.6035],[26.8009,38.6043],[26.8018,38.6078],[26.7992,38.6109],[26.7931,38.61],[26.7791,38.6177],[26.7754,38.6163],[26.7743,38.6126],[26.7684,38.6165],[26.7649,38.6146],[26.7643,38.6166],[26.7568,38.6158],[26.759,38.6197],[26.7563,38.6235],[26.7571,38.6267],[26.7544,38.6284],[26.7643,38.633],[26.7646,38.6367],[26.7705,38.6355],[26.7661,38.641],[26.7493,38.6344],[26.7437,38.6376],[26.7429,38.6453],[26.7358,38.6447],[26.7332,38.6477],[26.7349,38.6527],[26.7332,38.6543],[26.726,38.6547],[26.7254,38.6501],[26.7228,38.652],[26.7234,38.6563],[26.7282,38.6556],[26.7346,38.6602],[26.7341,38.6671],[26.7407,38.6635],[26.7426,38.6684],[26.7457,38.6686],[26.7452,38.6646],[26.7488,38.6637],[26.7535,38.6662],[26.7507,38.6696],[26.7549,38.6697],[26.754,38.6735],[26.7464,38.6785],[26.7332,38.6754],[26.7413,38.6814],[26.734,38.6858],[26.7365,38.689],[26.7316,38.6907],[26.7287,38.6949],[26.733,38.7048],[26.7282,38.7079],[26.7297,38.7091],[26.7281,38.7107],[26.7305,38.7111],[26.7286,38.7153],[26.7314,38.7157],[26.7325,38.7193],[26.7267,38.7211],[26.7299,38.7234],[26.7282,38.7262],[26.7376,38.7321],[26.7426,38.7321],[26.7419,38.7359],[26.7388,38.7373],[26.7396,38.7416],[26.7486,38.7409],[26.7577,38.7361],[26.7594,38.7392],[26.764,38.7406],[26.7669,38.738],[26.7682,38.7423],[26.7705,38.7415],[26.7683,38.7375],[26.7699,38.7348],[26.7727,38.7368],[26.7718,38.7389],[26.7794,38.7403],[26.7783,38.7382],[26.7808,38.7366],[26.7845,38.7395],[26.7837,38.7421],[26.7868,38.7434],[26.7874,38.7471],[26.7902,38.7459],[26.791,38.7486],[26.7956,38.7464],[26.8021,38.7503],[26.8129,38.7517],[26.8169,38.7574],[26.8246,38.7613],[26.8313,38.7614],[26.8324,38.756],[26.8379,38.7529],[26.8323,38.7488],[26.8338,38.7438],[26.8371,38.7421],[26.8508,38.7487],[26.8508,38.7515],[26.8576,38.7531],[26.8753,38.7363],[26.8837,38.7328],[26.8946,38.734],[26.89866,38.73855],[26.8986,38.7386],[26.9011,38.7452],[26.8966,38.7491],[26.9,38.7524],[26.904,38.7513],[26.907,38.7533],[26.904,38.7592],[26.9073,38.7608],[26.9055,38.7635],[26.9073,38.7665],[26.916,38.7634],[26.915,38.7657],[26.9188,38.7619],[26.9196,38.7655],[26.9201,38.7601],[26.9217,38.7592],[26.9216,38.7621],[26.9246,38.7574],[26.9246,38.761],[26.9302,38.7562],[26.9346,38.7582],[26.9394,38.7655],[26.9302,38.7733],[26.9302,38.7785],[26.9328,38.7806],[26.927,38.7811],[26.9253,38.7768],[26.9252,38.7799],[26.9113,38.7939],[26.9119,38.7963],[26.9048,38.807],[26.8974,38.8102],[26.8914,38.8207],[26.8921,38.8239],[26.8955,38.8255],[26.8992,38.8214],[26.9145,38.8176],[26.9235,38.827],[26.9444,38.8362],[26.9459,38.8259],[26.9421,38.8128],[26.949,38.8097],[26.9506,38.8049],[26.9568,38.8029],[26.9751,38.8064],[26.9826,38.8192],[26.9839,38.8257],[26.9782,38.8295],[26.9639,38.8308],[26.9635,38.8331],[26.9637,38.8305],[26.962,38.8311],[26.97,38.847],[26.9758,38.8476],[26.9756,38.8448],[26.9793,38.849],[26.9864,38.8471],[26.9886,38.8486],[26.9872,38.8535],[26.9907,38.8566],[27.0022,38.8571],[27.0056,38.8592],[27.0073,38.8668],[27.0169,38.8678],[27.0237,38.8725],[27.027,38.8718],[27.0197,38.8659],[27.0197,38.8626],[27.0246,38.8589],[27.027,38.8596],[27.0254,38.8613],[27.028,38.8629],[27.0253,38.8682],[27.0346,38.8613],[27.0287,38.8625],[27.0321,38.855],[27.035,38.8562],[27.0356,38.8624],[27.0392,38.8628],[27.0442,38.8687],[27.0501,38.8677],[27.0557,38.8698],[27.0564,38.8669],[27.0593,38.8662],[27.0636,38.8715],[27.0603,38.8767],[27.0626,38.8785],[27.0653,38.8759],[27.0659,38.879],[27.0618,38.8868],[27.0518,38.8932],[27.0471,38.8935],[27.0443,38.8909],[27.038,38.8927],[27.0367,38.8967],[27.0419,38.898],[27.0447,38.9035],[27.0444,38.9096],[27.0573,38.9137],[27.0504,38.9306],[27.0501,38.9343],[27.0451,38.9406],[27.033,38.9413],[27.0247,38.9292],[27.0152,38.9295],[27.0073,38.9225],[27.0073,38.92],[27.011,38.9188],[27.0175,38.9205],[27.0189,38.9168],[27.0059,38.915],[26.9865,38.9226],[26.9702,38.9331],[26.9633,38.9395],[26.9789,38.9515],[26.9757,38.956],[26.9713,38.9556],[26.9478,38.9378],[26.9435,38.9394],[26.9366,38.9376],[26.9357,38.9342],[26.9391,38.926],[26.9333,38.9279],[26.9325,38.9339],[26.9243,38.9387],[26.8915,38.9258],[26.8856,38.9254],[26.8813,38.9182],[26.8552,38.9163],[26.8515,38.9189],[26.8577,38.9238],[26.8521,38.9326],[26.8328,38.9348],[26.8242,38.9393],[26.8127,38.95],[26.8046,38.9522],[26.7999,38.9594],[26.7963,38.986],[26.7985,38.9977],[26.8157,39.0257],[26.8144,39.0282],[26.8066,39.0242],[26.8023,39.0248],[26.7998,39.0337],[26.8088,39.0421],[26.8312,39.0442],[26.8512,39.0578],[26.8598,39.0578],[26.8679,39.0646],[26.8809,39.0647],[26.8861,39.0679],[26.8868,39.0739],[26.8753,39.1004],[26.8371,39.1402],[26.8081,39.1648],[26.7826,39.1694],[26.7698,39.1668],[26.796,39.1994],[26.8182,39.212],[26.8257,39.2208],[26.8292,39.23],[26.8395,39.2348],[26.8561,39.236],[26.872,39.2336],[26.8782,39.2356],[26.8849,39.2419],[26.8874,39.2454],[26.887,39.2527],[26.9048,39.2633],[26.9075,39.2688],[26.9663,39.2917],[26.9869,39.2949],[27.0239,39.311],[27.0289,39.3153],[27.0422,39.3171],[27.0494,39.3262],[27.0607,39.3326],[27.0992,39.3442],[27.1139,39.3596],[27.1567,39.3649],[27.1832,39.365],[27.1935,39.3629],[27.2103,39.3668],[27.2223,39.3621],[27.2406,39.3601],[27.275,39.3647],[27.2932,39.3766],[27.3031,39.3886],[27.3109,39.3928],[27.3282,39.3934],[27.3412,39.3868],[27.3553,39.3879],[27.3661,39.3856],[27.3696,39.3837],[27.3712,39.3731],[27.3809,39.3569],[27.3875,39.3521],[27.402,39.3508],[27.411,39.3454],[27.4156,39.3368],[27.4156,39.3263],[27.4216,39.3102],[27.4352,39.2932],[27.4644,39.2698],[27.4757,39.265],[27.4872,39.2552],[27.4861,39.2475],[27.4792,39.2367],[27.4765,39.2232],[27.4724,39.2183],[27.465,39.1719],[27.4587,39.161],[27.462,39.1494],[27.4874,39.1376],[27.5032,39.1242],[27.5052,39.1169],[27.5012,39.0933],[27.5021,39.0845],[27.5108,39.0754],[27.5226,39.047],[27.532,39.0381],[27.5301,39.0317],[27.5055,39.0117],[27.4948,39.007],[27.4851,38.9981],[27.4682,38.988],[27.4644,38.9695],[27.4679,38.9582],[27.4663,38.9465],[27.4537,38.9306],[27.407,38.9234],[27.3922,38.9285],[27.3701,38.9258],[27.3503,38.9347],[27.3462,38.9339],[27.3388,38.9291],[27.3289,38.9174],[27.3102,38.9172],[27.2915,38.9134],[27.2727,38.9159],[27.2611,38.9142],[27.2455,38.904],[27.2269,38.8778],[27.216,38.8723],[27.2066,38.8706],[27.1912,38.8711],[27.185,38.8768],[27.18,38.8778],[27.1602,38.867],[27.1526,38.8655],[27.1504,38.8617],[27.1571,38.8392],[27.1563,38.8351],[27.1364,38.8309],[27.125,38.8185],[27.1132,38.814],[27.1053,38.8039],[27.1004,38.7895],[27.1002,38.7782],[27.1195,38.7743],[27.1305,38.7657],[27.1331,38.7594],[27.1333,38.7477],[27.1409,38.7406],[27.1436,38.7341],[27.1683,38.7358],[27.1836,38.7326],[27.2026,38.724],[27.2231,38.7033],[27.2226,38.6976],[27.2095,38.6884],[27.2088,38.6836],[27.2161,38.6736],[27.2327,38.6676],[27.2378,38.6626],[27.2364,38.632],[27.2419,38.6086],[27.2364,38.5932],[27.2443,38.5776],[27.2514,38.574],[27.259,38.5649],[27.2741,38.5539],[27.2855,38.5578],[27.2904,38.5568],[27.305,38.543],[27.3324,38.5416],[27.3376,38.5376],[27.3488,38.534],[27.3718,38.5383],[27.3766,38.5405],[27.3849,38.5546],[27.3974,38.5597],[27.4057,38.5584],[27.4164,38.5495],[27.4267,38.5468],[27.4329,38.5385],[27.4507,38.5426],[27.4639,38.5367],[27.4677,38.5339],[27.4789,38.5151],[27.4843,38.4979],[27.4964,38.494],[27.5107,38.4829],[27.5298,38.4788],[27.5597,38.46],[27.572,38.4606],[27.5791,38.4693],[27.5911,38.4721],[27.6032,38.484],[27.6083,38.4846],[27.663,38.4706],[27.6804,38.4555],[27.6982,38.4465],[27.6993,38.4379],[27.7106,38.4205],[27.7063,38.4091],[27.7167,38.3855],[27.7089,38.365],[27.7012,38.3507],[27.7032,38.3477],[27.7433,38.3299],[27.7814,38.3418],[27.7862,38.3414],[27.7971,38.3345],[27.8155,38.3311],[27.839,38.3276],[27.8591,38.3214],[27.8863,38.319],[27.8917,38.3212],[27.8949,38.3324],[27.8886,38.3507],[27.8876,38.3741],[27.8913,38.384],[27.893,38.4007],[27.9023,38.4106],[27.9272,38.409],[27.9412,38.399],[27.9571,38.3936],[27.986,38.3943],[27.9899,38.4014],[27.998,38.4044],[28.016,38.399],[28.0513,38.3976],[28.0607,38.3877],[28.0809,38.3789],[28.1327,38.3713],[28.1503,38.3665],[28.1678,38.3655],[28.1769,38.3618],[28.1972,38.3456],[28.2412,38.3284],[28.2704,38.325],[28.2901,38.3135],[28.3079,38.3212],[28.316,38.3209],[28.3522,38.2964],[28.3629,38.2791],[28.3638,38.2599],[28.3703,38.2555],[28.3791,38.2546],[28.3871,38.2567],[28.4035,38.2665],[28.4627,38.2597],[28.479,38.2529],[28.5016,38.2336],[28.5019,38.2175],[28.4965,38.1959],[28.4896,38.1913],[28.4775,38.1919],[28.4623,38.1871],[28.449,38.1687],[28.4506,38.1621],[28.4581,38.1572],[28.4709,38.1373],[28.4802,38.1292],[28.4847,38.1218],[28.4514,38.0986],[28.4407,38.0885],[28.4346,38.0875],[28.4243,38.0903],[28.4179,38.0962],[28.4091,38.0964],[28.3813,38.1185],[28.3732,38.1188],[28.3606,38.1257],[28.3309,38.1212],[28.3304,38.12148],[28.3306,38.1016],[28.3257,38.097],[28.311,38.0924],[28.3047,38.0863],[28.3013,38.0644],[28.2793,38.0354],[28.2635,38.0313],[28.2528,38.0358],[28.2441,38.0361],[28.2229,38.0267],[28.2105,38.0282],[28.1979,38.0297],[28.1887,38.0339],[28.1775,38.033],[28.1541,38.0413],[28.14,38.042],[28.1339,38.0381],[28.1304,38.0256],[28.1145,38.0261],[28.1015,38.0316],[28.0957,38.0302],[28.0892,38.0242],[28.0815,38.0238],[28.0462,38.0308],[28.0421,38.029],[28.037,38.0219],[28.0332,38.0016],[28.0218,37.9921],[28.0153,37.9822],[28.0017,37.9747],[27.9768,37.9882],[27.9664,37.9982],[27.9593,37.9991],[27.951,37.9963],[27.9345,37.9987],[27.9221,38.0107],[27.9114,38.0156],[27.9008,38.0111],[27.8796,38.011],[27.8737,37.9918],[27.87,37.9879],[27.8647,37.9854],[27.8551,37.9853],[27.8255,37.9709],[27.8181,37.9643],[27.812,37.9631],[27.7874,37.9672],[27.7593,37.9783],[27.7362,37.9785],[27.7071,37.984],[27.7021,37.9868],[27.6757,37.9824],[27.6592,37.9831],[27.6371,37.9971],[27.622,37.9918],[27.6149,37.992],[27.6036,37.9956],[27.5747,38.0111],[27.5479,38.0069],[27.5312,37.9963],[27.5179,37.9981],[27.4979,37.9969],[27.4855,37.9781],[27.4813,37.9705],[27.4795,37.9493],[27.474,37.9391],[27.4611,37.9363],[27.4239,37.9205],[27.4283,37.8781],[27.4358,37.8706],[27.4359,37.8502],[27.4286,37.8448],[27.4216,37.8441],[27.4099,37.8313],[27.39291,37.82547],[27.3931,37.8254],[27.3988,37.8056],[27.3864,37.8035],[27.3709,37.7891],[27.3558,37.7847],[27.3384,37.7523],[27.3338,37.7494],[27.3217,37.7304],[27.3248,37.7212],[27.323,37.7152],[27.2915,37.7069],[27.2887,37.7027],[27.2884,37.6893],[27.2846,37.684],[27.2624,37.6862],[27.2294,37.6719],[27.2019,37.6768],[27.1838,37.6722],[27.1629,37.6624],[27.1468,37.6607],[27.1368,37.6568],[27.1283,37.6608],[27.1102,37.6605],[27.071,37.6542],[27.0375,37.6588],[27.0258,37.6518],[27.0184,37.6535],[27.0187,37.6569],[27.0154,37.6593],[27.0084,37.6595],[27.0125,37.6669],[27.0057,37.6677],[27.0138,37.6744],[27.0171,37.6865],[27.0202,37.6883],[27.0366,37.6904],[27.0497,37.684],[27.0689,37.6868],[27.1071,37.6841],[27.1595,37.7005],[27.1863,37.7039],[27.2144,37.7138],[27.2222,37.7202],[27.2332,37.7246],[27.2481,37.7412],[27.2585,37.7614],[27.2642,37.779],[27.2696,37.8107],[27.2676,37.8162],[27.2639,37.8175],[27.2643,37.8197],[27.2605,37.8235],[27.2432,37.825],[27.2428,37.8304],[27.2392,37.8321],[27.2362,37.8402],[27.2367,37.8421],[27.2413,37.8423],[27.2432,37.846],[27.2438,37.8533],[27.2414,37.8601],[27.2475,37.8591],[27.2497,37.8611],[27.2469,37.8641],[27.2538,37.8609],[27.2529,37.8634],[27.2556,37.8631],[27.254,37.8648],[27.2573,37.8617],[27.2635,37.8669],[27.261,37.8683],[27.2636,37.8692],[27.263,37.8728],[27.2605,37.8723],[27.2593,37.8675],[27.2602,37.8727],[27.266,37.8774],[27.2646,37.8836],[27.2666,37.8854],[27.2634,37.8866],[27.264,37.8902],[27.2727,37.8981],[27.2714,37.9048],[27.2689,37.9065],[27.2714,37.9077],[27.271,37.9099],[27.2686,37.9107],[27.2671,37.9051],[27.2644,37.9054],[27.2615,37.9097],[27.2638,37.9115],[27.261,37.9134],[27.2665,37.9207],[27.2639,37.9235],[27.2672,37.9266],[27.2772,37.9277],[27.2733,37.9459],[27.2694,37.953],[27.2631,37.9576],[27.2559,37.9725],[27.2479,37.9805],[27.2417,37.9804],[27.2418,37.9831],[27.2374,37.9862],[27.2315,37.9842],[27.222,37.9897],[27.2185,37.9892],[27.2159,37.9931],[27.2114,37.991],[27.2054,37.9929],[27.2027,37.9893],[27.1994,37.9918],[27.1936,37.9887],[27.1857,37.9905],[27.1814,37.9861],[27.1757,37.9869],[27.1725,37.9835],[27.169,37.9846],[27.1669,37.9815],[27.1514,37.987],[27.1454,37.9835],[27.1398,37.9887],[27.1323,37.9882],[27.1286,37.9925],[27.1212,37.9945],[27.1192,37.9924],[27.1151,38.0012],[27.1111,38.0018],[27.1114,38.0055],[27.098,38.0163],[27.0884,38.0177],[27.0847,38.0137],[27.0782,38.0164],[27.0759,38.0125],[27.0743,38.0177],[27.0706,38.0191],[27.0729,38.0252],[27.068,38.0341],[27.0644,38.0373],[27.0607,38.0366],[27.0464,38.05],[27.0144,38.0556],[26.989,38.0717],[26.9787,38.0751],[26.9701,38.0752],[26.9676,38.0721],[26.9618,38.0758],[26.949,38.0755],[26.9047,38.0638],[26.8837,38.0516],[26.8814,38.0473],[26.8821,38.0425],[26.8758,38.038],[26.8765,38.0344],[26.8719,38.03],[26.8689,38.0333],[26.8647,38.0328],[26.8679,38.0401],[26.8576,38.0462],[26.856,38.058],[26.8459,38.0721],[26.8459,38.0799],[26.85,38.0834],[26.8505,38.0925],[26.8486,38.0957],[26.8515,38.1014],[26.842,38.1133],[26.8408,38.1188],[26.8333,38.125],[26.8372,38.1304],[26.8363,38.1324],[26.8331,38.132],[26.8302,38.1392],[26.8225,38.1408],[26.8196,38.144],[26.8236,38.1492],[26.8244,38.1585],[26.7969,38.173],[26.7884,38.1708],[26.7851,38.164],[26.7782,38.1662],[26.7749,38.1617],[26.7749,38.1707],[26.7722,38.1712],[26.7747,38.1747],[26.7678,38.1759],[26.7728,38.1827],[26.7704,38.1832],[26.7701,38.186],[26.7718,38.187],[26.7712,38.1914],[26.7744,38.192],[26.7727,38.1969],[26.7766,38.1993],[26.783,38.1906],[26.7827,38.1948],[26.7903,38.199],[26.7816,38.2038],[26.7753,38.2046],[26.7722,38.2075],[26.7747,38.2096],[26.77,38.2143],[26.7671,38.2138],[26.7665,38.2172],[26.7624,38.2151],[26.7581,38.2216],[26.7552,38.2223],[26.7501,38.2221],[26.7481,38.2184],[26.7452,38.2191],[26.7469,38.2149],[26.7447,38.2128],[26.7431,38.2156],[26.7398,38.213],[26.7361,38.2164],[26.7323,38.213],[26.7348,38.209],[26.7327,38.2074],[26.726,38.2098],[26.7228,38.2078],[26.7215,38.2117],[26.7181,38.2089],[26.716,38.2115],[26.7118,38.2103],[26.7106,38.2123],[26.7056,38.2116],[26.706,38.2088],[26.7028,38.2072],[26.697,38.2116],[26.6938,38.2099],[26.6956,38.2081],[26.6941,38.2056],[26.6891,38.2069],[26.6864,38.2026],[26.6836,38.2049],[26.687,38.2065],[26.6862,38.2085],[26.6781,38.2118],[26.6751,38.2048],[26.6598,38.2105],[26.6566,38.2072],[26.6533,38.2103],[26.6505,38.2092],[26.6505,38.2041],[26.6455,38.2022],[26.6359,38.2078],[26.6392,38.2006],[26.6309,38.1959],[26.6283,38.1863],[26.6329,38.174],[26.6306,38.1685],[26.633,38.167],[26.6304,38.1609],[26.6286,38.1613],[26.6264,38.1467],[26.6232,38.1441],[26.6236,38.1387],[26.6097,38.1383],[26.6011,38.1465],[26.607,38.135],[26.6128,38.1349],[26.6098,38.127],[26.6143,38.1158],[26.6136,38.1105],[26.6042,38.1033],[26.5963,38.107],[26.5917,38.1031],[26.5816,38.1104],[26.585,38.1154],[26.5843,38.125],[26.5712,38.1438],[26.5623,38.1439],[26.5663,38.1372],[26.5646,38.1282],[26.5666,38.1266],[26.5635,38.1204],[26.5559,38.1174],[26.5516,38.119],[26.5524,38.1226],[26.543,38.1205],[26.5454,38.1277],[26.5419,38.1279],[26.5412,38.1304],[26.5321,38.1274],[26.5292,38.1365],[26.5328,38.1392],[26.521,38.1423],[26.5206,38.1507],[26.5237,38.1548],[26.5208,38.1553],[26.5123,38.1658],[26.5134,38.17],[26.5156,38.1703],[26.52,38.1647],[26.5204,38.1709],[26.5167,38.1761],[26.5182,38.1802],[26.523,38.1828],[26.5185,38.1846],[26.5183,38.1877],[26.5059,38.1756],[26.5015,38.1801],[26.5011,38.1838],[26.4966,38.1779],[26.4929,38.1821],[26.4875,38.183],[26.4863,38.1865],[26.4925,38.1927],[26.4903,38.1956],[26.4859,38.1918],[26.4704,38.1904],[26.47047,38.19052],[26.4641,38.1953],[26.4581,38.192],[26.457,38.1951],[26.462,38.2041],[26.4593,38.2056],[26.4526,38.2016],[26.4508,38.2097],[26.4461,38.2095],[26.4391,38.2133],[26.4446,38.2172],[26.4422,38.2188],[26.4286,38.2226],[26.4194,38.2208],[26.4295,38.2072],[26.4304,38.1985],[26.4144,38.2107],[26.4116,38.209],[26.4101,38.2138],[26.3893,38.2238],[26.3921,38.2298],[26.3897,38.237],[26.4022,38.2445],[26.3999,38.2525],[26.3904,38.2608],[26.379,38.2604],[26.3837,38.2553],[26.3863,38.2463],[26.3785,38.2449],[26.3767,38.241],[26.3737,38.2403],[26.3736,38.2367],[26.3676,38.2332],[26.3665,38.2277],[26.3564,38.2298],[26.355,38.2274],[26.3428,38.2292],[26.3382,38.2267],[26.3322,38.2278],[26.3286,38.2315],[26.3239,38.2312],[26.3073,38.2412],[26.2875,38.2633],[26.266,38.2686],[26.2459,38.2675],[26.2424,38.2634],[26.2326,38.2666],[26.2302,38.2738],[26.2332,38.2773],[26.2322,38.2892],[26.2344,38.2945],[26.2448,38.2932],[26.2435,38.289],[26.2488,38.2855],[26.2725,38.2904],[26.2764,38.2923],[26.2756,38.2943],[26.2797,38.2953],[26.2827,38.3009],[26.2799,38.3109],[26.2811,38.3227],[26.284,38.3235],[26.2873,38.3173],[26.297,38.3227],[26.3033,38.3202],[26.285,38.3453],[26.283,38.3516],[26.2831,38.3732],[26.285,38.3769],[26.2872,38.3699],[26.296,38.3617],[26.2968,38.3576],[26.3027,38.3553],[26.3049,38.358],[26.3024,38.3641],[26.3048,38.3641],[26.3057,38.3677],[26.3096,38.3681],[26.3099,38.3755],[26.3161,38.3767],[26.3174,38.3748],[26.3142,38.3646],[26.3187,38.362],[26.3115,38.353],[26.3196,38.3582],[26.3246,38.3532],[26.3219,38.3511],[26.3234,38.3465],[26.3165,38.3477],[26.3175,38.3411],[26.3123,38.3386],[26.3167,38.3363],[26.3186,38.3303],[26.3292,38.3252],[26.3399,38.3251],[26.3445,38.3334],[26.344,38.3206],[26.3522,38.3148],[26.3592,38.314],[26.3583,38.3111],[26.3632,38.3085],[26.3798,38.3107],[26.3852,38.3165],[26.3837,38.321],[26.3887,38.332],[26.3858,38.3317],[26.383,38.3386],[26.3854,38.3495],[26.3886,38.3448],[26.3873,38.3373],[26.3957,38.3428],[26.4011,38.3355],[26.4005,38.3311],[26.3945,38.3264],[26.3963,38.3206],[26.3964,38.3234],[26.4021,38.324],[26.4067,38.329],[26.4093,38.3283],[26.4093,38.3323],[26.4229,38.3326],[26.4252,38.3362],[26.4193,38.3363],[26.4201,38.3394],[26.425,38.3384],[26.4244,38.3409],[26.4304,38.3409],[26.4353,38.3462],[26.4396,38.3441],[26.4446,38.3483],[26.4515,38.3477],[26.4512,38.3523],[26.4615,38.3585],[26.4631,38.3637],[26.4681,38.3648],[26.4727,38.3726],[26.482,38.3773],[26.4759,38.3808],[26.4731,38.3875],[26.4752,38.3904],[26.4727,38.3951],[26.4751,38.3966],[26.4757,38.402],[26.467,38.4128],[26.4593,38.4098],[26.4616,38.4187],[26.4528,38.4203],[26.4503,38.4248],[26.4517,38.428],[26.4634,38.4241],[26.466,38.427],[26.4697,38.4268],[26.4834,38.4138],[26.4847,38.4049],[26.4917,38.4011],[26.5017,38.4048],[26.5037,38.4103],[26.5013,38.4154],[26.5064,38.4142],[26.5115,38.4205],[26.5099,38.4243],[26.515,38.427],[26.516,38.4306],[26.5063,38.4362],[26.4953,38.4481],[26.4887,38.4495],[26.4768,38.4585],[26.4704,38.4579],[26.4644,38.4638],[26.4603,38.4636],[26.4416,38.4758],[26.4289,38.4779],[26.4198,38.4764],[26.4179,38.4727],[26.4147,38.4721],[26.4131,38.4666],[26.4155,38.4625],[26.4127,38.4577],[26.4087,38.4556],[26.4049,38.4569],[26.4017,38.4473],[26.396,38.4473],[26.3968,38.4452],[26.3946,38.4454],[26.3903,38.4594],[26.3911,38.4628],[26.4053,38.4788],[26.4051,38.4875],[26.4085,38.4884],[26.4122,38.4937],[26.4067,38.4987],[26.4033,38.4979],[26.4045,38.5015],[26.4008,38.5054],[26.389,38.5058],[26.3949,38.5084],[26.3926,38.51],[26.3933,38.5144],[26.3897,38.5172],[26.3916,38.5182],[26.3907,38.5208],[26.3848,38.5232],[26.3813,38.5191],[26.3767,38.5239],[26.3759,38.5292],[26.3716,38.5303],[26.3761,38.5408],[26.3757,38.5367],[26.3802,38.5302],[26.3784,38.5292],[26.379,38.5242],[26.3813,38.5233],[26.3802,38.5445],[26.3745,38.5476],[26.375,38.5505],[26.3695,38.5555],[26.3708,38.5587],[26.3599,38.5663],[26.3627,38.5676],[26.3598,38.5808],[26.3618,38.5818],[26.3628,38.5898],[26.3589,38.5983],[26.3596,38.6073],[26.3545,38.6138],[26.358,38.6217],[26.3565,38.6317],[26.3529,38.6375],[26.3609,38.6592],[26.3697,38.6638],[26.3976,38.6675],[26.4146,38.6799],[26.4195,38.68],[26.4274,38.6792],[26.4352,38.6714],[26.4547,38.6728],[26.4649,38.6696],[26.4749,38.675],[26.4892,38.6623],[26.4921,38.6639],[26.4916,38.6615],[26.4998,38.6569],[26.5015,38.6531],[26.5141,38.6471],[26.5174,38.6516],[26.5236,38.6491],[26.5246,38.6452],[26.528,38.6442],[26.5216,38.6404],[26.5255,38.6338],[26.5236,38.6297],[26.5331,38.6259],[26.5303,38.623],[26.5357,38.6224],[26.5485,38.6017],[26.5523,38.6013],[26.5569,38.6046],[26.5584,38.6009],[26.5617,38.602],[26.5629,38.5979],[26.5607,38.5972],[26.5614,38.5933],[26.5651,38.5914],[26.5666,38.5829],[26.5647,38.5816],[26.5671,38.5805],[26.565,38.5736],[26.5693,38.5678],[26.5667,38.5652],[26.5691,38.5591],[26.5909,38.5468],[26.5945,38.5417],[26.6013,38.5391],[26.602,38.5352],[26.6058,38.5325],[26.6158,38.5294],[26.6191,38.532],[26.6225,38.5301],[26.6247,38.5314],[26.6239,38.5206],[26.6271,38.5185],[26.6263,38.5163],[26.6298,38.5168],[26.6324,38.5111],[26.6321,38.4977],[26.6415,38.4701],[26.6397,38.4663],[26.6308,38.463],[26.6267,38.4705],[26.6179,38.4731],[26.6077,38.4692],[26.595,38.4712],[26.5868,38.4694],[26.5971,38.4676],[26.5878,38.4623],[26.5897,38.4597],[26.596,38.4585],[26.598,38.4616],[26.6011,38.4597],[26.6036,38.4533],[26.6023,38.4481],[26.5981,38.4462],[26.6028,38.4413],[26.5991,38.4335]]],[[[26.2085,38.2996],[26.212,38.2938],[26.2094,38.291],[26.2056,38.2967],[26.2085,38.2996]]],[[[26.6787,38.3354],[26.6803,38.3317],[26.6753,38.3309],[26.6751,38.3336],[26.6787,38.3354]]],[[[26.4461,38.3645],[26.4542,38.3677],[26.4579,38.3628],[26.4558,38.3598],[26.4461,38.3645]]],[[[26.4658,38.3823],[26.4665,38.3797],[26.4663,38.3758],[26.4615,38.3745],[26.4658,38.3823]]],[[[26.3116,38.4167],[26.3092,38.4198],[26.3168,38.4167],[26.3116,38.4167]]],[[[26.382,38.4353],[26.3883,38.4334],[26.3849,38.4313],[26.3893,38.4248],[26.3886,38.4225],[26.3727,38.4275],[26.3731,38.4316],[26.3813,38.4329],[26.382,38.4353]]],[[[26.3734,38.4348],[26.3684,38.4282],[26.3668,38.4298],[26.3687,38.4381],[26.3734,38.4348]]],[[[26.3575,38.429],[26.3533,38.4257],[26.3491,38.4286],[26.352,38.4324],[26.3471,38.4309],[26.3461,38.4277],[26.342,38.4308],[26.3387,38.4236],[26.3352,38.4293],[26.3348,38.423],[26.3309,38.4238],[26.3276,38.4279],[26.3296,38.4347],[26.3254,38.4409],[26.3294,38.4444],[26.3433,38.4478],[26.3503,38.4549],[26.3596,38.4564],[26.3605,38.4546],[26.3595,38.4494],[26.3629,38.4453],[26.3602,38.4399],[26.3578,38.4412],[26.3582,38.4349],[26.3556,38.4339],[26.3575,38.429]]],[[[26.7287,38.5288],[26.728,38.5213],[26.7342,38.5146],[26.7303,38.5106],[26.7308,38.4967],[26.7377,38.4919],[26.7449,38.4925],[26.7407,38.4906],[26.7492,38.4811],[26.7465,38.4778],[26.7478,38.4707],[26.7413,38.4588],[26.7362,38.4615],[26.733,38.4588],[26.7231,38.4609],[26.7285,38.4705],[26.7264,38.4731],[26.7235,38.4717],[26.7158,38.4745],[26.7137,38.4776],[26.7108,38.4757],[26.7125,38.4778],[26.7055,38.479],[26.7016,38.475],[26.695,38.4794],[26.6952,38.4903],[26.6929,38.496],[26.6956,38.5073],[26.6938,38.5129],[26.6954,38.52],[26.6977,38.5189],[26.7024,38.5216],[26.7016,38.5322],[26.7063,38.5365],[26.7004,38.5409],[26.6974,38.5472],[26.7038,38.5412],[26.7051,38.5433],[26.7146,38.5413],[26.718,38.5359],[26.7212,38.5357],[26.7205,38.5337],[26.7265,38.5323],[26.7287,38.5288]]],[[[26.7275,38.6709],[26.7238,38.6751],[26.7251,38.6769],[26.7296,38.6729],[26.7275,38.6709]]],[[[26.7309,38.6749],[26.7317,38.6755],[26.7322,38.6755],[26.733,38.6754],[26.7321,38.6745],[26.7309,38.6749]]],[[[26.7147,38.6743],[26.7113,38.6753],[26.7181,38.6781],[26.7147,38.6743]]],[[[26.7095,38.6927],[26.7083,38.7029],[26.7186,38.6926],[26.7252,38.6928],[26.7221,38.6866],[26.7272,38.6839],[26.7246,38.6832],[26.7119,38.6932],[26.7095,38.6927]]],[[[26.7259,38.7039],[26.7269,38.7038],[26.727,38.7031],[26.7266,38.7029],[26.7252,38.7032],[26.7259,38.7039]]],[[[26.7099,38.7149],[26.7088,38.7121],[26.708,38.713],[26.709,38.7161],[26.7099,38.7149]]],[[[26.8774,38.0241],[26.8839,38.0261],[26.8835,38.0232],[26.8774,38.0241]]],[[[26.8015,38.1617],[26.8055,38.1641],[26.8019,38.1577],[26.8015,38.1617]]],[[[26.7892,38.3998],[26.7918,38.396],[26.7855,38.3931],[26.784,38.395],[26.7892,38.3998]]],[[[26.7681,38.4097],[26.7717,38.4095],[26.7737,38.408],[26.7701,38.4045],[26.7681,38.4097]]],[[[26.7922,38.41],[26.7948,38.4151],[26.7986,38.4081],[26.7932,38.4069],[26.7922,38.41]]],[[[27.0206,38.4155],[27.0204,38.4155],[27.0204,38.41557],[27.0208,38.4155],[27.0206,38.4155]]],[[[26.7821,38.4185],[26.784,38.4163],[26.7855,38.4154],[26.7807,38.4168],[26.7821,38.4185]]],[[[26.7599,38.4537],[26.7681,38.4543],[26.7726,38.4533],[26.7716,38.4485],[26.7746,38.4463],[26.7759,38.4407],[26.7642,38.4355],[26.7582,38.4408],[26.7599,38.4537]]],[[[26.7344,38.7333],[26.7337,38.7323],[26.7325,38.7328],[26.7326,38.7337],[26.7344,38.7333]]],[[[26.8878,38.853],[26.8863,38.847],[26.8766,38.8481],[26.8772,38.8529],[26.8827,38.856],[26.8851,38.8547],[26.8878,38.853]]],[[[26.8331,38.9102],[26.8378,38.9043],[26.8341,38.9031],[26.832,38.9053],[26.8331,38.9102]]],[[[26.8223,38.9233],[26.8237,38.9179],[26.8197,38.9136],[26.8175,38.9125],[26.8138,38.9154],[26.8068,38.9163],[26.8059,38.9185],[26.8091,38.9222],[26.8076,38.9276],[26.8223,38.9233]]]]}},{"type":"Feature","properties":{"plaka":36},"geometry":{"type":"Polygon","coordinates":[[[43.2678,40.0202],[43.2175,40.0117],[43.184,40.0117],[43.1497,40.0081],[43.1113,39.9894],[43.0857,39.9868],[43.0663,39.9915],[43.0469,39.981],[43.0345,39.9781],[42.9983,39.9924],[42.9668,39.9962],[42.9438,39.9945],[42.9266,39.9893],[42.9109,39.979],[42.8608,39.9653],[42.7393,39.9501],[42.7009,39.9409],[42.666,39.9375],[42.565,39.921],[42.5716,39.9464],[42.5729,39.9625],[42.5669,39.9844],[42.5561,40.0042],[42.5308,40.0271],[42.4969,40.0395],[42.4682,40.0588],[42.4616,40.0693],[42.4499,40.0792],[42.4274,40.1074],[42.4163,40.1146],[42.3935,40.1454],[42.3686,40.1549],[42.303,40.1734],[42.2831,40.1881],[42.2355,40.1998],[42.2279,40.2067],[42.2093,40.2159],[42.1676,40.2324],[42.1489,40.2499],[42.1347,40.2746],[42.1294,40.3046],[42.1373,40.3377],[42.1459,40.357],[42.1596,40.3758],[42.1655,40.3869],[42.1734,40.393],[42.1842,40.3953],[42.2127,40.3907],[42.2378,40.3764],[42.2566,40.3717],[42.3123,40.368],[42.3344,40.3784],[42.3487,40.3799],[42.3847,40.3745],[42.4084,40.3738],[42.4309,40.3846],[42.4505,40.4005],[42.4876,40.4104],[42.5004,40.4165],[42.5126,40.4145],[42.5188,40.4172],[42.5279,40.4297],[42.5344,40.4561],[42.5386,40.4827],[42.5297,40.5027],[42.5252,40.5317],[42.5294,40.5636],[42.5344,40.5729],[42.5501,40.5844],[42.5602,40.6155],[42.5624,40.6394],[42.5708,40.6599],[42.5731,40.6759],[42.562,40.7019],[42.5605,40.7363],[42.5481,40.7574],[42.5139,40.7826],[42.4903,40.8063],[42.4499,40.8123],[42.3778,40.8308],[42.37,40.8392],[42.361,40.8608],[42.3448,40.8884],[42.3409,40.9183],[42.3416,40.9211],[42.3588,40.9344],[42.3676,40.946],[42.3814,40.9761],[42.3852,41.0022],[42.3812,41.0174],[42.3729,41.0328],[42.372,41.0491],[42.3738,41.0563],[42.3958,41.0974],[42.406,41.1113],[42.445,41.152],[42.4734,41.1746],[42.5023,41.1937],[42.5112,41.203],[42.5182,41.2165],[42.5307,41.2294],[42.554,41.2398],[42.5761,41.2459],[42.5934,41.2609],[42.6053,41.2776],[42.615,41.299],[42.6157,41.3095],[42.549,41.3709],[42.5427,41.394],[42.5455,41.416],[42.5424,41.4318],[42.5243,41.4439],[42.5201,41.4485],[42.5214,41.4532],[42.5163,41.4572],[42.5185,41.4594],[42.5159,41.461],[42.5127,41.4716],[42.5262,41.4795],[42.5236,41.4869],[42.5451,41.4928],[42.5497,41.4987],[42.5547,41.4983],[42.5582,41.5054],[42.5709,41.5083],[42.5706,41.5141],[42.5646,41.5248],[42.5686,41.532],[42.5751,41.5358],[42.5807,41.5431],[42.5738,41.5577],[42.5764,41.5656],[42.591,41.5738],[42.6011,41.5851],[42.6495,41.59],[42.683,41.5998],[42.6984,41.6009],[42.7139,41.5952],[42.7402,41.5963],[42.7497,41.5846],[42.763,41.5867],[42.7706,41.5845],[42.7751,41.5784],[42.7811,41.5771],[42.7839,41.5842],[42.793,41.5862],[42.7932,41.5881],[42.8286,41.5877],[42.8361,41.5845],[42.8336,41.5801],[42.8342,41.5687],[42.8295,41.558],[42.8208,41.5558],[42.8173,41.5391],[42.8062,41.5309],[42.7976,41.517],[42.805,41.5077],[42.8016,41.5028],[42.8018,41.4955],[42.82,41.4892],[42.8306,41.4791],[42.8508,41.4732],[42.8607,41.4813],[42.8629,41.4929],[42.8694,41.4984],[42.8901,41.5039],[42.9002,41.4991],[42.8969,41.4877],[42.8993,41.479],[42.9253,41.4731],[42.9317,41.4694],[42.9299,41.4658],[42.9358,41.4646],[42.9433,41.4576],[42.9683,41.4507],[42.9713,41.4416],[42.9682,41.4346],[42.9883,41.4206],[42.9903,41.4158],[42.9875,41.4137],[42.9886,41.4114],[43.0036,41.407],[43.0057,41.3994],[43.0066,41.3969],[43.0116,41.3957],[43.0125,41.3911],[43.0217,41.3787],[43.0164,41.3707],[43.0321,41.371],[43.0424,41.3766],[43.0512,41.3744],[43.0606,41.3665],[43.0737,41.3649],[43.0857,41.3589],[43.0948,41.3576],[43.1095,41.3493],[43.116,41.3392],[43.1356,41.319],[43.16,41.3158],[43.1665,41.3088],[43.1836,41.3047],[43.1892,41.3045],[43.1982,41.3086],[43.2141,41.3054],[43.2161,41.3003],[43.212,41.2974],[43.2128,41.2894],[43.2033,41.2872],[43.2022,41.2847],[43.1929,41.2841],[43.1804,41.2759],[43.1795,41.273],[43.1691,41.2726],[43.1563,41.268],[43.1524,41.2627],[43.1468,41.2622],[43.1409,41.2595],[43.1406,41.2572],[43.1325,41.257],[43.1273,41.2528],[43.1359,41.2524],[43.1528,41.2455],[43.1761,41.2545],[43.1975,41.2507],[43.2014,41.234],[43.2377,41.1841],[43.2313,41.1734],[43.2644,41.1795],[43.2935,41.1894],[43.3063,41.1896],[43.3231,41.1956],[43.3295,41.2004],[43.3519,41.2027],[43.3777,41.2026],[43.4114,41.1873],[43.4486,41.1767],[43.4744,41.1232],[43.459,41.12],[43.4567,41.1094],[43.4479,41.1004],[43.4475,41.0922],[43.4498,41.0875],[43.4555,41.0847],[43.4617,41.0739],[43.4714,41.0682],[43.469,41.0471],[43.4788,41.036],[43.4826,41.0208],[43.4891,41.0167],[43.5003,41.0154],[43.5062,41.0123],[43.5171,41.0151],[43.5551,40.9956],[43.564,40.9925],[43.5776,40.9931],[43.5867,40.9865],[43.5989,40.9827],[43.674,40.9348],[43.6737,40.9209],[43.6704,40.9119],[43.6764,40.9088],[43.6809,40.9025],[43.6767,40.8983],[43.6737,40.8871],[43.6764,40.8757],[43.6753,40.8708],[43.6812,40.8659],[43.6773,40.8468],[43.7067,40.8205],[43.7117,40.808],[43.7173,40.803],[43.7198,40.7947],[43.7231,40.792],[43.7246,40.781],[43.7306,40.7701],[43.7314,40.7628],[43.736,40.7591],[43.7485,40.731],[43.7477,40.7265],[43.7396,40.7201],[43.7377,40.7175],[43.7394,40.715],[43.7354,40.7129],[43.74,40.712],[43.743,40.7074],[43.7416,40.7053],[43.7448,40.706],[43.7465,40.7037],[43.7452,40.697],[43.7392,40.6902],[43.7473,40.684],[43.7498,40.6769],[43.7404,40.676],[43.7443,40.6706],[43.7425,40.6674],[43.7359,40.6666],[43.7356,40.6626],[43.7305,40.6649],[43.7228,40.658],[43.719,40.6573],[43.7207,40.6544],[43.7192,40.6484],[43.7216,40.6475],[43.7171,40.6458],[43.7194,40.6444],[43.7168,40.642],[43.7208,40.6416],[43.7194,40.6387],[43.7217,40.6356],[43.7178,40.6332],[43.7158,40.6346],[43.7116,40.6316],[43.7143,40.6294],[43.7129,40.628],[43.706,40.6262],[43.7057,40.6229],[43.709,40.6231],[43.707,40.619],[43.7094,40.6179],[43.7045,40.6165],[43.7031,40.6126],[43.7062,40.6106],[43.7017,40.6088],[43.7013,40.6062],[43.6959,40.6063],[43.6961,40.6027],[43.6839,40.5914],[43.6857,40.5853],[43.6806,40.5833],[43.6802,40.5774],[43.6775,40.576],[43.6734,40.5786],[43.6683,40.574],[43.6715,40.57],[43.6709,40.5669],[43.6629,40.5634],[43.6568,40.5658],[43.6435,40.5617],[43.6427,40.5526],[43.6452,40.5446],[43.6511,40.5373],[43.6498,40.5312],[43.644,40.5317],[43.6413,40.5375],[43.6363,40.5348],[43.6356,40.5392],[43.6333,40.5399],[43.6275,40.5368],[43.6322,40.5292],[43.6387,40.525],[43.6341,40.519],[43.6256,40.5188],[43.6239,40.5204],[43.6252,40.5242],[43.6195,40.5251],[43.6109,40.5136],[43.6044,40.5162],[43.5992,40.5112],[43.5885,40.5065],[43.5839,40.5075],[43.5782,40.5037],[43.5708,40.5036],[43.5714,40.5011],[43.5684,40.4982],[43.5702,40.4951],[43.5634,40.4961],[43.5572,40.4941],[43.5597,40.4903],[43.5571,40.4879],[43.559,40.4853],[43.5578,40.4813],[43.5425,40.4773],[43.5489,40.4731],[43.5472,40.4671],[43.5518,40.4663],[43.5602,40.4592],[43.5725,40.4589],[43.5852,40.4488],[43.5854,40.4455],[43.5926,40.446],[43.5995,40.4397],[43.6085,40.436],[43.6129,40.4265],[43.6197,40.4219],[43.6188,40.4158],[43.6135,40.4138],[43.614,40.4087],[43.618,40.404],[43.6172,40.4007],[43.6201,40.3983],[43.6181,40.3907],[43.6124,40.3902],[43.6118,40.3866],[43.6053,40.3815],[43.6065,40.3743],[43.5993,40.3719],[43.6001,40.3693],[43.5948,40.3606],[43.597,40.3547],[43.5908,40.3451],[43.6002,40.3347],[43.6019,40.3294],[43.6107,40.322],[43.6139,40.3143],[43.6214,40.3108],[43.6224,40.3066],[43.6272,40.304],[43.6261,40.2995],[43.6353,40.2941],[43.636,40.2901],[43.6316,40.2834],[43.6391,40.2799],[43.641,40.2724],[43.6441,40.2705],[43.6491,40.2719],[43.6527,40.2689],[43.6639,40.27],[43.6723,40.2654],[43.6774,40.2576],[43.6828,40.2573],[43.6785,40.2537],[43.6819,40.2506],[43.6769,40.2482],[43.6798,40.2427],[43.6843,40.2401],[43.6791,40.2399],[43.6826,40.2359],[43.677,40.2318],[43.6837,40.2266],[43.6761,40.225],[43.6658,40.2283],[43.6578,40.2281],[43.6531,40.225],[43.6636,40.2177],[43.6619,40.2137],[43.6657,40.214],[43.6738,40.2055],[43.6871,40.1993],[43.6955,40.1923],[43.7009,40.1783],[43.7114,40.1738],[43.7134,40.1704],[43.7146,40.1624],[43.6827,40.1595],[43.669,40.1566],[43.665,40.153],[43.6617,40.1542],[43.6508,40.1456],[43.6533,40.1406],[43.6486,40.1315],[43.6565,40.124],[43.6555,40.1135],[43.6653,40.1083],[43.6733,40.1079],[43.6764,40.1006],[43.695,40.0959],[43.6977,40.0868],[43.7056,40.0862],[43.7182,40.0795],[43.7443,40.0756],[43.7649,40.0821],[43.7874,40.0693],[43.7953,40.0698],[43.809,40.0616],[43.8249,40.0587],[43.82401,40.04594],[43.8254,40.0479],[43.8571,40.0436],[43.8647,40.0366],[43.8997,40.0226],[43.9058,40.0234],[43.9107,40.021],[43.9268,40.0239],[43.9365,40.0212],[43.9475,40.0229],[43.9534,40.0208],[43.9624,40.0215],[43.9707,40.0183],[43.9802,40.0209],[43.9833,40.0238],[43.9839,40.0295],[43.9924,40.0324],[44.0067,40.0261],[44.014,40.0279],[44.0219,40.0229],[44.0383,40.0264],[44.0423,40.0298],[44.0493,40.0269],[44.0563,40.0273],[44.0643,40.0323],[44.0731,40.0299],[44.0828,40.0345],[44.0968,40.0329],[44.111,40.0312],[44.1207,40.0343],[44.1326,40.0278],[44.143,40.033],[44.1572,40.0308],[44.1631,40.0331],[44.1732,40.0269],[44.1773,40.0297],[44.1883,40.0309],[44.1884,40.037],[44.1928,40.0398],[44.2047,40.0398],[44.2129,40.0331],[44.2179,40.0365],[44.2209,40.0427],[44.2317,40.0417],[44.2342,40.0476],[44.2414,40.0455],[44.2451,40.0493],[44.2611,40.0464],[44.2755,40.0495],[44.2841,40.0437],[44.2943,40.044],[44.2977,40.036],[44.3155,40.0389],[44.3263,40.0309],[44.3348,40.0328],[44.3423,40.0268],[44.352,40.0272],[44.3595,40.0173],[44.3777,40.0048],[44.4144,40.0017],[44.4194,40.0],[44.4255,39.9921],[44.4412,39.9844],[44.4498,39.9806],[44.4511,39.974],[44.455,39.9707],[44.4669,39.9724],[44.4821,39.9657],[44.4905,39.9581],[44.4932,39.951],[44.5012,39.9443],[44.5043,39.9358],[44.5159,39.9296],[44.5208,39.9207],[44.5362,39.9213],[44.5431,39.9094],[44.5518,39.9029],[44.5536,39.8967],[44.5499,39.887],[44.5527,39.8819],[44.575,39.863],[44.5829,39.8635],[44.5918,39.8589],[44.5954,39.8452],[44.5893,39.8356],[44.5939,39.8259],[44.6041,39.8234],[44.612,39.8285],[44.617,39.828],[44.6199,39.8219],[44.6119,39.8148],[44.625,39.8127],[44.6342,39.8065],[44.6449,39.8033],[44.657,39.7911],[44.6689,39.7927],[44.6775,39.788],[44.6802,39.7939],[44.6848,39.7961],[44.695,39.7926],[44.696,39.7883],[44.6863,39.7786],[44.6868,39.7722],[44.6913,39.7702],[44.7041,39.7721],[44.7105,39.7697],[44.718,39.7484],[44.7247,39.7415],[44.7294,39.7412],[44.7364,39.7461],[44.7442,39.744],[44.7427,39.7338],[44.7483,39.7249],[44.7478,39.7183],[44.7498,39.7151],[44.7684,39.7138],[44.7693,39.7112],[44.7637,39.703],[44.7785,39.7024],[44.7793,39.6956],[44.786,39.6922],[44.7843,39.6867],[44.8017,39.6835],[44.7947,39.6709],[44.7965,39.6687],[44.8059,39.6725],[44.7992,39.6591],[44.8037,39.6556],[44.8152,39.656],[44.8177,39.6524],[44.8152,39.6437],[44.8076,39.6372],[44.8089,39.6278],[44.8033,39.6325],[44.8036,39.6421],[44.7984,39.6489],[44.7879,39.6511],[44.7866,39.655],[44.7757,39.6608],[44.7703,39.6611],[44.7682,39.6654],[44.7626,39.6662],[44.7615,39.6705],[44.755,39.6709],[44.7543,39.673],[44.7579,39.6719],[44.7587,39.6756],[44.7545,39.6781],[44.7492,39.688],[44.7416,39.6938],[44.7337,39.6945],[44.7272,39.6998],[44.7277,39.7034],[44.7172,39.7089],[44.7149,39.7143],[44.7043,39.7128],[44.7021,39.7101],[44.6884,39.7133],[44.6895,39.7176],[44.6847,39.7153],[44.6686,39.7146],[44.6614,39.7184],[44.6613,39.7209],[44.6536,39.7272],[44.6477,39.7274],[44.6457,39.7323],[44.642,39.7341],[44.6412,39.7389],[44.6306,39.7444],[44.6292,39.747],[44.6325,39.7554],[44.6215,39.7661],[44.6149,39.7824],[44.4675,39.6842],[44.4827,39.6706],[44.4851,39.6466],[44.4878,39.643],[44.4848,39.6303],[44.4224,39.6449],[44.3381,39.6726],[44.3203,39.6762],[44.2954,39.7056],[44.2098,39.7083],[44.1774,39.702],[44.1071,39.7036],[44.0857,39.713],[44.0658,39.7319],[44.0443,39.7339],[44.0263,39.7257],[43.9566,39.733],[43.8819,39.7526],[43.8657,39.7608],[43.8515,39.7719],[43.8164,39.7832],[43.793,39.7801],[43.7768,39.7717],[43.7685,39.7699],[43.7332,39.7719],[43.7194,39.7752],[43.7068,39.7772],[43.6777,39.7881],[43.655,39.7887],[43.6374,39.7832],[43.5963,39.7909],[43.5843,39.8008],[43.564,39.8314],[43.5584,39.8361],[43.5452,39.8422],[43.5267,39.8449],[43.5041,39.8404],[43.4963,39.8361],[43.4848,39.7951],[43.4755,39.7878],[43.4602,39.7827],[43.4512,39.7835],[43.4185,39.8131],[43.413,39.8275],[43.4096,39.8724],[43.393,39.9012],[43.3907,39.9112],[43.3779,39.9202],[43.3575,39.9474],[43.3359,39.9655],[43.3344,39.9697],[43.3246,39.9735],[43.3256,39.9785],[43.311,39.9796],[43.3047,39.9772],[43.2996,39.9794],[43.2939,40.004],[43.2813,40.0175],[43.277,40.0199],[43.2678,40.0202]]]}},{"type":"Feature","properties":{"plaka":37},"geometry":{"type":"Polygon","coordinates":[[[33.5298,41.0398],[33.5143,41.0505],[33.5026,41.0543],[33.4874,41.0555],[33.4718,41.0517],[33.4475,41.0376],[33.4282,41.0145],[33.4234,41.0057],[33.4243,40.9895],[33.4122,40.9804],[33.3997,40.9779],[33.3683,40.9762],[33.3459,40.9784],[33.3353,40.9836],[33.3215,40.9971],[33.3247,41.0035],[33.3038,41.0242],[33.3025,41.0318],[33.2843,41.0391],[33.2519,41.0467],[33.2436,41.0528],[33.2188,41.0573],[33.2104,41.061],[33.205,41.0665],[33.1889,41.0732],[33.1771,41.0744],[33.1566,41.0677],[33.1413,41.0655],[33.1155,41.0525],[33.0722,41.063],[33.0608,41.0701],[33.0588,41.0747],[33.0536,41.0783],[33.0524,41.0844],[33.0578,41.0958],[33.0573,41.1067],[33.0444,41.1108],[33.0349,41.1232],[33.0181,41.1359],[33.0096,41.1455],[33.0024,41.1479],[32.993,41.1453],[32.9851,41.1462],[32.9831,41.1641],[32.9617,41.1687],[32.9406,41.1807],[32.9228,41.2066],[32.9265,41.2273],[32.9275,41.2582],[32.9342,41.273],[32.952,41.2795],[32.9901,41.2875],[33.0145,41.3031],[33.0355,41.3129],[33.0457,41.3209],[33.072,41.3161],[33.0922,41.3231],[33.097,41.3265],[33.1043,41.3379],[33.0964,41.3752],[33.1037,41.3796],[33.1139,41.3809],[33.1358,41.3775],[33.1476,41.3885],[33.158,41.4207],[33.1564,41.4298],[33.1534,41.433],[33.1223,41.4425],[33.1038,41.453],[33.0967,41.4751],[33.09,41.4847],[33.0782,41.4878],[33.067,41.4963],[33.0631,41.5021],[33.0621,41.5104],[33.0673,41.526],[33.0643,41.5605],[33.057,41.5711],[33.052,41.5733],[33.0265,41.575],[33.001,41.5685],[32.9878,41.5734],[32.9793,41.5803],[32.9595,41.583],[32.9513,41.5803],[32.9455,41.5735],[32.9358,41.5682],[32.9156,41.5612],[32.8861,41.5623],[32.8622,41.5708],[32.8473,41.5717],[32.8559,41.5836],[32.8692,41.5936],[32.8954,41.6225],[32.897,41.6588],[32.9055,41.6674],[32.9254,41.7003],[32.9345,41.7323],[32.9329,41.7381],[32.9245,41.7428],[32.91812,41.75146],[32.8977,41.7439],[32.8886,41.7376],[32.8802,41.739],[32.8682,41.7344],[32.8577,41.7344],[32.8463,41.7395],[32.84,41.7517],[32.8217,41.772],[32.7944,41.7827],[32.7758,41.7782],[32.7713,41.7802],[32.7682,41.7893],[32.7691,41.7999],[32.7542,41.8127],[32.7505,41.8274],[32.747,41.8297],[32.7514,41.834],[32.7515,41.8374],[32.7551,41.8388],[32.7521,41.8442],[32.7571,41.8482],[32.7581,41.85],[32.7661,41.8487],[32.7772,41.8562],[32.7753,41.8588],[32.7833,41.8601],[32.8137,41.8578],[32.817,41.8557],[32.8234,41.8603],[32.8307,41.862],[32.8375,41.8601],[32.8577,41.8609],[32.857,41.8592],[32.8612,41.8588],[32.8629,41.8609],[32.8594,41.8616],[32.873,41.8679],[32.887,41.8675],[32.9037,41.8709],[32.973,41.8916],[32.9814,41.8957],[32.9805,41.8992],[32.9836,41.8985],[32.9797,41.9003],[32.9855,41.8996],[32.9854,41.902],[32.9815,41.9034],[32.9772,41.9003],[32.9817,41.9041],[32.9813,41.9068],[32.9877,41.9098],[33.0057,41.9114],[33.0127,41.9165],[33.0206,41.9169],[33.0272,41.9213],[33.0274,41.927],[33.0382,41.9287],[33.0438,41.9321],[33.0468,41.9311],[33.0484,41.9336],[33.067,41.9349],[33.1206,41.9487],[33.142,41.9486],[33.1491,41.9531],[33.1677,41.9551],[33.1696,41.956],[33.1686,41.9583],[33.1724,41.9593],[33.1791,41.9667],[33.19,41.9681],[33.1934,41.9714],[33.2061,41.9744],[33.2128,41.9796],[33.2285,41.9801],[33.2401,41.985],[33.265,41.9905],[33.2786,41.9997],[33.298,42.0074],[33.3112,42.0099],[33.3199,42.0158],[33.3446,42.0199],[33.3596,42.0169],[33.356,42.0194],[33.3596,42.0189],[33.3645,42.0156],[33.3782,42.0179],[33.3821,42.0162],[33.3908,42.0164],[33.3939,42.014],[33.3948,42.0156],[33.3978,42.0116],[33.4056,42.0138],[33.4126,42.0087],[33.4327,42.0087],[33.4428,42.0123],[33.4623,42.0098],[33.4582,42.0087],[33.4641,42.0061],[33.4913,42.0045],[33.4943,42.0025],[33.5109,42.0036],[33.5455,41.9978],[33.584,41.9889],[33.6119,41.9867],[33.61712,41.98768],[33.6195,41.9855],[33.6206,41.987],[33.6382,41.9843],[33.6615,41.9843],[33.6798,41.9805],[33.717,41.9805],[33.7451,41.9776],[33.7576,41.9809],[33.7774,41.9818],[33.7647,41.981],[33.7674,41.9782],[33.7706,41.9789],[33.7716,41.9757],[33.7832,41.9731],[33.7907,41.9731],[33.7986,41.9767],[33.8057,41.975],[33.8121,41.9765],[33.8302,41.9725],[33.8549,41.9748],[33.8789,41.9734],[33.8922,41.9759],[33.8947,41.9749],[33.8916,41.9756],[33.8891,41.9733],[33.8997,41.9716],[33.9096,41.9737],[33.9443,41.9738],[33.9632,41.9768],[33.9674,41.9795],[33.9628,41.9793],[33.969,41.9808],[33.9829,41.9791],[33.9987,41.9806],[34.0251,41.9826],[34.0194,41.9802],[34.046,41.9816],[34.0756,41.9785],[34.0947,41.9792],[34.1181,41.9745],[34.16,41.9675],[34.163,41.9653],[34.1691,41.9661],[34.1732,41.9649],[34.1672,41.9651],[34.1711,41.9632],[34.1717,41.9603],[34.1856,41.9578],[34.2277,41.955],[34.2283,41.9421],[34.2243,41.9387],[34.2248,41.9365],[34.2294,41.9312],[34.2615,41.9165],[34.2635,41.91],[34.2577,41.9017],[34.2588,41.8893],[34.2986,41.8543],[34.2986,41.8504],[34.2873,41.8398],[34.2826,41.8317],[34.282,41.8241],[34.2871,41.8153],[34.2863,41.8116],[34.2621,41.7843],[34.2489,41.7763],[34.2394,41.7559],[34.2474,41.745],[34.2589,41.7385],[34.2795,41.7394],[34.2958,41.7453],[34.3053,41.7458],[34.3159,41.7446],[34.3417,41.7334],[34.3528,41.7192],[34.3627,41.7157],[34.3902,41.7254],[34.4137,41.7259],[34.4571,41.7173],[34.5101,41.7139],[34.5411,41.7024],[34.5819,41.7041],[34.5924,41.6963],[34.6043,41.6785],[34.608,41.6615],[34.6038,41.634],[34.5955,41.6223],[34.5915,41.6065],[34.5737,41.6025],[34.5682,41.5979],[34.5656,41.5845],[34.5687,41.5735],[34.5679,41.5672],[34.5582,41.5528],[34.5523,41.5526],[34.5477,41.5466],[34.5356,41.5477],[34.5019,41.5409],[34.4744,41.526],[34.4398,41.5125],[34.4268,41.4986],[34.4248,41.4913],[34.4473,41.4678],[34.4506,41.4201],[34.4624,41.4055],[34.4666,41.3951],[34.4589,41.3653],[34.4497,41.3496],[34.4557,41.3226],[34.4503,41.3112],[34.4351,41.301],[34.43,41.2909],[34.4155,41.2729],[34.3999,41.2753],[34.3872,41.2852],[34.3688,41.2914],[34.3424,41.2926],[34.3368,41.2813],[34.3269,41.2719],[34.3192,41.2514],[34.3068,41.2433],[34.2856,41.2093],[34.2657,41.1967],[34.2221,41.186],[34.2187,41.1829],[34.2179,41.1761],[34.231,41.1457],[34.2298,41.1302],[34.2243,41.1156],[34.2272,41.0881],[34.2386,41.0775],[34.2805,41.0589],[34.3101,41.0527],[34.3182,41.0425],[34.3252,41.0262],[34.3271,41.0156],[34.3081,40.9958],[34.2861,40.9822],[34.2669,40.9744],[34.2647,40.9689],[34.2602,40.9666],[34.2603,40.9434],[34.2555,40.9333],[34.2496,40.9281],[34.2473,40.9099],[34.2363,40.8784],[34.1996,40.8466],[34.1803,40.8424],[34.1357,40.8438],[34.1067,40.832],[34.0871,40.8269],[34.0367,40.828],[34.0277,40.8293],[33.9925,40.8456],[33.9652,40.854],[33.9432,40.8549],[33.9094,40.8515],[33.835,40.8332],[33.7953,40.8332],[33.7832,40.8353],[33.7738,40.8416],[33.7678,40.854],[33.7714,40.8644],[33.7963,40.9023],[33.7973,40.9278],[33.7915,40.9406],[33.7887,40.961],[33.7928,40.981],[33.7982,40.9877],[33.8149,40.999],[33.8208,41.0093],[33.8238,41.0264],[33.8191,41.0323],[33.7888,41.0448],[33.7676,41.0523],[33.7437,41.0502],[33.7042,41.0565],[33.6897,41.0555],[33.6778,41.0512],[33.6081,41.0444],[33.5901,41.0399],[33.5717,41.0316],[33.5541,41.0316],[33.5298,41.0398]]]}},{"type":"Feature","properties":{"plaka":38},"geometry":{"type":"Polygon","coordinates":[[[35.154,37.8363],[35.1606,37.8388],[35.1803,37.8344],[35.2276,37.8298],[35.2776,37.8371],[35.2907,37.8422],[35.3026,37.8513],[35.3217,37.8943],[35.3232,37.9056],[35.3211,37.9288],[35.2898,37.9534],[35.2775,37.9702],[35.2713,37.9865],[35.2657,38.018],[35.2582,38.0308],[35.26,38.0453],[35.2463,38.0557],[35.243,38.0628],[35.2453,38.0837],[35.2439,38.0937],[35.2395,38.1108],[35.2317,38.1264],[35.2277,38.1403],[35.2165,38.1443],[35.1902,38.1465],[35.1742,38.1676],[35.1241,38.1645],[35.1077,38.1609],[35.0795,38.1604],[35.0588,38.1635],[35.0398,38.1729],[35.0304,38.1844],[35.0289,38.2036],[35.0035,38.2286],[34.9954,38.2662],[34.9817,38.3009],[34.9427,38.334],[34.9052,38.3533],[34.8947,38.3755],[34.8986,38.4158],[34.908,38.4246],[34.9389,38.439],[34.9833,38.4422],[35.0045,38.4527],[35.0151,38.4623],[35.0299,38.5072],[35.0338,38.5119],[35.0515,38.523],[35.076,38.5221],[35.103,38.5243],[35.1085,38.5336],[35.1092,38.5411],[35.1031,38.5519],[35.0955,38.5787],[35.0681,38.5978],[35.0454,38.6102],[35.0421,38.6143],[35.0262,38.6389],[35.0236,38.6579],[35.0248,38.6665],[35.0343,38.6784],[35.0387,38.6908],[35.0559,38.7181],[35.0586,38.7371],[35.0538,38.7468],[35.039,38.7558],[35.029,38.7582],[35.0133,38.7707],[34.9932,38.7896],[34.9819,38.8122],[34.9833,38.857],[34.994,38.8771],[35.01,38.892],[35.0137,38.9119],[35.0258,38.9238],[35.0296,38.9319],[35.0592,38.9508],[35.0656,38.9721],[35.06,38.9937],[35.0634,39.0057],[35.0597,39.0108],[35.0701,39.0191],[35.0924,39.0254],[35.1622,39.0235],[35.1805,39.0172],[35.2112,38.9984],[35.248,38.9822],[35.2639,38.9774],[35.2838,38.9752],[35.3368,38.9559],[35.3578,38.9542],[35.3684,38.9919],[35.388,39.0157],[35.4061,39.0266],[35.4136,39.0389],[35.4373,39.0597],[35.4532,39.0699],[35.4569,39.0752],[35.4576,39.0909],[35.4444,39.1146],[35.4435,39.1262],[35.4558,39.1547],[35.4666,39.1726],[35.4901,39.1909],[35.4995,39.1949],[35.5272,39.189],[35.6206,39.1887],[35.6801,39.2019],[35.7017,39.2144],[35.7158,39.223],[35.7448,39.2311],[35.748,39.2332],[35.7484,39.2385],[35.7542,39.2463],[35.7852,39.2665],[35.7931,39.2723],[35.8076,39.2781],[35.8191,39.2979],[35.8368,39.3099],[35.8523,39.3071],[35.8517,39.3007],[35.8574,39.2909],[35.8681,39.282],[35.896,39.2651],[35.9012,39.2567],[35.9029,39.2458],[35.9067,39.2397],[35.9431,39.2029],[35.9992,39.1674],[36.0211,39.1597],[36.0295,39.1543],[36.0409,39.1409],[36.0431,39.1336],[36.0416,39.1224],[36.0706,39.101],[36.0763,39.0882],[36.0846,39.0806],[36.104,39.0757],[36.1426,39.0838],[36.173,39.086],[36.2005,39.0953],[36.2418,39.098],[36.2682,39.1046],[36.2794,39.1033],[36.3167,39.0917],[36.3456,39.0932],[36.371,39.1027],[36.3882,39.1047],[36.4087,39.1218],[36.4238,39.1202],[36.4448,39.1065],[36.4944,39.0991],[36.5322,39.0994],[36.5804,39.1085],[36.5868,39.113],[36.6018,39.1325],[36.6349,39.1471],[36.6792,39.1542],[36.7134,39.1559],[36.7296,39.1536],[36.7377,39.1503],[36.7579,39.1316],[36.7642,39.114],[36.7797,39.0962],[36.7842,39.0855],[36.8258,39.0646],[36.8408,39.047],[36.8861,39.0633],[36.9117,39.0605],[36.9284,39.0542],[36.9354,39.0451],[36.943,39.0259],[36.9637,39.0053],[36.9696,38.9895],[36.9711,38.9741],[36.9445,38.9345],[36.9406,38.9327],[36.9303,38.9346],[36.9193,38.9328],[36.9075,38.9259],[36.9032,38.9149],[36.8744,38.9102],[36.8622,38.8896],[36.8614,38.8797],[36.8677,38.8689],[36.8539,38.8412],[36.8359,38.8332],[36.8054,38.8068],[36.7809,38.7944],[36.773,38.7879],[36.7492,38.7819],[36.7264,38.773],[36.7123,38.7473],[36.7117,38.7381],[36.7327,38.7141],[36.7337,38.7087],[36.7336,38.7008],[36.7302,38.6931],[36.7317,38.6865],[36.7559,38.6606],[36.7706,38.62],[36.7758,38.6121],[36.7867,38.604],[36.79,38.5976],[36.789,38.5884],[36.783,38.5758],[36.7741,38.5424],[36.7386,38.5272],[36.7232,38.5247],[36.7032,38.5172],[36.695,38.5082],[36.6923,38.4891],[36.6982,38.467],[36.7032,38.4603],[36.7272,38.4517],[36.7291,38.444],[36.7274,38.4326],[36.7087,38.403],[36.6818,38.3955],[36.6465,38.4128],[36.6331,38.4127],[36.6255,38.4023],[36.6168,38.3982],[36.6,38.378],[36.58,38.361],[36.5765,38.3525],[36.5635,38.343],[36.5502,38.3247],[36.5395,38.3181],[36.5151,38.2909],[36.5072,38.2882],[36.4803,38.2874],[36.4665,38.2811],[36.4549,38.2803],[36.4065,38.2635],[36.4009,38.2597],[36.3754,38.2855],[36.3701,38.2949],[36.3728,38.3084],[36.3785,38.3108],[36.3879,38.3206],[36.3956,38.3343],[36.391,38.3546],[36.3821,38.3681],[36.3714,38.3699],[36.3626,38.3764],[36.3447,38.38],[36.3364,38.3782],[36.3212,38.3638],[36.3159,38.3638],[36.3002,38.3757],[36.2964,38.3887],[36.2925,38.3922],[36.2899,38.4001],[36.2819,38.4025],[36.2679,38.3985],[36.2512,38.3876],[36.2368,38.3738],[36.2283,38.3709],[36.2112,38.3693],[36.1964,38.361],[36.1565,38.3531],[36.137,38.3419],[36.1224,38.3389],[36.1097,38.3301],[36.0974,38.3134],[36.074,38.296],[36.0282,38.2471],[35.9937,38.2268],[35.9907,38.223],[35.9895,38.2165],[35.9979,38.1965],[36.0059,38.1908],[35.9924,38.1697],[35.992,38.1519],[35.9412,38.1162],[35.9196,38.1081],[35.8996,38.0916],[35.8879,38.0857],[35.8516,38.0772],[35.839,38.0795],[35.8227,38.0864],[35.8072,38.0873],[35.7921,38.0817],[35.7863,38.0705],[35.7776,38.062],[35.7696,38.0441],[35.752,38.0415],[35.7378,38.035],[35.7308,38.0272],[35.7139,38.0204],[35.708,38.0112],[35.6953,38.0002],[35.6914,37.9873],[35.6861,37.979],[35.6686,37.9833],[35.6442,37.9748],[35.6199,37.9716],[35.5981,37.9653],[35.5925,37.9598],[35.5881,37.9506],[35.5758,37.9419],[35.5771,37.9285],[35.5868,37.9206],[35.595,37.9056],[35.5877,37.8946],[35.5862,37.8858],[35.5921,37.872],[35.602,37.8621],[35.5991,37.8531],[35.6013,37.8306],[35.5988,37.8235],[35.5988,37.8069],[35.594,37.7993],[35.5835,37.7928],[35.5722,37.796],[35.5463,37.7933],[35.5273,37.7765],[35.5147,37.7718],[35.5085,37.7629],[35.508,37.7591],[35.5141,37.7529],[35.522,37.752],[35.5244,37.7452],[35.5387,37.7398],[35.5469,37.7338],[35.5477,37.7306],[35.5403,37.7035],[35.533,37.6977],[35.5246,37.6862],[35.5128,37.6877],[35.4965,37.6936],[35.4914,37.7032],[35.4789,37.7099],[35.4777,37.7203],[35.4699,37.7275],[35.4629,37.7303],[35.4331,37.7307],[35.433,37.7226],[35.4307,37.7195],[35.4187,37.7225],[35.4156,37.7189],[35.4131,37.7088],[35.4025,37.7046],[35.3637,37.7193],[35.3455,37.7103],[35.338,37.7106],[35.3241,37.7219],[35.325,37.7362],[35.3224,37.7396],[35.3099,37.7461],[35.2595,37.7601],[35.2351,37.7576],[35.2126,37.7584],[35.2044,37.7559],[35.1872,37.7426],[35.1815,37.7704],[35.1622,37.7899],[35.1515,37.8098],[35.1518,37.8296],[35.154,37.8363]]]}},{"type":"Feature","properties":{"plaka":39},"geometry":{"type":"Polygon","coordinates":[[[26.9895,41.3636],[26.9896,41.3613],[26.9853,41.3596],[26.976,41.3629],[26.9732,41.3573],[26.9705,41.3574],[26.9722,41.3515],[26.9601,41.3437],[26.9509,41.3302],[26.9312,41.2889],[26.9257,41.3106],[26.9155,41.3282],[26.9034,41.3421],[26.8947,41.3757],[26.8806,41.3956],[26.8812,41.4045],[26.8847,41.4128],[26.9097,41.4565],[26.9323,41.4966],[26.9531,41.5122],[26.9592,41.5213],[26.9612,41.5588],[26.9646,41.5727],[26.9763,41.5938],[26.982,41.6097],[26.9833,41.6139],[26.9817,41.6194],[26.9633,41.6296],[26.955,41.628],[26.934,41.6089],[26.9256,41.6055],[26.9074,41.6115],[26.8964,41.6185],[26.8904,41.6269],[26.8905,41.6371],[26.898,41.655],[26.9001,41.6574],[26.9426,41.6682],[26.9571,41.6772],[26.9773,41.7323],[26.9967,41.7676],[26.9986,41.7874],[26.9932,41.833],[26.9864,41.8585],[26.9723,41.8877],[26.9684,41.9188],[26.9583,41.9334],[26.9543,41.9574],[26.9395,42.0001],[26.9448,42.0017],[26.9585,41.9968],[26.9661,41.9973],[26.9667,42.0029],[26.985,42.02],[26.981,42.0264],[26.9831,42.0328],[26.9799,42.0351],[26.9817,42.0375],[26.9938,42.0388],[26.9973,42.0363],[27.0076,42.0387],[27.0219,42.0549],[27.0257,42.0561],[27.0287,42.0608],[27.0231,42.0671],[27.0245,42.0734],[27.0218,42.0738],[27.0247,42.0813],[27.0317,42.0789],[27.0425,42.0846],[27.0502,42.0836],[27.0667,42.0932],[27.0707,42.0922],[27.0723,42.089],[27.0818,42.0872],[27.11,42.0863],[27.1138,42.0802],[27.1255,42.077],[27.1298,42.0681],[27.1341,42.0663],[27.1449,42.0671],[27.1529,42.072],[27.1588,42.0656],[27.1643,42.0649],[27.1828,42.0702],[27.1848,42.0638],[27.1911,42.0603],[27.2028,42.0596],[27.2069,42.061],[27.2034,42.0686],[27.1979,42.0734],[27.1982,42.0784],[27.2017,42.082],[27.2156,42.0842],[27.2194,42.0965],[27.2302,42.0988],[27.2394,42.1047],[27.2527,42.0979],[27.2623,42.0994],[27.2706,42.104],[27.2726,42.0971],[27.2831,42.0948],[27.2936,42.0974],[27.2999,42.0866],[27.311,42.087],[27.3165,42.079],[27.3263,42.0801],[27.3267,42.0726],[27.3361,42.0665],[27.3354,42.0607],[27.3656,42.0574],[27.3736,42.0472],[27.3773,42.046],[27.3756,42.0421],[27.378,42.041],[27.3761,42.039],[27.3819,42.0351],[27.3839,42.0218],[27.392,42.0185],[27.3945,42.0049],[27.4029,42.0058],[27.4121,42.0005],[27.416,41.9899],[27.4232,41.9881],[27.4247,41.9902],[27.4329,41.9909],[27.4394,41.9756],[27.4464,41.9742],[27.4483,41.9669],[27.4638,41.9689],[27.4687,41.9646],[27.4685,41.9587],[27.4893,41.9546],[27.4903,41.952],[27.4967,41.9547],[27.5033,41.9525],[27.5046,41.9581],[27.5102,41.9588],[27.5155,41.9513],[27.5192,41.9504],[27.5241,41.9419],[27.5297,41.9373],[27.5317,41.9279],[27.5413,41.916],[27.5549,41.9109],[27.5602,41.9049],[27.5721,41.9045],[27.5719,41.9123],[27.5632,41.9121],[27.5616,41.915],[27.5649,41.9191],[27.5768,41.92],[27.5739,41.9238],[27.5659,41.9238],[27.5698,41.9266],[27.5715,41.9323],[27.5746,41.9325],[27.5743,41.9372],[27.5876,41.9365],[27.5854,41.9327],[27.588,41.9315],[27.5971,41.9379],[27.6015,41.9466],[27.6048,41.9473],[27.6091,41.945],[27.6084,41.9389],[27.614,41.9389],[27.625,41.9478],[27.6233,41.9507],[27.6294,41.9503],[27.6274,41.9534],[27.624,41.9535],[27.6226,41.957],[27.6245,41.9589],[27.633,41.9546],[27.6384,41.9593],[27.6391,41.9549],[27.6423,41.9542],[27.652,41.9623],[27.6592,41.9608],[27.6563,41.9582],[27.6587,41.9569],[27.6676,41.9623],[27.6711,41.9607],[27.6701,41.9566],[27.6725,41.9565],[27.6738,41.9633],[27.6816,41.9645],[27.6838,41.9714],[27.6973,41.9742],[27.7041,41.9706],[27.7032,41.9759],[27.6955,41.9763],[27.6973,41.9784],[27.7063,41.9778],[27.7084,41.975],[27.7147,41.977],[27.7324,41.9736],[27.7353,41.9744],[27.7347,41.9786],[27.7379,41.98],[27.7488,41.9724],[27.7436,41.9697],[27.7444,41.9683],[27.75,41.97],[27.7657,41.968],[27.7709,41.9601],[27.7748,41.9656],[27.7793,41.9658],[27.7855,41.9615],[27.7785,41.9537],[27.7897,41.9543],[27.793,41.9478],[27.8017,41.9531],[27.8066,41.9501],[27.8072,41.947],[27.8152,41.9428],[27.8167,41.9458],[27.8127,41.9509],[27.8129,41.954],[27.82,41.9532],[27.8248,41.9483],[27.8294,41.9474],[27.8358,41.9479],[27.837,41.9531],[27.8332,41.9616],[27.8258,41.9593],[27.8197,41.9626],[27.8255,41.9739],[27.8183,41.9764],[27.8178,41.9863],[27.8209,41.9922],[27.8261,41.9936],[27.8271,41.9976],[27.8299,41.9986],[27.8354,41.9941],[27.8443,41.9912],[27.8492,41.995],[27.8494,42.0007],[27.8543,42.002],[27.8567,41.9982],[27.8514,41.9949],[27.8552,41.991],[27.8605,41.9963],[27.8578,42.0009],[27.86,42.0064],[27.8644,42.0063],[27.8687,42.0],[27.876,42.0001],[27.8793,41.9949],[27.8848,41.9964],[27.8998,41.9924],[27.8998,41.9821],[27.9084,41.975],[27.914,41.9734],[27.9185,41.9765],[27.9204,41.9829],[27.9244,41.9814],[27.9247,41.9766],[27.929,41.9766],[27.933,41.9854],[27.9421,41.9781],[27.9538,41.9818],[27.9567,41.9812],[27.9554,41.977],[27.9599,41.9773],[27.9624,41.9803],[27.9662,41.9795],[27.9758,41.9842],[27.9763,41.9901],[27.9928,41.9807],[28.0098,41.9788],[28.0241,41.9804],[28.0281,41.9837],[28.0282,41.9744],[28.0428,41.9621],[28.04,41.9589],[28.0408,41.9565],[28.0455,41.9537],[28.0495,41.9453],[28.0422,41.9343],[28.047,41.9244],[28.0442,41.9137],[28.0536,41.898],[28.0574,41.8846],[28.0545,41.8819],[28.0427,41.8807],[28.0323,41.8865],[28.0261,41.8849],[28.0204,41.8865],[28.0291,41.8868],[28.0266,41.8896],[28.0223,41.8878],[28.0239,41.8901],[28.0196,41.8935],[28.0115,41.8943],[27.9934,41.8833],[27.9818,41.8622],[27.9834,41.8348],[27.9869,41.8226],[28.0016,41.7973],[28.0244,41.7697],[28.0343,41.7619],[28.0413,41.7543],[28.0464,41.7298],[28.0591,41.7167],[28.0715,41.6994],[28.0959,41.6842],[28.1062,41.6679],[28.0973,41.6635],[28.0904,41.6566],[28.0954,41.6412],[28.1097,41.6245],[28.1403,41.5989],[28.1468,41.5897],[28.1463,41.5835],[28.1371,41.5809],[28.1332,41.5747],[28.1185,41.5622],[28.1235,41.5599],[28.1248,41.556],[28.1242,41.5528],[28.1197,41.5505],[28.122,41.5472],[28.1208,41.5424],[28.0986,41.5466],[28.0674,41.5738],[28.0624,41.5756],[28.0501,41.5735],[28.0288,41.56],[28.0034,41.5511],[27.9717,41.5565],[27.9587,41.5496],[27.9328,41.5204],[27.8979,41.5015],[27.8859,41.4979],[27.8346,41.4968],[27.81,41.4901],[27.7677,41.4737],[27.7185,41.4665],[27.6665,41.4452],[27.6374,41.4299],[27.6166,41.4127],[27.5976,41.3906],[27.59,41.3671],[27.5824,41.3213],[27.5445,41.2652],[27.5156,41.2462],[27.5068,41.2428],[27.4704,41.2382],[27.4216,41.225],[27.3979,41.223],[27.3749,41.2255],[27.3227,41.2468],[27.303,41.263],[27.2947,41.2834],[27.2708,41.3032],[27.245,41.3199],[27.2131,41.3308],[27.1892,41.3309],[27.1616,41.3239],[27.1481,41.3233],[27.0968,41.3345],[27.0761,41.3425],[27.0385,41.3408],[27.0147,41.3475],[27.009,41.3473],[27.0014,41.3616],[26.9895,41.3636]]]}},{"type":"Feature","properties":{"plaka":40},"geometry":{"type":"Polygon","coordinates":[[[34.6809,39.2754],[34.6917,39.269],[34.6922,39.2629],[34.6876,39.2575],[34.6736,39.252],[34.659,39.2396],[34.6396,39.2314],[34.6317,39.2252],[34.6175,39.1969],[34.619,39.1889],[34.6291,39.1731],[34.6277,39.1621],[34.6248,39.1576],[34.6124,39.1504],[34.5765,39.1384],[34.5634,39.1252],[34.5429,39.0745],[34.5458,39.0718],[34.5622,39.0683],[34.5803,39.077],[34.589,39.078],[34.5936,39.0715],[34.5969,39.0552],[34.5932,39.0394],[34.5855,39.0371],[34.5433,39.0508],[34.5344,39.0527],[34.5221,39.0513],[34.5163,39.0343],[34.5058,39.0157],[34.4699,38.9897],[34.443,38.9807],[34.4345,38.9741],[34.4257,38.9598],[34.4101,38.9184],[34.3935,38.8967],[34.3855,38.8788],[34.3735,38.8631],[34.3604,38.8546],[34.3484,38.8526],[34.3427,38.8599],[34.312,38.8803],[34.3028,38.8919],[34.2826,38.8989],[34.269,38.8995],[34.25169,38.91142],[34.2632,38.9033],[34.2585,38.8989],[34.2537,38.887],[34.2559,38.8722],[34.2545,38.8583],[34.2509,38.8443],[34.2443,38.8351],[34.2261,38.8267],[34.2084,38.8103],[34.1686,38.7991],[34.1563,38.8025],[34.1457,38.813],[34.1409,38.844],[34.1334,38.8555],[34.0942,38.8739],[34.0749,38.8894],[34.0674,38.8994],[34.0582,38.945],[34.0217,38.9615],[34.0023,38.9774],[33.978,39.0231],[33.9701,39.0327],[33.9651,39.035],[33.964,39.0478],[33.9614,39.0519],[33.9461,39.0505],[33.9054,39.038],[33.8951,39.0378],[33.876,39.045],[33.8679,39.0521],[33.859,39.0661],[33.8503,39.0696],[33.7789,39.0704],[33.7647,39.0726],[33.7583,39.0772],[33.748,39.0991],[33.7185,39.112],[33.6778,39.1405],[33.6382,39.1695],[33.6025,39.1854],[33.5503,39.2165],[33.5364,39.2357],[33.5154,39.2734],[33.5121,39.2839],[33.5015,39.2927],[33.481,39.2944],[33.4615,39.3019],[33.4569,39.3126],[33.444,39.3197],[33.4439,39.3241],[33.4476,39.3289],[33.4624,39.3312],[33.464,39.3413],[33.4533,39.3538],[33.4416,39.3591],[33.4338,39.3663],[33.4225,39.3833],[33.4195,39.3958],[33.4273,39.4157],[33.4499,39.4307],[33.4778,39.4387],[33.5257,39.4291],[33.5452,39.4188],[33.5528,39.418],[33.5608,39.423],[33.5738,39.4389],[33.639,39.4733],[33.6586,39.4954],[33.6747,39.5002],[33.6879,39.4986],[33.6942,39.4954],[33.7009,39.4868],[33.7173,39.4774],[33.7462,39.4715],[33.7527,39.4733],[33.7586,39.4873],[33.759,39.4929],[33.7562,39.4971],[33.731,39.5194],[33.7318,39.5267],[33.7858,39.5428],[33.8296,39.5655],[33.8556,39.5742],[33.8611,39.6017],[33.8655,39.6119],[33.9084,39.6374],[33.9119,39.6464],[33.9181,39.6517],[33.9337,39.6528],[33.9459,39.6574],[33.9576,39.6652],[33.9611,39.6684],[33.9636,39.6775],[33.9641,39.692],[33.9607,39.7109],[33.9749,39.7217],[33.9783,39.7344],[33.9844,39.7386],[34.0169,39.7466],[34.0286,39.7546],[34.0365,39.7666],[34.0443,39.7733],[34.0536,39.7768],[34.0894,39.7758],[34.1215,39.7923],[34.1484,39.7893],[34.1768,39.7914],[34.1877,39.7773],[34.2112,39.7602],[34.2224,39.7464],[34.248,39.729],[34.3265,39.7034],[34.4275,39.6766],[34.4541,39.6738],[34.4678,39.6697],[34.4692,39.6509],[34.4551,39.6424],[34.4527,39.6364],[34.4532,39.6337],[34.4639,39.6316],[34.4614,39.6239],[34.4657,39.6154],[34.5224,39.5971],[34.5367,39.5863],[34.5411,39.5788],[34.5216,39.5353],[34.5154,39.5099],[34.5166,39.4954],[34.5223,39.4871],[34.5296,39.4818],[34.557,39.4709],[34.5936,39.4518],[34.602,39.4446],[34.6177,39.4221],[34.6208,39.412],[34.6134,39.4108],[34.6066,39.4017],[34.5997,39.3863],[34.5838,39.3526],[34.58,39.3341],[34.5911,39.3202],[34.6166,39.3105],[34.6565,39.3042],[34.6634,39.2994],[34.6809,39.2754]]]}},{"type":"Feature","properties":{"plaka":41},"geometry":{"type":"MultiPolygon","coordinates":[[[[30.0426,40.4366],[30.0328,40.4305],[30.023,40.4292],[30.0143,40.4322],[29.9989,40.46],[29.9939,40.4806],[29.9947,40.5017],[29.99431,40.50561],[29.9946,40.5],[29.9685,40.517],[29.951,40.5207],[29.9382,40.52],[29.9199,40.5295],[29.9163,40.5382],[29.9143,40.5663],[29.8914,40.5816],[29.8658,40.5892],[29.8498,40.5976],[29.8043,40.5919],[29.7879,40.5922],[29.7489,40.6083],[29.7235,40.6111],[29.7066,40.6164],[29.6841,40.6044],[29.6812,40.5883],[29.6744,40.5803],[29.6309,40.5504],[29.5945,40.5399],[29.5631,40.5395],[29.5299,40.5355],[29.5115,40.5282],[29.4981,40.5301],[29.4949,40.5435],[29.4834,40.5477],[29.4791,40.5561],[29.4484,40.5561],[29.4276,40.5454],[29.419,40.5451],[29.4215,40.547],[29.4211,40.5588],[29.4242,40.567],[29.4289,40.5695],[29.4282,40.5824],[29.4346,40.598],[29.4398,40.6054],[29.4546,40.6172],[29.4538,40.625],[29.45,40.6318],[29.4315,40.652],[29.4326,40.6623],[29.4391,40.6771],[29.4368,40.6998],[29.445,40.7008],[29.4535,40.7051],[29.467,40.7062],[29.483,40.7242],[29.4835,40.729],[29.4947,40.7319],[29.5095,40.7398],[29.5132,40.7434],[29.5143,40.7491],[29.5174,40.7495],[29.5225,40.7413],[29.531,40.7502],[29.5344,40.7304],[29.5453,40.7208],[29.5637,40.6981],[29.5587,40.6872],[29.5853,40.6884],[29.5958,40.6923],[29.6131,40.6935],[29.6185,40.6964],[29.644,40.6957],[29.6654,40.7051],[29.6771,40.7028],[29.68251,40.70467],[29.6825,40.7047],[29.7056,40.7078],[29.7143,40.7114],[29.7228,40.7104],[29.7434,40.7143],[29.7514,40.718],[29.7582,40.7169],[29.7734,40.7186],[29.7812,40.7222],[29.7911,40.722],[29.7953,40.7266],[29.8084,40.7298],[29.8131,40.7302],[29.8072,40.7261],[29.811,40.7258],[29.8105,40.7241],[29.8148,40.7244],[29.8134,40.7268],[29.8157,40.727],[29.8321,40.7219],[29.8466,40.7283],[29.8581,40.7145],[29.8472,40.7288],[29.8529,40.727],[29.8558,40.7277],[29.856,40.7308],[29.8559,40.7277],[29.8613,40.7266],[29.864,40.7233],[29.868,40.7281],[29.8679,40.726],[29.8733,40.7239],[29.8737,40.722],[29.8691,40.7206],[29.8717,40.7203],[29.8697,40.7184],[29.8719,40.7179],[29.8695,40.7173],[29.8722,40.7158],[29.8856,40.7175],[29.8848,40.7158],[29.8888,40.7141],[29.898,40.7175],[29.9052,40.7139],[29.9162,40.7142],[29.921,40.7179],[29.9364,40.7193],[29.9414,40.7307],[29.9414,40.7341],[29.9382,40.7348],[29.97623,40.73408],[29.9755,40.7342],[29.9412,40.7354],[29.9387,40.7357],[29.9414,40.7385],[29.9397,40.7435],[29.9424,40.7479],[29.9391,40.755],[29.9355,40.7563],[29.9439,40.7573],[29.9339,40.7564],[29.9315,40.7596],[29.9205,40.7603],[29.9219,40.7586],[29.9165,40.7609],[29.9124,40.7606],[29.9134,40.7588],[29.9122,40.7607],[29.8999,40.758],[29.8811,40.7598],[29.8767,40.7577],[29.8665,40.7579],[29.863,40.7541],[29.8582,40.7573],[29.8623,40.7542],[29.8609,40.7522],[29.8601,40.7539],[29.8554,40.7523],[29.8559,40.7496],[29.8389,40.7524],[29.8318,40.7472],[29.8266,40.7468],[29.8225,40.7501],[29.8119,40.7496],[29.8033,40.7485],[29.7951,40.7435],[29.7889,40.7457],[29.7831,40.7407],[29.7658,40.7427],[29.7691,40.743],[29.7625,40.7475],[29.7578,40.7464],[29.7617,40.7476],[29.7599,40.7507],[29.75939,40.75062],[29.7568,40.7567],[29.75473,40.7563],[29.7515,40.7612],[29.7491,40.761],[29.749,40.7638],[29.7326,40.7721],[29.7244,40.7706],[29.7245,40.7687],[29.7241,40.7708],[29.7187,40.7706],[29.7138,40.775],[29.7106,40.7733],[29.7122,40.7747],[29.7094,40.7768],[29.7024,40.7752],[29.6846,40.7786],[29.6466,40.7775],[29.6374,40.7754],[29.6172,40.7838],[29.5902,40.7734],[29.5717,40.7666],[29.5521,40.7723],[29.5456,40.77],[29.5473,40.7685],[29.5446,40.7694],[29.5456,40.7675],[29.5438,40.7691],[29.5443,40.7667],[29.5436,40.7694],[29.5406,40.7677],[29.5422,40.7695],[29.5388,40.7695],[29.5362,40.7681],[29.5393,40.7657],[29.5344,40.7669],[29.5342,40.7637],[29.5327,40.7663],[29.5316,40.7636],[29.5282,40.7636],[29.5275,40.7672],[29.5266,40.7643],[29.5266,40.7664],[29.5234,40.7664],[29.5227,40.7641],[29.523,40.769],[29.5157,40.7669],[29.502,40.7797],[29.4891,40.7802],[29.4723,40.7751],[29.4684,40.7714],[29.4627,40.7722],[29.4498,40.7681],[29.4384,40.7714],[29.4269,40.7689],[29.4221,40.7651],[29.4132,40.7645],[29.3909,40.7533],[29.3627,40.7582],[29.3542,40.7554],[29.3515,40.7662],[29.3492,40.7675],[29.3534,40.7703],[29.3498,40.7825],[29.3443,40.7874],[29.3405,40.785],[29.334,40.7858],[29.3361,40.7881],[29.333,40.7905],[29.3372,40.79],[29.3373,40.7929],[29.3467,40.7902],[29.3497,40.7948],[29.3445,40.7969],[29.3458,40.7983],[29.34758,40.798],[29.3471,40.8013],[29.3436,40.8014],[29.3471,40.8015],[29.3459,40.8041],[29.3399,40.8106],[29.35,40.8244],[29.3686,40.8114],[29.3623,40.8164],[29.3663,40.831],[29.3712,40.8378],[29.362,40.8506],[29.3682,40.8558],[29.3854,40.8601],[29.4126,40.8752],[29.4392,40.8908],[29.4461,40.9031],[29.4562,40.9121],[29.4578,40.9363],[29.4604,40.9446],[29.4675,40.9523],[29.4815,40.9607],[29.4885,40.9769],[29.5045,40.9923],[29.5052,41.0006],[29.4997,41.0191],[29.5018,41.0306],[29.5079,41.0365],[29.509,41.0419],[29.5115,41.0401],[29.5174,41.0443],[29.5257,41.0377],[29.5247,41.0345],[29.5285,41.0311],[29.5318,41.034],[29.5496,41.032],[29.5816,41.0215],[29.6094,40.9936],[29.6192,40.9757],[29.6327,40.9683],[29.6425,40.9675],[29.6668,40.9668],[29.6783,40.9714],[29.6938,40.9828],[29.7091,41.0005],[29.7125,41.0183],[29.7161,41.0234],[29.7221,41.0278],[29.7422,41.0324],[29.7493,41.0308],[29.76,41.024],[29.77,41.0229],[29.7971,41.0133],[29.8135,41.0069],[29.8214,41.0066],[29.8488,41.0134],[29.8669,41.0267],[29.8896,41.0664],[29.8953,41.0835],[29.9054,41.0878],[29.916,41.0888],[29.9213,41.0935],[29.9215,41.098],[29.9141,41.1164],[29.9126,41.1423],[29.9193,41.1403],[29.9199,41.1424],[29.9405,41.141],[29.9433,41.1381],[29.9493,41.1405],[29.9596,41.1374],[29.964,41.1409],[29.97,41.1408],[29.9752,41.1357],[29.9808,41.1348],[29.9838,41.1368],[29.9902,41.1345],[29.996,41.139],[30.0016,41.1354],[30.0032,41.137],[30.0003,41.1389],[30.0051,41.1363],[30.008,41.1387],[30.0169,41.1388],[30.0176,41.1353],[30.0211,41.1349],[30.023,41.1388],[30.0305,41.1401],[30.0434,41.1373],[30.0466,41.134],[30.0483,41.1375],[30.0526,41.1364],[30.054,41.1386],[30.0735,41.134],[30.0769,41.1353],[30.0772,41.139],[30.0841,41.1402],[30.094,41.1379],[30.0991,41.1406],[30.0985,41.137],[30.1013,41.1355],[30.1025,41.1382],[30.1059,41.1372],[30.1107,41.1421],[30.1179,41.1436],[30.1404,41.1427],[30.1454,41.1399],[30.1558,41.1393],[30.1665,41.1446],[30.1694,41.1435],[30.1766,41.146],[30.1798,41.1492],[30.1783,41.1536],[30.1824,41.1486],[30.1875,41.1495],[30.1875,41.1466],[30.1912,41.1463],[30.197,41.1529],[30.1957,41.158],[30.191,41.1587],[30.1929,41.1617],[30.2066,41.1611],[30.2053,41.1644],[30.2117,41.1636],[30.2118,41.1611],[30.2171,41.1588],[30.2217,41.1593],[30.2274,41.1654],[30.2223,41.17],[30.2259,41.1689],[30.2257,41.1707],[30.2204,41.1727],[30.2222,41.1736],[30.22,41.1755],[30.2241,41.1784],[30.2274,41.1789],[30.2259,41.1766],[30.2292,41.1757],[30.2333,41.1781],[30.2305,41.1842],[30.2246,41.1868],[30.2346,41.189],[30.2447,41.1871],[30.2537,41.1902],[30.2623,41.1995],[30.2635,41.2078],[30.2708,41.2098],[30.2797,41.2042],[30.2967,41.2004],[30.3085,41.201],[30.3185,41.1978],[30.3245,41.2014],[30.33,41.201],[30.33,41.1975],[30.3335,41.1947],[30.3423,41.1916],[30.3491,41.1929],[30.3494,41.1882],[30.3519,41.1879],[30.3521,41.1855],[30.3674,41.1794],[30.3697,41.179],[30.3747,41.1843],[30.4134,41.1717],[30.4094,41.1689],[30.4719,41.1521],[30.5359,41.1407],[30.6466,41.1296],[30.6688,41.1213],[30.673,41.1248],[30.6708,41.1204],[30.6782,41.1164],[30.7436,41.0912],[30.8022,41.0844],[30.8208,41.0815],[30.8988,41.0776],[30.9168,41.074],[30.9563,41.0759],[30.9658,41.0744],[30.9557,41.0652],[30.9646,41.066],[30.978,41.0612],[30.9832,41.0537],[30.9834,41.0498],[30.9806,41.0475],[30.9821,41.0457],[30.9934,41.0436],[31.0058,41.0494],[31.0099,41.0477],[31.0107,41.0444],[31.0031,41.0328],[30.9841,41.0274],[30.9834,41.0213],[30.9759,41.0133],[30.961,41.0046],[30.9513,41.0023],[30.9553,40.995],[30.963,40.9933],[30.9633,40.9846],[30.9433,40.9758],[30.9259,40.9587],[30.9131,40.9522],[30.8988,40.9393],[30.8831,40.9332],[30.8728,40.923],[30.8625,40.9169],[30.8265,40.911],[30.8195,40.9022],[30.8119,40.8819],[30.8168,40.8743],[30.8336,40.8755],[30.8478,40.8709],[30.8725,40.8731],[30.878,40.8698],[30.8815,40.8625],[30.8709,40.8493],[30.8701,40.8379],[30.8753,40.8338],[30.8873,40.8336],[30.902,40.8391],[30.9074,40.8358],[30.9097,40.8276],[30.8966,40.8202],[30.8676,40.8173],[30.8412,40.7941],[30.8402,40.7892],[30.8473,40.7786],[30.8472,40.7717],[30.8292,40.7593],[30.8337,40.7474],[30.8432,40.7395],[30.8741,40.7441],[30.88,40.7429],[30.8937,40.719],[30.9265,40.7268],[30.935,40.7222],[30.938,40.7179],[30.9402,40.7053],[30.9346,40.6907],[30.9339,40.6806],[30.9244,40.6723],[30.9141,40.6515],[30.8974,40.6441],[30.8977,40.6314],[30.8955,40.6262],[30.8803,40.6102],[30.8733,40.5969],[30.8741,40.5853],[30.8862,40.5731],[30.874,40.5674],[30.872,40.543],[30.8825,40.537],[30.8762,40.53],[30.8771,40.5257],[30.8743,40.5223],[30.8681,40.5202],[30.8531,40.5047],[30.8315,40.501],[30.7966,40.5075],[30.7749,40.504],[30.765,40.4997],[30.7326,40.4968],[30.6798,40.4986],[30.6375,40.5055],[30.6268,40.5039],[30.6127,40.4922],[30.5911,40.4737],[30.5832,40.4363],[30.5685,40.4149],[30.5689,40.3869],[30.5608,40.3765],[30.5598,40.3702],[30.5677,40.3517],[30.576,40.3457],[30.5747,40.3199],[30.563,40.3049],[30.5599,40.2943],[30.5321,40.2924],[30.512,40.2985],[30.4805,40.3179],[30.4793,40.3442],[30.4667,40.3602],[30.4641,40.3683],[30.4476,40.3782],[30.4447,40.3844],[30.4442,40.3941],[30.4298,40.396],[30.3845,40.3802],[30.3635,40.3789],[30.3433,40.3854],[30.3098,40.3794],[30.2821,40.3671],[30.2524,40.3636],[30.2347,40.357],[30.2289,40.3528],[30.2272,40.3419],[30.2194,40.3362],[30.2028,40.3426],[30.1816,40.3568],[30.1543,40.356],[30.1383,40.3659],[30.1167,40.3737],[30.1114,40.3794],[30.1012,40.4003],[30.0875,40.4122],[30.0763,40.4443],[30.0693,40.4514],[30.0615,40.4504],[30.0494,40.4449],[30.0426,40.4366]]],[[[29.4131,40.54756],[29.4012,40.5507],[29.4106,40.5486],[29.4131,40.54756]]]]}},{"type":"Feature","properties":{"plaka":42},"geometry":{"type":"Polygon","coordinates":[[[32.3948,36.7686],[32.3835,36.7756],[32.3731,36.789],[32.3407,36.8076],[32.2964,36.8473],[32.2808,36.8852],[32.2571,36.9065],[32.2456,36.9294],[32.2264,36.9421],[32.2135,36.9551],[32.1984,36.9637],[32.1727,36.9813],[32.1512,36.9875],[32.1201,36.991],[32.0791,37.0086],[32.053,37.0296],[32.0476,37.0431],[32.0384,37.0535],[32.0326,37.0651],[32.0138,37.0844],[31.9889,37.0945],[31.9703,37.1146],[31.96,37.1305],[31.9421,37.145],[31.9384,37.1519],[31.9342,37.1723],[31.9315,37.1759],[31.9048,37.1849],[31.8805,37.2139],[31.8588,37.2611],[31.8178,37.3058],[31.8117,37.3323],[31.8066,37.3435],[31.7565,37.3667],[31.7277,37.3741],[31.6985,37.3695],[31.6751,37.347],[31.6614,37.3391],[31.6298,37.3313],[31.6056,37.3316],[31.5708,37.3267],[31.5508,37.3278],[31.4422,37.351],[31.3957,37.3656],[31.3706,37.384],[31.363,37.4043],[31.3642,37.4147],[31.3613,37.4247],[31.3726,37.4635],[31.3744,37.4907],[31.3688,37.5575],[31.3526,37.5978],[31.3447,37.6081],[31.3348,37.6317],[31.3346,37.6556],[31.3396,37.671],[31.3625,37.6914],[31.3725,37.6968],[31.3864,37.7003],[31.4067,37.6993],[31.422,37.6954],[31.4317,37.7002],[31.4328,37.7296],[31.4296,37.753],[31.4388,37.769],[31.4627,37.7953],[31.4684,37.8117],[31.4681,37.8348],[31.4619,37.852],[31.4418,37.87],[31.4351,37.8837],[31.4343,37.9081],[31.4368,37.9154],[31.4535,37.9312],[31.4845,37.9497],[31.5029,37.9713],[31.5066,37.9928],[31.5043,38.0133],[31.5144,38.0347],[31.521,38.0414],[31.5286,38.0441],[31.5551,38.0858],[31.5687,38.097],[31.5733,38.1061],[31.5716,38.1203],[31.5636,38.1371],[31.5394,38.1681],[31.5244,38.1754],[31.5094,38.1803],[31.4763,38.1966],[31.4511,38.2188],[31.4379,38.2266],[31.4233,38.229],[31.3994,38.2452],[31.3603,38.2585],[31.3421,38.2738],[31.3124,38.292],[31.2855,38.3409],[31.2784,38.3686],[31.2571,38.3851],[31.2469,38.396],[31.2407,38.4075],[31.2394,38.4172],[31.2414,38.4279],[31.2475,38.4269],[31.2543,38.4332],[31.2741,38.4387],[31.2874,38.4546],[31.4473,38.5441],[31.564,38.6145],[31.6208,38.631],[31.6263,38.6356],[31.6367,38.6562],[31.6352,38.6635],[31.6245,38.666],[31.6123,38.6743],[31.5844,38.6778],[31.5742,38.6843],[31.5707,38.6892],[31.5559,38.7315],[31.5633,38.7486],[31.5713,38.7579],[31.5783,38.7635],[31.5923,38.7689],[31.6024,38.7781],[31.6295,38.8238],[31.6336,38.845],[31.6337,38.863],[31.6146,38.9136],[31.6164,38.9168],[31.6263,38.9202],[31.6387,38.9444],[31.6466,38.9506],[31.6653,38.9582],[31.7008,38.9569],[31.7254,38.9677],[31.7318,38.9733],[31.7339,38.9779],[31.731,38.9835],[31.7187,38.9984],[31.7093,39.0047],[31.6231,39.0217],[31.6101,39.0271],[31.5954,39.0416],[31.5921,39.0552],[31.586,39.0675],[31.6369,39.0841],[31.6479,39.0852],[31.6649,39.0853],[31.7031,39.0727],[31.7233,39.0761],[31.7762,39.1117],[31.7858,39.1248],[31.8005,39.1345],[31.8275,39.1372],[31.8516,39.1354],[31.8642,39.1331],[31.8763,39.127],[31.9045,39.1094],[31.9411,39.0752],[31.944,39.0712],[31.9481,39.0518],[31.9564,39.0401],[31.9812,39.0299],[32.0132,38.9988],[32.0359,38.984],[32.0485,38.9725],[32.0772,38.9577],[32.1143,38.9517],[32.142,38.9556],[32.1599,38.9628],[32.1686,38.9703],[32.1754,38.9796],[32.1785,39.0059],[32.1928,39.0188],[32.2297,39.0108],[32.256,39.0001],[32.2704,38.9972],[32.3043,39.0051],[32.3365,39.0253],[32.3689,39.0286],[32.3728,39.0254],[32.3743,39.0131],[32.3862,39.0039],[32.404,38.998],[32.4266,38.9796],[32.4639,38.9726],[32.4774,38.9757],[32.5003,38.9939],[32.5156,39.0167],[32.5329,39.0316],[32.5541,39.0431],[32.568,39.0452],[32.5905,39.0568],[32.6235,39.0787],[32.632,39.0887],[32.6627,39.1149],[32.6814,39.1267],[32.7041,39.1295],[32.7193,39.1247],[32.7977,39.1399],[32.8227,39.1577],[32.8252,39.1611],[32.8247,39.1682],[32.7994,39.2022],[32.7954,39.2142],[32.7988,39.2435],[32.8031,39.251],[32.8175,39.263],[32.8242,39.2734],[32.8487,39.2722],[32.8687,39.2676],[32.9075,39.2516],[32.9127,39.2466],[32.919,39.2461],[32.928,39.2472],[32.9418,39.2563],[32.9468,39.2768],[32.952,39.2844],[32.975,39.2847],[32.9861,39.2899],[32.9959,39.2907],[33.0077,39.2861],[33.0115,39.2785],[33.0129,39.2651],[33.0061,39.2333],[33.0108,39.2167],[33.0185,39.2031],[33.0285,39.199],[33.0383,39.1982],[33.0524,39.2023],[33.0573,39.2065],[33.0661,39.2153],[33.0703,39.2257],[33.0841,39.2387],[33.1137,39.2539],[33.1311,39.271],[33.1369,39.2845],[33.179,39.2766],[33.1848,39.2728],[33.1852,39.2647],[33.1818,39.256],[33.1723,39.2483],[33.1398,39.2427],[33.1335,39.2375],[33.1282,39.2283],[33.1326,39.2014],[33.1329,39.1804],[33.1394,39.1636],[33.1449,39.1562],[33.1704,39.1354],[33.1891,39.124],[33.2009,39.1181],[33.2245,39.1124],[33.2479,39.0947],[33.2676,39.087],[33.2816,39.0823],[33.3057,39.081],[33.3275,39.0832],[33.362,39.0749],[33.3739,39.0616],[33.3873,39.0368],[33.392,39.0196],[33.3954,38.9828],[33.3884,38.945],[33.3843,38.9356],[33.3821,38.8955],[33.3635,38.809],[33.36,38.7809],[33.3554,38.7657],[33.3564,38.7622],[33.3623,38.7578],[33.3868,38.7222],[33.4097,38.6969],[33.393,38.6659],[33.3355,38.5774],[33.3305,38.5637],[33.3154,38.5394],[33.2365,38.4192],[33.2282,38.3911],[33.2317,38.377],[33.2315,38.367],[33.224,38.3456],[33.1859,38.3075],[33.1756,38.2909],[33.176,38.2812],[33.185,38.2592],[33.2006,38.2497],[33.2217,38.2494],[33.2412,38.2538],[33.2508,38.2533],[33.2702,38.2491],[33.2786,38.2436],[33.2919,38.2161],[33.3052,38.1768],[33.2935,38.1575],[33.2659,38.1356],[33.2639,38.1308],[33.2652,38.1247],[33.2788,38.1111],[33.3095,38.0889],[33.3216,38.0708],[33.3424,38.0512],[33.4062,38.0181],[33.423,37.9952],[33.4477,37.9715],[33.457,37.9695],[33.4664,37.9707],[33.5116,37.9794],[33.5439,37.9934],[33.56,38.008],[33.5673,38.0179],[33.5728,38.0396],[33.5853,38.0623],[33.6085,38.085],[33.6336,38.0983],[33.6979,38.1138],[33.71,38.111],[33.7238,38.102],[33.7387,38.0794],[33.7585,38.063],[33.7796,38.0534],[33.7916,38.0507],[33.8013,38.0513],[33.8286,38.0659],[33.8919,38.108],[33.9394,38.1288],[33.9501,38.1295],[33.9634,38.1299],[33.9752,38.1277],[33.9812,38.1239],[33.9912,38.1141],[34.0122,38.0789],[34.0349,38.0592],[34.0646,38.0431],[34.0685,38.0384],[34.0697,38.0279],[34.0618,38.0212],[34.0414,38.016],[34.0043,38.0144],[33.9942,38.0047],[33.9906,37.9913],[33.9987,37.9828],[34.0199,37.9729],[34.0315,37.9603],[34.0407,37.9442],[34.0419,37.9297],[34.0442,37.9256],[34.0855,37.9101],[34.1198,37.904],[34.1826,37.8815],[34.2305,37.8706],[34.2412,37.8582],[34.2689,37.8404],[34.2835,37.8256],[34.3071,37.8101],[34.3471,37.7763],[34.366,37.7535],[34.3838,37.7121],[34.3864,37.6999],[34.3861,37.685],[34.3778,37.6672],[34.363,37.6503],[34.301,37.5961],[34.2977,37.5896],[34.2995,37.5807],[34.3061,37.5742],[34.3376,37.5563],[34.3619,37.5475],[34.3654,37.5415],[34.3627,37.5346],[34.3493,37.5245],[34.3338,37.5233],[34.3242,37.5197],[34.3139,37.5069],[34.3103,37.4927],[34.3243,37.4805],[34.3884,37.4503],[34.3987,37.4424],[34.4178,37.4453],[34.4225,37.4413],[34.4242,37.434],[34.4214,37.4005],[34.4087,37.3747],[34.4058,37.3621],[34.4209,37.3402],[34.4466,37.3153],[34.4505,37.3036],[34.4472,37.2951],[34.4435,37.2918],[34.4106,37.2662],[34.3961,37.258],[34.358,37.2446],[34.3151,37.2239],[34.2919,37.2155],[34.2434,37.2024],[34.2329,37.2015],[34.2174,37.1904],[34.1884,37.1837],[34.1745,37.1832],[34.1339,37.1918],[34.1115,37.19],[34.0618,37.1822],[34.0468,37.1749],[34.0379,37.1747],[34.0069,37.1643],[33.9868,37.1189],[33.9662,37.1056],[33.9014,37.0791],[33.8805,37.0598],[33.8611,37.0335],[33.8271,37.0143],[33.7775,37.008],[33.7501,37.0129],[33.6838,37.0332],[33.666,37.0366],[33.638,37.037],[33.6288,37.0337],[33.6082,37.0158],[33.5892,36.9862],[33.5736,36.9775],[33.5418,36.9737],[33.5094,36.979],[33.4608,36.9762],[33.4316,36.9663],[33.398,36.96],[33.3569,36.96],[33.3366,36.9493],[33.3275,36.9412],[33.2776,36.9241],[33.2658,36.9234],[33.2376,36.9299],[33.2162,36.9281],[33.2009,36.9085],[33.1927,36.905],[33.1797,36.9049],[33.1739,36.9018],[33.1702,36.8805],[33.1645,36.8656],[33.1551,36.8502],[33.1474,36.8445],[33.1311,36.8442],[33.1159,36.8491],[33.1146,36.8542],[33.1093,36.859],[33.1114,36.8642],[33.1033,36.8652],[33.1018,36.8726],[33.0818,36.8687],[33.0372,36.8692],[32.9994,36.8547],[32.978,36.8562],[32.9578,36.8513],[32.9539,36.8484],[32.9472,36.831],[32.9436,36.8195],[32.944,36.7998],[32.9482,36.7902],[32.9595,36.7837],[32.9681,36.7671],[32.9823,36.7483],[32.9812,36.7309],[32.976,36.7151],[32.9781,36.6877],[32.9869,36.6878],[33.032,36.7009],[33.0587,36.7017],[33.0655,36.692],[33.0715,36.6675],[33.083,36.6597],[33.0982,36.631],[33.1071,36.6198],[33.1197,36.6148],[33.1462,36.6116],[33.1768,36.5951],[33.2098,36.5586],[33.223,36.5324],[33.2212,36.5291],[33.2077,36.5255],[33.1841,36.532],[33.1629,36.5442],[33.1526,36.5528],[33.1428,36.5666],[33.1297,36.5781],[33.1224,36.5815],[33.1162,36.5811],[33.1032,36.5737],[33.0831,36.5724],[33.0692,36.567],[33.0509,36.5558],[33.0474,36.5502],[33.0368,36.5429],[33.033,36.5354],[33.0328,36.5278],[33.0499,36.4969],[33.0531,36.4851],[33.047,36.4473],[33.0427,36.4402],[33.0333,36.436],[33.0196,36.4378],[32.9773,36.4369],[32.8412,36.4811],[32.7921,36.4827],[32.7547,36.4873],[32.7116,36.4861],[32.6946,36.495],[32.6626,36.5059],[32.6248,36.5099],[32.6146,36.5096],[32.5818,36.4838],[32.5686,36.4801],[32.532,36.4954],[32.5047,36.5161],[32.4887,36.5252],[32.4704,36.5314],[32.4579,36.5484],[32.4479,36.5549],[32.436,36.558],[32.428,36.5726],[32.4074,36.5826],[32.4159,36.6117],[32.4204,36.6451],[32.4199,36.6607],[32.4115,36.6749],[32.4103,36.6813],[32.4244,36.6985],[32.412,36.734],[32.4002,36.762],[32.3948,36.7686]]]}},{"type":"Feature","properties":{"plaka":43},"geometry":{"type":"Polygon","coordinates":[[[29.7304,38.9315],[29.7096,38.9348],[29.6853,38.9459],[29.6609,38.9516],[29.6501,38.9514],[29.6384,38.9435],[29.6146,38.9354],[29.5917,38.9005],[29.5814,38.8971],[29.552,38.8984],[29.521,38.893],[29.4941,38.8707],[29.4756,38.8637],[29.4704,38.864],[29.4513,38.8794],[29.4306,38.8857],[29.4189,38.8843],[29.3991,38.8764],[29.3916,38.8679],[29.3711,38.8635],[29.3636,38.8501],[29.366,38.8357],[29.3467,38.8252],[29.3381,38.8237],[29.3225,38.8089],[29.3007,38.8008],[29.2771,38.7997],[29.258,38.7872],[29.2505,38.7859],[29.2436,38.7812],[29.2275,38.7823],[29.2249,38.7892],[29.2313,38.8102],[29.2483,38.8137],[29.2528,38.818],[29.2522,38.8219],[29.2454,38.8279],[29.2457,38.8349],[29.2316,38.8378],[29.2234,38.8341],[29.2097,38.8332],[29.206,38.835],[29.1948,38.8499],[29.1855,38.8479],[29.1779,38.8393],[29.1733,38.8401],[29.1646,38.8466],[29.1597,38.8589],[29.1523,38.8688],[29.1489,38.8701],[29.14,38.8686],[29.1235,38.8486],[29.1209,38.842],[29.1139,38.8397],[29.1056,38.8505],[29.0945,38.8565],[29.0954,38.8648],[29.0855,38.8705],[29.0796,38.8823],[29.074,38.8847],[29.0621,38.8822],[29.0458,38.8855],[29.0396,38.8907],[29.0361,38.8881],[29.036,38.8777],[29.0242,38.8566],[29.0045,38.858],[28.9925,38.8653],[28.9925,38.8718],[28.9872,38.8748],[28.9824,38.8873],[28.9637,38.8925],[28.9587,38.8972],[28.9545,38.9115],[28.9491,38.9175],[28.9506,38.9251],[28.9489,38.9377],[28.9456,38.9429],[28.9447,38.9509],[28.932,38.956],[28.9258,38.9617],[28.9121,38.9666],[28.9112,38.9696],[28.9178,38.9768],[28.918,38.986],[28.9325,38.9998],[28.9371,39.0136],[28.9312,39.0233],[28.9189,39.0309],[28.9148,39.0423],[28.9137,39.0591],[28.9051,39.0681],[28.8975,39.0709],[28.8765,39.0866],[28.8501,39.0976],[28.8222,39.1011],[28.8072,39.1086],[28.7893,39.11],[28.759,39.1048],[28.7146,39.1161],[28.6818,39.1186],[28.6668,39.1161],[28.6635,39.1182],[28.6607,39.123],[28.6575,39.1406],[28.6617,39.1547],[28.6644,39.1801],[28.668,39.186],[28.6656,39.2089],[28.6639,39.2129],[28.6414,39.2227],[28.6368,39.2287],[28.6299,39.2432],[28.6165,39.2614],[28.6123,39.2809],[28.6131,39.2901],[28.6382,39.3077],[28.6525,39.3115],[28.6644,39.2931],[28.6846,39.2787],[28.7081,39.2725],[28.7385,39.269],[28.7553,39.2728],[28.7828,39.2838],[28.8123,39.3019],[28.821,39.3127],[28.8332,39.3347],[28.8691,39.3664],[28.8735,39.3735],[28.8754,39.3844],[28.8803,39.3914],[28.9011,39.4028],[28.9503,39.4125],[28.9514,39.4275],[28.9446,39.4403],[28.9509,39.4603],[28.9384,39.4777],[28.9282,39.4855],[28.9239,39.4935],[28.9278,39.5233],[28.9359,39.526],[28.9492,39.5349],[28.9546,39.5417],[28.9509,39.5517],[28.9548,39.5596],[28.9851,39.5686],[28.9873,39.5772],[28.998,39.5828],[28.9977,39.5872],[28.9854,39.6096],[29.0948,39.5953],[29.139,39.5835],[29.1677,39.5817],[29.1804,39.5854],[29.2045,39.6038],[29.2133,39.6133],[29.2178,39.6205],[29.2274,39.6511],[29.2383,39.6642],[29.2572,39.7006],[29.3006,39.7294],[29.3399,39.7602],[29.3627,39.7818],[29.3912,39.8048],[29.4171,39.8173],[29.4323,39.8313],[29.4565,39.867],[29.5269,39.8705],[29.5724,39.864],[29.5903,39.8681],[29.6086,39.8755],[29.6367,39.8743],[29.7045,39.8612],[29.6991,39.8472],[29.7033,39.8352],[29.7225,39.8108],[29.73,39.8038],[29.7415,39.7985],[29.7467,39.7879],[29.7485,39.7774],[29.7443,39.7611],[29.7435,39.7424],[29.75,39.7212],[29.7591,39.7169],[29.7811,39.7123],[29.8091,39.7097],[29.8317,39.7142],[29.8479,39.7202],[29.8747,39.7187],[29.9196,39.7009],[29.9415,39.672],[29.9518,39.6631],[29.9602,39.6599],[29.9802,39.6586],[30.0018,39.6538],[30.0193,39.6571],[30.0237,39.6602],[30.0265,39.6665],[30.0368,39.6661],[30.0721,39.6727],[30.1032,39.6717],[30.1267,39.6743],[30.1531,39.6814],[30.1658,39.6826],[30.171,39.6819],[30.1735,39.6784],[30.175,39.6669],[30.1775,39.6633],[30.1952,39.6612],[30.2029,39.6566],[30.2141,39.642],[30.2225,39.6139],[30.281,39.5569],[30.2898,39.5512],[30.3056,39.5484],[30.3381,39.5353],[30.3709,39.5147],[30.3754,39.5085],[30.3774,39.4986],[30.3611,39.4739],[30.3601,39.4648],[30.3658,39.4495],[30.386,39.4331],[30.3826,39.4165],[30.3798,39.4101],[30.37,39.4036],[30.3344,39.3913],[30.3321,39.3868],[30.3322,39.3716],[30.3349,39.3634],[30.3415,39.3557],[30.3535,39.3489],[30.375,39.3284],[30.3808,39.3185],[30.3805,39.2926],[30.3869,39.2781],[30.4384,39.2255],[30.4335,39.221],[30.4342,39.2028],[30.4248,39.1939],[30.4048,39.1839],[30.4009,39.1733],[30.3833,39.1646],[30.3645,39.1516],[30.322,39.1506],[30.3023,39.1461],[30.2788,39.1298],[30.2725,39.1167],[30.2683,39.106],[30.2343,39.0487],[30.2306,39.0344],[30.2309,39.0233],[30.2403,39.0096],[30.2513,39.0011],[30.257,38.9922],[30.2544,38.9787],[30.213,38.9464],[30.2023,38.9259],[30.1823,38.9075],[30.1551,38.8893],[30.1179,38.8877],[30.1157,38.8797],[30.1171,38.8694],[30.1097,38.8577],[30.1026,38.8528],[30.0851,38.848],[30.0638,38.8285],[30.0213,38.8128],[30.0133,38.8064],[30.0132,38.8131],[30.0066,38.8241],[29.9665,38.8358],[29.9585,38.8404],[29.9567,38.8443],[29.9594,38.8592],[29.9565,38.8697],[29.9386,38.8877],[29.9372,38.9013],[29.9314,38.9096],[29.9239,38.9111],[29.9114,38.9063],[29.8966,38.9055],[29.8725,38.8947],[29.8617,38.8985],[29.8496,38.9059],[29.8327,38.9057],[29.8057,38.9104],[29.7833,38.9159],[29.7634,38.9237],[29.7526,38.9239],[29.7304,38.9315]]]}},{"type":"Feature","properties":{"plaka":44},"geometry":{"type":"Polygon","coordinates":[[[38.0975,37.4453],[38.0895,37.4479],[38.0812,37.4474],[38.0798,37.4514],[38.0583,37.4695],[38.0345,37.4717],[37.9773,37.4832],[37.9535,37.494],[37.9352,37.493],[37.8916,37.4736],[37.8817,37.472],[37.8564,37.4726],[37.8372,37.4761],[37.762,37.5078],[37.7519,37.5163],[37.7394,37.5318],[37.6976,37.5314],[37.6701,37.5362],[37.6452,37.5228],[37.638,37.5161],[37.6339,37.5044],[37.6331,37.4883],[37.6209,37.4782],[37.596,37.4712],[37.5522,37.4724],[37.5587,37.48],[37.5739,37.4879],[37.5779,37.4934],[37.5785,37.5],[37.5736,37.5105],[37.5728,37.5215],[37.5826,37.5387],[37.5898,37.5653],[37.5898,37.5792],[37.5824,37.587],[37.5523,37.5921],[37.5388,37.5882],[37.4897,37.5659],[37.4736,37.5671],[37.4531,37.5778],[37.4496,37.5997],[37.4543,37.6084],[37.4719,37.6117],[37.4753,37.621],[37.4732,37.6306],[37.468,37.637],[37.4472,37.6397],[37.4396,37.6443],[37.4425,37.6496],[37.4519,37.6541],[37.4727,37.6741],[37.4724,37.6773],[37.4595,37.6877],[37.4659,37.7071],[37.4613,37.7202],[37.4648,37.7346],[37.4727,37.744],[37.484,37.7519],[37.494,37.7755],[37.5112,37.7881],[37.5252,37.8054],[37.6029,37.8638],[37.6287,37.8969],[37.6304,37.9142],[37.6439,37.9437],[37.6153,37.9598],[37.5914,37.9698],[37.5857,37.9792],[37.581,38.0006],[37.5816,38.0085],[37.5956,38.025],[37.6098,38.0503],[37.6343,38.0618],[37.6446,38.073],[37.667,38.0805],[37.6786,38.0911],[37.708,38.1114],[37.7258,38.1315],[37.7292,38.1486],[37.7425,38.1684],[37.747,38.1897],[37.7422,38.1977],[37.7172,38.2142],[37.7057,38.2229],[37.6841,38.254],[37.6651,38.2725],[37.6581,38.2987],[37.65,38.3119],[37.637,38.3207],[37.6148,38.3277],[37.5867,38.3439],[37.5639,38.3541],[37.531,38.3607],[37.5196,38.3704],[37.4844,38.3814],[37.479,38.3899],[37.4761,38.4099],[37.4634,38.4163],[37.4547,38.4162],[37.4365,38.4081],[37.3892,38.4182],[37.3648,38.4178],[37.3472,38.4231],[37.3153,38.4442],[37.2909,38.4491],[37.2846,38.4578],[37.2789,38.4761],[37.2621,38.4895],[37.2748,38.5159],[37.3107,38.5493],[37.3154,38.5566],[37.3291,38.565],[37.3393,38.5828],[37.3615,38.5957],[37.3706,38.6041],[37.3861,38.6102],[37.4019,38.6319],[37.4023,38.6458],[37.4129,38.6477],[37.4194,38.6546],[37.4228,38.6674],[37.4271,38.6727],[37.4343,38.7035],[37.4388,38.7132],[37.449,38.7203],[37.4696,38.7253],[37.4884,38.7462],[37.5005,38.7521],[37.5168,38.7572],[37.5323,38.7507],[37.5433,38.7516],[37.5511,38.7587],[37.5569,38.7748],[37.5617,38.7865],[37.5612,38.798],[37.5513,38.8111],[37.5389,38.8224],[37.5346,38.8357],[37.5237,38.8466],[37.5162,38.8508],[37.5078,38.8628],[37.5103,38.8798],[37.5244,38.9008],[37.5416,38.9181],[37.5434,38.9225],[37.5269,38.9462],[37.5083,38.9633],[37.5021,38.9771],[37.4973,38.9883],[37.4965,38.9976],[37.4989,39.0088],[37.5052,39.0132],[37.519,39.0128],[37.5339,39.0059],[37.5452,39.0046],[37.567,39.0099],[37.5871,39.0109],[37.6051,39.0148],[37.6231,39.014],[37.6744,38.9992],[37.6826,38.9944],[37.6881,38.9843],[37.7009,38.9742],[37.7298,38.9593],[37.742,38.9569],[37.7478,38.9623],[37.7482,38.9695],[37.7333,38.9921],[37.734,39.0047],[37.738,39.0091],[37.7469,39.0092],[37.7626,39.0006],[37.7694,39.0003],[37.7745,39.0046],[37.7701,39.0156],[37.7506,39.0449],[37.748,39.0654],[37.7498,39.0698],[37.7542,39.0723],[37.7848,39.0786],[37.8031,39.0875],[37.8267,39.0937],[37.8393,39.0915],[37.8529,39.0793],[37.8663,39.0785],[37.9094,39.0655],[37.9304,39.0679],[37.9463,39.0664],[37.9829,39.0781],[37.9965,39.0808],[38.0085,39.0804],[38.0272,39.0721],[38.0401,39.0712],[38.0448,39.0737],[38.05,39.0778],[38.0602,39.0933],[38.076,39.0958],[38.0909,39.1017],[38.104,39.0997],[38.1323,39.0834],[38.1467,39.0822],[38.1601,39.0934],[38.1703,39.0982],[38.1953,39.0998],[38.2061,39.1152],[38.2189,39.1236],[38.2685,39.1399],[38.2946,39.1419],[38.3143,39.1475],[38.3256,39.142],[38.3458,39.1262],[38.367,39.1181],[38.409,39.1196],[38.4209,39.1236],[38.4395,39.1363],[38.4669,39.1479],[38.4891,39.1546],[38.5027,39.156],[38.5151,39.153],[38.5255,39.1461],[38.539,39.1256],[38.5578,39.1153],[38.5978,39.1127],[38.6085,39.1087],[38.6377,39.08],[38.651,39.0594],[38.6649,39.0547],[38.6727,39.0487],[38.6658,39.0413],[38.6547,39.0356],[38.6455,39.0167],[38.629,39.0125],[38.6239,39.0084],[38.6179,38.9946],[38.6174,38.9759],[38.6105,38.9625],[38.5801,38.9365],[38.5576,38.9298],[38.5513,38.9244],[38.5485,38.9155],[38.5496,38.9029],[38.5534,38.8976],[38.579,38.888],[38.5933,38.8871],[38.6034,38.8821],[38.614,38.8559],[38.6458,38.8286],[38.6483,38.818],[38.6401,38.7981],[38.6396,38.7872],[38.6426,38.7805],[38.6333,38.7803],[38.6267,38.7752],[38.6307,38.7697],[38.6435,38.7615],[38.6444,38.7563],[38.6314,38.7459],[38.6245,38.7436],[38.6043,38.7533],[38.5875,38.7505],[38.5727,38.7519],[38.5423,38.7634],[38.5296,38.7643],[38.5228,38.7616],[38.5118,38.7482],[38.5048,38.7461],[38.4782,38.7531],[38.4704,38.75],[38.4667,38.7436],[38.4781,38.7204],[38.4796,38.7065],[38.4776,38.702],[38.4742,38.6975],[38.4653,38.6925],[38.4227,38.6843],[38.3934,38.6641],[38.3643,38.6323],[38.3561,38.6119],[38.3559,38.602],[38.3558,38.5752],[38.3612,38.5486],[38.3653,38.5399],[38.3714,38.5332],[38.4105,38.5144],[38.4154,38.509],[38.4195,38.4962],[38.442,38.4767],[38.4619,38.4685],[38.4862,38.4626],[38.5436,38.4573],[38.5946,38.4424],[38.6542,38.4297],[38.6847,38.4224],[38.7121,38.4199],[38.7355,38.4225],[38.7723,38.4326],[38.7876,38.4333],[38.804,38.4392],[38.8163,38.4404],[38.8324,38.4315],[38.8305,38.4138],[38.8326,38.4089],[38.8703,38.3912],[38.8785,38.3813],[38.8878,38.3591],[38.8939,38.3555],[38.9108,38.3562],[38.9229,38.3519],[38.9351,38.3394],[38.9682,38.3178],[38.9921,38.3203],[39.0081,38.332],[39.0278,38.3308],[39.0768,38.3418],[39.093,38.34],[39.1061,38.3462],[39.1118,38.3432],[39.1175,38.3306],[39.1389,38.3147],[39.1515,38.2977],[39.1412,38.255],[39.1398,38.2363],[39.1363,38.2262],[39.128,38.2168],[39.1094,38.2058],[39.1073,38.2022],[39.1095,38.1963],[39.1177,38.1896],[39.1293,38.1862],[39.1389,38.187],[39.1596,38.1821],[39.1692,38.1856],[39.1965,38.2053],[39.22,38.2063],[39.2267,38.2035],[39.234,38.1925],[39.2561,38.1787],[39.2626,38.1495],[39.2559,38.133],[39.2359,38.1185],[39.2348,38.1069],[39.2231,38.0731],[39.2004,38.061],[39.1949,38.0495],[39.1816,38.0381],[39.1765,38.0278],[39.1544,38.0152],[39.1343,38.0201],[39.1217,38.0204],[39.1044,38.0149],[39.0875,38.0063],[39.0612,37.9869],[39.0561,37.9622],[39.0466,37.9527],[39.0359,37.9285],[39.0274,37.9165],[38.999,37.9123],[38.9732,37.898],[38.9726,37.8939],[38.9889,37.8891],[38.992,37.8828],[38.9883,37.8743],[38.9741,37.8599],[38.9777,37.83],[38.9732,37.8246],[38.9659,37.8237],[38.9423,37.828],[38.9283,37.8265],[38.9207,37.8232],[38.9066,37.8116],[38.8997,37.8033],[38.8981,37.7968],[38.9008,37.7945],[38.909,37.7953],[38.9402,37.806],[38.9515,37.8039],[38.9559,37.7975],[38.9563,37.7772],[38.9626,37.7629],[38.9614,37.7553],[38.954,37.7517],[38.9256,37.7519],[38.9117,37.7477],[38.9075,37.7428],[38.9065,37.7372],[38.9083,37.7293],[38.9151,37.7224],[38.9142,37.7133],[38.8926,37.7084],[38.8711,37.6946],[38.8584,37.6926],[38.8213,37.6977],[38.8117,37.6951],[38.8069,37.6848],[38.8106,37.6722],[38.8205,37.6659],[38.8434,37.6613],[38.8553,37.6563],[38.8568,37.6534],[38.855,37.6489],[38.848,37.6461],[38.7829,37.6383],[38.743,37.6278],[38.6832,37.6255],[38.6617,37.6177],[38.6326,37.6019],[38.5971,37.5795],[38.5256,37.5146],[38.4889,37.4945],[38.4707,37.49],[38.4182,37.4866],[38.3539,37.4785],[38.3317,37.4779],[38.3207,37.4829],[38.3147,37.4805],[38.3069,37.4725],[38.2816,37.4763],[38.2729,37.4755],[38.2667,37.4702],[38.2498,37.4456],[38.2452,37.4426],[38.2304,37.4443],[38.2152,37.4516],[38.2,37.4505],[38.1937,37.4459],[38.1907,37.4401],[38.191,37.4182],[38.1778,37.4093],[38.1702,37.4096],[38.1713,37.4171],[38.1667,37.4202],[38.1491,37.4178],[38.133,37.4217],[38.1176,37.4279],[38.0975,37.4453]]]}},{"type":"Feature","properties":{"plaka":45},"geometry":{"type":"Polygon","coordinates":[[[27.8874,38.3669],[27.8886,38.3507],[27.8949,38.3324],[27.8895,38.319],[27.8591,38.3214],[27.8288,38.3298],[27.7971,38.3345],[27.7862,38.3414],[27.7669,38.3386],[27.7433,38.3299],[27.7032,38.3477],[27.7011,38.3513],[27.7126,38.3729],[27.7167,38.3855],[27.7063,38.4091],[27.7106,38.4205],[27.6993,38.4379],[27.6982,38.4465],[27.6804,38.4555],[27.663,38.4706],[27.6299,38.4779],[27.6162,38.4836],[27.6032,38.484],[27.5925,38.4728],[27.5787,38.469],[27.572,38.4606],[27.5597,38.46],[27.5298,38.4788],[27.5107,38.4829],[27.4964,38.494],[27.4843,38.4979],[27.4789,38.5151],[27.4677,38.5339],[27.4639,38.5367],[27.4507,38.5426],[27.4329,38.5385],[27.4267,38.5468],[27.4164,38.5495],[27.4057,38.5584],[27.3974,38.5597],[27.3849,38.5546],[27.3742,38.5392],[27.3488,38.534],[27.3275,38.5429],[27.305,38.543],[27.2962,38.553],[27.288,38.5578],[27.2741,38.5539],[27.2593,38.5645],[27.2514,38.574],[27.2443,38.5776],[27.2364,38.5932],[27.2419,38.6086],[27.2364,38.632],[27.2388,38.6596],[27.2327,38.6676],[27.2161,38.6736],[27.2088,38.6836],[27.2095,38.6884],[27.2226,38.6976],[27.2218,38.7059],[27.2053,38.7223],[27.1836,38.7326],[27.1647,38.736],[27.1461,38.7328],[27.1436,38.7341],[27.1409,38.7406],[27.1333,38.7477],[27.1331,38.7594],[27.1305,38.7657],[27.1195,38.7743],[27.1002,38.7782],[27.0994,38.7806],[27.1053,38.8039],[27.1132,38.814],[27.125,38.8185],[27.1364,38.8309],[27.1563,38.8351],[27.1571,38.8392],[27.1504,38.8617],[27.1526,38.8655],[27.1602,38.867],[27.18,38.8778],[27.1944,38.8704],[27.216,38.8723],[27.2269,38.8778],[27.2455,38.904],[27.2611,38.9142],[27.2727,38.9159],[27.2915,38.9134],[27.3102,38.9172],[27.3289,38.9174],[27.3388,38.9291],[27.3462,38.9339],[27.3503,38.9347],[27.3717,38.9256],[27.3922,38.9285],[27.407,38.9234],[27.4224,38.9268],[27.429,38.9257],[27.4537,38.9306],[27.4648,38.944],[27.4681,38.956],[27.4644,38.9695],[27.469,38.989],[27.4851,38.9981],[27.4948,39.007],[27.5055,39.0117],[27.5244,39.027],[27.5301,39.0317],[27.532,39.0381],[27.5226,39.047],[27.5108,39.0754],[27.5011,39.0879],[27.5051,39.1142],[27.5032,39.1242],[27.4874,39.1376],[27.462,39.1494],[27.4587,39.161],[27.4662,39.174],[27.4724,39.2183],[27.4765,39.2232],[27.4792,39.2367],[27.4861,39.2475],[27.4867,39.2568],[27.4757,39.265],[27.4644,39.2698],[27.4352,39.2932],[27.4216,39.3102],[27.4156,39.3263],[27.4156,39.3368],[27.411,39.3454],[27.402,39.3508],[27.3875,39.3521],[27.3792,39.3587],[27.3767,39.3643],[27.4081,39.3823],[27.4147,39.3943],[27.4302,39.4092],[27.457,39.4098],[27.4724,39.4051],[27.4948,39.4049],[27.5043,39.4017],[27.5139,39.3945],[27.5249,39.3786],[27.5354,39.3811],[27.5442,39.3803],[27.5564,39.3738],[27.5611,39.3655],[27.5614,39.3499],[27.5665,39.3449],[27.5967,39.3501],[27.607,39.3488],[27.6411,39.3355],[27.6711,39.3346],[27.717,39.3575],[27.7324,39.3601],[27.7532,39.3505],[27.7633,39.3431],[27.7702,39.3302],[27.774,39.328],[27.8188,39.3153],[27.828,39.3148],[27.854,39.3256],[27.8645,39.3251],[27.8834,39.3444],[27.894,39.346],[27.9184,39.3447],[27.9369,39.3385],[27.9481,39.3256],[27.9506,39.3167],[27.9547,39.3112],[27.9664,39.3046],[27.9723,39.2974],[27.9712,39.2915],[27.9629,39.283],[27.9535,39.2769],[27.9433,39.2749],[27.9339,39.2695],[27.9329,39.2639],[27.9379,39.2545],[27.9437,39.2502],[27.9609,39.247],[27.9719,39.2406],[27.975,39.2331],[27.9691,39.2192],[27.9764,39.2062],[27.9881,39.1977],[28.0094,39.194],[28.0187,39.1884],[28.0298,39.1891],[28.0464,39.1835],[28.0593,39.173],[28.084,39.1669],[28.1005,39.156],[28.1141,39.1404],[28.1212,39.1284],[28.1268,39.1079],[28.1371,39.0977],[28.1511,39.0777],[28.1915,39.0748],[28.2065,39.0795],[28.2231,39.091],[28.2294,39.0915],[28.2413,39.0885],[28.2577,39.0709],[28.2782,39.0632],[28.2966,39.0614],[28.3216,39.0715],[28.3346,39.0737],[28.3526,39.0832],[28.3659,39.0972],[28.3895,39.1005],[28.4241,39.0983],[28.4336,39.1044],[28.449,39.1085],[28.4619,39.1178],[28.4732,39.1211],[28.4946,39.1326],[28.5063,39.1384],[28.5359,39.1474],[28.5462,39.1549],[28.5585,39.1597],[28.5847,39.1658],[28.6047,39.1666],[28.6218,39.1832],[28.6348,39.185],[28.6644,39.1801],[28.6617,39.1547],[28.6575,39.1406],[28.6607,39.123],[28.6668,39.1161],[28.6818,39.1186],[28.7012,39.1179],[28.759,39.1048],[28.7893,39.11],[28.8072,39.1086],[28.8222,39.1011],[28.8501,39.0976],[28.8765,39.0866],[28.8975,39.0709],[28.9051,39.0681],[28.9137,39.0591],[28.9148,39.0423],[28.9189,39.0309],[28.9312,39.0233],[28.9371,39.0136],[28.9325,38.9998],[28.918,38.986],[28.9178,38.9768],[28.9112,38.9696],[28.9121,38.9666],[28.9425,38.9524],[28.9457,38.9474],[28.9506,38.9251],[28.9491,38.9175],[28.9545,38.9115],[28.9587,38.8972],[28.9637,38.8925],[28.9824,38.8873],[28.9872,38.8748],[28.9925,38.8718],[28.9925,38.8653],[28.9985,38.8605],[29.0103,38.8567],[29.0242,38.8566],[29.036,38.8777],[29.0361,38.8881],[29.0402,38.8908],[29.0481,38.8846],[29.0621,38.8822],[29.0734,38.8848],[29.0783,38.8836],[29.0855,38.8705],[29.0954,38.8648],[29.0945,38.8565],[29.1056,38.8505],[29.1136,38.8406],[29.1114,38.8309],[29.1012,38.8264],[29.085,38.8043],[29.0773,38.8007],[29.0657,38.7797],[29.065,38.7718],[29.0601,38.763],[29.0326,38.745],[29.0185,38.7211],[29.0035,38.7193],[28.9562,38.7067],[28.9508,38.6989],[28.9457,38.6967],[28.9078,38.6868],[28.8474,38.6598],[28.8441,38.6563],[28.8432,38.643],[28.838,38.6322],[28.8333,38.6257],[28.8256,38.6228],[28.8226,38.6178],[28.8193,38.5933],[28.8225,38.5827],[28.8104,38.5707],[28.8,38.5521],[28.8015,38.5476],[28.8138,38.5411],[28.8196,38.5343],[28.8192,38.5219],[28.8108,38.4976],[28.8245,38.4704],[28.8241,38.4669],[28.8168,38.4452],[28.8112,38.4365],[28.8102,38.4274],[28.7874,38.4112],[28.7799,38.4017],[28.776,38.3886],[28.7811,38.3711],[28.7766,38.3652],[28.77623,38.36024],[28.777,38.3603],[28.7827,38.3509],[28.7946,38.3428],[28.7976,38.3268],[28.8007,38.3218],[28.8126,38.3203],[28.8271,38.309],[28.8271,38.2845],[28.8296,38.279],[28.8457,38.2703],[28.8609,38.2541],[28.8696,38.2515],[28.8707,38.2465],[28.8697,38.2352],[28.8592,38.2208],[28.8271,38.2122],[28.8138,38.2004],[28.7965,38.1975],[28.7752,38.1834],[28.7651,38.1729],[28.7374,38.1744],[28.7357,38.1608],[28.7241,38.1468],[28.72,38.1313],[28.709,38.1209],[28.7012,38.1076],[28.6733,38.107],[28.6582,38.0934],[28.6379,38.0896],[28.6296,38.0857],[28.609,38.0931],[28.602,38.0986],[28.5737,38.0986],[28.5572,38.105],[28.5407,38.1018],[28.5367,38.1013],[28.5279,38.1031],[28.5003,38.1236],[28.4847,38.1218],[28.4802,38.1292],[28.4709,38.1373],[28.4581,38.1572],[28.4493,38.1645],[28.449,38.1687],[28.4623,38.1871],[28.4775,38.1919],[28.4896,38.1913],[28.4965,38.1959],[28.5019,38.2175],[28.5016,38.2336],[28.479,38.2529],[28.4627,38.2597],[28.4035,38.2665],[28.3871,38.2567],[28.3791,38.2546],[28.3703,38.2555],[28.3638,38.2599],[28.3629,38.2791],[28.3522,38.2964],[28.316,38.3209],[28.3079,38.3212],[28.2901,38.3135],[28.2704,38.325],[28.2412,38.3284],[28.2106,38.3404],[28.1932,38.3477],[28.1769,38.3618],[28.1678,38.3655],[28.1503,38.3665],[28.1198,38.3743],[28.0809,38.3789],[28.0607,38.3877],[28.0513,38.3976],[28.016,38.399],[27.998,38.4044],[27.9899,38.4014],[27.986,38.3943],[27.9571,38.3936],[27.9446,38.3974],[27.9257,38.4093],[27.9023,38.4106],[27.893,38.4007],[27.8874,38.3669]]]}},{"type":"Feature","properties":{"plaka":46},"geometry":{"type":"Polygon","coordinates":[[[36.9544,37.3074],[36.9378,37.3071],[36.9035,37.3194],[36.8963,37.3198],[36.884,37.3132],[36.8787,37.3074],[36.8777,37.2896],[36.8696,37.2728],[36.8396,37.2466],[36.8302,37.2432],[36.7919,37.2396],[36.7762,37.2343],[36.7653,37.2265],[36.7473,37.2292],[36.728,37.2272],[36.7166,37.2228],[36.7054,37.2073],[36.6964,37.2136],[36.6935,37.2168],[36.6953,37.2207],[36.6921,37.2256],[36.6897,37.2393],[36.6743,37.2434],[36.678,37.2567],[36.6621,37.2742],[36.6512,37.2791],[36.6293,37.2956],[36.6289,37.3013],[36.6315,37.3171],[36.6414,37.3238],[36.6477,37.3479],[36.6258,37.3429],[36.6198,37.3439],[36.6111,37.3497],[36.5898,37.3544],[36.5782,37.3691],[36.578,37.377],[36.5714,37.3803],[36.5719,37.3946],[36.5548,37.407],[36.5491,37.4282],[36.5293,37.4252],[36.5063,37.4133],[36.4725,37.4039],[36.45968,37.41986],[36.4598,37.4193],[36.4733,37.4019],[36.4754,37.3858],[36.4692,37.3752],[36.4539,37.3693],[36.4153,37.3637],[36.4033,37.3522],[36.3905,37.3526],[36.3745,37.3481],[36.3669,37.351],[36.36,37.3601],[36.3553,37.3625],[36.3438,37.3584],[36.3284,37.3638],[36.2926,37.3648],[36.2779,37.3459],[36.2623,37.3827],[36.2628,37.4127],[36.255,37.4202],[36.2591,37.4308],[36.2556,37.4457],[36.2577,37.4591],[36.2553,37.4665],[36.2476,37.4766],[36.25,37.495],[36.2376,37.5239],[36.2398,37.5339],[36.2512,37.56],[36.2496,37.5763],[36.2569,37.5908],[36.2553,37.5951],[36.2684,37.62],[36.2715,37.6422],[36.2656,37.6531],[36.2374,37.6606],[36.2317,37.6601],[36.2214,37.6655],[36.223,37.6723],[36.2297,37.6797],[36.2329,37.6905],[36.2336,37.6962],[36.2299,37.7021],[36.2201,37.7072],[36.2014,37.7092],[36.1903,37.7079],[36.1827,37.717],[36.1808,37.7329],[36.187,37.7418],[36.1938,37.7463],[36.1998,37.7584],[36.2129,37.7707],[36.2179,37.7801],[36.261,37.7994],[36.2709,37.8131],[36.2888,37.8367],[36.2927,37.859],[36.283,37.8989],[36.2698,37.9156],[36.2631,37.9357],[36.2406,37.946],[36.2196,37.9431],[36.2049,37.9453],[36.2036,37.9472],[36.2051,37.9573],[36.2266,38.0007],[36.2339,38.0229],[36.2558,38.0285],[36.2555,38.0408],[36.2638,38.0525],[36.2734,38.0581],[36.2784,38.0579],[36.3025,38.0738],[36.3075,38.0846],[36.3238,38.0995],[36.3415,38.1297],[36.3458,38.1418],[36.356,38.151],[36.3788,38.179],[36.3839,38.192],[36.3726,38.2056],[36.3725,38.2104],[36.3778,38.2348],[36.3861,38.2461],[36.4065,38.2635],[36.4549,38.2803],[36.4665,38.2811],[36.4803,38.2874],[36.5072,38.2882],[36.5151,38.2909],[36.5395,38.3181],[36.5502,38.3247],[36.5583,38.3377],[36.5765,38.3525],[36.58,38.361],[36.6,38.378],[36.6148,38.3961],[36.6255,38.4023],[36.6316,38.412],[36.6381,38.4133],[36.6465,38.4128],[36.6818,38.3955],[36.7024,38.4005],[36.7118,38.4057],[36.7274,38.4326],[36.7291,38.444],[36.7272,38.4517],[36.7032,38.4603],[36.6982,38.467],[36.6923,38.4891],[36.6927,38.4996],[36.695,38.5082],[36.7032,38.5172],[36.7232,38.5247],[36.7386,38.5272],[36.7727,38.542],[36.8441,38.5612],[36.8916,38.5624],[36.9079,38.5684],[36.9324,38.5722],[37.0134,38.5751],[37.0298,38.5784],[37.0437,38.5863],[37.0561,38.5879],[37.0787,38.5861],[37.1398,38.5732],[37.1631,38.5707],[37.2356,38.5757],[37.2746,38.5731],[37.2976,38.5684],[37.3127,38.561],[37.3154,38.5566],[37.3134,38.5528],[37.2748,38.5159],[37.262,38.491],[37.2631,38.488],[37.2789,38.4761],[37.2879,38.4516],[37.2968,38.4469],[37.3153,38.4442],[37.3422,38.4258],[37.3648,38.4178],[37.3892,38.4182],[37.4365,38.4081],[37.4547,38.4162],[37.4679,38.4151],[37.477,38.4083],[37.479,38.3899],[37.4844,38.3814],[37.5196,38.3704],[37.531,38.3607],[37.5675,38.3527],[37.6148,38.3277],[37.637,38.3207],[37.65,38.3119],[37.6554,38.3044],[37.6633,38.2767],[37.6677,38.2689],[37.6841,38.254],[37.7057,38.2229],[37.7422,38.1977],[37.7465,38.1924],[37.7473,38.1869],[37.7425,38.1684],[37.7282,38.146],[37.7258,38.1315],[37.708,38.1114],[37.6786,38.0911],[37.667,38.0805],[37.6446,38.073],[37.6333,38.0612],[37.607,38.0479],[37.6035,38.0369],[37.5816,38.0085],[37.5808,38.0031],[37.5857,37.9792],[37.5914,37.9698],[37.6153,37.9598],[37.6439,37.9437],[37.6304,37.9142],[37.6287,37.8969],[37.5989,37.8595],[37.5685,37.8393],[37.5536,37.8251],[37.5252,37.8054],[37.5172,37.7949],[37.494,37.7755],[37.484,37.7519],[37.4727,37.744],[37.4648,37.7346],[37.4613,37.7202],[37.4659,37.7071],[37.4595,37.6877],[37.4639,37.6832],[37.4724,37.6773],[37.4727,37.6741],[37.4519,37.6541],[37.4425,37.6496],[37.4396,37.6443],[37.4472,37.6397],[37.468,37.637],[37.475,37.6243],[37.4745,37.6153],[37.4719,37.6117],[37.4543,37.6084],[37.4503,37.6026],[37.45,37.589],[37.4531,37.5778],[37.4736,37.5671],[37.4867,37.5653],[37.5523,37.5921],[37.5824,37.587],[37.5898,37.5792],[37.5908,37.5731],[37.5857,37.5468],[37.5728,37.5215],[37.5736,37.5105],[37.5785,37.5],[37.5779,37.4934],[37.5739,37.4879],[37.5587,37.48],[37.5484,37.4681],[37.5459,37.4464],[37.5367,37.4274],[37.5133,37.4032],[37.4728,37.3865],[37.4556,37.3842],[37.4544,37.3545],[37.4511,37.3479],[37.4417,37.3411],[37.4055,37.3443],[37.3922,37.3421],[37.3851,37.3288],[37.3784,37.3242],[37.3536,37.3245],[37.345,37.3138],[37.3333,37.3096],[37.313,37.3131],[37.283,37.3293],[37.2725,37.3327],[37.2475,37.3365],[37.2323,37.3334],[37.2209,37.3275],[37.2128,37.3198],[37.1911,37.2861],[37.1834,37.2785],[37.1524,37.2685],[37.1442,37.2586],[37.1347,37.2547],[37.1253,37.2445],[37.1151,37.2382],[37.1107,37.2287],[37.109,37.2073],[37.1006,37.1996],[37.0887,37.1949],[37.0851,37.1891],[37.0725,37.1798],[37.055,37.1805],[37.0439,37.191],[37.0433,37.2105],[37.0299,37.2507],[37.0105,37.2542],[36.9947,37.253],[36.9839,37.2549],[36.9826,37.2796],[36.984,37.27946],[36.9774,37.2945],[36.9544,37.3074]]]}},{"type":"Feature","properties":{"plaka":47},"geometry":{"type":"Polygon","coordinates":[[[40.6311,37.0718],[40.6175,37.0637],[40.5889,37.0617],[40.5718,37.0494],[40.5301,37.0279],[40.4133,37.0154],[40.3991,37.0084],[40.383,36.9913],[40.3785,36.9792],[40.3575,36.9629],[40.3387,36.9581],[40.3075,36.9392],[40.2697,36.9227],[40.2351,36.9125],[40.2323,36.9161],[40.2182,36.9219],[40.2137,36.9333],[40.2205,36.9409],[40.2335,36.9443],[40.2372,36.9546],[40.2204,36.964],[40.177,36.9777],[40.1772,36.9884],[40.1855,36.9916],[40.1865,36.9944],[40.1658,37.0077],[40.1595,37.0164],[40.1575,37.0279],[40.165,37.0394],[40.1578,37.0482],[40.1634,37.0546],[40.1543,37.0615],[40.1604,37.0702],[40.151,37.0704],[40.1495,37.0738],[40.1514,37.0796],[40.1424,37.0867],[40.1529,37.0883],[40.1282,37.0875],[40.1266,37.0935],[40.132,37.0987],[40.1362,37.1114],[40.1333,37.1128],[40.1283,37.1099],[40.1254,37.1164],[40.1169,37.1169],[40.1143,37.1273],[40.1068,37.132],[40.11,37.1353],[40.1094,37.1382],[40.0958,37.1364],[40.0871,37.1538],[40.0848,37.1651],[40.0804,37.1689],[40.0636,37.1746],[40.0565,37.1796],[40.0473,37.1803],[40.0463,37.1821],[40.0508,37.1884],[40.0444,37.1925],[40.0316,37.1862],[40.0321,37.1919],[40.0198,37.2019],[40.0198,37.2071],[40.0235,37.2119],[40.0229,37.2164],[40.0169,37.2178],[40.0114,37.2246],[40.0198,37.2285],[40.0129,37.2317],[40.0099,37.2483],[40.0043,37.2515],[40.0118,37.2578],[40.011,37.263],[40.0072,37.2659],[40.0086,37.2701],[40.0014,37.2771],[39.9929,37.2955],[39.9871,37.2961],[39.9839,37.3005],[39.9865,37.3049],[39.9842,37.3167],[39.9775,37.3225],[39.9769,37.3284],[39.979,37.3301],[39.9669,37.3479],[39.9688,37.3513],[39.9668,37.3544],[39.968,37.3633],[39.9626,37.368],[39.9625,37.3717],[39.9519,37.381],[39.9488,37.3878],[39.9523,37.4137],[39.9188,37.4387],[39.9067,37.457],[39.8738,37.4903],[39.8669,37.5005],[39.8633,37.5108],[39.8591,37.5336],[39.8944,37.5301],[39.9462,37.514],[39.9832,37.5096],[40.0121,37.5157],[40.0411,37.5346],[40.0459,37.54],[40.0571,37.5371],[40.073,37.5415],[40.0896,37.5387],[40.1047,37.543],[40.1194,37.5524],[40.1258,37.5539],[40.1516,37.5515],[40.1954,37.5387],[40.2183,37.5276],[40.2266,37.5183],[40.2404,37.5085],[40.2558,37.5079],[40.2887,37.5252],[40.3229,37.5301],[40.4036,37.561],[40.4299,37.5958],[40.4478,37.6035],[40.4648,37.6048],[40.4788,37.6015],[40.5316,37.5974],[40.5955,37.6068],[40.6312,37.6248],[40.6399,37.6364],[40.6406,37.6869],[40.6363,37.703],[40.6382,37.7127],[40.652,37.7409],[40.6699,37.744],[40.6816,37.7377],[40.6888,37.7295],[40.6981,37.7016],[40.7199,37.6899],[40.7742,37.6684],[40.8,37.6648],[40.8517,37.6469],[40.8751,37.6417],[40.8878,37.6437],[40.9101,37.6586],[40.9272,37.6669],[40.9588,37.6777],[40.9736,37.6877],[40.9867,37.7089],[41.0334,37.7257],[41.0444,37.7344],[41.0529,37.7708],[41.0669,37.7645],[41.0742,37.7638],[41.0817,37.7737],[41.0807,37.7813],[41.0856,37.7831],[41.0911,37.7803],[41.0957,37.7703],[41.1105,37.7695],[41.1135,37.7673],[41.1127,37.7626],[41.1013,37.7576],[41.1014,37.7536],[41.1052,37.7495],[41.1179,37.7558],[41.1319,37.7518],[41.1434,37.7559],[41.1462,37.7539],[41.1459,37.7465],[41.1496,37.7447],[41.162,37.7537],[41.1685,37.7493],[41.1731,37.7353],[41.1861,37.7341],[41.2,37.7381],[41.2101,37.7343],[41.2263,37.7364],[41.233,37.7348],[41.2386,37.728],[41.2331,37.7186],[41.2372,37.716],[41.2435,37.7212],[41.246,37.7375],[41.2525,37.7418],[41.2616,37.7425],[41.2751,37.7398],[41.3006,37.7198],[41.312,37.7164],[41.3293,37.7154],[41.3458,37.7177],[41.3629,37.7148],[41.3765,37.7075],[41.3993,37.7059],[41.4383,37.7134],[41.445,37.7254],[41.4639,37.7296],[41.4613,37.734],[41.4685,37.7351],[41.5082,37.7312],[41.5259,37.7362],[41.545,37.7381],[41.5809,37.7373],[41.6202,37.7426],[41.6557,37.737],[41.6685,37.7306],[41.6759,37.7304],[41.6779,37.7259],[41.6839,37.7293],[41.6964,37.7278],[41.7001,37.724],[41.7024,37.7156],[41.7103,37.7137],[41.7127,37.709],[41.7201,37.7068],[41.7245,37.6735],[41.7321,37.6686],[41.7463,37.6666],[41.782,37.6689],[41.8202,37.6766],[41.8249,37.6578],[41.8243,37.6453],[41.8357,37.6363],[41.83,37.6267],[41.8304,37.623],[41.8533,37.6123],[41.8667,37.6087],[41.8763,37.5908],[41.8879,37.5864],[41.8962,37.5781],[41.8973,37.5739],[41.8897,37.5539],[41.8675,37.5441],[41.8522,37.549],[41.8544,37.5297],[41.8383,37.5186],[41.8541,37.4961],[41.8562,37.4779],[41.8491,37.467],[41.8585,37.4591],[41.86,37.455],[41.846,37.4429],[41.858,37.4307],[41.8642,37.4189],[41.8709,37.4154],[41.8834,37.4159],[41.8867,37.4067],[41.8906,37.4049],[41.9049,37.4107],[41.9367,37.414],[41.9429,37.4201],[41.9372,37.4328],[41.9403,37.4355],[41.956,37.426],[41.9744,37.4301],[41.9909,37.4243],[42.0128,37.425],[42.0249,37.4223],[42.0819,37.3966],[42.0952,37.391],[42.0978,37.3971],[42.1043,37.4028],[42.1347,37.4039],[42.1444,37.4002],[42.1569,37.3826],[42.1626,37.3794],[42.1805,37.3846],[42.199,37.3845],[42.2094,37.3903],[42.2382,37.3952],[42.257,37.4018],[42.3028,37.3944],[42.3574,37.3971],[42.4086,37.3885],[42.4542,37.3775],[42.4772,37.3689],[42.4949,37.3659],[42.5568,37.3845],[42.6299,37.4209],[42.6438,37.4241],[42.6732,37.4237],[42.6902,37.4195],[42.7022,37.412],[42.7019,37.4079],[42.7056,37.4017],[42.7007,37.399],[42.7045,37.3938],[42.7012,37.3917],[42.7062,37.3889],[42.7048,37.3842],[42.7107,37.3814],[42.7301,37.3802],[42.7303,37.3739],[42.7252,37.3664],[42.7167,37.3658],[42.7126,37.3708],[42.7093,37.3683],[42.7188,37.3608],[42.7199,37.3539],[42.7287,37.3437],[42.727,37.3389],[42.7367,37.3355],[42.7331,37.3337],[42.7359,37.3296],[42.7327,37.3212],[42.7364,37.3192],[42.7353,37.3176],[42.7316,37.3161],[42.7281,37.3195],[42.7255,37.3179],[42.725,37.3129],[42.7158,37.3105],[42.713,37.307],[42.6906,37.3093],[42.6874,37.3073],[42.6927,37.3005],[42.6898,37.2935],[42.6959,37.2945],[42.6971,37.2903],[42.6921,37.2894],[42.6901,37.2858],[42.6873,37.2864],[42.6817,37.2805],[42.6849,37.2776],[42.6823,37.2698],[42.6756,37.269],[42.6772,37.2723],[42.6751,37.2729],[42.671,37.2704],[42.6611,37.271],[42.6598,37.2668],[42.654,37.2657],[42.6582,37.262],[42.65,37.2538],[42.6557,37.2449],[42.648,37.2417],[42.6464,37.2354],[42.6378,37.232],[42.6338,37.225],[42.6292,37.2232],[42.6304,37.2185],[42.6222,37.2164],[42.6174,37.2182],[42.6177,37.2153],[42.6127,37.2144],[42.6183,37.2047],[42.6005,37.1902],[42.5981,37.1827],[42.5898,37.172],[42.5849,37.1709],[42.5851,37.1644],[42.5789,37.1571],[42.5825,37.1476],[42.5764,37.142],[42.5613,37.1478],[42.5498,37.1492],[42.5393,37.1433],[42.529,37.1452],[42.5232,37.1419],[42.5115,37.1428],[42.5081,37.1409],[42.5075,37.1374],[42.5014,37.1345],[42.4859,37.1382],[42.4757,37.137],[42.4721,37.1404],[42.4663,37.141],[42.4481,37.132],[42.4425,37.1332],[42.4408,37.128],[42.4292,37.1281],[42.411,37.1206],[42.4087,37.1142],[42.402,37.1138],[42.3958,37.1104],[42.3854,37.1105],[42.3674,37.1186],[42.362,37.1154],[42.3573,37.1067],[42.3514,37.1177],[42.3541,37.1284],[42.3358,37.1443],[42.3304,37.1552],[42.3272,37.1687],[42.3198,37.183],[42.3204,37.1872],[42.3339,37.206],[42.3481,37.215],[42.3402,37.222],[42.3426,37.2302],[42.3403,37.2357],[42.3178,37.2459],[42.312,37.2543],[42.3083,37.259],[42.29,37.2663],[42.2856,37.2805],[42.2831,37.2821],[42.2631,37.2718],[42.2546,37.2733],[42.2353,37.2833],[42.2168,37.2772],[42.2073,37.2789],[42.2057,37.281],[42.2084,37.2847],[42.2069,37.2921],[42.2253,37.3116],[42.2219,37.318],[42.2073,37.3183],[42.1997,37.3117],[42.1964,37.3114],[42.1894,37.3001],[42.1914,37.2982],[42.1903,37.2946],[42.1846,37.287],[42.1276,37.2437],[42.0975,37.224],[42.0888,37.2078],[42.0686,37.2058],[42.0334,37.182],[42.0051,37.183],[41.9957,37.1756],[41.9792,37.1706],[41.9667,37.1618],[41.9508,37.157],[41.9335,37.1576],[41.912,37.155],[41.8583,37.1416],[41.8145,37.1374],[41.7943,37.1285],[41.7845,37.127],[41.7042,37.1162],[41.6791,37.1157],[41.6648,37.118],[41.6538,37.118],[41.6359,37.1147],[41.6302,37.1103],[41.604,37.1077],[41.5946,37.1019],[41.5866,37.1005],[41.5545,37.0867],[41.5238,37.084],[41.5145,37.0776],[41.3738,37.0796],[41.3595,37.0766],[41.327,37.0809],[41.2849,37.0803],[41.2727,37.0772],[41.2668,37.0794],[41.2379,37.0758],[41.2228,37.07],[41.2248,37.0674],[41.2198,37.0618],[41.208,37.0628],[41.1984,37.0639],[41.1981,37.08],[41.1727,37.09],[41.1682,37.0878],[41.1684,37.0924],[41.1648,37.0942],[41.1456,37.0975],[41.1355,37.0947],[41.127,37.0971],[41.1198,37.0942],[41.1094,37.0965],[41.106,37.0948],[41.1064,37.0973],[41.0959,37.1003],[41.0913,37.1012],[41.0925,37.0991],[41.0905,37.0991],[41.0886,37.1016],[41.0691,37.1046],[41.0122,37.1154],[40.9805,37.1159],[40.9079,37.1319],[40.889,37.1277],[40.8731,37.1288],[40.8476,37.1218],[40.8428,37.1102],[40.8355,37.1065],[40.8201,37.1121],[40.8147,37.1239],[40.8115,37.1256],[40.7978,37.119],[40.7761,37.1225],[40.7667,37.1276],[40.7632,37.126],[40.7533,37.1097],[40.7424,37.1109],[40.722,37.1078],[40.7129,37.1039],[40.6953,37.1033],[40.6761,37.091],[40.6311,37.0718]]]}},{"type":"Feature","properties":{"plaka":48},"geometry":{"type":"MultiPolygon","coordinates":[[[[27.2332,36.982],[27.2333,36.9815],[27.2331,36.9812],[27.2328,36.9814],[27.2327,36.9822],[27.2332,36.982]]],[[[27.2318,36.9868],[27.2315,36.9829],[27.2298,36.9834],[27.2318,36.9868]]],[[[27.2108,36.9861],[27.2115,36.9858],[27.2113,36.9854],[27.2108,36.9853],[27.2104,36.9858],[27.2108,36.9861]]],[[[27.2248,36.9916],[27.2251,36.991],[27.2247,36.9909],[27.224,36.9914],[27.2243,36.992],[27.2248,36.9916]]],[[[27.1991,36.9926],[27.1987,36.9925],[27.197,36.9921],[27.1968,36.9929],[27.1981,36.9932],[27.1991,36.9926]]],[[[27.2078,36.9955],[27.2075,36.9955],[27.2076,36.9958],[27.2079,36.9956],[27.2078,36.9955]]],[[[27.2072,36.9966],[27.2059,36.9968],[27.2041,36.9978],[27.2058,36.9979],[27.2072,36.9966]]],[[[27.2569,37.0023],[27.2571,37.0018],[27.2568,37.0016],[27.2562,37.0018],[27.2563,37.0023],[27.2569,37.0023]]],[[[27.2569,37.0035],[27.2569,37.0034],[27.256,37.0034],[27.2555,37.0039],[27.256,37.0041],[27.2569,37.0035]]],[[[27.2244,37.008],[27.2181,37.0063],[27.2157,36.999],[27.2075,36.9968],[27.2075,36.9991],[27.2111,37.0004],[27.2104,37.0023],[27.2167,37.0062],[27.2182,37.0122],[27.2236,37.0113],[27.2244,37.008]]],[[[27.2125,37.0056],[27.2119,37.0051],[27.2118,37.0051],[27.2106,37.0057],[27.2112,37.0062],[27.2125,37.0056]]],[[[27.2117,37.0097],[27.2117,37.0098],[27.2116,37.0099],[27.2117,37.0099],[27.2119,37.0098],[27.2118,37.0097],[27.2117,37.0097]]],[[[27.2135,37.0098],[27.2129,37.0101],[27.2126,37.0107],[27.2134,37.0107],[27.2135,37.0098]]],[[[27.2436,37.0263],[27.2436,37.0264],[27.2439,37.0264],[27.2439,37.0262],[27.2436,37.0263]]],[[[27.2417,37.0297],[27.2427,37.03],[27.2424,37.0294],[27.242,37.0291],[27.2417,37.0297]]],[[[27.2295,37.0403],[27.229,37.0398],[27.2291,37.0395],[27.2285,37.04],[27.2289,37.0404],[27.2295,37.0403]]],[[[27.2048,37.0505],[27.2032,37.0463],[27.1984,37.049],[27.2048,37.0505]]],[[[27.2335,37.0525],[27.2332,37.0524],[27.2328,37.0527],[27.2336,37.0533],[27.2341,37.0531],[27.2335,37.0525]]],[[[27.214,37.0849],[27.2075,37.0809],[27.2051,37.0818],[27.2083,37.0891],[27.2114,37.0893],[27.214,37.089],[27.214,37.0849]]],[[[27.2398,37.0867],[27.2398,37.0868],[27.24,37.0867],[27.24,37.0866],[27.2398,37.0867]]],[[[27.2406,37.0874],[27.2408,37.0873],[27.2408,37.0872],[27.2406,37.0872],[27.2405,37.0873],[27.2406,37.0874]]],[[[27.239,37.0894],[27.2418,37.0878],[27.2358,37.0864],[27.232,37.089],[27.239,37.0894]]],[[[27.2513,37.0892],[27.2517,37.0889],[27.2517,37.0887],[27.2513,37.0888],[27.2509,37.089],[27.2513,37.0892]]],[[[27.2545,37.0945],[27.2542,37.0944],[27.2542,37.0946],[27.2544,37.0945],[27.2545,37.0945]]],[[[27.2561,37.0947],[27.2563,37.0946],[27.2562,37.0944],[27.2561,37.0944],[27.256,37.0945],[27.2561,37.0947]]],[[[27.2543,37.0951],[27.2544,37.0954],[27.2547,37.0953],[27.2546,37.0951],[27.2543,37.0951]]],[[[27.2984,37.1284],[27.2976,37.1276],[27.2974,37.1275],[27.2971,37.1282],[27.2978,37.1288],[27.2984,37.1284]]],[[[27.288,37.131],[27.2878,37.131],[27.2878,37.1312],[27.288,37.1311],[27.288,37.131]]],[[[27.2569,37.1335],[27.2577,37.1324],[27.2578,37.1322],[27.2571,37.1318],[27.2562,37.1323],[27.2569,37.1335]]],[[[27.2845,37.1334],[27.2844,37.1336],[27.2847,37.1337],[27.2847,37.1333],[27.2845,37.1334]]],[[[27.2656,37.1384],[27.2658,37.1383],[27.2659,37.1383],[27.2659,37.1381],[27.2656,37.138],[27.2655,37.1382],[27.2656,37.1384]]],[[[27.2742,37.1419],[27.2742,37.142],[27.2745,37.1421],[27.2746,37.142],[27.2746,37.1419],[27.2743,37.1418],[27.2742,37.1419]]],[[[27.2786,37.1433],[27.2804,37.1428],[27.28,37.1423],[27.2793,37.1416],[27.2785,37.1423],[27.2786,37.1433]]],[[[27.264,37.1503],[27.2641,37.15],[27.264,37.1499],[27.2635,37.15],[27.2636,37.1503],[27.264,37.1503]]],[[[27.3046,36.9521],[27.3051,36.9519],[27.3064,36.9517],[27.3057,36.9508],[27.3046,36.9509],[27.3046,36.9521]]],[[[27.3228,36.9628],[27.3229,36.9631],[27.3232,36.9629],[27.3231,36.9626],[27.3228,36.9628]]],[[[27.3009,36.9714],[27.3007,36.9714],[27.3006,36.9716],[27.3009,36.9715],[27.3009,36.9714]]],[[[27.3019,36.9717],[27.3017,36.9716],[27.3018,36.9718],[27.3019,36.9717]]],[[[27.3008,36.9724],[27.3009,36.9726],[27.3012,36.9727],[27.3011,36.9724],[27.3008,36.9724]]],[[[27.3091,36.9748],[27.3086,36.9751],[27.3088,36.9754],[27.3093,36.9751],[27.3091,36.9748]]],[[[27.4725,36.9604],[27.4724,36.9632],[27.4699,36.9625],[27.4672,36.9661],[27.4612,36.9662],[27.4605,36.9634],[27.4571,36.9647],[27.4515,36.9707],[27.4452,36.9707],[27.445,36.9802],[27.4378,36.9841],[27.4367,36.9876],[27.426,36.9894],[27.424,36.9961],[27.4303,36.9967],[27.4444,36.99],[27.456,36.9843],[27.4872,36.9758],[27.4928,36.9675],[27.4883,36.9645],[27.4869,36.9604],[27.4797,36.9629],[27.477,36.9579],[27.4755,36.9615],[27.4725,36.9604]]],[[[27.379,36.9895],[27.379,36.9896],[27.3791,36.9897],[27.3791,36.9896],[27.3792,36.9894],[27.379,36.9894],[27.379,36.9895]]],[[[27.3823,36.9966],[27.3843,37.0019],[27.3876,37.0004],[27.3845,36.9902],[27.3791,36.9951],[27.3823,36.9966]]],[[[27.4206,36.9976],[27.4205,36.9978],[27.4208,36.998],[27.4211,36.9978],[27.421,36.9977],[27.4207,36.9976],[27.4206,36.9976]]],[[[27.3752,36.9982],[27.3755,36.9982],[27.3755,36.998],[27.3754,36.998],[27.3752,36.998],[27.3752,36.9982]]],[[[27.3889,37.0016],[27.3892,37.0018],[27.3893,37.0016],[27.3892,37.0015],[27.3889,37.0016]]],[[[27.3338,37.0031],[27.3339,37.0033],[27.3341,37.0032],[27.3341,37.0031],[27.3338,37.0031]]],[[[27.3845,37.003],[27.3834,37.0034],[27.383,37.0042],[27.385,37.0036],[27.3845,37.003]]],[[[27.3304,37.0049],[27.3305,37.0049],[27.3306,37.0048],[27.3305,37.0048],[27.3304,37.0048],[27.3304,37.0049]]],[[[27.3835,37.0065],[27.3833,37.0062],[27.3831,37.0064],[27.3834,37.0065],[27.3835,37.0065]]],[[[27.3301,37.0069],[27.3302,37.0071],[27.3303,37.007],[27.3303,37.0069],[27.3301,37.0069]]],[[[27.3627,37.0084],[27.3599,37.0063],[27.3566,37.0095],[27.3592,37.0106],[27.3627,37.0084]]],[[[27.33,37.0105],[27.3299,37.0107],[27.3301,37.0107],[27.3302,37.0108],[27.3304,37.0108],[27.3303,37.0105],[27.33,37.0105]]],[[[27.3321,37.013],[27.3321,37.0127],[27.3319,37.0126],[27.3316,37.0126],[27.3317,37.0129],[27.3321,37.013]]],[[[27.3344,37.0133],[27.3345,37.0134],[27.3346,37.0133],[27.3345,37.0132],[27.3344,37.0132],[27.3344,37.0133]]],[[[27.334,37.0133],[27.3338,37.0132],[27.3339,37.0134],[27.334,37.0133]]],[[[27.337,37.0155],[27.3371,37.0156],[27.3372,37.0156],[27.3372,37.0155],[27.337,37.0155]]],[[[27.3695,37.0215],[27.3694,37.0216],[27.3696,37.0216],[27.3697,37.0216],[27.3697,37.0215],[27.3696,37.0215],[27.3695,37.0215]]],[[[27.3721,37.022],[27.3722,37.0221],[27.3723,37.022],[27.3723,37.0219],[27.3721,37.022]]],[[[27.3738,37.0229],[27.3738,37.0231],[27.3739,37.0231],[27.3739,37.0229],[27.3738,37.0229]]],[[[27.3162,37.1226],[27.3158,37.1227],[27.3159,37.123],[27.3163,37.1228],[27.3162,37.1226]]],[[[27.3136,37.1283],[27.3138,37.1286],[27.3142,37.1285],[27.3142,37.1284],[27.3136,37.1283]]],[[[27.3846,37.134],[27.3847,37.1339],[27.3845,37.1337],[27.3844,37.1338],[27.3844,37.134],[27.3846,37.134]]],[[[27.3851,37.1342],[27.3839,37.1347],[27.3852,37.1355],[27.3855,37.1349],[27.3851,37.1342]]],[[[27.3901,37.1367],[27.3901,37.1368],[27.3901,37.1369],[27.3902,37.1369],[27.3904,37.1369],[27.3904,37.1367],[27.3901,37.1367]]],[[[27.3854,37.1372],[27.3888,37.14],[27.3947,37.1391],[27.3854,37.1372]]],[[[27.3838,37.1554],[27.3837,37.1566],[27.3846,37.156],[27.3847,37.1553],[27.3838,37.1554]]],[[[27.3697,37.1718],[27.3778,37.167],[27.3791,37.1642],[27.3773,37.1627],[27.3682,37.1624],[27.3635,37.1719],[27.3697,37.1718]]],[[[28.8452,36.5877],[28.8448,36.5876],[28.8452,36.5883],[28.8456,36.5883],[28.8452,36.5877]]],[[[28.8313,36.5899],[28.8315,36.5899],[28.8316,36.5897],[28.8315,36.5897],[28.8313,36.5898],[28.8313,36.5899]]],[[[28.8518,36.6436],[28.8515,36.6435],[28.8515,36.6437],[28.8517,36.6437],[28.8518,36.6436]]],[[[28.8535,36.6454],[28.8535,36.6453],[28.8532,36.6452],[28.8532,36.6454],[28.8534,36.6454],[28.8535,36.6454]]],[[[28.0526,36.7636],[28.0516,36.7601],[28.044,36.7657],[28.0454,36.7684],[28.0412,36.7727],[28.0417,36.7766],[28.0462,36.7788],[28.0511,36.7865],[28.0474,36.7864],[28.0424,36.782],[28.0366,36.7701],[28.0309,36.7666],[28.0241,36.7666],[28.0196,36.7611],[28.0153,36.7601],[28.0095,36.764],[28.0026,36.7603],[27.9868,36.7574],[27.9788,36.7595],[27.9772,36.762],[27.9667,36.7496],[27.9633,36.7502],[27.9664,36.7594],[27.9538,36.7599],[27.9435,36.7498],[27.9399,36.7508],[27.9368,36.745],[27.931,36.7415],[27.9234,36.7419],[27.9211,36.7444],[27.9244,36.7457],[27.9185,36.7533],[27.9141,36.7521],[27.9001,36.7553],[27.8965,36.7552],[27.8989,36.7441],[27.8952,36.7432],[27.8884,36.7467],[27.8868,36.7498],[27.8892,36.7523],[27.888,36.7554],[27.8813,36.7574],[27.8762,36.7561],[27.8686,36.745],[27.8585,36.7416],[27.8527,36.7458],[27.8389,36.7456],[27.8314,36.7572],[27.8124,36.7632],[27.8049,36.7623],[27.7981,36.7583],[27.7802,36.7565],[27.7501,36.762],[27.7379,36.7621],[27.7228,36.7585],[27.7086,36.7492],[27.7011,36.7403],[27.7006,36.7343],[27.6912,36.7308],[27.6865,36.7253],[27.6917,36.7232],[27.6873,36.7198],[27.6957,36.7179],[27.6969,36.7134],[27.6906,36.7019],[27.6789,36.7024],[27.6774,36.6994],[27.6779,36.6932],[27.6734,36.6797],[27.6758,36.6622],[27.6814,36.6583],[27.6781,36.657],[27.6647,36.6621],[27.6491,36.6639],[27.6389,36.6724],[27.6238,36.6736],[27.609,36.6814],[27.5895,36.6794],[27.5786,36.6836],[27.5643,36.6731],[27.5609,36.6739],[27.5596,36.6796],[27.5562,36.6803],[27.5423,36.6744],[27.5317,36.6729],[27.5174,36.6771],[27.4776,36.6476],[27.475,36.6533],[27.4709,36.6529],[27.4678,36.6615],[27.4612,36.6593],[27.4436,36.6609],[27.4282,36.669],[27.4105,36.6634],[27.4074,36.6652],[27.4084,36.6679],[27.4063,36.6703],[27.4085,36.6771],[27.4057,36.679],[27.3838,36.6824],[27.3777,36.6802],[27.3638,36.6842],[27.3642,36.6872],[27.3718,36.6891],[27.3757,36.6978],[27.3632,36.7047],[27.363,36.7107],[27.4014,36.7004],[27.4078,36.7032],[27.4243,36.7155],[27.4242,36.7247],[27.4186,36.7325],[27.4223,36.7376],[27.426,36.7373],[27.4324,36.7477],[27.4521,36.746],[27.4553,36.7476],[27.458,36.7565],[27.4683,36.7613],[27.4787,36.7566],[27.4789,36.7509],[27.492,36.7535],[27.5075,36.7493],[27.5443,36.7593],[27.5895,36.7679],[27.5999,36.765],[27.6142,36.7659],[27.6153,36.77],[27.6188,36.7699],[27.6281,36.7798],[27.6258,36.7968],[27.631,36.8008],[27.643,36.8021],[27.644,36.8052],[27.6404,36.8103],[27.6433,36.8113],[27.6601,36.8037],[27.6793,36.8011],[27.6895,36.7892],[27.7249,36.786],[27.7548,36.7874],[27.7767,36.7915],[27.7829,36.7951],[27.7844,36.8011],[27.7916,36.8015],[27.8044,36.8087],[27.8201,36.8133],[27.8365,36.8115],[27.8553,36.8062],[27.8866,36.8085],[27.8925,36.8122],[27.9041,36.8113],[27.9143,36.8071],[27.922,36.7998],[27.9624,36.8008],[27.9729,36.7976],[27.9876,36.8024],[27.9925,36.7982],[28.0066,36.7966],[28.0055,36.7937],[28.0306,36.7907],[28.0324,36.7883],[28.0355,36.7902],[28.0391,36.798],[28.0456,36.7951],[28.0476,36.7975],[28.045,36.7995],[28.0514,36.8008],[28.0562,36.8146],[28.0645,36.8218],[28.0646,36.8247],[28.0615,36.827],[28.0555,36.8246],[28.053,36.8269],[28.0572,36.834],[28.0466,36.8299],[28.0431,36.8323],[28.0263,36.8275],[28.0188,36.8286],[28.012,36.8347],[28.0049,36.8356],[28.0217,36.8425],[28.0155,36.8455],[28.0129,36.8512],[28.0058,36.8535],[28.0198,36.8642],[28.0253,36.86],[28.0326,36.8594],[28.0365,36.8601],[28.0425,36.8674],[28.0452,36.8655],[28.0516,36.8674],[28.055,36.8661],[28.0583,36.8666],[28.0592,36.8694],[28.049,36.8724],[28.0561,36.8732],[28.0578,36.882],[28.0509,36.8806],[28.041,36.8857],[28.0505,36.8974],[28.0315,36.8995],[28.0255,36.9035],[28.0176,36.9046],[28.0176,36.908],[28.0323,36.9103],[28.0428,36.9092],[28.0435,36.9126],[28.0382,36.9173],[28.0235,36.9204],[28.0221,36.926],[28.0256,36.9274],[28.031,36.9237],[28.0497,36.9216],[28.0539,36.9263],[28.0719,36.9312],[28.046,36.9319],[28.0462,36.9359],[28.064,36.938],[28.075,36.9432],[28.0904,36.9391],[28.0939,36.9346],[28.0935,36.9314],[28.0994,36.9337],[28.0985,36.9394],[28.1014,36.9411],[28.1168,36.9324],[28.125,36.9385],[28.1354,36.93],[28.1381,36.9353],[28.1414,36.9344],[28.1418,36.9277],[28.1466,36.9216],[28.1493,36.9238],[28.1489,36.9301],[28.1592,36.9266],[28.1598,36.9237],[28.1557,36.9229],[28.1602,36.9184],[28.1621,36.9092],[28.1654,36.9074],[28.168,36.9098],[28.165,36.9153],[28.1727,36.9218],[28.167,36.9191],[28.1669,36.9215],[28.1698,36.9215],[28.1728,36.9292],[28.1668,36.9368],[28.1621,36.9362],[28.1634,36.939],[28.1707,36.9385],[28.1708,36.9415],[28.1598,36.9452],[28.1612,36.9478],[28.1671,36.9512],[28.1705,36.9502],[28.1737,36.9451],[28.1732,36.9504],[28.1753,36.9531],[28.1803,36.9491],[28.1881,36.9478],[28.1868,36.945],[28.1886,36.9426],[28.1947,36.944],[28.1957,36.9496],[28.2029,36.953],[28.2066,36.9579],[28.202,36.9722],[28.2119,36.9758],[28.2122,36.9786],[28.1983,36.9822],[28.2002,36.9844],[28.2145,36.9864],[28.215,36.9901],[28.2115,36.9962],[28.2172,37.0014],[28.2331,36.9938],[28.2565,36.9922],[28.257,36.9952],[28.2467,37.0036],[28.2684,37.0183],[28.3114,37.0258],[28.32384,37.02551],[28.3234,37.0264],[28.3289,37.0309],[28.3265,37.0427],[28.3017,37.042],[28.1989,37.0397],[28.1656,37.0295],[28.1358,37.03],[28.1093,37.0372],[28.1003,37.0373],[28.0967,37.0337],[28.0979,37.0309],[28.1145,37.0245],[28.1136,37.0155],[28.1056,37.0141],[28.102,37.0142],[28.0998,37.0164],[28.1,37.0218],[28.0932,37.0239],[28.0889,37.0284],[28.0742,37.0237],[28.068,37.0256],[28.0201,37.0231],[27.9801,37.0329],[27.9735,37.0302],[27.9682,37.0217],[27.949,37.0192],[27.9266,37.0315],[27.9081,37.0254],[27.8932,37.0288],[27.8648,37.0196],[27.8259,37.0136],[27.819,37.0112],[27.8157,37.0054],[27.799,36.9978],[27.7986,37.0035],[27.7915,37.0063],[27.788,37.0048],[27.7887,37.0011],[27.7856,36.9955],[27.7791,36.9967],[27.7767,36.9938],[27.7662,36.9939],[27.7565,36.9909],[27.7581,36.9974],[27.7549,36.9974],[27.7362,36.9939],[27.7352,36.9999],[27.7253,37.0039],[27.7173,37.0018],[27.711,36.996],[27.707,36.9963],[27.6959,36.9993],[27.6921,37.0046],[27.6885,37.0043],[27.6698,36.9937],[27.6487,36.9975],[27.6425,36.989],[27.6451,36.983],[27.6483,36.9815],[27.6464,36.9791],[27.639,36.9783],[27.6173,36.9809],[27.6105,36.9878],[27.5994,36.9934],[27.5802,36.9939],[27.5644,36.9885],[27.5667,36.9859],[27.5755,36.9843],[27.569,36.9802],[27.5648,36.9828],[27.5654,36.9775],[27.5683,36.9768],[27.5653,36.975],[27.5586,36.9857],[27.5519,36.9821],[27.5483,36.9843],[27.5452,36.9832],[27.549,36.9879],[27.5351,36.9883],[27.5321,36.9914],[27.5212,36.9927],[27.5181,36.9951],[27.5088,36.9907],[27.5093,36.9861],[27.5022,36.9872],[27.5022,36.9838],[27.4998,36.9869],[27.4896,36.9897],[27.4824,36.9864],[27.4811,36.9934],[27.4647,36.9983],[27.4632,37.0034],[27.4533,37.0078],[27.45,37.0119],[27.4504,37.0164],[27.4414,37.0206],[27.4391,37.0256],[27.4408,37.0279],[27.4378,37.0319],[27.4324,37.0334],[27.4299,37.0308],[27.4244,37.031],[27.4296,37.0343],[27.4241,37.0361],[27.4222,37.0339],[27.4251,37.0349],[27.4249,37.0323],[27.4216,37.0326],[27.4168,37.0282],[27.4194,37.0223],[27.4122,37.0214],[27.4122,37.0171],[27.4098,37.0172],[27.4114,37.0212],[27.4091,37.0234],[27.3999,37.0188],[27.4084,37.0282],[27.4075,37.0299],[27.4016,37.0321],[27.3958,37.0294],[27.3882,37.0188],[27.389,37.0066],[27.3838,37.0091],[27.3817,37.0037],[27.3761,36.9989],[27.3743,37.005],[27.3795,37.0073],[27.379,37.0197],[27.3847,37.024],[27.3821,37.0266],[27.3752,37.0277],[27.3728,37.0264],[27.3741,37.0239],[27.3696,37.0217],[27.3663,37.0243],[27.3633,37.0192],[27.3616,37.022],[27.3571,37.0226],[27.3328,37.0154],[27.3282,37.0099],[27.3299,37.0046],[27.3308,37.0041],[27.3308,37.0042],[27.331,37.0042],[27.331,37.0041],[27.3311,37.004],[27.33098,37.004],[27.3351,37.0017],[27.3394,37.003],[27.3408,36.9981],[27.3311,36.9995],[27.3294,36.9979],[27.3324,36.9887],[27.328,36.9884],[27.3188,36.9775],[27.3122,36.9786],[27.3006,36.9731],[27.3003,36.9699],[27.3049,36.9686],[27.3069,36.9617],[27.3037,36.9573],[27.2973,36.9603],[27.2964,36.9657],[27.2935,36.9681],[27.2844,36.9657],[27.2879,36.9594],[27.2866,36.9573],[27.2797,36.966],[27.2729,36.9616],[27.264,36.9643],[27.261,36.9724],[27.2553,36.9767],[27.2595,37.0004],[27.2552,37.006],[27.2555,37.0123],[27.249,37.0242],[27.2494,37.0314],[27.2424,37.0353],[27.2362,37.0352],[27.2302,37.0401],[27.2311,37.0447],[27.2341,37.0457],[27.2325,37.0482],[27.2371,37.0519],[27.2325,37.0579],[27.2301,37.0534],[27.2255,37.0581],[27.2312,37.0608],[27.2319,37.0631],[27.2295,37.065],[27.2363,37.0648],[27.239,37.0669],[27.2395,37.0707],[27.2354,37.0772],[27.2389,37.0828],[27.2479,37.0802],[27.2517,37.0818],[27.2547,37.0879],[27.2546,37.0941],[27.2642,37.0924],[27.2702,37.0988],[27.2742,37.0984],[27.293,37.1069],[27.2924,37.1139],[27.288,37.1204],[27.2855,37.1188],[27.28,37.1207],[27.277,37.1175],[27.2707,37.1192],[27.2688,37.1137],[27.2619,37.1155],[27.2598,37.112],[27.2543,37.1116],[27.2533,37.1152],[27.2563,37.1248],[27.2531,37.1289],[27.2568,37.1302],[27.2604,37.1209],[27.2645,37.1203],[27.2615,37.1255],[27.2651,37.1264],[27.2639,37.134],[27.2715,37.1342],[27.274,37.1406],[27.2809,37.1308],[27.2845,37.1322],[27.2835,37.1268],[27.2904,37.1217],[27.2976,37.1238],[27.2985,37.118],[27.303,37.1158],[27.3071,37.1181],[27.3032,37.1217],[27.3062,37.1239],[27.3133,37.1158],[27.3146,37.1193],[27.3186,37.1189],[27.3193,37.1218],[27.3174,37.1275],[27.3095,37.1321],[27.3119,37.1337],[27.3121,37.1386],[27.3146,37.1372],[27.3157,37.1404],[27.3201,37.1399],[27.3178,37.1431],[27.3213,37.1417],[27.3215,37.1444],[27.326,37.1418],[27.3293,37.146],[27.3289,37.1509],[27.3249,37.1524],[27.3265,37.1552],[27.3228,37.1584],[27.3252,37.1596],[27.3335,37.1571],[27.3381,37.151],[27.344,37.1503],[27.3411,37.1317],[27.3495,37.131],[27.3514,37.139],[27.35,37.1426],[27.3562,37.1471],[27.3567,37.1411],[27.3608,37.1422],[27.3636,37.1465],[27.3616,37.1547],[27.3647,37.1568],[27.3687,37.1513],[27.3777,37.1504],[27.3762,37.1447],[27.378,37.1418],[27.3867,37.1461],[27.3901,37.1451],[27.3767,37.1328],[27.377,37.1294],[27.3813,37.1286],[27.3872,37.1205],[27.3959,37.1196],[27.4003,37.131],[27.4072,37.1319],[27.4106,37.1349],[27.4127,37.1324],[27.4081,37.131],[27.411,37.1304],[27.41,37.1282],[27.42,37.1281],[27.4133,37.1174],[27.4218,37.1178],[27.4306,37.1282],[27.4354,37.1238],[27.4301,37.1177],[27.44,37.1174],[27.4415,37.1146],[27.4392,37.1124],[27.4442,37.1073],[27.4449,37.1004],[27.4502,37.0971],[27.4598,37.0962],[27.4598,37.0931],[27.4543,37.0884],[27.4573,37.0827],[27.4671,37.0832],[27.4706,37.0806],[27.4746,37.0824],[27.47529,37.0855],[27.4761,37.0891],[27.4788,37.0882],[27.4812,37.0921],[27.4904,37.0945],[27.4911,37.0979],[27.4884,37.1009],[27.4984,37.1006],[27.5033,37.1086],[27.5148,37.1112],[27.5296,37.1189],[27.5381,37.1306],[27.5719,37.1274],[27.5778,37.1329],[27.5773,37.135],[27.5813,37.1358],[27.5793,37.1393],[27.5766,37.1407],[27.5569,37.1361],[27.5539,37.1378],[27.5555,37.1498],[27.5621,37.152],[27.5611,37.1538],[27.5435,37.1541],[27.5417,37.1601],[27.5505,37.1649],[27.5514,37.1677],[27.5418,37.1716],[27.5408,37.1748],[27.5441,37.1758],[27.545,37.1811],[27.5498,37.186],[27.5264,37.1919],[27.5258,37.1962],[27.5448,37.1913],[27.5472,37.1934],[27.5586,37.1947],[27.5601,37.2007],[27.5663,37.2051],[27.5692,37.2111],[27.5873,37.2243],[27.5899,37.2368],[27.5969,37.2402],[27.6021,37.2497],[27.6111,37.2575],[27.6228,37.2587],[27.6243,37.253],[27.6422,37.2431],[27.6462,37.243],[27.6464,37.2519],[27.6339,37.2585],[27.6306,37.2639],[27.6157,37.2625],[27.6126,37.2642],[27.6134,37.273],[27.6164,37.2745],[27.612,37.2824],[27.6014,37.2813],[27.6011,37.2872],[27.5946,37.2883],[27.5881,37.2857],[27.5878,37.2766],[27.584,37.277],[27.5827,37.2742],[27.5593,37.2773],[27.5565,37.2749],[27.5416,37.2551],[27.5474,37.2513],[27.5513,37.252],[27.5527,37.2476],[27.5504,37.2453],[27.5392,37.2517],[27.5358,37.2503],[27.5369,37.2476],[27.5314,37.2429],[27.5247,37.2413],[27.5235,37.2385],[27.5264,37.2296],[27.5205,37.2281],[27.5178,37.2161],[27.5175,37.2294],[27.5048,37.2316],[27.505,37.2345],[27.5016,37.2352],[27.5007,37.2381],[27.5115,37.2418],[27.5137,37.2482],[27.5161,37.2469],[27.5186,37.2499],[27.5166,37.2552],[27.5244,37.2608],[27.5176,37.2678],[27.5217,37.2737],[27.521,37.277],[27.5074,37.2808],[27.498,37.2763],[27.4963,37.2706],[27.4788,37.2717],[27.4775,37.2691],[27.4806,37.2634],[27.4754,37.2589],[27.4685,37.2589],[27.4605,37.2529],[27.4567,37.2532],[27.4552,37.2588],[27.4708,37.2762],[27.477,37.2908],[27.487,37.295],[27.4886,37.298],[27.4907,37.3101],[27.4973,37.3219],[27.4962,37.3314],[27.4935,37.3341],[27.4861,37.3327],[27.4831,37.3343],[27.4876,37.3394],[27.4807,37.3391],[27.4743,37.3463],[27.4714,37.3444],[27.4763,37.3357],[27.4764,37.3298],[27.4674,37.3199],[27.4566,37.31],[27.4474,37.3058],[27.4358,37.305],[27.4264,37.309],[27.4147,37.3088],[27.3993,37.3159],[27.4002,37.3235],[27.3969,37.3223],[27.3873,37.327],[27.3846,37.3386],[27.3848,37.3564],[27.3915,37.3654],[27.3994,37.3598],[27.4148,37.3619],[27.4377,37.3729],[27.4539,37.3761],[27.4639,37.3844],[27.4619,37.3981],[27.4638,37.422],[27.4653,37.4305],[27.4717,37.4371],[27.4636,37.4512],[27.4711,37.4584],[27.4694,37.477],[27.4719,37.4884],[27.4681,37.5168],[27.4753,37.5364],[27.507,37.5381],[27.51,37.5398],[27.5116,37.5455],[27.5366,37.548],[27.5573,37.5457],[27.5604,37.5391],[27.5876,37.5344],[27.594,37.535],[27.6058,37.5428],[27.6099,37.5426],[27.6363,37.5285],[27.6494,37.5243],[27.6633,37.5255],[27.7042,37.5228],[27.7169,37.5267],[27.7474,37.5261],[27.7696,37.506],[27.7704,37.4821],[27.7824,37.4732],[27.7952,37.4684],[27.8056,37.4685],[27.8236,37.4761],[27.8351,37.4734],[27.8455,37.4751],[27.8596,37.4879],[27.8676,37.4902],[27.8988,37.4919],[27.9204,37.4901],[27.9297,37.4946],[27.9354,37.4932],[27.9362,37.4882],[27.9423,37.4811],[27.9413,37.4671],[27.9534,37.4617],[27.9703,37.4626],[27.9948,37.4677],[28.0028,37.4737],[28.018,37.4746],[28.0623,37.4721],[28.0722,37.4653],[28.083,37.4615],[28.1113,37.4579],[28.1317,37.4505],[28.1376,37.4507],[28.1438,37.4556],[28.1568,37.492],[28.1829,37.4938],[28.1994,37.4869],[28.2044,37.4907],[28.2206,37.4948],[28.2326,37.512],[28.2356,37.5216],[28.2479,37.5441],[28.2567,37.5501],[28.2762,37.5578],[28.2932,37.5521],[28.2819,37.5229],[28.2828,37.5191],[28.2889,37.5157],[28.3019,37.516],[28.3249,37.523],[28.3431,37.5257],[28.3491,37.5183],[28.3614,37.5144],[28.3871,37.4965],[28.3941,37.4948],[28.4138,37.5012],[28.4359,37.501],[28.452,37.505],[28.4652,37.4858],[28.4914,37.4853],[28.5178,37.4782],[28.5197,37.477],[28.5292,37.4752],[28.5854,37.4757],[28.5998,37.4721],[28.6179,37.4794],[28.625,37.4759],[28.6297,37.4692],[28.6304,37.4582],[28.6146,37.4296],[28.6195,37.4227],[28.6303,37.4152],[28.627,37.4014],[28.6446,37.3776],[28.6426,37.3714],[28.6477,37.3676],[28.6536,37.3735],[28.6591,37.3741],[28.6868,37.3662],[28.7031,37.366],[28.7144,37.3528],[28.7199,37.3376],[28.7294,37.3339],[28.7419,37.3251],[28.7427,37.3189],[28.7371,37.2962],[28.7309,37.2908],[28.7401,37.2789],[28.7379,37.2717],[28.754,37.2669],[28.7644,37.2532],[28.7844,37.2403],[28.7851,37.2342],[28.7805,37.2271],[28.7834,37.2223],[28.7809,37.2178],[28.7859,37.212],[28.7841,37.2053],[28.7875,37.2005],[28.7854,37.1939],[28.7933,37.1853],[28.7996,37.1837],[28.8082,37.1865],[28.8174,37.1844],[28.8214,37.1728],[28.8281,37.1661],[28.8363,37.1515],[28.8362,37.1449],[28.8332,37.1414],[28.8348,37.1357],[28.841,37.1307],[28.8597,37.1357],[28.8704,37.1422],[28.8745,37.1418],[28.8751,37.1385],[28.8795,37.1354],[28.8852,37.1358],[28.9047,37.1449],[28.9483,37.1361],[28.9723,37.115],[28.9752,37.1019],[28.9962,37.0937],[29.001,37.0847],[29.0171,37.0693],[29.0209,37.0622],[29.0351,37.0603],[29.0387,37.0552],[29.0581,37.0435],[29.0671,37.0456],[29.0785,37.0464],[29.0967,37.0353],[29.1059,37.0162],[29.1054,37.0099],[29.0995,37.0054],[29.0968,36.9926],[29.0906,36.986],[29.0801,36.9758],[29.0747,36.9666],[29.0735,36.9559],[29.0743,36.9521],[29.094,36.9298],[29.094,36.9249],[29.0868,36.915],[29.0889,36.9019],[29.1216,36.8656],[29.1362,36.8611],[29.1557,36.8643],[29.1644,36.863],[29.1708,36.863],[29.1788,36.8674],[29.1825,36.8665],[29.2044,36.8593],[29.2119,36.8514],[29.2365,36.8566],[29.2442,36.8597],[29.2741,36.8633],[29.2822,36.8682],[29.2941,36.8841],[29.2998,36.8875],[29.3268,36.8891],[29.3349,36.8874],[29.3417,36.8806],[29.3482,36.8781],[29.3636,36.8784],[29.3717,36.8821],[29.3825,36.8817],[29.3893,36.8776],[29.3896,36.8695],[29.3954,36.8656],[29.3997,36.8583],[29.4152,36.8538],[29.4161,36.8434],[29.4234,36.84],[29.4382,36.84],[29.4491,36.8441],[29.4541,36.849],[29.4689,36.8471],[29.4799,36.8535],[29.5034,36.8763],[29.507,36.9002],[29.5255,36.9139],[29.528,36.9215],[29.534,36.9262],[29.5393,36.942],[29.5534,36.9488],[29.5585,36.9579],[29.5858,36.9707],[29.5852,36.9805],[29.5888,36.984],[29.589,36.9891],[29.6033,36.9975],[29.6142,36.9921],[29.6271,36.9932],[29.6374,36.9898],[29.6692,36.9898],[29.6858,36.9853],[29.7017,36.9873],[29.7227,36.9737],[29.7347,36.9619],[29.748,36.9586],[29.7786,36.941],[29.7948,36.9216],[29.7984,36.9045],[29.8083,36.8915],[29.8076,36.8829],[29.8117,36.876],[29.8107,36.8616],[29.8045,36.8502],[29.7784,36.8235],[29.7761,36.8193],[29.7757,36.8085],[29.7547,36.7973],[29.7605,36.7834],[29.7575,36.7598],[29.7504,36.7576],[29.7466,36.7529],[29.7468,36.733],[29.7426,36.7185],[29.7411,36.7007],[29.7445,36.6775],[29.7357,36.646],[29.7275,36.6361],[29.6683,36.6214],[29.6586,36.6221],[29.6439,36.6134],[29.6276,36.5999],[29.6132,36.5698],[29.5948,36.555],[29.5694,36.5415],[29.5592,36.5278],[29.5403,36.5211],[29.534,36.5109],[29.5263,36.504],[29.5206,36.4909],[29.4601,36.4738],[29.4423,36.4747],[29.4317,36.4709],[29.4122,36.4694],[29.403,36.4724],[29.3881,36.4709],[29.3627,36.4611],[29.3388,36.4379],[29.3315,36.4375],[29.3228,36.4409],[29.3151,36.4293],[29.3256,36.4198],[29.3258,36.4089],[29.3336,36.3947],[29.3156,36.3842],[29.311,36.372],[29.3161,36.3624],[29.3163,36.3495],[29.3115,36.3407],[29.3152,36.3205],[29.3041,36.3082],[29.2814,36.3086],[29.2787,36.3047],[29.2833,36.2997],[29.2821,36.2954],[29.2756,36.2985],[29.2679,36.2962],[29.2633,36.3068],[29.2598,36.3025],[29.2424,36.3215],[29.2334,36.3279],[29.2188,36.332],[29.2066,36.3298],[29.1865,36.3369],[29.1745,36.3483],[29.1691,36.343],[29.1635,36.3488],[29.1647,36.3587],[29.1461,36.361],[29.1403,36.3651],[29.1426,36.375],[29.1454,36.377],[29.1411,36.3825],[29.124,36.3815],[29.1173,36.3957],[29.1129,36.396],[29.1056,36.3918],[29.1015,36.3972],[29.1043,36.4099],[29.1069,36.4126],[29.1147,36.4145],[29.1162,36.4173],[29.1286,36.4192],[29.1309,36.4221],[29.1295,36.4255],[29.1217,36.429],[29.1213,36.4326],[29.1333,36.4326],[29.1334,36.4368],[29.13,36.4455],[29.1208,36.4499],[29.1248,36.4556],[29.1212,36.4677],[29.103,36.472],[29.1006,36.4748],[29.1117,36.4861],[29.1154,36.497],[29.1232,36.4951],[29.1379,36.498],[29.1262,36.4973],[29.1186,36.5052],[29.1235,36.52],[29.1262,36.5208],[29.1248,36.5249],[29.1273,36.529],[29.1247,36.5435],[29.1167,36.5492],[29.1106,36.5492],[29.1176,36.5515],[29.1111,36.555],[29.1042,36.5553],[29.1034,36.5539],[29.1116,36.5481],[29.1107,36.5438],[29.1055,36.5473],[29.0973,36.5458],[29.0937,36.5483],[29.0962,36.5512],[29.0901,36.5569],[29.0902,36.5604],[29.0903,36.5639],[29.0863,36.5662],[29.0819,36.5634],[29.0837,36.5618],[29.0812,36.5582],[29.0677,36.5565],[29.0614,36.5589],[29.0605,36.5565],[29.0493,36.5588],[29.0512,36.5472],[29.0563,36.5441],[29.0509,36.5408],[29.0538,36.5396],[29.0474,36.5413],[29.0405,36.5386],[29.0344,36.5442],[29.0307,36.5384],[29.0268,36.5387],[29.0084,36.544],[29.00958,36.5458],[29.0092,36.5458],[29.0093,36.5464],[29.00987,36.54624],[29.0109,36.5478],[29.0158,36.5491],[29.0258,36.5469],[29.0328,36.5532],[29.0475,36.5587],[29.0445,36.5615],[29.0465,36.5657],[29.0306,36.5693],[29.0347,36.5717],[29.0328,36.5753],[29.0347,36.5785],[29.023,36.5824],[29.0236,36.5887],[29.0293,36.5888],[29.0284,36.5964],[29.0302,36.5985],[29.0276,36.6013],[29.0312,36.6028],[29.0313,36.6081],[29.0364,36.6096],[29.0356,36.6136],[29.0402,36.6195],[29.0443,36.6197],[29.0448,36.6217],[29.0538,36.6135],[29.0618,36.6182],[29.0631,36.6161],[29.0748,36.6143],[29.0756,36.6167],[29.072,36.619],[29.0723,36.6215],[29.0797,36.6219],[29.0739,36.6283],[29.0776,36.6279],[29.079,36.6322],[29.0745,36.641],[29.0774,36.646],[29.0857,36.6421],[29.091,36.6448],[29.0971,36.638],[29.1013,36.6412],[29.0982,36.6369],[29.1006,36.6349],[29.0999,36.6317],[29.0928,36.6316],[29.0911,36.6259],[29.0882,36.6247],[29.0885,36.6203],[29.1032,36.6226],[29.10333,36.62367],[29.1065,36.6218],[29.112,36.6232],[29.1156,36.6254],[29.1214,36.6355],[29.1219,36.6479],[29.117,36.6538],[29.1138,36.6532],[29.1163,36.6544],[29.112,36.6527],[29.11199,36.653],[29.1119,36.653],[29.1119,36.6531],[29.11198,36.6531],[29.1119,36.6553],[29.11166,36.65465],[29.11174,36.6537],[29.1118,36.6538],[29.1118,36.6537],[29.1118,36.6534],[29.11176,36.65342],[29.1118,36.6529],[29.11,36.6525],[29.1096,36.6593],[29.1039,36.6691],[29.0933,36.6782],[29.0886,36.6797],[29.0832,36.6777],[29.0729,36.6819],[29.0658,36.6799],[29.0554,36.6818],[29.0431,36.689],[29.0364,36.6963],[29.0333,36.6952],[29.0335,36.7032],[29.0318,36.703],[29.0348,36.7059],[29.0331,36.7083],[29.03,36.708],[29.0305,36.7056],[29.0269,36.704],[29.0239,36.7077],[29.0195,36.7035],[29.0203,36.7017],[29.014,36.7042],[29.014,36.7067],[29.0212,36.7103],[29.0195,36.7161],[29.0092,36.7105],[28.9986,36.7152],[29.0,36.7094],[28.9965,36.7086],[28.9873,36.7172],[28.9873,36.7199],[28.981,36.7194],[28.9786,36.7221],[28.9798,36.7248],[28.9744,36.7265],[28.971,36.7316],[28.9648,36.7299],[28.9645,36.7225],[28.96,36.7331],[28.9579,36.7321],[28.9497,36.7369],[28.949,36.7411],[28.9407,36.7476],[28.9446,36.7493],[28.9412,36.7485],[28.9434,36.7507],[28.9403,36.7522],[28.9411,36.7538],[28.929,36.7558],[28.9252,36.752],[28.9212,36.7514],[28.9249,36.7483],[28.9304,36.7511],[28.9308,36.7466],[28.9252,36.7456],[28.9243,36.7419],[28.9298,36.7352],[28.9197,36.7334],[28.9187,36.7322],[28.9224,36.7305],[28.9196,36.7281],[28.914,36.7301],[28.9085,36.7235],[28.914,36.7238],[28.9091,36.7133],[28.8934,36.7125],[28.8915,36.7091],[28.8984,36.7108],[28.9009,36.7086],[28.9088,36.7081],[28.906,36.7034],[28.9018,36.7044],[28.8972,36.7022],[28.9013,36.6993],[28.9002,36.698],[28.8786,36.7012],[28.8767,36.6977],[28.8793,36.6954],[28.8767,36.6935],[28.8709,36.6974],[28.8649,36.6978],[28.8637,36.6953],[28.8685,36.6923],[28.8659,36.6893],[28.8679,36.6882],[28.8659,36.681],[28.8571,36.676],[28.8632,36.6732],[28.8657,36.6745],[28.8678,36.6703],[28.8506,36.6634],[28.8521,36.6584],[28.8563,36.6599],[28.8568,36.6567],[28.8661,36.6543],[28.8496,36.6436],[28.8552,36.6406],[28.8642,36.645],[28.8677,36.6426],[28.8628,36.6428],[28.8632,36.6412],[28.8699,36.6337],[28.8815,36.6355],[28.8769,36.6381],[28.8795,36.6488],[28.8847,36.6477],[28.888,36.6439],[28.8925,36.6458],[28.8928,36.6428],[28.8958,36.6485],[28.9045,36.6509],[28.9082,36.6487],[28.9037,36.6457],[28.9062,36.6398],[28.8979,36.6422],[28.8955,36.6396],[28.8924,36.6407],[28.8853,36.634],[28.8914,36.6304],[28.8798,36.6308],[28.8784,36.6295],[28.8815,36.6292],[28.882,36.627],[28.8736,36.6249],[28.8754,36.6214],[28.867,36.6223],[28.8687,36.6194],[28.8651,36.6178],[28.8715,36.6171],[28.8667,36.6161],[28.8679,36.6057],[28.8756,36.6021],[28.861,36.6013],[28.8579,36.5961],[28.8458,36.5889],[28.8447,36.5975],[28.831,36.6043],[28.829,36.6096],[28.8308,36.6113],[28.825,36.6128],[28.8281,36.6206],[28.8242,36.6259],[28.8324,36.629],[28.8362,36.6281],[28.8423,36.6348],[28.852,36.6381],[28.8426,36.6428],[28.8304,36.6391],[28.8307,36.6475],[28.8242,36.6565],[28.8214,36.6561],[28.8183,36.6595],[28.811,36.6558],[28.8034,36.656],[28.8019,36.6531],[28.7942,36.6511],[28.7959,36.6582],[28.7943,36.6593],[28.7984,36.6662],[28.8067,36.6689],[28.7999,36.6729],[28.8003,36.6754],[28.7875,36.6863],[28.7498,36.6999],[28.7249,36.7057],[28.7141,36.7052],[28.6909,36.7002],[28.6893,36.697],[28.6701,36.6917],[28.6731,36.6983],[28.668,36.6989],[28.6718,36.7054],[28.672,36.7113],[28.6419,36.717],[28.6345,36.7062],[28.6285,36.7043],[28.6231,36.7057],[28.6164,36.7143],[28.6193,36.7222],[28.6232,36.7234],[28.6222,36.7341],[28.6185,36.7377],[28.6081,36.7378],[28.6083,36.7411],[28.6192,36.7453],[28.6242,36.7547],[28.6343,36.7595],[28.631,36.7618],[28.6134,36.7642],[28.6143,36.7744],[28.6291,36.7821],[28.6237,36.7905],[28.6063,36.8043],[28.611,36.8044],[28.6257,36.7954],[28.6491,36.7871],[28.6572,36.7891],[28.6578,36.7922],[28.6522,36.7927],[28.6408,36.8014],[28.636,36.8001],[28.6355,36.8044],[28.6307,36.8056],[28.6339,36.8141],[28.6303,36.81],[28.6229,36.8106],[28.61952,36.8071],[28.61941,36.80725],[28.6187,36.8054],[28.6093,36.8074],[28.6064,36.8095],[28.6065,36.8126],[28.5975,36.7991],[28.5942,36.8046],[28.5943,36.8109],[28.5899,36.8152],[28.567,36.8242],[28.5625,36.8322],[28.556,36.8354],[28.5532,36.8349],[28.5516,36.8309],[28.5506,36.8181],[28.5353,36.8151],[28.5296,36.8108],[28.5322,36.8049],[28.5428,36.8018],[28.5445,36.7991],[28.5401,36.7905],[28.5252,36.7929],[28.5224,36.795],[28.52,36.8045],[28.5161,36.8056],[28.5069,36.7978],[28.4988,36.7949],[28.4908,36.8041],[28.5018,36.814],[28.5006,36.8167],[28.4847,36.8172],[28.4828,36.8147],[28.4752,36.8145],[28.4715,36.816],[28.4616,36.8124],[28.4567,36.8191],[28.4571,36.823],[28.4517,36.8242],[28.4552,36.8292],[28.4506,36.8323],[28.4502,36.8374],[28.4561,36.8372],[28.4569,36.8404],[28.4509,36.846],[28.4551,36.8525],[28.466,36.8527],[28.4697,36.8625],[28.4675,36.8673],[28.4557,36.8679],[28.4541,36.8699],[28.4564,36.8724],[28.4615,36.8706],[28.4626,36.8723],[28.4593,36.8731],[28.4608,36.8755],[28.4548,36.8802],[28.4451,36.88],[28.4462,36.8782],[28.4435,36.8741],[28.4454,36.8677],[28.4389,36.8667],[28.4388,36.8641],[28.4329,36.8593],[28.4272,36.8606],[28.4203,36.8562],[28.4119,36.8564],[28.4081,36.8542],[28.4056,36.8604],[28.408,36.8649],[28.4038,36.8676],[28.3967,36.8614],[28.3946,36.8534],[28.3882,36.8535],[28.3868,36.8509],[28.386,36.8532],[28.3859,36.851],[28.3781,36.8459],[28.384,36.8411],[28.3834,36.8381],[28.3868,36.839],[28.3875,36.8345],[28.3938,36.8362],[28.3944,36.8342],[28.3986,36.8383],[28.4076,36.8404],[28.4179,36.8373],[28.4245,36.8391],[28.4268,36.8359],[28.4254,36.8322],[28.427,36.8293],[28.4223,36.8243],[28.4252,36.821],[28.4243,36.8181],[28.4142,36.8102],[28.415,36.8049],[28.4107,36.8015],[28.4121,36.7979],[28.4078,36.7941],[28.4079,36.7899],[28.3982,36.7855],[28.3912,36.7898],[28.3822,36.7883],[28.3829,36.7942],[28.3779,36.7986],[28.3659,36.7962],[28.3583,36.8004],[28.354,36.8071],[28.3398,36.8074],[28.3103,36.8177],[28.3055,36.8159],[28.3042,36.807],[28.3013,36.8041],[28.3117,36.7989],[28.3132,36.7952],[28.2936,36.7968],[28.2918,36.7936],[28.2861,36.7914],[28.2832,36.7928],[28.2848,36.7938],[28.2832,36.7957],[28.2742,36.7964],[28.27,36.7988],[28.2737,36.8024],[28.2733,36.8066],[28.2658,36.8146],[28.2741,36.8134],[28.276,36.8152],[28.2803,36.8118],[28.2945,36.8198],[28.2982,36.8173],[28.3009,36.8204],[28.304,36.8179],[28.3071,36.8205],[28.3059,36.8192],[28.3128,36.818],[28.3122,36.8222],[28.3161,36.8264],[28.311,36.8301],[28.3022,36.8293],[28.296,36.8335],[28.2941,36.8396],[28.2855,36.8443],[28.286,36.8473],[28.28014,36.8499],[28.2807,36.8526],[28.2787,36.8533],[28.2786,36.8515],[28.2777,36.8534],[28.2747,36.8496],[28.2708,36.853],[28.2672,36.8522],[28.2446,36.8323],[28.2433,36.8163],[28.2335,36.8079],[28.2332,36.805],[28.23655,36.80179],[28.237,36.8017],[28.23688,36.80147],[28.238,36.8004],[28.2453,36.8012],[28.2513,36.7925],[28.2563,36.7921],[28.252,36.7834],[28.2553,36.7797],[28.2501,36.7788],[28.2487,36.7735],[28.271,36.7653],[28.2705,36.7479],[28.2776,36.7457],[28.2857,36.7478],[28.2925,36.7468],[28.2996,36.7398],[28.3002,36.737],[28.296,36.7319],[28.3034,36.7304],[28.2898,36.7191],[28.283,36.7209],[28.28,36.7266],[28.2802,36.7325],[28.2771,36.7341],[28.2553,36.7303],[28.2498,36.7192],[28.2398,36.7155],[28.2272,36.7042],[28.2281,36.7012],[28.2316,36.7021],[28.2256,36.6967],[28.2221,36.6874],[28.2053,36.6897],[28.1795,36.6782],[28.1701,36.6822],[28.1628,36.6806],[28.1567,36.6758],[28.1561,36.6724],[28.1614,36.6677],[28.1431,36.6498],[28.1452,36.6407],[28.1329,36.6209],[28.1158,36.5999],[28.0997,36.5873],[28.088,36.5844],[28.0802,36.5943],[28.0684,36.5912],[28.0564,36.5817],[28.0526,36.5824],[28.0525,36.5853],[28.045,36.5796],[28.0503,36.5752],[28.0503,36.5722],[28.0336,36.5629],[28.0264,36.5631],[28.0271,36.5687],[28.0162,36.5769],[28.0124,36.5759],[28.0124,36.5726],[28.0182,36.5656],[27.9992,36.5649],[27.9823,36.5535],[27.98,36.5701],[27.9667,36.5808],[27.978,36.5844],[27.9777,36.5875],[27.9711,36.5949],[27.9615,36.5992],[27.9607,36.602],[27.9631,36.6043],[27.9749,36.6119],[27.9867,36.6106],[27.9921,36.6067],[28.0153,36.6065],[28.0259,36.6027],[28.053,36.6076],[28.0598,36.6055],[28.0967,36.6419],[28.0852,36.6567],[28.074,36.659],[28.0678,36.6487],[28.0648,36.6504],[28.0667,36.6558],[28.0557,36.6566],[28.0719,36.673],[28.0694,36.6754],[28.0511,36.6754],[28.0497,36.6782],[28.0521,36.6839],[28.0454,36.6874],[28.0429,36.6925],[28.0387,36.6922],[28.0363,36.6861],[28.0418,36.6789],[28.0398,36.673],[28.0296,36.6714],[28.027,36.6688],[28.0165,36.6715],[28.0092,36.6706],[28.0039,36.6739],[27.9926,36.6708],[27.9866,36.6738],[27.9784,36.6735],[27.9733,36.6779],[27.9676,36.6749],[27.9639,36.6757],[27.9669,36.6842],[27.974,36.6859],[27.9764,36.6912],[27.9798,36.6918],[27.9797,36.6834],[27.9834,36.683],[27.9858,36.6854],[27.9855,36.6941],[27.9917,36.6968],[27.9939,36.6946],[28.0065,36.7055],[28.0082,36.6998],[28.02,36.7079],[28.0268,36.7055],[28.0379,36.7067],[28.0403,36.7045],[28.047,36.7176],[28.0857,36.7294],[28.0892,36.7295],[28.0901,36.7235],[28.0969,36.7273],[28.0972,36.7242],[28.0878,36.7208],[28.0855,36.7175],[28.0891,36.7084],[28.0958,36.7075],[28.098,36.7048],[28.1136,36.7185],[28.1154,36.7214],[28.1123,36.7236],[28.1131,36.7279],[28.1303,36.7265],[28.13,36.7294],[28.1208,36.7342],[28.0871,36.7417],[28.0841,36.7475],[28.0925,36.7549],[28.0971,36.7664],[28.1001,36.7684],[28.1101,36.7646],[28.113,36.7665],[28.1111,36.7727],[28.115,36.7742],[28.1227,36.7677],[28.1226,36.7616],[28.13,36.755],[28.132,36.7562],[28.1297,36.7606],[28.1324,36.7675],[28.1248,36.773],[28.1234,36.7804],[28.1237,36.7848],[28.1297,36.7935],[28.1291,36.7977],[28.1151,36.8043],[28.1008,36.8019],[28.0928,36.7959],[28.0854,36.7968],[28.078,36.7908],[28.0761,36.7884],[28.0807,36.7804],[28.0772,36.7755],[28.0659,36.7736],[28.0643,36.7647],[28.0612,36.7631],[28.0526,36.7636]]],[[[27.4751,37.0854],[27.475,37.0856],[27.47529,37.0855],[27.4751,37.0854]]],[[[28.251,36.7744],[28.2512,36.7743],[28.2511,36.7743],[28.2508,36.7743],[28.2507,36.7743],[28.251,36.7744]]],[[[28.4429,36.7796],[28.4405,36.7778],[28.4418,36.7738],[28.4436,36.7745],[28.4419,36.7714],[28.4311,36.7709],[28.4369,36.7755],[28.4365,36.7782],[28.4429,36.7796]]],[[[28.2496,36.7998],[28.2511,36.8001],[28.2507,36.7997],[28.25,36.7995],[28.2496,36.7998]]],[[[28.2389,36.8021],[28.2388,36.8022],[28.2389,36.8024],[28.2391,36.8023],[28.2389,36.8021]]],[[[28.2528,36.8073],[28.2591,36.8104],[28.2613,36.8069],[28.2581,36.8041],[28.2595,36.7985],[28.2533,36.8049],[28.2438,36.8056],[28.2441,36.8096],[28.2464,36.8082],[28.2497,36.81],[28.2528,36.8073]]],[[[28.2539,36.8084],[28.2538,36.8083],[28.2534,36.8084],[28.2534,36.8086],[28.2537,36.8086],[28.2539,36.8084]]],[[[28.2902,36.8181],[28.2902,36.8179],[28.2901,36.8179],[28.2899,36.818],[28.29,36.8182],[28.2902,36.8181]]],[[[28.2851,36.8197],[28.2811,36.8196],[28.2811,36.821],[28.2879,36.8214],[28.2851,36.8197]]],[[[28.3853,36.8416],[28.3852,36.8415],[28.3849,36.8418],[28.3854,36.8422],[28.3862,36.842],[28.3853,36.8416]]],[[[28.4455,36.8628],[28.4444,36.8636],[28.4446,36.8654],[28.4454,36.8645],[28.4455,36.8628]]],[[[28.4615,36.8709],[28.4612,36.8708],[28.4611,36.8712],[28.4616,36.8712],[28.4615,36.8709]]],[[[27.4816,36.9572],[27.4816,36.9574],[27.4818,36.9578],[27.4821,36.9576],[27.4821,36.9574],[27.4818,36.9572],[27.4816,36.9572]]],[[[27.4794,36.9607],[27.4794,36.961],[27.4796,36.9609],[27.4796,36.9608],[27.4794,36.9607]]],[[[27.4872,36.961],[27.4873,36.9612],[27.4874,36.9612],[27.4875,36.9609],[27.4873,36.9609],[27.4872,36.9609],[27.4872,36.961]]],[[[27.4584,37.0884],[27.4585,37.0884],[27.4586,37.0881],[27.4584,37.0882],[27.4583,37.0883],[27.4584,37.0884]]],[[[27.4878,37.097],[27.4881,37.0978],[27.4897,37.0972],[27.4897,37.0968],[27.4878,37.097]]],[[[27.4871,37.1001],[27.4868,37.1004],[27.4872,37.1006],[27.4874,37.1003],[27.4871,37.1001]]],[[[27.4753,37.1239],[27.4714,37.1184],[27.4695,37.1196],[27.4753,37.1239]]],[[[27.4816,37.1307],[27.4804,37.1248],[27.4772,37.1271],[27.4816,37.1307]]],[[[27.5058,37.1448],[27.5017,37.1411],[27.49,37.1419],[27.4978,37.1519],[27.4945,37.1544],[27.4949,37.1573],[27.501,37.1584],[27.5062,37.1533],[27.5058,37.1448]]],[[[28.857,36.5914],[28.8571,36.5912],[28.8569,36.591],[28.8566,36.591],[28.8567,36.5913],[28.857,36.5914]]],[[[28.8601,36.5916],[28.8599,36.5916],[28.8596,36.5916],[28.8598,36.5918],[28.86,36.5918],[28.8601,36.5916]]],[[[28.8754,36.5996],[28.8757,36.5999],[28.876,36.5997],[28.8759,36.5995],[28.8754,36.5996]]],[[[28.8919,36.6172],[28.8916,36.6172],[28.8917,36.6175],[28.8921,36.6174],[28.8919,36.6172]]],[[[28.8876,36.635],[28.8874,36.635],[28.8874,36.6352],[28.8876,36.6352],[28.8876,36.635]]],[[[28.8969,36.6357],[28.8966,36.6356],[28.8967,36.6358],[28.8968,36.6359],[28.8969,36.6357]]],[[[28.8939,36.6365],[28.8936,36.6362],[28.8923,36.6367],[28.8925,36.6375],[28.8936,36.6377],[28.8939,36.6365]]],[[[28.8589,36.6452],[28.8596,36.6443],[28.8593,36.6442],[28.8586,36.6448],[28.8586,36.6453],[28.8589,36.6452]]],[[[28.8593,36.6457],[28.8595,36.6454],[28.8592,36.6453],[28.859,36.6453],[28.859,36.6455],[28.8593,36.6457]]],[[[28.9059,36.6512],[28.9062,36.651],[28.9061,36.6509],[28.9059,36.6508],[28.9057,36.651],[28.9059,36.6512]]],[[[28.91,36.6529],[28.9102,36.6528],[28.9102,36.6527],[28.9099,36.6526],[28.9099,36.6528],[28.91,36.6529]]],[[[28.886,36.6687],[28.8885,36.6711],[28.8894,36.6688],[28.8921,36.6671],[28.8941,36.6704],[28.8982,36.6703],[28.8997,36.6674],[28.9074,36.6655],[28.9083,36.652],[28.902,36.6525],[28.8986,36.6605],[28.886,36.6687]]],[[[28.9032,36.6668],[28.9031,36.667],[28.9032,36.6671],[28.9033,36.6669],[28.9032,36.6668]]],[[[28.8916,36.6682],[28.8914,36.6681],[28.8914,36.6683],[28.8915,36.6684],[28.8916,36.6682]]],[[[28.926,36.6647],[28.9234,36.6645],[28.9149,36.6548],[28.9125,36.6566],[28.9091,36.6714],[28.9118,36.6777],[28.9141,36.6746],[28.9174,36.6756],[28.9119,36.6796],[28.916,36.6823],[28.9192,36.6803],[28.9195,36.6773],[28.9236,36.6791],[28.9392,36.6748],[28.9328,36.6693],[28.9294,36.6716],[28.9262,36.6708],[28.926,36.6647]]],[[[28.9055,36.6697],[28.9059,36.6677],[28.9041,36.6686],[28.9055,36.6697]]],[[[28.8898,36.6689],[28.8899,36.6691],[28.8901,36.6691],[28.89,36.6689],[28.8898,36.6689]]],[[[28.9207,36.6782],[28.9206,36.6785],[28.9208,36.6785],[28.9209,36.6784],[28.9207,36.6782]]],[[[28.8709,36.6889],[28.871,36.6883],[28.8705,36.6878],[28.87,36.6879],[28.8704,36.6886],[28.8709,36.6889]]],[[[28.8676,36.6934],[28.8677,36.6933],[28.8676,36.6931],[28.8675,36.6933],[28.8675,36.6934],[28.8676,36.6934]]],[[[28.8686,36.6934],[28.8687,36.6935],[28.8688,36.6935],[28.8688,36.6934],[28.8687,36.6932],[28.8686,36.6933],[28.8686,36.6934]]],[[[28.9328,36.6972],[28.9339,36.6956],[28.9318,36.6945],[28.9304,36.6968],[28.9328,36.6972]]],[[[28.9296,36.6964],[28.9255,36.6936],[28.9239,36.6997],[28.9292,36.6998],[28.9296,36.6964]]],[[[28.9323,36.6999],[28.9322,36.6999],[28.932,36.6999],[28.932,36.7001],[28.9323,36.7001],[28.9323,36.6999]]],[[[28.9286,36.7004],[28.9284,36.7003],[28.9284,36.7005],[28.9286,36.7005],[28.9286,36.7004]]],[[[28.9322,36.7014],[28.9322,36.7017],[28.9323,36.7018],[28.9324,36.7017],[28.9324,36.7016],[28.9323,36.7014],[28.9322,36.7014]]],[[[28.9318,36.7066],[28.9316,36.706],[28.9314,36.7057],[28.9307,36.706],[28.9304,36.7071],[28.9318,36.7066]]],[[[28.9173,36.7068],[28.9171,36.7066],[28.9165,36.7068],[28.9166,36.7076],[28.9171,36.7078],[28.9173,36.7068]]],[[[28.9326,36.7079],[28.9297,36.7101],[28.9328,36.7123],[28.9313,36.7104],[28.9326,36.7079]]],[[[28.8941,36.7102],[28.894,36.7101],[28.8939,36.7103],[28.8941,36.7103],[28.8941,36.7102]]],[[[28.8943,36.7114],[28.8945,36.7112],[28.8942,36.7109],[28.894,36.7109],[28.8941,36.7112],[28.8943,36.7114]]],[[[28.923,36.7305],[28.9228,36.7303],[28.9226,36.7304],[28.9228,36.7306],[28.923,36.7305]]],[[[28.9215,36.7315],[28.9215,36.7316],[28.9217,36.7317],[28.9218,36.7316],[28.9215,36.7315]]],[[[28.9314,36.735],[28.9313,36.7352],[28.9317,36.7353],[28.9316,36.735],[28.9314,36.735]]],[[[29.0269,36.5356],[29.0266,36.5355],[29.0266,36.5357],[29.0268,36.5358],[29.0269,36.5356]]],[[[29.0243,36.5364],[29.0238,36.5364],[29.0239,36.5366],[29.0243,36.5366],[29.0243,36.5364]]],[[[29.0572,36.5395],[29.0572,36.5392],[29.057,36.5389],[29.0562,36.539],[29.0566,36.5394],[29.0572,36.5395]]],[[[29.0135,36.5399],[29.0135,36.5398],[29.0131,36.5398],[29.0131,36.54],[29.0133,36.5401],[29.0135,36.5399]]],[[[29.0121,36.5404],[29.0121,36.5401],[29.0119,36.5401],[29.0116,36.5402],[29.0118,36.5404],[29.0121,36.5404]]],[[[29.0557,36.5406],[29.056,36.5403],[29.0559,36.5401],[29.0556,36.5401],[29.0554,36.5404],[29.0557,36.5406]]],[[[29.0598,36.5394],[29.0597,36.5417],[29.0618,36.5405],[29.0598,36.5394]]],[[[29.012,36.5406],[29.012,36.5409],[29.0123,36.5407],[29.0122,36.5406],[29.012,36.5406]]],[[[29.005,36.5494],[29.005,36.5492],[29.0049,36.5492],[29.0046,36.5492],[29.0047,36.5494],[29.005,36.5494]]],[[[29.0759,36.554],[29.069,36.5515],[29.0637,36.5548],[29.0659,36.555],[29.0759,36.554]]],[[[29.0657,36.5568],[29.0656,36.5567],[29.0654,36.5567],[29.0654,36.557],[29.0656,36.5571],[29.0657,36.5568]]],[[[29.0299,36.5565],[29.0294,36.5569],[29.0306,36.5575],[29.0306,36.557],[29.0299,36.5565]]],[[[29.0901,36.5606],[29.0902,36.5604],[29.0901,36.5603],[29.0897,36.5603],[29.0898,36.5606],[29.0901,36.5606]]],[[[29.0618,36.6186],[29.0613,36.6186],[29.0614,36.6189],[29.0618,36.6189],[29.0618,36.6186]]],[[[29.0977,36.6461],[29.0981,36.6525],[29.1022,36.6512],[29.1069,36.6531],[29.0977,36.6461]]],[[[29.0476,36.6623],[29.0539,36.6611],[29.0529,36.6569],[29.0433,36.6523],[29.0435,36.659],[29.0407,36.6613],[29.0437,36.6614],[29.0457,36.6651],[29.0476,36.6623]]],[[[29.0385,36.6665],[29.0385,36.6659],[29.0383,36.6658],[29.0376,36.6659],[29.0381,36.6667],[29.0385,36.6665]]],[[[29.0344,36.6671],[29.033,36.6674],[29.036,36.6689],[29.0369,36.6678],[29.0344,36.6671]]],[[[29.0329,36.669],[29.0302,36.6685],[29.0293,36.6713],[29.0319,36.6718],[29.0329,36.669]]],[[[29.0288,36.6707],[29.0281,36.671],[29.0281,36.6719],[29.0288,36.6714],[29.0288,36.6707]]],[[[28.9353,36.6917],[28.935,36.6916],[28.9349,36.6919],[28.935,36.692],[28.9353,36.6917]]],[[[29.0131,36.6959],[29.0131,36.6956],[29.0131,36.6955],[29.0126,36.6958],[29.0129,36.6962],[29.0131,36.6959]]],[[[29.0039,36.6976],[29.0074,36.6986],[29.0129,36.6954],[29.0121,36.6934],[29.0061,36.6939],[29.0039,36.6976]]],[[[28.943,36.7044],[28.943,36.7047],[28.9432,36.7047],[28.9433,36.7045],[28.943,36.7044]]],[[[28.9344,36.7109],[28.9349,36.7082],[28.9325,36.6987],[28.9344,36.7109]]],[[[28.9449,36.7077],[28.9445,36.7074],[28.944,36.7074],[28.9442,36.7083],[28.9446,36.7082],[28.9449,36.7077]]],[[[28.9335,36.7093],[28.9335,36.7096],[28.9337,36.7097],[28.9339,36.7094],[28.9335,36.7093]]],[[[28.9358,36.7119],[28.9363,36.7109],[28.9363,36.7108],[28.936,36.7109],[28.9355,36.7115],[28.9358,36.7119]]],[[[28.9398,36.7372],[28.942,36.7343],[28.9457,36.732],[28.9449,36.7287],[28.9505,36.7263],[28.9444,36.7253],[28.9392,36.7176],[28.9334,36.724],[28.9367,36.7236],[28.9363,36.7344],[28.9398,36.7372]]]]}},{"type":"Feature","properties":{"plaka":49},"geometry":{"type":"Polygon","coordinates":[[[41.8759,38.5841],[41.8171,38.6002],[41.7239,38.6089],[41.6927,38.6088],[41.584,38.5936],[41.5604,38.5894],[41.5269,38.5726],[41.5155,38.5638],[41.5084,38.5552],[41.4989,38.5288],[41.4846,38.5156],[41.4315,38.4977],[41.4126,38.4881],[41.3928,38.4839],[41.3828,38.4855],[41.3749,38.4831],[41.3721,38.4785],[41.3619,38.4905],[41.338,38.4977],[41.3006,38.5261],[41.2356,38.5376],[41.2271,38.5408],[41.2071,38.5604],[41.1956,38.5626],[41.1749,38.5711],[41.1714,38.5765],[41.171,38.5843],[41.1678,38.5911],[41.1564,38.6065],[41.1553,38.614],[41.1564,38.6229],[41.1525,38.6422],[41.1521,38.66],[41.1582,38.6725],[41.1558,38.7471],[41.1546,38.7497],[41.1303,38.7555],[41.1234,38.7609],[41.1332,38.7883],[41.1329,38.8223],[41.1122,38.8856],[41.113,38.9054],[41.1174,38.9157],[41.1337,38.9292],[41.1389,38.9419],[41.1444,38.9476],[41.1732,38.967],[41.1797,38.9901],[41.1869,39.0025],[41.2198,39.0261],[41.2731,39.0392],[41.2814,39.0464],[41.2867,39.0575],[41.2836,39.0704],[41.2798,39.0749],[41.2586,39.0933],[41.2396,39.1037],[41.2127,39.1448],[41.1978,39.1585],[41.1819,39.1675],[41.1745,39.1763],[41.1728,39.192],[41.1765,39.2067],[41.1764,39.24],[41.1701,39.26],[41.1528,39.2823],[41.1496,39.2946],[41.1504,39.3148],[41.1477,39.3354],[41.153,39.3498],[41.1528,39.362],[41.1566,39.3701],[41.1726,39.3806],[41.1996,39.365],[41.2331,39.3412],[41.258,39.3374],[41.3211,39.3393],[41.3823,39.3302],[41.4144,39.3283],[41.4603,39.3166],[41.5004,39.2999],[41.5309,39.2816],[41.5576,39.2702],[41.5968,39.2583],[41.6146,39.2574],[41.6217,39.2544],[41.6275,39.2454],[41.6269,39.2367],[41.6245,39.2322],[41.6063,39.2205],[41.602,39.2032],[41.6047,39.1818],[41.6099,39.1635],[41.6195,39.1556],[41.6384,39.157],[41.6493,39.1542],[41.7123,39.1629],[41.742,39.1615],[41.7919,39.1699],[41.7985,39.1718],[41.8068,39.179],[41.8196,39.179],[41.8325,39.184],[41.8606,39.1842],[41.8838,39.1838],[41.8998,39.1945],[41.913,39.1979],[41.935,39.1914],[41.9778,39.2015],[41.9947,39.2111],[42.0082,39.2226],[42.0472,39.2424],[42.0592,39.2548],[42.0702,39.284],[42.0775,39.2874],[42.1116,39.284],[42.1464,39.2919],[42.1679,39.2939],[42.1859,39.299],[42.1938,39.3071],[42.2083,39.3151],[42.2154,39.3219],[42.2159,39.3385],[42.2082,39.3588],[42.2001,39.3683],[42.1875,39.3754],[42.1858,39.3802],[42.1885,39.3917],[42.2065,39.4086],[42.2149,39.4276],[42.2212,39.4345],[42.2289,39.4406],[42.2727,39.4617],[42.2946,39.4757],[42.3123,39.4908],[42.3277,39.4992],[42.3499,39.5014],[42.382,39.4967],[42.4045,39.4977],[42.4178,39.5021],[42.43,39.5123],[42.4509,39.4948],[42.4796,39.4592],[42.503,39.4381],[42.5085,39.4245],[42.5065,39.4077],[42.5214,39.3783],[42.5206,39.3679],[42.524,39.3632],[42.5289,39.3671],[42.54,39.3609],[42.5667,39.3588],[42.5886,39.3412],[42.5966,39.3306],[42.6237,39.3061],[42.6412,39.2546],[42.6706,39.2204],[42.6833,39.2018],[42.6874,39.1838],[42.6874,39.1622],[42.6908,39.1556],[42.7136,39.1318],[42.7179,39.0998],[42.717,39.0675],[42.6983,39.026],[42.696,39.0151],[42.699,38.9841],[42.704,38.9713],[42.7145,38.9549],[42.7114,38.9526],[42.6949,38.9443],[42.6694,38.9364],[42.6156,38.9345],[42.6037,38.9304],[42.597,38.9232],[42.5985,38.9049],[42.5964,38.898],[42.5885,38.8879],[42.5787,38.8851],[42.5687,38.8903],[42.5571,38.9226],[42.5425,38.941],[42.5231,38.9438],[42.4883,38.9413],[42.4645,38.9468],[42.425,38.9567],[42.4053,38.9512],[42.3927,38.9414],[42.2781,38.8983],[42.2461,38.8951],[42.2177,38.8984],[42.2066,38.8963],[42.1904,38.8706],[42.173,38.8574],[42.1646,38.8447],[42.1703,38.8258],[42.1676,38.8176],[42.1163,38.8066],[42.1075,38.801],[42.0989,38.7897],[42.0875,38.7836],[42.082,38.7779],[42.082,38.7725],[42.0872,38.766],[42.1144,38.7542],[42.1182,38.7488],[42.1163,38.7448],[42.0816,38.7232],[42.0579,38.7043],[42.0272,38.6901],[42.0228,38.6847],[42.0135,38.6606],[41.9662,38.6386],[41.9411,38.6217],[41.9429,38.5996],[41.9405,38.5865],[41.9214,38.5808],[41.895,38.5818],[41.8759,38.5841]]]}},{"type":"Feature","properties":{"plaka":51},"geometry":{"type":"Polygon","coordinates":[[[34.3838,37.7121],[34.3604,37.7623],[34.3071,37.8101],[34.2835,37.8256],[34.2584,37.8484],[34.2412,37.8582],[34.2305,37.8706],[34.1826,37.8815],[34.1198,37.904],[34.0855,37.9101],[34.0442,37.9256],[34.0369,37.9529],[34.0199,37.9729],[33.9987,37.9828],[33.992,37.9882],[33.9922,38.0006],[33.9975,38.009],[34.0043,38.0144],[34.0414,38.016],[34.0618,38.0212],[34.0697,38.0279],[34.0685,38.0384],[34.0646,38.0431],[34.0349,38.0592],[34.0122,38.0789],[33.9912,38.1141],[33.9812,38.1239],[33.9752,38.1277],[33.9634,38.1299],[33.9394,38.1288],[33.9096,38.117],[33.8919,38.108],[33.8286,38.0659],[33.8013,38.0513],[33.7916,38.0507],[33.7675,38.0583],[33.7585,38.063],[33.7387,38.0794],[33.7284,38.0967],[33.7159,38.1074],[33.6979,38.1138],[33.6576,38.1053],[33.6205,38.093],[33.6085,38.085],[33.5816,38.0576],[33.5728,38.0396],[33.5673,38.0179],[33.5562,38.0038],[33.5439,37.9934],[33.5116,37.9794],[33.457,37.9695],[33.4477,37.9715],[33.4376,37.9796],[33.4062,38.0181],[33.3424,38.0512],[33.3216,38.0708],[33.3095,38.0889],[33.2788,38.1111],[33.2652,38.1247],[33.2639,38.1308],[33.2659,38.1356],[33.2935,38.1575],[33.3052,38.1768],[33.2919,38.2161],[33.2786,38.2436],[33.2702,38.2491],[33.2508,38.2533],[33.2412,38.2538],[33.2217,38.2494],[33.2006,38.2497],[33.1928,38.2528],[33.185,38.2592],[33.1751,38.2854],[33.1788,38.2981],[33.1859,38.3075],[33.2268,38.3501],[33.2315,38.367],[33.2317,38.377],[33.2282,38.3911],[33.2365,38.4192],[33.3154,38.5394],[33.3305,38.5637],[33.3355,38.5774],[33.393,38.6659],[33.4097,38.6969],[33.4882,38.6491],[33.525,38.6482],[33.5482,38.6505],[33.5775,38.6534],[33.657,38.6781],[33.6745,38.6854],[33.7262,38.7179],[33.7333,38.7108],[33.7379,38.7094],[33.7466,38.7093],[33.7727,38.7152],[33.8376,38.7041],[33.8892,38.676],[33.8501,38.6977],[33.8998,38.7215],[33.9167,38.7319],[33.9274,38.7347],[33.9914,38.7742],[34.0156,38.7948],[34.0174,38.8172],[34.0101,38.8331],[34.001,38.8752],[33.9928,38.882],[33.9634,38.8947],[33.9359,38.9109],[33.9351,38.9432],[33.9378,38.9626],[33.9743,38.9757],[34.0003,38.9803],[34.0062,38.9731],[34.0217,38.9615],[34.0556,38.9475],[34.0605,38.9402],[34.0674,38.8994],[34.082,38.8823],[34.0942,38.8739],[34.1334,38.8555],[34.1409,38.844],[34.1457,38.813],[34.1563,38.8025],[34.1638,38.7993],[34.1757,38.8001],[34.2084,38.8103],[34.2261,38.8267],[34.2416,38.833],[34.2509,38.8443],[34.2527,38.8505],[34.2559,38.866],[34.2537,38.887],[34.2585,38.8989],[34.2632,38.9033],[34.27,38.8992],[34.2822,38.899],[34.3015,38.8926],[34.312,38.8803],[34.3427,38.8599],[34.35,38.8522],[34.3604,38.8546],[34.3735,38.8631],[34.3855,38.8788],[34.3927,38.8952],[34.4101,38.9184],[34.4257,38.9598],[34.4345,38.9741],[34.443,38.9807],[34.4699,38.9897],[34.5058,39.0157],[34.5163,39.0343],[34.5221,39.0513],[34.5344,39.0527],[34.5433,39.0508],[34.5855,39.0371],[34.5932,39.0394],[34.5969,39.0552],[34.5936,39.0715],[34.589,39.078],[34.5803,39.077],[34.5622,39.0683],[34.5458,39.0718],[34.5429,39.0745],[34.5634,39.1252],[34.5677,39.13],[34.5765,39.1384],[34.6212,39.1549],[34.6277,39.1621],[34.6295,39.1699],[34.6272,39.1773],[34.619,39.1889],[34.6175,39.1969],[34.6317,39.2252],[34.6396,39.2314],[34.659,39.2396],[34.6736,39.252],[34.6876,39.2575],[34.6922,39.2629],[34.6923,39.2677],[34.6809,39.2754],[34.6634,39.2994],[34.6565,39.3042],[34.6291,39.3071],[34.6033,39.3142],[34.5911,39.3202],[34.5836,39.3276],[34.58,39.3341],[34.5822,39.3473],[34.5997,39.3863],[34.6066,39.4017],[34.6134,39.4108],[34.6399,39.414],[34.646,39.4113],[34.6659,39.3911],[34.7103,39.369],[34.7254,39.3481],[34.7886,39.3346],[34.8414,39.3114],[34.871,39.3048],[34.9033,39.3018],[34.9174,39.2949],[34.927,39.2782],[34.9257,39.2715],[34.9277,39.2565],[34.9339,39.2572],[34.9427,39.2626],[34.9493,39.2616],[34.9559,39.2476],[34.9661,39.2454],[34.9689,39.2346],[34.9697,39.2216],[34.959,39.1849],[34.9379,39.1702],[34.9371,39.1658],[34.9616,39.1421],[34.9922,39.1277],[35.0106,39.1143],[35.0118,39.0978],[35.0069,39.0835],[35.018,39.0772],[35.0188,39.0679],[35.0297,39.0679],[35.0383,39.0599],[35.0446,39.0467],[35.0437,39.0261],[35.0496,39.0174],[35.0597,39.0108],[35.0634,39.0057],[35.06,38.9937],[35.0656,38.9721],[35.0606,38.9538],[35.0557,38.9472],[35.0296,38.9319],[35.0258,38.9238],[35.0137,38.9119],[35.01,38.892],[34.994,38.8771],[34.9833,38.857],[34.9817,38.8179],[34.9819,38.8122],[34.9932,38.7896],[35.003,38.7791],[35.0239,38.7614],[35.039,38.7558],[35.0538,38.7468],[35.0586,38.7371],[35.0559,38.7181],[35.0387,38.6908],[35.0343,38.6784],[35.0248,38.6665],[35.0245,38.6438],[35.0454,38.6102],[35.0681,38.5978],[35.0955,38.5787],[35.1031,38.5519],[35.1092,38.5411],[35.1068,38.5285],[35.103,38.5243],[35.0934,38.5226],[35.0515,38.523],[35.0437,38.5194],[35.0299,38.5072],[35.0181,38.4688],[35.0085,38.4551],[34.9833,38.4422],[34.9434,38.4396],[34.9322,38.4366],[34.908,38.4246],[34.9005,38.4184],[34.8979,38.4121],[34.8947,38.3755],[34.9052,38.3533],[34.9427,38.334],[34.9817,38.3009],[34.9954,38.2662],[35.0035,38.2286],[35.0289,38.2036],[35.0304,38.1844],[35.0446,38.1696],[35.0703,38.1609],[35.0952,38.16],[35.1241,38.1645],[35.1742,38.1676],[35.1902,38.1465],[35.2165,38.1443],[35.2277,38.1403],[35.2439,38.0937],[35.2453,38.0837],[35.243,38.0628],[35.2481,38.0539],[35.2595,38.0464],[35.2582,38.0308],[35.2657,38.018],[35.2713,37.9865],[35.2813,37.964],[35.2898,37.9534],[35.3225,37.9266],[35.3217,37.8943],[35.3026,37.8513],[35.2981,37.8467],[35.2776,37.8371],[35.2276,37.8298],[35.1557,37.8381],[35.1518,37.8296],[35.1515,37.8098],[35.1622,37.7899],[35.1815,37.7704],[35.1872,37.7426],[35.1438,37.7288],[35.1035,37.7121],[35.0904,37.7029],[35.0786,37.6878],[35.0392,37.6835],[35.0342,37.6774],[35.0225,37.6702],[35.0099,37.6663],[34.9998,37.6595],[34.9699,37.6516],[34.9574,37.6673],[34.9509,37.6828],[34.9382,37.6858],[34.9166,37.6865],[34.9013,37.6933],[34.8784,37.6738],[34.8654,37.6567],[34.8538,37.6339],[34.8472,37.6094],[34.8386,37.5968],[34.8465,37.5487],[34.8377,37.5404],[34.8306,37.5288],[34.8251,37.4891],[34.8207,37.4808],[34.8153,37.477],[34.7824,37.4642],[34.7765,37.4599],[34.7746,37.4556],[34.7753,37.4213],[34.7679,37.4199],[34.7458,37.4281],[34.7395,37.433],[34.712,37.4356],[34.6439,37.4216],[34.6271,37.4156],[34.6118,37.3981],[34.5937,37.3956],[34.5876,37.3917],[34.5743,37.3891],[34.5428,37.3866],[34.5123,37.3755],[34.4998,37.3812],[34.4726,37.3763],[34.445,37.3463],[34.434,37.3404],[34.4209,37.3402],[34.4075,37.3572],[34.4059,37.3669],[34.4214,37.4005],[34.4242,37.434],[34.4225,37.4413],[34.4178,37.4453],[34.3987,37.4424],[34.3884,37.4503],[34.3243,37.4805],[34.3103,37.4927],[34.3139,37.5069],[34.3242,37.5197],[34.3338,37.5233],[34.3493,37.5245],[34.3607,37.5322],[34.3654,37.5415],[34.3619,37.5475],[34.3376,37.5563],[34.3061,37.5742],[34.2982,37.5832],[34.2992,37.594],[34.3717,37.6594],[34.384,37.6777],[34.3861,37.6858],[34.3864,37.6999],[34.3838,37.7121]]]}},{"type":"Feature","properties":{"plaka":52},"geometry":{"type":"Polygon","coordinates":[[[37.2422,40.6432],[37.2347,40.657],[37.2115,40.6761],[37.1916,40.6844],[37.1833,40.6947],[37.1753,40.6979],[37.1485,40.6973],[37.1314,40.7255],[37.1226,40.7299],[37.108,40.7294],[37.104,40.725],[37.0564,40.6984],[37.0469,40.6897],[37.0303,40.6823],[37.0062,40.6873],[36.9812,40.6853],[36.9656,40.6793],[36.9513,40.6889],[36.9524,40.6919],[36.947,40.7057],[36.9508,40.7125],[36.9405,40.7218],[36.9024,40.721],[36.8684,40.7053],[36.8501,40.7033],[36.838,40.7055],[36.8204,40.7139],[36.8139,40.7215],[36.8143,40.7359],[36.8214,40.7419],[36.8405,40.7441],[36.8465,40.7476],[36.8594,40.7699],[36.862,40.7836],[36.8503,40.7912],[36.8353,40.7904],[36.8168,40.7945],[36.8087,40.7986],[36.8039,40.8047],[36.7905,40.8131],[36.777,40.8321],[36.7462,40.8347],[36.6947,40.8487],[36.7007,40.8617],[36.691,40.8708],[36.6914,40.8794],[36.6852,40.8892],[36.7036,40.9026],[36.7347,40.9124],[36.7567,40.913],[36.7687,40.9183],[36.7789,40.9089],[36.7919,40.9078],[36.8019,40.9106],[36.8134,40.9185],[36.8284,40.9193],[36.8295,40.9226],[36.8536,40.9198],[36.8541,40.9304],[36.8508,40.9364],[36.8772,40.945],[36.9028,40.9464],[36.9155,40.9412],[36.9208,40.9447],[36.9145,40.9593],[36.9355,40.9835],[36.9509,40.9847],[36.9798,41.0034],[36.9864,41.0101],[36.9817,41.0253],[36.9695,41.0364],[36.9643,41.0476],[36.9649,41.0523],[36.9994,41.0746],[37.005,41.0955],[37.0207,41.1032],[37.0378,41.1043],[37.0544,41.1116],[37.0715,41.1137],[37.0944,41.1014],[37.1095,41.0973],[37.1181,41.0911],[37.1063,41.0845],[37.1302,41.0948],[37.1361,41.1048],[37.15,41.1111],[37.1494,41.1179],[37.1589,41.1178],[37.1637,41.1255],[37.1576,41.1308],[37.1577,41.137],[37.1677,41.1404],[37.1693,41.1494],[37.22,41.1479],[37.2245,41.1449],[37.2311,41.1445],[37.2552,41.1464],[37.2649,41.1445],[37.2805,41.1466],[37.2933,41.1452],[37.2951,41.141],[37.2874,41.1324],[37.2931,41.1242],[37.3068,41.1183],[37.3297,41.1149],[37.3302,41.1131],[37.3387,41.1178],[37.3489,41.1168],[37.3387,41.1175],[37.3355,41.1135],[37.3449,41.1111],[37.3455,41.1149],[37.3467,41.1102],[37.364,41.1074],[37.385,41.1074],[37.3963,41.1036],[37.4079,41.0948],[37.4131,41.0877],[37.4184,41.0854],[37.4215,41.0797],[37.4423,41.0769],[37.4538,41.0709],[37.4798,41.0654],[37.4832,41.0626],[37.4842,41.055],[37.4901,41.0491],[37.4924,41.0419],[37.5009,41.0378],[37.5071,41.0311],[37.5407,41.0225],[37.5607,41.026],[37.593,41.0388],[37.611,41.0531],[37.6175,41.0701],[37.6491,41.1048],[37.6566,41.1192],[37.6848,41.135],[37.6891,41.128],[37.6936,41.1266],[37.7063,41.115],[37.7599,41.1201],[37.7682,41.116],[37.7879,41.1151],[37.7887,41.1076],[37.7754,41.0786],[37.7782,41.0673],[37.7867,41.0533],[37.8093,41.0283],[37.8328,41.0238],[37.8674,41.0158],[37.8794,40.9947],[37.8795,40.9871],[37.8942,40.9843],[37.909,40.986],[37.9819,40.9816],[38.0205,40.9769],[38.0419,40.9723],[38.0501,40.9683],[38.0712,40.9674],[38.0802,40.9639],[38.1109,40.961],[38.1163,40.9582],[38.1125,40.9516],[38.1064,40.948],[38.1049,40.9416],[38.1014,40.939],[38.1031,40.9346],[38.1145,40.9326],[38.1168,40.928],[38.1162,40.9204],[38.1101,40.9185],[38.1001,40.9196],[38.0969,40.9162],[38.0907,40.9156],[38.0841,40.9102],[38.0818,40.9038],[38.0695,40.8974],[38.0555,40.895],[38.0415,40.8978],[38.0337,40.8943],[38.0277,40.8881],[38.0218,40.8872],[38.03497,40.91517],[38.0286,40.9052],[38.0215,40.8866],[38.021,40.8473],[38.0152,40.8446],[38.0134,40.8411],[38.0146,40.8332],[38.0109,40.8207],[38.0113,40.8136],[38.0167,40.8012],[38.0183,40.772],[38.012,40.761],[37.9917,40.7573],[37.9702,40.7558],[37.975,40.7407],[37.9803,40.7354],[38.0092,40.7328],[38.0226,40.7287],[38.0238,40.7207],[38.0368,40.7151],[38.0359,40.6984],[38.0477,40.6541],[38.0132,40.6375],[37.9971,40.6369],[38.0102,40.6252],[38.0296,40.6154],[38.0302,40.6094],[38.035,40.6025],[38.0348,40.5946],[38.0474,40.5845],[38.0503,40.5776],[38.048,40.5591],[38.0369,40.5303],[38.0431,40.5066],[38.0281,40.5049],[38.0176,40.4987],[38.0073,40.4961],[38.0031,40.492],[38.0016,40.4854],[37.9964,40.4826],[37.973,40.4853],[37.9528,40.4946],[37.9444,40.4894],[37.9426,40.4769],[37.9383,40.4695],[37.9396,40.452],[37.9322,40.4383],[37.9317,40.4314],[37.9525,40.4138],[37.9558,40.4027],[37.9529,40.393],[37.9373,40.3729],[37.9256,40.3639],[37.8989,40.3553],[37.8775,40.3423],[37.853,40.3441],[37.8228,40.3384],[37.8148,40.3395],[37.8067,40.3479],[37.7985,40.3645],[37.7847,40.3841],[37.7779,40.3882],[37.7648,40.388],[37.7573,40.3847],[37.7541,40.3804],[37.7565,40.3555],[37.7546,40.3402],[37.7434,40.3251],[37.7362,40.3227],[37.7113,40.3301],[37.6787,40.348],[37.6707,40.3631],[37.6639,40.3698],[37.6435,40.3749],[37.6239,40.3837],[37.5859,40.3867],[37.5841,40.3937],[37.5864,40.4045],[37.5853,40.4177],[37.5937,40.4349],[37.599,40.4697],[37.623,40.5066],[37.6263,40.5175],[37.6212,40.5241],[37.59,40.5275],[37.5706,40.5331],[37.5664,40.531],[37.5606,40.5325],[37.5533,40.5347],[37.5426,40.5311],[37.5259,40.5352],[37.517,40.5324],[37.4911,40.5444],[37.461,40.5517],[37.4527,40.5565],[37.4462,40.5658],[37.4373,40.5643],[37.4308,40.5589],[37.4209,40.5552],[37.3951,40.5566],[37.3726,40.5659],[37.3175,40.5808],[37.3044,40.5872],[37.2945,40.5969],[37.2906,40.6026],[37.2848,40.6055],[37.2587,40.6091],[37.2504,40.618],[37.2422,40.6432]]]}},{"type":"Feature","properties":{"plaka":53},"geometry":{"type":"Polygon","coordinates":[[[40.8209,40.7272],[40.8292,40.6886],[40.8279,40.6646],[40.8243,40.6604],[40.8047,40.6515],[40.7772,40.6429],[40.7645,40.6162],[40.7563,40.6075],[40.7368,40.6033],[40.7093,40.6031],[40.6753,40.5918],[40.644,40.5768],[40.6152,40.5537],[40.5896,40.537],[40.5581,40.5214],[40.5013,40.517],[40.4792,40.5244],[40.4764,40.5277],[40.477,40.5398],[40.466,40.5578],[40.4658,40.5629],[40.4698,40.5688],[40.4687,40.5736],[40.4537,40.5855],[40.4455,40.5952],[40.4379,40.6114],[40.4384,40.6232],[40.442,40.6283],[40.4572,40.6383],[40.4695,40.6564],[40.4857,40.664],[40.4867,40.6801],[40.5063,40.697],[40.5064,40.7067],[40.5023,40.7181],[40.4928,40.729],[40.4813,40.7358],[40.4778,40.7446],[40.4647,40.7557],[40.4576,40.7774],[40.4357,40.8058],[40.4331,40.8182],[40.4351,40.823],[40.4424,40.8303],[40.4665,40.8399],[40.4672,40.8429],[40.4717,40.8473],[40.4723,40.8522],[40.4607,40.8677],[40.4367,40.8892],[40.4188,40.9006],[40.4146,40.906],[40.4089,40.9304],[40.4026,40.9378],[40.3939,40.9604],[40.3751,40.9671],[40.3504,40.9668],[40.3272,40.9872],[40.3383,40.9995],[40.3495,41.0072],[40.3822,41.0259],[40.3899,41.0281],[40.4179,41.0257],[40.4481,41.0335],[40.4547,41.0328],[40.4694,41.0336],[40.4814,41.038],[40.4804,41.0358],[40.486,41.0369],[40.4982,41.0418],[40.5094,41.0413],[40.5143,41.0401],[40.5075,41.0405],[40.5105,41.0369],[40.5125,41.0376],[40.512,41.0351],[40.5146,41.035],[40.5141,41.0317],[40.5168,41.0328],[40.5205,41.0301],[40.524,41.0318],[40.5197,41.029],[40.5215,41.0279],[40.5422,41.0273],[40.5599,41.0353],[40.5655,41.0405],[40.5645,41.0388],[40.5684,41.0402],[40.573,41.044],[40.5728,41.0466],[40.574,41.0444],[40.574,41.0472],[40.5782,41.049],[40.5743,41.047],[40.5745,41.0448],[40.5808,41.0471],[40.58,41.0485],[40.5827,41.047],[40.6059,41.0496],[40.6244,41.0605],[40.6613,41.0726],[40.6755,41.0776],[40.6944,41.0791],[40.7056,41.0849],[40.7201,41.0888],[40.7427,41.1071],[40.7541,41.1226],[40.7741,41.1417],[40.805,41.1637],[40.8143,41.1644],[40.8424,41.1749],[40.8499,41.1745],[40.8705,41.1802],[40.8753,41.1837],[40.9018,41.1849],[40.9205,41.1775],[40.9327,41.1785],[40.9618,41.19],[40.9819,41.1955],[40.9924,41.1941],[41.0323,41.2098],[41.0529,41.2136],[41.0682,41.2212],[41.1003,41.2442],[41.1283,41.2599],[41.1516,41.2826],[41.1702,41.2859],[41.1991,41.2962],[41.2206,41.3062],[41.2389,41.3176],[41.2497,41.3275],[41.2631,41.3093],[41.2726,41.2834],[41.3083,41.2551],[41.319,41.2281],[41.3488,41.1997],[41.3658,41.1634],[41.3894,41.132],[41.3956,41.0875],[41.3874,41.0596],[41.3647,41.0467],[41.3478,41.0278],[41.2908,40.9927],[41.2656,40.98],[41.2409,40.9604],[41.2271,40.949],[41.2286,40.938],[41.2265,40.9302],[41.2152,40.9179],[41.2123,40.9042],[41.2001,40.8792],[41.189,40.8685],[41.1729,40.8585],[41.1624,40.845],[41.1548,40.8272],[41.1532,40.811],[41.1396,40.7977],[41.1034,40.777],[41.0663,40.7635],[40.9934,40.7567],[40.9757,40.7447],[40.9629,40.7391],[40.9376,40.733],[40.8966,40.7366],[40.8728,40.7355],[40.8443,40.7381],[40.8318,40.7416],[40.8245,40.7393],[40.8209,40.7272]]]}},{"type":"Feature","properties":{"plaka":55},"geometry":{"type":"MultiPolygon","coordinates":[[[[36.1747,40.9718],[36.1903,40.962],[36.184,40.9371],[36.1706,40.9203],[36.1692,40.9095],[36.1614,40.8902],[36.147,40.8728],[36.1441,40.8641],[36.138,40.856],[36.1123,40.8392],[36.0912,40.8358],[36.0691,40.8285],[36.0479,40.833],[36.0371,40.8408],[36.0272,40.8421],[36.0197,40.8401],[35.9912,40.8477],[35.9836,40.8532],[35.9477,40.8623],[35.9213,40.8673],[35.884,40.8696],[35.8698,40.8745],[35.8545,40.8712],[35.8342,40.8732],[35.8221,40.8644],[35.7944,40.8689],[35.7839,40.873],[35.7201,40.8676],[35.6982,40.8646],[35.6814,40.8715],[35.6469,40.8988],[35.6343,40.9021],[35.6283,40.9143],[35.6277,40.9289],[35.6228,40.9371],[35.5701,40.9408],[35.5432,40.9297],[35.5347,40.9326],[35.5218,40.9315],[35.514,40.938],[35.4903,40.9452],[35.4745,40.9577],[35.464,40.9702],[35.4617,40.9873],[35.4711,40.9952],[35.4716,41.0082],[35.4678,41.0121],[35.4587,41.0127],[35.4411,41.0141],[35.4028,41.002],[35.3924,41.0022],[35.3845,41.0073],[35.3669,41.0052],[35.3611,41.0078],[35.3537,41.0164],[35.3549,41.0219],[35.3502,41.0286],[35.3389,41.039],[35.3304,41.0406],[35.3128,41.0398],[35.2815,41.028],[35.2612,41.0233],[35.229,41.0239],[35.2094,41.0306],[35.1681,41.0637],[35.1403,41.0776],[35.1149,41.082],[35.0932,41.0807],[35.0792,41.0761],[35.0322,41.0826],[35.0157,41.0786],[34.9858,41.0806],[34.9434,41.0921],[34.9345,41.1091],[34.9398,41.1176],[34.9558,41.1294],[34.9632,41.1632],[34.9628,41.1768],[34.9556,41.1867],[34.9393,41.1921],[34.931,41.1978],[34.9271,41.2279],[34.9114,41.2417],[34.9087,41.2479],[34.9123,41.254],[34.9221,41.2554],[34.9417,41.2422],[34.9704,41.2288],[34.9766,41.2356],[34.9786,41.2523],[34.9835,41.26],[34.9833,41.2637],[34.9821,41.2678],[34.9749,41.2719],[34.9549,41.2652],[34.9349,41.2751],[34.9322,41.278],[34.944,41.2993],[34.9405,41.3059],[34.9292,41.3111],[34.9295,41.3146],[34.9677,41.3236],[34.9834,41.3333],[34.9962,41.335],[35.0048,41.3421],[35.0166,41.3438],[35.0182,41.3514],[35.0248,41.3563],[35.0298,41.356],[35.04,41.3436],[35.0453,41.3462],[35.0624,41.3477],[35.0824,41.3401],[35.0914,41.3411],[35.1094,41.3369],[35.1284,41.3385],[35.1492,41.3357],[35.1546,41.3283],[35.1645,41.3226],[35.1727,41.3195],[35.1856,41.3186],[35.1966,41.3093],[35.1978,41.2917],[35.1948,41.2771],[35.1977,41.2718],[35.2275,41.2647],[35.2374,41.2607],[35.2472,41.251],[35.2996,41.2323],[35.3168,41.2293],[35.3226,41.2304],[35.3272,41.2384],[35.3322,41.2412],[35.3569,41.2417],[35.3652,41.2519],[35.3822,41.2568],[35.389,41.2643],[35.3847,41.2787],[35.389,41.2874],[35.3893,41.2946],[35.367,41.3143],[35.3579,41.317],[35.3558,41.3233],[35.3471,41.328],[35.3478,41.334],[35.3515,41.3371],[35.3702,41.3467],[35.3797,41.3468],[35.3932,41.3425],[35.4123,41.3418],[35.4396,41.3282],[35.4433,41.3293],[35.4475,41.337],[35.4451,41.3494],[35.4507,41.389],[35.4431,41.4169],[35.4369,41.4224],[35.4326,41.4305],[35.4299,41.4572],[35.4136,41.461],[35.4102,41.4738],[35.3977,41.4758],[35.3894,41.4713],[35.3646,41.485],[35.3648,41.4968],[35.3553,41.5145],[35.3534,41.526],[35.3471,41.5313],[35.3425,41.5443],[35.3439,41.5498],[35.3404,41.5537],[35.3289,41.5565],[35.3289,41.5636],[35.3242,41.5658],[35.324,41.5724],[35.3186,41.5749],[35.319,41.5814],[35.3146,41.5893],[35.3171,41.5941],[35.3356,41.6023],[35.3565,41.618],[35.3567,41.6353],[35.3723,41.6465],[35.3849,41.6504],[35.3995,41.6755],[35.4049,41.6786],[35.411,41.6783],[35.4131,41.6833],[35.4187,41.6818],[35.4234,41.6728],[35.4662,41.6485],[35.4999,41.6413],[35.5104,41.6427],[35.5002,41.6398],[35.5088,41.6367],[35.5091,41.6402],[35.5107,41.6361],[35.5454,41.6324],[35.5799,41.6322],[35.6441,41.6399],[35.7678,41.6711],[35.8764,41.7048],[35.9499,41.7327],[35.9546,41.7371],[35.955,41.7349],[35.962,41.735],[35.9676,41.7298],[35.9691,41.7313],[35.9686,41.7292],[35.9729,41.7292],[35.9728,41.7274],[35.9767,41.7273],[36.0003,41.7128],[36.0033,41.715],[36.0138,41.7131],[36.0539,41.694],[36.073,41.6795],[36.0971,41.6458],[36.1129,41.6342],[36.115,41.6305],[36.1236,41.6094],[36.1369,41.5558],[36.1357,41.5474],[36.1184,41.5289],[36.1137,41.5058],[36.1254,41.4777],[36.156,41.4539],[36.1705,41.4344],[36.1769,41.4205],[36.2051,41.3928],[36.2302,41.3738],[36.2305,41.3662],[36.2379,41.357],[36.2719,41.3383],[36.2992,41.3294],[36.3172,41.3264],[36.3324,41.3222],[36.3387,41.3182],[36.3357,41.3197],[36.3335,41.3177],[36.3358,41.3158],[36.3376,41.3178],[36.3371,41.3141],[36.34257,41.31272],[36.3401,41.3132],[36.3422,41.3036],[36.3394,41.3065],[36.3374,41.3057],[36.3365,41.2961],[36.3443,41.2874],[36.3475,41.2869],[36.3509,41.3078],[36.3482,41.2867],[36.3505,41.2819],[36.355,41.2811],[36.35331,41.27892],[36.3583,41.2791],[36.3745,41.2707],[36.3782,41.2726],[36.3846,41.2714],[36.3751,41.2705],[36.3806,41.2667],[36.3832,41.2695],[36.381,41.2659],[36.3844,41.2617],[36.3854,41.2357],[36.385,41.2566],[36.3967,41.2512],[36.4212,41.2464],[36.451,41.2452],[36.4571,41.2456],[36.4566,41.2506],[36.4573,41.2456],[36.4709,41.2471],[36.4925,41.252],[36.5162,41.2613],[36.5417,41.2738],[36.5646,41.2893],[36.5692,41.2958],[36.5761,41.3149],[36.6057,41.3384],[36.6111,41.3459],[36.6057,41.3618],[36.6123,41.3717],[36.6274,41.3733],[36.6459,41.3657],[36.6612,41.3676],[36.6766,41.3662],[36.7023,41.3695],[36.7264,41.3681],[36.8155,41.3572],[36.8187,41.3562],[36.8794,41.3407],[36.9275,41.3163],[36.9753,41.2993],[37.0102,41.2806],[37.0271,41.2596],[37.0257,41.2172],[37.0273,41.2052],[37.0596,41.1747],[37.1012,41.1607],[37.132,41.1531],[37.1693,41.1494],[37.1677,41.1404],[37.1577,41.137],[37.1576,41.1308],[37.1635,41.1266],[37.1616,41.1206],[37.1582,41.1173],[37.1494,41.1179],[37.1494,41.1104],[37.141,41.1084],[37.1349,41.1035],[37.1302,41.0948],[37.1241,41.0921],[37.1158,41.0917],[37.1095,41.0973],[37.0944,41.1014],[37.0702,41.1138],[37.0544,41.1116],[37.0378,41.1043],[37.0207,41.1032],[37.005,41.0955],[36.9994,41.0746],[36.9817,41.0622],[36.9698,41.0571],[36.9641,41.0502],[36.9695,41.0364],[36.9817,41.0253],[36.9864,41.0101],[36.9798,41.0034],[36.9509,40.9847],[36.9409,40.9848],[36.9324,40.9812],[36.9148,40.9603],[36.9208,40.9447],[36.9155,40.9412],[36.9069,40.9453],[36.8772,40.945],[36.8546,40.9378],[36.8507,40.9359],[36.8541,40.9304],[36.8545,40.9203],[36.8295,40.9226],[36.8284,40.9193],[36.8134,40.9185],[36.8019,40.9106],[36.7919,40.9078],[36.7789,40.9089],[36.7687,40.9183],[36.7581,40.9133],[36.7356,40.9125],[36.7085,40.9049],[36.6852,40.8892],[36.6758,40.8957],[36.6395,40.9093],[36.6263,40.9073],[36.6216,40.8971],[36.6147,40.8945],[36.6101,40.8965],[36.6037,40.9065],[36.5965,40.9083],[36.5909,40.9057],[36.5825,40.8942],[36.5687,40.8982],[36.559,40.8969],[36.535,40.8893],[36.5124,40.8785],[36.4963,40.875],[36.4818,40.876],[36.4724,40.8741],[36.4626,40.8816],[36.4551,40.8823],[36.4508,40.8804],[36.448,40.8729],[36.4338,40.874],[36.4302,40.8717],[36.4275,40.8653],[36.4128,40.8629],[36.4002,40.8749],[36.4108,40.8919],[36.398,40.9181],[36.3785,40.9374],[36.3667,40.9429],[36.3454,40.9495],[36.3309,40.9679],[36.3084,40.9756],[36.2967,40.9903],[36.2864,40.9896],[36.2765,40.9845],[36.2541,40.9853],[36.2396,40.9802],[36.2064,40.9822],[36.1777,40.9795],[36.1732,40.9755],[36.1747,40.9718]]],[[[36.34418,41.31231],[36.34489,41.31213],[36.3437,41.3102],[36.34418,41.31231]]]]}},{"type":"Feature","properties":{"plaka":56},"geometry":{"type":"Polygon","coordinates":[[[41.7463,37.6666],[41.7321,37.6686],[41.7249,37.6731],[41.7229,37.6771],[41.7223,37.6998],[41.7201,37.7068],[41.7173,37.7084],[41.71842,37.70945],[41.7163,37.708],[41.7117,37.7099],[41.7103,37.7137],[41.7024,37.7156],[41.7001,37.724],[41.6964,37.7278],[41.6839,37.7293],[41.6779,37.7259],[41.6759,37.7304],[41.6685,37.7306],[41.6557,37.737],[41.6202,37.7426],[41.5809,37.7373],[41.545,37.7381],[41.5259,37.7362],[41.5082,37.7312],[41.4685,37.7351],[41.4613,37.734],[41.4497,37.7479],[41.4639,37.7296],[41.445,37.7254],[41.4383,37.7134],[41.4278,37.7099],[41.3993,37.7059],[41.3841,37.7067],[41.3765,37.7075],[41.3629,37.7148],[41.3458,37.7177],[41.3293,37.7154],[41.312,37.7164],[41.3006,37.7198],[41.2751,37.7398],[41.2616,37.7425],[41.2525,37.7418],[41.246,37.7375],[41.2432,37.7205],[41.2358,37.7161],[41.2332,37.719],[41.2387,37.7276],[41.2326,37.735],[41.2258,37.7363],[41.2101,37.7343],[41.2,37.7381],[41.1866,37.7341],[41.174,37.735],[41.1711,37.7373],[41.1683,37.7497],[41.1624,37.7536],[41.1584,37.7528],[41.1496,37.7447],[41.1459,37.7465],[41.1462,37.7539],[41.1434,37.7559],[41.1319,37.7518],[41.1179,37.7558],[41.1088,37.7497],[41.1047,37.7497],[41.1012,37.754],[41.1013,37.7576],[41.1127,37.7626],[41.1135,37.7673],[41.1105,37.7695],[41.0957,37.7703],[41.0911,37.7803],[41.087,37.7828],[41.0809,37.7816],[41.0814,37.7729],[41.0757,37.7647],[41.0714,37.7634],[41.0545,37.7691],[41.0508,37.7787],[41.0395,37.7779],[41.0273,37.7703],[41.0189,37.7723],[41.0183,37.7748],[41.0319,37.7848],[41.032,37.7901],[41.0281,37.7933],[41.0241,37.7928],[41.0113,37.7815],[40.9911,37.7874],[40.9866,37.8067],[40.9942,37.811],[40.9994,37.8181],[40.999,37.8462],[41.0088,37.8506],[41.0173,37.8631],[41.0246,37.8672],[41.0308,37.8782],[41.0372,37.8844],[41.0521,37.8914],[41.0692,37.894],[41.0776,37.8992],[41.0812,37.9068],[41.0959,37.9106],[41.1024,37.9211],[41.106,37.9338],[41.1145,37.9397],[41.1249,37.9419],[41.1288,37.9449],[41.1361,37.9653],[41.1441,37.9776],[41.1551,37.9869],[41.1468,37.9989],[41.1445,38.0092],[41.1693,38.0359],[41.1748,38.0565],[41.1861,38.0647],[41.2015,38.0693],[41.2111,38.0876],[41.2144,38.0967],[41.2135,38.1061],[41.2212,38.1189],[41.2163,38.1326],[41.2171,38.1412],[41.2024,38.1505],[41.2026,38.1694],[41.1917,38.1718],[41.1827,38.1813],[41.1695,38.1841],[41.1646,38.1883],[41.1649,38.2002],[41.1683,38.2037],[41.18,38.2574],[41.1831,38.2769],[41.1863,38.2886],[41.1776,38.3122],[41.185,38.3125],[41.1957,38.3167],[41.2128,38.3439],[41.2195,38.3607],[41.2401,38.3704],[41.2332,38.3871],[41.242,38.4085],[41.2525,38.4136],[41.2643,38.4158],[41.2727,38.4318],[41.2835,38.4414],[41.2997,38.4498],[41.3167,38.451],[41.3242,38.4602],[41.3323,38.4633],[41.3483,38.4585],[41.355,38.4593],[41.3611,38.4739],[41.3662,38.4781],[41.3737,38.4791],[41.3749,38.4831],[41.3828,38.4855],[41.3955,38.4842],[41.4126,38.4881],[41.4315,38.4977],[41.4846,38.5156],[41.4989,38.5288],[41.5084,38.5552],[41.5583,38.5187],[41.5925,38.5072],[41.6295,38.5027],[41.6433,38.4634],[41.6431,38.4201],[41.6405,38.4046],[41.6352,38.3946],[41.6376,38.3421],[41.6443,38.3021],[41.6613,38.2679],[41.6612,38.2611],[41.6718,38.2582],[41.7149,38.2379],[41.7477,38.2356],[41.7742,38.2299],[41.8128,38.226],[41.8222,38.2078],[41.8503,38.1957],[41.8768,38.1949],[41.8904,38.1871],[41.9002,38.1844],[41.9128,38.1892],[41.9293,38.1907],[41.9439,38.1807],[41.9494,38.1649],[41.9604,38.1557],[41.9748,38.1548],[42.0008,38.172],[42.0294,38.183],[42.049,38.1836],[42.064,38.1807],[42.0823,38.1859],[42.1002,38.2039],[42.1107,38.225],[42.1276,38.233],[42.155,38.2379],[42.2028,38.2367],[42.2169,38.2332],[42.2284,38.2273],[42.24,38.2079],[42.24,38.1879],[42.2429,38.1773],[42.2529,38.1683],[42.2675,38.1647],[42.2824,38.1358],[42.2917,38.1267],[42.3077,38.1157],[42.3607,38.1042],[42.3881,38.0754],[42.4148,38.0611],[42.4295,38.046],[42.4462,38.035],[42.471,38.0308],[42.4841,38.0254],[42.4873,38.015],[42.4839,37.9983],[42.4882,37.9912],[42.4985,37.9826],[42.5298,37.9722],[42.5484,37.9686],[42.5706,37.9692],[42.6017,37.9759],[42.6281,37.9771],[42.6409,37.9858],[42.6529,37.9989],[42.6678,38.006],[42.7051,38.0162],[42.7204,38.0132],[42.7378,38.0044],[42.7593,37.987],[42.7638,37.9741],[42.7616,37.9518],[42.763,37.9454],[42.8042,37.9075],[42.8234,37.8817],[42.8296,37.8716],[42.8357,37.8407],[42.8543,37.8047],[42.8603,37.7985],[42.8871,37.7843],[42.8783,37.7634],[42.8771,37.7483],[42.867,37.7252],[42.8669,37.6915],[42.855,37.6809],[42.8309,37.6761],[42.8298,37.6651],[42.8337,37.6465],[42.8256,37.6224],[42.8146,37.6111],[42.8117,37.6039],[42.8013,37.599],[42.7964,37.5991],[42.7875,37.5911],[42.7801,37.5892],[42.7735,37.5792],[42.7655,37.5773],[42.7551,37.5577],[42.7416,37.5502],[42.7328,37.5502],[42.7189,37.5429],[42.7131,37.5434],[42.7085,37.5377],[42.7014,37.5346],[42.6748,37.5294],[42.6682,37.5303],[42.6677,37.5269],[42.6628,37.5237],[42.6587,37.5089],[42.6603,37.5072],[42.6576,37.5032],[42.6606,37.4992],[42.6575,37.4962],[42.6597,37.4944],[42.6556,37.4916],[42.6622,37.4894],[42.666,37.4817],[42.6702,37.4821],[42.6728,37.469],[42.6816,37.4513],[42.6906,37.4453],[42.7012,37.4432],[42.7174,37.4445],[42.7206,37.4402],[42.726,37.4397],[42.7206,37.4368],[42.7193,37.4266],[42.7151,37.4231],[42.7156,37.4208],[42.7125,37.4205],[42.7043,37.4126],[42.6902,37.4195],[42.6732,37.4237],[42.6438,37.4241],[42.628,37.4202],[42.6057,37.4083],[42.5998,37.4074],[42.5568,37.3845],[42.4949,37.3659],[42.4772,37.3689],[42.4542,37.3775],[42.4062,37.3892],[42.3574,37.3971],[42.3028,37.3944],[42.257,37.4018],[42.2382,37.3952],[42.2094,37.3903],[42.199,37.3845],[42.1805,37.3846],[42.1626,37.3794],[42.1569,37.3826],[42.1417,37.4015],[42.1258,37.4041],[42.1026,37.4022],[42.0952,37.391],[42.0249,37.4223],[42.0128,37.425],[41.9909,37.4243],[41.9744,37.4301],[41.956,37.426],[41.9403,37.4355],[41.9372,37.4328],[41.9429,37.4201],[41.9361,37.4139],[41.9049,37.4107],[41.8906,37.4049],[41.8867,37.4067],[41.8834,37.4159],[41.8709,37.4154],[41.8644,37.4186],[41.858,37.4307],[41.8461,37.4422],[41.8474,37.4454],[41.8581,37.4517],[41.86,37.4563],[41.8491,37.467],[41.8562,37.4779],[41.8536,37.4981],[41.8383,37.5186],[41.8544,37.5297],[41.8519,37.5488],[41.8562,37.5493],[41.867,37.5441],[41.8879,37.5525],[41.8905,37.5549],[41.8973,37.5755],[41.8887,37.5858],[41.8763,37.5908],[41.867,37.6085],[41.8304,37.623],[41.83,37.6267],[41.8357,37.6363],[41.8243,37.6453],[41.8249,37.6578],[41.8202,37.6766],[41.8249,37.6788],[41.7721,37.668],[41.7463,37.6666]]]}},{"type":"Feature","properties":{"plaka":57},"geometry":{"type":"Polygon","coordinates":[[[35.393,41.6846],[35.4131,41.6833],[35.411,41.6783],[35.4049,41.6786],[35.3995,41.6755],[35.3849,41.6504],[35.3723,41.6465],[35.3567,41.6353],[35.3565,41.618],[35.3356,41.6023],[35.3171,41.5941],[35.3146,41.5893],[35.319,41.5814],[35.3186,41.5749],[35.324,41.5724],[35.3242,41.5658],[35.3289,41.5636],[35.3289,41.5565],[35.3404,41.5537],[35.3439,41.5498],[35.3425,41.5443],[35.3471,41.5313],[35.3525,41.5276],[35.3553,41.5145],[35.3637,41.4999],[35.3646,41.485],[35.3894,41.4713],[35.3977,41.4758],[35.4089,41.4748],[35.4136,41.461],[35.4299,41.4572],[35.4326,41.4305],[35.4369,41.4224],[35.4431,41.4169],[35.4507,41.389],[35.4451,41.3494],[35.4478,41.339],[35.4433,41.3293],[35.4322,41.3305],[35.4123,41.3418],[35.3932,41.3425],[35.3797,41.3468],[35.3702,41.3467],[35.3478,41.334],[35.3471,41.328],[35.3558,41.3233],[35.3579,41.317],[35.367,41.3143],[35.3893,41.2946],[35.389,41.2874],[35.3847,41.2787],[35.389,41.2644],[35.3822,41.2568],[35.3652,41.2519],[35.3569,41.2417],[35.3322,41.2412],[35.3196,41.2295],[35.299,41.2324],[35.2472,41.251],[35.2374,41.2607],[35.2275,41.2647],[35.1977,41.2718],[35.1948,41.2771],[35.1978,41.2917],[35.1966,41.3093],[35.1856,41.3186],[35.1727,41.3195],[35.1645,41.3226],[35.1546,41.3283],[35.1492,41.3357],[35.1284,41.3385],[35.1094,41.3369],[35.0914,41.3411],[35.0824,41.3401],[35.0624,41.3477],[35.0453,41.3462],[35.04,41.3436],[35.0298,41.356],[35.0248,41.3563],[35.0182,41.3514],[35.0166,41.3438],[35.0048,41.3421],[34.9962,41.335],[34.9834,41.3333],[34.9677,41.3236],[34.9295,41.3146],[34.9295,41.3108],[34.9405,41.3059],[34.944,41.2993],[34.9322,41.278],[34.9349,41.2751],[34.9549,41.2652],[34.9749,41.2719],[34.9821,41.2678],[34.9835,41.26],[34.9786,41.2523],[34.9766,41.2356],[34.9704,41.2288],[34.9417,41.2422],[34.9221,41.2554],[34.9123,41.254],[34.8944,41.2556],[34.876,41.2479],[34.8729,41.2442],[34.8746,41.2289],[34.8657,41.2147],[34.8461,41.2083],[34.8033,41.2233],[34.7796,41.2284],[34.75,41.2417],[34.7244,41.2464],[34.7099,41.2525],[34.6909,41.268],[34.6934,41.2865],[34.6884,41.292],[34.6795,41.2927],[34.6552,41.2869],[34.6237,41.2915],[34.5983,41.2833],[34.5736,41.2934],[34.5664,41.2923],[34.5586,41.2916],[34.5364,41.2994],[34.5104,41.3254],[34.4979,41.3314],[34.4844,41.3303],[34.4557,41.3226],[34.4497,41.3496],[34.4589,41.3653],[34.4666,41.3951],[34.4624,41.4055],[34.4506,41.4201],[34.4473,41.4678],[34.426,41.4881],[34.4247,41.4947],[34.4334,41.5069],[34.4457,41.5161],[34.4744,41.526],[34.5019,41.5409],[34.5356,41.5477],[34.5477,41.5466],[34.5523,41.5526],[34.5582,41.5528],[34.5679,41.5672],[34.5687,41.5735],[34.5656,41.5845],[34.5682,41.5979],[34.5737,41.6025],[34.5915,41.6065],[34.5955,41.6223],[34.6038,41.634],[34.608,41.6615],[34.6043,41.6785],[34.5894,41.6992],[34.5819,41.7041],[34.5469,41.702],[34.5101,41.7139],[34.4571,41.7173],[34.4137,41.7259],[34.3902,41.7254],[34.3627,41.7157],[34.3528,41.7192],[34.3417,41.7334],[34.3152,41.7447],[34.3005,41.7459],[34.2795,41.7394],[34.2589,41.7385],[34.2474,41.745],[34.2394,41.7559],[34.2489,41.7763],[34.2621,41.7843],[34.2863,41.8116],[34.2871,41.8153],[34.282,41.8241],[34.2826,41.8317],[34.2873,41.8398],[34.299,41.8519],[34.2951,41.8586],[34.2723,41.8755],[34.2577,41.8911],[34.2577,41.9017],[34.2635,41.91],[34.2615,41.9165],[34.2294,41.9312],[34.2248,41.9365],[34.2243,41.9387],[34.2283,41.9421],[34.2277,41.955],[34.2406,41.9496],[34.2793,41.9476],[34.2781,41.946],[34.2813,41.9436],[34.307,41.9408],[34.331,41.9441],[34.3384,41.951],[34.3497,41.9502],[34.3444,41.9494],[34.3477,41.9464],[34.3479,41.949],[34.3507,41.9459],[34.3594,41.9461],[34.3765,41.9524],[34.3965,41.953],[34.405,41.9583],[34.4166,41.961],[34.4105,41.9617],[34.4174,41.9612],[34.4206,41.9639],[34.428,41.9633],[34.4359,41.9661],[34.4392,41.9631],[34.4453,41.9631],[34.4496,41.9654],[34.4771,41.966],[34.4902,41.9765],[34.5087,41.9661],[34.5024,41.9683],[34.4991,41.9657],[34.5018,41.961],[34.5058,41.9646],[34.5031,41.9607],[34.5115,41.9571],[34.527,41.9553],[34.5596,41.9465],[34.5664,41.9487],[34.5771,41.947],[34.5938,41.9496],[34.6041,41.9467],[34.6028,41.9451],[34.6214,41.9418],[34.6585,41.9411],[34.6932,41.9469],[34.6978,41.9437],[34.7182,41.9434],[34.7601,41.953],[34.7697,41.9535],[34.7724,41.9497],[34.7726,41.9523],[34.78114,41.95172],[34.7909,41.956],[34.8008,41.9554],[34.827,41.9673],[34.8771,42.0003],[34.9065,42.0238],[34.9243,42.0443],[34.9239,42.0473],[34.9366,42.0583],[34.9389,42.0652],[34.942,42.0658],[34.9487,42.0734],[34.9494,42.0765],[34.9458,42.0803],[34.9474,42.0811],[34.9468,42.0872],[34.9493,42.0893],[34.9422,42.0936],[34.9448,42.0955],[34.9437,42.0977],[34.9498,42.0974],[34.9492,42.0953],[34.9545,42.0964],[34.9561,42.0941],[34.9679,42.0958],[34.9748,42.0913],[34.976,42.0933],[34.9801,42.0914],[34.9811,42.0943],[34.9835,42.0919],[34.9875,42.0947],[34.9977,42.0914],[34.9988,42.093],[35.0026,42.0896],[35.0041,42.0919],[35.0102,42.0897],[35.0166,42.0928],[35.0179,42.0889],[35.0209,42.0886],[35.02,42.0844],[35.0234,42.0838],[35.0216,42.0815],[35.028,42.077],[35.0309,42.0776],[35.0369,42.071],[35.0393,42.0719],[35.0409,42.0676],[35.0432,42.0682],[35.0446,42.0642],[35.0425,42.0608],[35.0388,42.061],[35.0512,42.0602],[35.0479,42.052],[35.0441,42.0549],[35.0405,42.0534],[35.0396,42.0494],[35.0431,42.0513],[35.0446,42.0477],[35.0475,42.0475],[35.0439,42.0448],[35.0469,42.0393],[35.0677,42.0301],[35.0734,42.0342],[35.0875,42.0311],[35.091,42.0245],[35.1332,42.0245],[35.1591,42.0329],[35.1619,42.0377],[35.1705,42.0408],[35.189,42.0415],[35.1927,42.0394],[35.192,42.0353],[35.1968,42.034],[35.1988,42.0289],[35.2113,42.0182],[35.2064,42.0129],[35.1947,42.0165],[35.1873,42.0149],[35.1677,42.0176],[35.1517,42.0236],[35.1502,42.0231],[35.1518,42.0211],[35.1487,42.0232],[35.1436,42.0215],[35.1496,42.0238],[35.1408,42.0237],[35.1328,42.0164],[35.1295,42.0174],[35.1216,42.0139],[35.1133,42.0033],[35.1054,41.9757],[35.0975,41.9718],[35.0949,41.9661],[35.0935,41.946],[35.0915,41.9433],[35.0926,41.9353],[35.0884,41.93],[35.0893,41.9223],[35.098,41.9063],[35.1063,41.8923],[35.1204,41.8816],[35.1255,41.878],[35.1277,41.8695],[35.126,41.8635],[35.1346,41.853],[35.15,41.8411],[35.1574,41.8401],[35.1591,41.8322],[35.1741,41.8184],[35.1884,41.8143],[35.2072,41.8021],[35.2041,41.7979],[35.2056,41.8015],[35.1963,41.8],[35.1952,41.7987],[35.2015,41.7971],[35.1945,41.7987],[35.193,41.7936],[35.2026,41.7802],[35.2028,41.7744],[35.2075,41.7707],[35.2083,41.7669],[35.2288,41.754],[35.2656,41.7371],[35.2622,41.7316],[35.2629,41.727],[35.2758,41.7159],[35.3213,41.7023],[35.3389,41.7],[35.393,41.6846]]]}},{"type":"Feature","properties":{"plaka":58},"geometry":{"type":"Polygon","coordinates":[[[37.5244,38.9008],[37.5103,38.8798],[37.5078,38.8628],[37.5162,38.8508],[37.5237,38.8466],[37.5346,38.8357],[37.5389,38.8224],[37.5513,38.8111],[37.5612,38.798],[37.5617,38.7865],[37.5511,38.7587],[37.5402,38.7502],[37.5289,38.7515],[37.5168,38.7572],[37.4949,38.75],[37.4842,38.7425],[37.4696,38.7253],[37.4541,38.7221],[37.442,38.7161],[37.4343,38.7035],[37.4271,38.6727],[37.4228,38.6674],[37.4168,38.6502],[37.4023,38.6458],[37.4019,38.6319],[37.3847,38.6086],[37.3706,38.6041],[37.3615,38.5957],[37.3393,38.5828],[37.3315,38.568],[37.3232,38.5605],[37.3154,38.5566],[37.3127,38.561],[37.299,38.5679],[37.2746,38.5731],[37.2356,38.5757],[37.1631,38.5707],[37.1398,38.5732],[37.0787,38.5861],[37.0561,38.5879],[37.0437,38.5863],[37.0298,38.5784],[37.0134,38.5751],[36.9324,38.5722],[36.9079,38.5684],[36.8916,38.5624],[36.8441,38.5612],[36.7741,38.5424],[36.783,38.5758],[36.789,38.5884],[36.79,38.5976],[36.7867,38.604],[36.7758,38.6121],[36.7706,38.62],[36.7559,38.6606],[36.7317,38.6865],[36.7302,38.6931],[36.7336,38.7008],[36.7327,38.7141],[36.7117,38.7381],[36.7115,38.7449],[36.7264,38.773],[36.7492,38.7819],[36.773,38.7879],[36.7809,38.7944],[36.8054,38.8068],[36.8359,38.8332],[36.8539,38.8412],[36.8677,38.8689],[36.8614,38.8797],[36.8622,38.8896],[36.8763,38.9114],[36.9032,38.9149],[36.9089,38.9271],[36.9193,38.9328],[36.9303,38.9346],[36.9419,38.933],[36.9469,38.9372],[36.9695,38.9704],[36.9716,38.9799],[36.9637,39.0053],[36.943,39.0259],[36.9354,39.0451],[36.9284,39.0542],[36.9117,39.0605],[36.8861,39.0633],[36.8408,39.047],[36.8258,39.0646],[36.8059,39.076],[36.7842,39.0855],[36.7797,39.0962],[36.7642,39.114],[36.7579,39.1316],[36.7337,39.1524],[36.7134,39.1559],[36.6974,39.1553],[36.6687,39.1531],[36.6349,39.1471],[36.6018,39.1325],[36.5868,39.113],[36.5791,39.1079],[36.5322,39.0994],[36.5015,39.0991],[36.4448,39.1065],[36.4238,39.1202],[36.4087,39.1218],[36.3882,39.1047],[36.371,39.1027],[36.348,39.0934],[36.3167,39.0917],[36.2794,39.1033],[36.2649,39.1045],[36.2418,39.098],[36.2005,39.0953],[36.173,39.086],[36.1426,39.0838],[36.0984,39.0756],[36.08,39.0834],[36.0706,39.101],[36.0416,39.1224],[36.0431,39.1336],[36.0409,39.1409],[36.0295,39.1543],[36.0211,39.1597],[35.9992,39.1674],[35.9431,39.2029],[35.9196,39.226],[35.9043,39.2432],[35.8988,39.262],[35.8574,39.2909],[35.8514,39.3042],[35.8593,39.3185],[35.8882,39.3423],[35.8909,39.3591],[35.8893,39.3709],[35.8993,39.3936],[35.8968,39.425],[35.9076,39.4558],[35.9144,39.4612],[35.9217,39.4631],[35.9639,39.4585],[35.989,39.4441],[36.0039,39.4421],[36.0127,39.4349],[36.021,39.4317],[36.0311,39.4312],[36.039,39.436],[36.0452,39.448],[36.0531,39.4561],[36.0628,39.4754],[36.0813,39.4898],[36.0869,39.5027],[36.1038,39.515],[36.1076,39.522],[36.1264,39.5415],[36.1404,39.5509],[36.1385,39.5887],[36.153,39.6067],[36.1587,39.6331],[36.1584,39.6414],[36.1497,39.6517],[36.1473,39.6663],[36.1558,39.6786],[36.1519,39.6884],[36.1451,39.696],[36.1463,39.7013],[36.1531,39.7082],[36.1533,39.7152],[36.1489,39.7206],[36.1384,39.7267],[36.1197,39.7305],[36.1029,39.7434],[36.0852,39.7533],[36.0556,39.7625],[36.0478,39.7677],[36.0416,39.7955],[36.0611,39.8117],[36.0819,39.8213],[36.0862,39.8326],[36.0863,39.8458],[36.075,39.8554],[36.037,39.8691],[36.0191,39.8883],[36.0015,39.918],[36.0132,39.9193],[36.0497,39.9139],[36.0672,39.9047],[36.0784,39.8948],[36.1018,39.8886],[36.1193,39.8925],[36.1319,39.9039],[36.1627,39.9083],[36.1748,39.9137],[36.2104,39.9108],[36.2212,39.9137],[36.2333,39.9225],[36.2366,39.9453],[36.2516,39.9566],[36.2758,39.9492],[36.3071,39.9539],[36.3223,39.9477],[36.3307,39.9474],[36.341,39.9534],[36.3493,39.9528],[36.3745,39.9579],[36.3948,39.9716],[36.4221,39.9754],[36.4285,39.9694],[36.4331,39.9598],[36.4393,39.9569],[36.4525,39.9565],[36.4645,39.9604],[36.4782,39.9686],[36.4946,39.9833],[36.5115,39.9864],[36.5316,39.9755],[36.5514,39.9683],[36.5916,39.9687],[36.6155,39.9821],[36.6198,39.9884],[36.6206,39.9952],[36.63,40.0024],[36.6298,40.0191],[36.6247,40.0446],[36.6275,40.0554],[36.6397,40.0751],[36.6562,40.0844],[36.6651,40.1038],[36.7175,40.1266],[36.7489,40.158],[36.7583,40.1767],[36.7634,40.1823],[36.7852,40.1942],[36.8141,40.2015],[36.8232,40.207],[36.8347,40.2184],[36.8587,40.2143],[36.8736,40.2218],[36.8895,40.2228],[36.9184,40.2221],[36.9557,40.1943],[36.9979,40.1834],[37.0674,40.1781],[37.082,40.1891],[37.0849,40.2159],[37.0887,40.2249],[37.0929,40.2277],[37.1158,40.237],[37.1711,40.2308],[37.1924,40.2345],[37.2101,40.2282],[37.2244,40.2194],[37.2523,40.2148],[37.2845,40.206],[37.3043,40.2064],[37.3215,40.2026],[37.3547,40.184],[37.3691,40.1638],[37.3792,40.1585],[37.3918,40.1578],[37.4025,40.1595],[37.4084,40.1705],[37.4163,40.1749],[37.4238,40.1748],[37.4303,40.1664],[37.4397,40.1629],[37.4551,40.1698],[37.4629,40.178],[37.4692,40.1908],[37.4678,40.1958],[37.454,40.2005],[37.4387,40.2161],[37.4388,40.2228],[37.4474,40.2373],[37.466,40.2514],[37.4934,40.2489],[37.5172,40.255],[37.5375,40.2715],[37.543,40.2931],[37.5539,40.3033],[37.5764,40.3156],[37.6001,40.3462],[37.6003,40.3557],[37.5864,40.3769],[37.5859,40.3867],[37.6239,40.3837],[37.6435,40.3749],[37.6639,40.3698],[37.6707,40.3631],[37.6787,40.348],[37.7113,40.3301],[37.7314,40.3231],[37.7405,40.3233],[37.7508,40.3333],[37.756,40.3476],[37.7541,40.3804],[37.7597,40.3863],[37.7701,40.3889],[37.7779,40.3882],[37.7847,40.3841],[37.7985,40.3645],[37.803,40.3528],[37.8148,40.3395],[37.8309,40.3387],[37.853,40.3441],[37.8775,40.3423],[37.8989,40.3553],[37.9317,40.3677],[37.9529,40.393],[37.9558,40.4062],[37.9525,40.4138],[37.9328,40.4292],[37.9316,40.4341],[37.9396,40.452],[37.9383,40.4695],[37.9426,40.4769],[37.9462,40.4915],[37.9551,40.4943],[37.9635,40.4883],[37.973,40.4853],[37.9964,40.4826],[38.0016,40.4854],[38.0031,40.492],[38.0073,40.4961],[38.0176,40.4987],[38.0281,40.5049],[38.0431,40.5066],[38.0589,40.4983],[38.1062,40.4983],[38.1272,40.49],[38.13,40.482],[38.1231,40.4685],[38.1251,40.4588],[38.1311,40.4489],[38.1324,40.4343],[38.1508,40.4008],[38.1563,40.3354],[38.1594,40.3301],[38.1734,40.3202],[38.1717,40.3017],[38.1844,40.2926],[38.1836,40.2628],[38.1738,40.2423],[38.1715,40.2212],[38.1824,40.2135],[38.1937,40.2103],[38.2114,40.2083],[38.229,40.2029],[38.2442,40.2044],[38.2591,40.1986],[38.2812,40.1975],[38.3036,40.1847],[38.319,40.1809],[38.3213,40.1768],[38.3212,40.1693],[38.3254,40.1668],[38.3427,40.1665],[38.375,40.1473],[38.3855,40.1441],[38.4031,40.1434],[38.4154,40.134],[38.4305,40.1308],[38.4406,40.1337],[38.464,40.1663],[38.4786,40.1726],[38.4887,40.1709],[38.5033,40.1611],[38.5263,40.1542],[38.5282,40.15],[38.5271,40.1241],[38.5312,40.1179],[38.5434,40.1121],[38.5564,40.1101],[38.5661,40.1122],[38.5941,40.1118],[38.6077,40.1085],[38.627,40.111],[38.6429,40.1076],[38.6562,40.1078],[38.6757,40.1009],[38.6996,40.0854],[38.7099,40.0821],[38.7214,40.0807],[38.7538,40.0846],[38.766,40.0821],[38.7698,40.0776],[38.7676,40.0762],[38.7694,40.0733],[38.7636,40.0704],[38.7722,40.0675],[38.7684,40.0664],[38.7671,40.0622],[38.7689,40.0569],[38.7663,40.0546],[38.7655,40.0298],[38.7605,40.0221],[38.7605,40.0149],[38.7503,40.0118],[38.7389,40.0187],[38.7244,40.0222],[38.6853,40.0231],[38.6742,40.0073],[38.6676,40.0035],[38.6321,39.999],[38.619,39.9925],[38.6148,39.9857],[38.5959,39.9808],[38.5843,39.9715],[38.5622,39.9754],[38.5507,39.9705],[38.5306,39.9703],[38.4971,39.9824],[38.468,39.9806],[38.4572,39.9804],[38.4461,39.9769],[38.4297,39.9564],[38.3902,39.9351],[38.3668,39.9378],[38.3557,39.9228],[38.3589,39.9149],[38.3865,39.8999],[38.4028,39.8822],[38.411,39.8767],[38.442,39.868],[38.4506,39.861],[38.455,39.8543],[38.4574,39.8364],[38.455,39.8312],[38.4294,39.8036],[38.4,39.7825],[38.3842,39.7751],[38.3652,39.7701],[38.3589,39.7653],[38.3554,39.7591],[38.3559,39.7486],[38.3615,39.7304],[38.3538,39.7192],[38.352,39.7041],[38.344,39.6878],[38.323,39.6718],[38.3274,39.6638],[38.3153,39.6467],[38.3174,39.6354],[38.326,39.6298],[38.3329,39.6148],[38.3466,39.5953],[38.3468,39.5865],[38.3374,39.5767],[38.3352,39.5712],[38.3188,39.5741],[38.3059,39.5673],[38.28424,39.56692],[38.2843,39.5669],[38.2769,39.5485],[38.2781,39.5395],[38.2859,39.5262],[38.2997,39.5104],[38.3217,39.4734],[38.3415,39.4614],[38.3859,39.4527],[38.3943,39.4482],[38.4054,39.4346],[38.409,39.4184],[38.4078,39.4076],[38.3763,39.3903],[38.3572,39.3674],[38.3428,39.3608],[38.3302,39.3501],[38.349,39.3111],[38.35,39.2938],[38.3598,39.2719],[38.3627,39.2596],[38.3612,39.2497],[38.3508,39.2302],[38.3335,39.216],[38.3271,39.1948],[38.3234,39.1902],[38.323,39.1749],[38.3102,39.1654],[38.3096,39.1577],[38.3143,39.1475],[38.2946,39.1419],[38.2685,39.1399],[38.2203,39.1242],[38.2061,39.1152],[38.1953,39.0998],[38.1703,39.0982],[38.1601,39.0934],[38.1467,39.0822],[38.1323,39.0834],[38.104,39.0997],[38.0909,39.1017],[38.076,39.0958],[38.0602,39.0933],[38.05,39.0778],[38.0401,39.0712],[38.0272,39.0721],[38.0085,39.0804],[37.9997,39.081],[37.9829,39.0781],[37.9463,39.0664],[37.921,39.0664],[37.9037,39.0664],[37.8663,39.0785],[37.8529,39.0793],[37.8393,39.0915],[37.8298,39.0937],[37.8031,39.0875],[37.7848,39.0786],[37.751,39.0706],[37.748,39.0654],[37.7506,39.0449],[37.7746,39.0055],[37.7725,39.0019],[37.7669,39.0001],[37.7584,39.0021],[37.7469,39.0092],[37.7359,39.008],[37.733,39.0003],[37.7333,38.9921],[37.7482,38.9695],[37.7478,38.9623],[37.7438,38.9577],[37.7298,38.9593],[37.7009,38.9742],[37.6881,38.9843],[37.6826,38.9944],[37.6744,38.9992],[37.6392,39.0082],[37.6296,39.0127],[37.612,39.0149],[37.567,39.0099],[37.5452,39.0046],[37.5339,39.0059],[37.519,39.0128],[37.5052,39.0132],[37.4989,39.0088],[37.4965,38.9976],[37.4973,38.9883],[37.5021,38.9771],[37.5083,38.9633],[37.5269,38.9462],[37.5434,38.9225],[37.5416,38.9181],[37.5244,38.9008]]]}},{"type":"Feature","properties":{"plaka":59},"geometry":{"type":"Polygon","coordinates":[[[26.9992,40.5712],[27.0014,40.5667],[26.9954,40.5562],[26.9566,40.5504],[26.9649,40.5674],[26.9565,40.5835],[26.9647,40.6252],[26.9998,40.6604],[27.0139,40.6805],[27.0182,40.6918],[27.0143,40.7057],[27.006,40.7141],[26.9829,40.7241],[26.9513,40.7323],[26.8792,40.7384],[26.8638,40.7356],[26.8584,40.73],[26.8477,40.7257],[26.8146,40.7263],[26.7966,40.7192],[26.8039,40.7298],[26.8048,40.7346],[26.8046,40.7562],[26.8009,40.7683],[26.7926,40.7805],[26.7835,40.7887],[26.7331,40.8293],[26.7235,40.8394],[26.7188,40.8504],[26.7205,40.8685],[26.7288,40.8863],[26.7364,40.9152],[26.7337,40.9376],[26.7255,40.9688],[26.7416,41.0082],[26.7399,41.0222],[26.7303,41.031],[26.7249,41.0322],[26.7115,41.0281],[26.6891,41.0299],[26.684,41.0315],[26.6835,41.0383],[26.7011,41.0639],[26.7198,41.0769],[26.7431,41.0765],[26.7724,41.0714],[26.8012,41.075],[26.8332,41.1076],[26.8468,41.1151],[26.8821,41.1337],[26.9171,41.145],[26.9361,41.1601],[26.9464,41.1728],[26.9504,41.1825],[26.9587,41.2292],[26.9503,41.255],[26.9312,41.2889],[26.9509,41.3302],[26.9601,41.3437],[26.9722,41.3515],[26.9705,41.3574],[26.9732,41.3573],[26.9731,41.3605],[26.9764,41.361],[26.9769,41.3633],[26.9853,41.3596],[26.9896,41.3613],[26.9895,41.3636],[27.0014,41.3616],[27.01,41.347],[27.0198,41.3466],[27.0385,41.3408],[27.0761,41.3425],[27.0968,41.3345],[27.1481,41.3233],[27.1616,41.3239],[27.1784,41.3291],[27.2016,41.332],[27.2142,41.3306],[27.2389,41.3223],[27.2561,41.3143],[27.2917,41.2866],[27.2976,41.2788],[27.303,41.263],[27.3128,41.2532],[27.3227,41.2468],[27.368,41.2274],[27.3845,41.2241],[27.4112,41.2234],[27.4704,41.2382],[27.5068,41.2428],[27.5156,41.2462],[27.5445,41.2652],[27.5824,41.3213],[27.59,41.3671],[27.5976,41.3906],[27.6208,41.4168],[27.651,41.4375],[27.7069,41.4632],[27.7342,41.4695],[27.7677,41.4737],[27.81,41.4901],[27.8346,41.4968],[27.8859,41.4979],[27.8979,41.5015],[27.9328,41.5204],[27.9587,41.5496],[27.9717,41.5565],[28.0034,41.5511],[28.0288,41.56],[28.0501,41.5735],[28.0624,41.5756],[28.0674,41.5738],[28.0986,41.5466],[28.1165,41.5417],[28.1161,41.5354],[28.1112,41.5279],[28.0802,41.5133],[28.0741,41.5051],[28.0796,41.4964],[28.1003,41.4785],[28.1113,41.4648],[28.1158,41.4352],[28.1236,41.4243],[28.1224,41.4101],[28.1126,41.4027],[28.0991,41.3886],[28.0898,41.3717],[28.0904,41.3479],[28.0786,41.3245],[28.0646,41.2688],[28.0576,41.2652],[28.0369,41.2612],[28.0184,41.2537],[28.0051,41.2451],[27.9998,41.2402],[27.9977,41.2305],[27.9987,41.2205],[28.0057,41.2118],[28.0318,41.1931],[28.0184,41.1698],[28.013,41.1661],[28.0135,41.1597],[28.0092,41.1587],[28.0114,41.156],[28.0043,41.1489],[27.9981,41.1394],[27.9982,41.1353],[27.9827,41.1154],[27.9809,41.1109],[27.9846,41.1029],[27.9782,41.0981],[27.9752,41.0871],[27.9784,41.0837],[27.9745,41.0766],[27.9816,41.0754],[27.9833,41.0722],[27.9758,41.0661],[27.9788,41.0576],[27.9873,41.0472],[28.0089,41.0314],[27.9925,41.0201],[27.9875,41.0139],[27.9833,41.006],[27.9822,40.9927],[27.9784,40.9823],[27.9784,40.9845],[27.9715,40.9819],[27.9673,40.9836],[27.9585,40.9792],[27.9626,40.9779],[27.9572,40.9773],[27.957,40.9708],[27.9616,40.969],[27.9671,40.9705],[27.967,40.9683],[27.9565,40.9642],[27.9384,40.9649],[27.9314,40.9619],[27.9324,40.965],[27.9297,40.9681],[27.9234,40.9701],[27.8899,40.9653],[27.8779,40.966],[27.8647,40.9701],[27.8533,40.9849],[27.8405,40.9921],[27.7793,41.0094],[27.7527,41.0118],[27.7418,41.0136],[27.722,41.0109],[27.6984,41.0027],[27.6865,41.0035],[27.6148,40.9904],[27.6058,40.9858],[27.5971,40.9866],[27.5848,40.9828],[27.5782,40.9847],[27.5471,40.977],[27.5202,40.9774],[27.5162,40.9751],[27.5164,40.9727],[27.5161,40.975],[27.5142,40.9741],[27.5155,40.9757],[27.5082,40.9722],[27.5015,40.9635],[27.5049,40.9616],[27.5011,40.9631],[27.4986,40.9606],[27.5056,40.9574],[27.4976,40.9597],[27.4843,40.9326],[27.481,40.9301],[27.481,40.9253],[27.4795,40.9259],[27.4697,40.9134],[27.4694,40.9043],[27.4663,40.9024],[27.46,40.8884],[27.4621,40.8845],[27.4602,40.8759],[27.4622,40.8666],[27.4586,40.8627],[27.4546,40.8474],[27.4292,40.8274],[27.3914,40.8036],[27.3789,40.7972],[27.3696,40.7874],[27.3679,40.7822],[27.337,40.7559],[27.3311,40.7351],[27.3252,40.7286],[27.3185,40.7143],[27.3106,40.7089],[27.3084,40.7028],[27.2871,40.6869],[27.2514,40.6721],[27.2378,40.6566],[27.2283,40.6575],[27.21,40.6516],[27.2021,40.6448],[27.1871,40.6395],[27.1785,40.6275],[27.1688,40.6264],[27.1465,40.6154],[27.1191,40.6107],[27.1171,40.6084],[27.1152,40.6104],[27.11202,40.60881],[27.1098,40.6101],[27.0702,40.6051],[27.0321,40.5948],[26.9992,40.5712]]]}},{"type":"Feature","properties":{"plaka":60},"geometry":{"type":"Polygon","coordinates":[[[36.3493,39.9528],[36.341,39.9534],[36.3307,39.9474],[36.3223,39.9477],[36.3071,39.9539],[36.2758,39.9492],[36.2516,39.9566],[36.2366,39.9453],[36.2333,39.9225],[36.2212,39.9137],[36.2104,39.9108],[36.1748,39.9137],[36.1627,39.9083],[36.1379,39.9055],[36.1319,39.9039],[36.1193,39.8925],[36.1127,39.8896],[36.0962,39.8887],[36.0834,39.8926],[36.0636,39.907],[36.0497,39.9139],[36.0132,39.9193],[36.0015,39.918],[35.9941,39.9548],[35.9751,39.9792],[35.9538,39.9968],[35.9436,40.0217],[35.9414,40.0299],[35.9434,40.0448],[35.9655,40.0622],[35.9653,40.079],[35.9623,40.0866],[35.9504,40.0954],[35.9307,40.1028],[35.9028,40.1011],[35.8917,40.1022],[35.8757,40.1087],[35.8666,40.1086],[35.8374,40.0962],[35.8236,40.0957],[35.7987,40.1035],[35.7724,40.0972],[35.7415,40.0959],[35.7328,40.0902],[35.7114,40.087],[35.6902,40.0821],[35.6822,40.0824],[35.6674,40.1067],[35.6364,40.115],[35.6294,40.1155],[35.61,40.1106],[35.5924,40.112],[35.5601,40.1244],[35.5243,40.1281],[35.5087,40.1321],[35.4991,40.1433],[35.5008,40.1698],[35.4995,40.1797],[35.4946,40.1899],[35.4729,40.212],[35.4485,40.2273],[35.4496,40.232],[35.4653,40.2508],[35.4671,40.2692],[35.5142,40.3019],[35.5262,40.3127],[35.627,40.3362],[35.6505,40.3601],[35.6964,40.3654],[35.7121,40.3698],[35.7193,40.3754],[35.7221,40.381],[35.7266,40.4221],[35.7258,40.4326],[35.7273,40.4379],[35.733,40.4406],[35.7406,40.4411],[35.7698,40.4358],[35.7871,40.4362],[35.816,40.4459],[35.8437,40.453],[35.8626,40.4656],[35.8797,40.4816],[35.8896,40.486],[35.9065,40.4864],[35.919,40.4761],[35.9245,40.4744],[35.9365,40.4755],[35.9587,40.4843],[35.9772,40.501],[35.9846,40.5044],[36.0121,40.496],[36.0245,40.4859],[36.0224,40.474],[36.0342,40.4696],[36.061,40.466],[36.0865,40.4572],[36.099,40.4492],[36.1364,40.4719],[36.1975,40.4858],[36.2373,40.5016],[36.2418,40.5051],[36.2444,40.5133],[36.2506,40.5181],[36.2637,40.5127],[36.2739,40.5142],[36.2867,40.5259],[36.2703,40.5654],[36.2691,40.5718],[36.2711,40.5794],[36.2848,40.5888],[36.3057,40.5879],[36.3198,40.5935],[36.3279,40.5943],[36.3361,40.5942],[36.3665,40.599],[36.3773,40.6137],[36.3856,40.6448],[36.3989,40.6759],[36.4044,40.7082],[36.42,40.7342],[36.433,40.7456],[36.4409,40.759],[36.4573,40.7609],[36.4732,40.7569],[36.4854,40.763],[36.4959,40.7601],[36.5075,40.7636],[36.5092,40.7693],[36.5025,40.7763],[36.4849,40.7783],[36.4743,40.7863],[36.4352,40.7997],[36.4128,40.8164],[36.4116,40.8373],[36.4147,40.8532],[36.4174,40.8564],[36.4267,40.8586],[36.4278,40.8672],[36.432,40.8732],[36.4377,40.8746],[36.4475,40.8727],[36.4511,40.8806],[36.4572,40.8826],[36.4631,40.8813],[36.4724,40.8741],[36.5049,40.8764],[36.559,40.8969],[36.5687,40.8982],[36.583,40.8944],[36.5909,40.9057],[36.5965,40.9083],[36.6033,40.9068],[36.6107,40.8958],[36.6168,40.8947],[36.6218,40.8975],[36.6263,40.9073],[36.639,40.9094],[36.6758,40.8957],[36.6861,40.8883],[36.6914,40.8794],[36.691,40.8708],[36.7007,40.8617],[36.6947,40.8487],[36.7462,40.8347],[36.777,40.8321],[36.7905,40.8131],[36.8039,40.8047],[36.8087,40.7986],[36.8168,40.7945],[36.8353,40.7904],[36.8503,40.7912],[36.862,40.7836],[36.8594,40.7699],[36.8465,40.7476],[36.8405,40.7441],[36.8214,40.7419],[36.8143,40.7359],[36.8139,40.7215],[36.8197,40.7147],[36.838,40.7055],[36.8501,40.7033],[36.8684,40.7053],[36.9024,40.721],[36.9405,40.7218],[36.9508,40.7125],[36.947,40.7057],[36.9524,40.6919],[36.9513,40.6889],[36.9636,40.6801],[36.9673,40.6793],[36.9812,40.6853],[37.0062,40.6873],[37.0278,40.6816],[37.0469,40.6897],[37.0564,40.6984],[37.0906,40.7163],[37.108,40.7294],[37.1226,40.7299],[37.1341,40.7231],[37.1465,40.6988],[37.1753,40.6979],[37.1833,40.6947],[37.1916,40.6844],[37.2062,40.6794],[37.2324,40.6591],[37.2422,40.6432],[37.2504,40.618],[37.2587,40.6091],[37.2848,40.6055],[37.2906,40.6026],[37.2945,40.5969],[37.3044,40.5872],[37.3175,40.5808],[37.3726,40.5659],[37.3951,40.5566],[37.4209,40.5552],[37.4308,40.5589],[37.4373,40.5643],[37.4462,40.5658],[37.4527,40.5565],[37.4607,40.5518],[37.4911,40.5444],[37.5165,40.5325],[37.5259,40.5352],[37.5431,40.5311],[37.5533,40.5347],[37.5633,40.531],[37.5706,40.5331],[37.59,40.5275],[37.6212,40.5241],[37.626,40.5201],[37.623,40.5066],[37.6087,40.4827],[37.6006,40.4738],[37.5937,40.4349],[37.5853,40.4177],[37.5858,40.3789],[37.5992,40.3589],[37.601,40.3519],[37.5987,40.344],[37.5764,40.3156],[37.5539,40.3033],[37.5418,40.2916],[37.535,40.268],[37.5172,40.255],[37.4983,40.2497],[37.4645,40.2509],[37.4474,40.2373],[37.4404,40.2259],[37.4387,40.2161],[37.454,40.2005],[37.4678,40.1958],[37.4677,40.1859],[37.4551,40.1698],[37.4427,40.1629],[37.4326,40.165],[37.4238,40.1748],[37.4199,40.1754],[37.4084,40.1705],[37.4025,40.1595],[37.3829,40.1579],[37.3691,40.1638],[37.3547,40.184],[37.3215,40.2026],[37.3043,40.2064],[37.2845,40.206],[37.2523,40.2148],[37.2244,40.2194],[37.2101,40.2282],[37.1924,40.2345],[37.1711,40.2308],[37.1199,40.2369],[37.1069,40.2341],[37.0887,40.2249],[37.0838,40.211],[37.082,40.1891],[37.0674,40.1781],[36.9979,40.1834],[36.9616,40.1922],[36.9486,40.1982],[36.9176,40.2222],[36.8736,40.2218],[36.8587,40.2143],[36.8347,40.2184],[36.8232,40.207],[36.8141,40.2015],[36.7852,40.1942],[36.7634,40.1823],[36.7583,40.1767],[36.7489,40.158],[36.7175,40.1266],[36.6651,40.1038],[36.6562,40.0844],[36.6397,40.0751],[36.6275,40.0554],[36.6247,40.0446],[36.6298,40.0191],[36.63,40.0024],[36.6206,39.9952],[36.6198,39.9884],[36.6155,39.9821],[36.6001,39.9722],[36.5916,39.9687],[36.5563,39.9676],[36.5316,39.9755],[36.5153,39.9857],[36.5088,39.9862],[36.4902,39.9808],[36.4782,39.9686],[36.4645,39.9604],[36.4441,39.9561],[36.4331,39.9598],[36.4237,39.9749],[36.3948,39.9716],[36.3745,39.9579],[36.3493,39.9528]]]}},{"type":"Feature","properties":{"plaka":61},"geometry":{"type":"Polygon","coordinates":[[[39.6931,40.6221],[39.6654,40.6128],[39.6177,40.605],[39.6021,40.6062],[39.5822,40.6136],[39.5561,40.6184],[39.4931,40.6131],[39.4786,40.6186],[39.465,40.6205],[39.4523,40.6299],[39.4414,40.6331],[39.4334,40.6414],[39.4274,40.6531],[39.4167,40.6615],[39.3752,40.6771],[39.3566,40.6806],[39.3346,40.6899],[39.317,40.6942],[39.2957,40.7148],[39.2727,40.7255],[39.2656,40.7391],[39.2312,40.7683],[39.2288,40.7743],[39.2222,40.7826],[39.1993,40.7909],[39.1912,40.7967],[39.1831,40.799],[39.1706,40.7985],[39.1358,40.81],[39.1261,40.827],[39.1333,40.848],[39.1431,40.8543],[39.1468,40.8643],[39.1474,40.8787],[39.1388,40.8878],[39.1348,40.8996],[39.1336,40.9293],[39.1363,40.9471],[39.1459,40.9623],[39.1405,40.9833],[39.1467,40.9978],[39.1435,41.0066],[39.1549,41.0173],[39.1541,41.0366],[39.162,41.0441],[39.1601,41.0523],[39.1699,41.0575],[39.164,41.0652],[39.1659,41.0681],[39.1728,41.0705],[39.1749,41.0803],[39.1934,41.0774],[39.2088,41.0781],[39.2178,41.0722],[39.2239,41.0633],[39.2398,41.0564],[39.2711,41.0506],[39.3023,41.0567],[39.3436,41.0716],[39.38,41.0863],[39.4108,41.1059],[39.4227,41.1098],[39.4312,41.1074],[39.4367,41.1048],[39.4345,41.101],[39.4384,41.1007],[39.4581,41.0997],[39.4779,41.0928],[39.486,41.0928],[39.495,41.0842],[39.5037,41.0821],[39.5041,41.0795],[39.5092,41.0776],[39.504,41.0785],[39.5075,41.077],[39.506,41.0761],[39.5078,41.074],[39.5368,41.0527],[39.5413,41.0526],[39.5374,41.0522],[39.5563,41.0399],[39.5563,41.0376],[39.5687,41.0262],[39.5649,41.0277],[39.5656,41.0258],[39.5866,41.0183],[39.5966,41.0197],[39.604,41.0152],[39.6306,41.0078],[39.623,40.9904],[39.6308,41.0056],[39.6432,40.9973],[39.6553,40.9953],[39.7205,41.0126],[39.7271,41.0095],[39.7382,41.00814],[39.7359,41.0044],[39.7424,41.0027],[39.7455,41.0042],[39.7456,41.0005],[39.748,41.0014],[39.7478,41.0041],[39.7483,41.0016],[39.7828,41.0033],[39.7865,41.0013],[39.7801,41.0019],[39.7848,41.0011],[39.7864,40.9978],[39.7997,40.9944],[39.8118,40.9878],[39.8281,40.9862],[39.8322,40.9804],[39.8361,40.97],[39.8469,40.9629],[39.8683,40.9573],[39.9015,40.957],[39.936,40.9577],[39.9707,40.9652],[39.9948,40.965],[40.00009,40.96179],[40.0001,40.9624],[40.012,40.9584],[40.0284,40.9606],[40.047,40.9568],[40.0522,40.9517],[40.0558,40.9436],[40.0609,40.942],[40.0737,40.9283],[40.0943,40.918],[40.1485,40.9128],[40.1884,40.9159],[40.2045,40.923],[40.224,40.9266],[40.2415,40.9332],[40.2963,40.9636],[40.3272,40.9872],[40.3498,40.967],[40.3751,40.9671],[40.3928,40.9618],[40.4006,40.9469],[40.4026,40.9378],[40.4088,40.9308],[40.411,40.9157],[40.4166,40.903],[40.4371,40.8889],[40.4586,40.8698],[40.4725,40.8514],[40.4665,40.8399],[40.4493,40.8342],[40.4363,40.8241],[40.4331,40.8182],[40.4357,40.8058],[40.4576,40.7774],[40.4647,40.7557],[40.4778,40.7446],[40.4813,40.7358],[40.4928,40.729],[40.5023,40.7181],[40.5064,40.7067],[40.5063,40.697],[40.4867,40.6801],[40.4857,40.664],[40.4695,40.6564],[40.4572,40.6383],[40.4414,40.6275],[40.4382,40.6222],[40.4388,40.6087],[40.4455,40.5952],[40.4537,40.5855],[40.4687,40.5736],[40.4698,40.5688],[40.4658,40.5629],[40.466,40.5578],[40.477,40.5398],[40.4778,40.5327],[40.4764,40.5277],[40.4599,40.5187],[40.4208,40.5185],[40.4061,40.5132],[40.3695,40.5225],[40.3576,40.5191],[40.3365,40.5199],[40.2769,40.5143],[40.2533,40.5235],[40.2264,40.5467],[40.2174,40.5516],[40.1934,40.5548],[40.1549,40.5704],[40.1288,40.5738],[40.1213,40.5782],[40.1165,40.5884],[40.1106,40.5939],[40.0968,40.6006],[40.0562,40.6091],[40.0539,40.6262],[40.0478,40.6423],[40.0424,40.65],[40.0357,40.6521],[40.0144,40.649],[39.9889,40.6461],[39.9832,40.6409],[39.985,40.6264],[39.9989,40.6095],[40.0361,40.5871],[40.04,40.5793],[40.0393,40.5701],[40.0188,40.5546],[40.0062,40.5483],[39.9707,40.539],[39.9386,40.5532],[39.9218,40.5673],[39.9179,40.5768],[39.9144,40.6052],[39.9055,40.6194],[39.894,40.6222],[39.8754,40.6076],[39.8572,40.607],[39.8508,40.6109],[39.8416,40.6246],[39.8409,40.651],[39.8496,40.6684],[39.8511,40.6787],[39.8519,40.7085],[39.8495,40.7165],[39.8465,40.7201],[39.8344,40.7246],[39.8215,40.7241],[39.7788,40.7093],[39.7696,40.7059],[39.762,40.6983],[39.74,40.6641],[39.7187,40.6408],[39.6931,40.6221]]]}},{"type":"Feature","properties":{"plaka":62},"geometry":{"type":"Polygon","coordinates":[[[39.5345,38.8155],[39.5276,38.8143],[39.5226,38.8075],[39.5201,38.797],[39.5076,38.7892],[39.5101,38.7751],[39.5084,38.77],[39.4808,38.7631],[39.4548,38.7663],[39.4342,38.786],[39.4197,38.7819],[39.3975,38.7694],[39.3903,38.7683],[39.3884,38.7722],[39.3897,38.7888],[39.37,38.8061],[39.3567,38.8119],[39.3052,38.8205],[39.2807,38.8362],[39.2637,38.8546],[39.2512,38.8636],[39.1944,38.8624],[39.1471,38.8731],[39.1255,38.8811],[39.0974,38.8778],[39.0623,38.8904],[39.0071,38.888],[38.9749,38.8939],[38.9309,38.898],[38.8313,38.8847],[38.7999,38.8773],[38.7865,38.8713],[38.7809,38.8776],[38.7624,38.8857],[38.7567,38.891],[38.7545,38.9032],[38.7586,38.9249],[38.7647,38.9395],[38.7738,38.9499],[38.7844,38.9678],[38.7891,38.9812],[38.7792,39.0062],[38.7481,39.0326],[38.7404,39.0742],[38.7441,39.1044],[38.7341,39.1149],[38.7327,39.1317],[38.7298,39.1369],[38.7522,39.1429],[38.763,39.1509],[38.7733,39.1771],[38.7707,39.1846],[38.7603,39.189],[38.7621,39.1978],[38.7833,39.2046],[38.8096,39.2074],[38.8545,39.2066],[38.8747,39.2087],[38.8857,39.2034],[38.8931,39.2055],[38.9069,39.205],[38.9151,39.2088],[38.924,39.2174],[38.9416,39.2262],[38.9459,39.2345],[38.9592,39.2478],[38.9599,39.2525],[38.952,39.2684],[38.9416,39.2764],[38.9016,39.277],[38.888,39.2808],[38.8722,39.2913],[38.8483,39.2967],[38.8215,39.2972],[38.8044,39.3087],[38.7958,39.321],[38.7973,39.3407],[38.8028,39.3462],[38.8288,39.3628],[38.8435,39.3661],[38.8557,39.3656],[38.8673,39.3619],[38.8998,39.3353],[38.9207,39.328],[38.9439,39.3272],[38.9639,39.334],[38.9972,39.3524],[39.0085,39.3739],[39.0297,39.3886],[39.0395,39.4058],[39.068,39.4309],[39.0775,39.4446],[39.09,39.4554],[39.1088,39.4634],[39.1346,39.4669],[39.1595,39.4749],[39.1685,39.4752],[39.1848,39.4689],[39.1977,39.467],[39.2276,39.4683],[39.2437,39.4753],[39.2594,39.477],[39.2748,39.47],[39.2832,39.4696],[39.2892,39.4599],[39.3045,39.4536],[39.3289,39.458],[39.3583,39.4689],[39.3815,39.4808],[39.3944,39.4814],[39.4158,39.4917],[39.4316,39.4945],[39.4513,39.4923],[39.4811,39.5012],[39.5028,39.5046],[39.5221,39.512],[39.5367,39.5147],[39.5441,39.5108],[39.5473,39.5048],[39.547,39.4777],[39.551,39.4607],[39.5576,39.4478],[39.5722,39.4411],[39.5941,39.4395],[39.6168,39.4482],[39.631,39.4488],[39.685,39.4734],[39.7005,39.486],[39.7367,39.5045],[39.7474,39.5169],[39.7763,39.5193],[39.784,39.5254],[39.7871,39.5291],[39.7895,39.5404],[39.7828,39.5641],[39.7814,39.586],[39.791,39.6137],[39.795,39.6169],[39.804,39.6157],[39.8264,39.6041],[39.8369,39.6086],[39.8468,39.607],[39.8488,39.606],[39.8484,39.6018],[39.8578,39.5998],[39.8626,39.5942],[39.8717,39.5937],[39.8737,39.589],[39.8926,39.5886],[39.9001,39.5851],[39.9211,39.5832],[39.9261,39.5801],[39.9566,39.5742],[39.9615,39.5708],[39.9706,39.5716],[39.9882,39.5647],[40.0135,39.5681],[40.0451,39.5558],[40.0503,39.5516],[40.0545,39.5549],[40.0641,39.5504],[40.0838,39.556],[40.1026,39.5564],[40.1047,39.5599],[40.1206,39.5608],[40.1228,39.5641],[40.1331,39.5639],[40.1546,39.578],[40.1737,39.5782],[40.1908,39.5727],[40.2416,39.5857],[40.2551,39.5814],[40.2725,39.5849],[40.2962,39.5841],[40.3241,39.5941],[40.369,39.602],[40.4127,39.603],[40.4208,39.5962],[40.4213,39.586],[40.413,39.5611],[40.4218,39.5297],[40.4103,39.5187],[40.3908,39.5118],[40.3303,39.5132],[40.2902,39.4985],[40.2844,39.4898],[40.2745,39.4811],[40.2741,39.4677],[40.278,39.4582],[40.2947,39.4445],[40.3,39.432],[40.3138,39.4165],[40.3178,39.4088],[40.3084,39.3906],[40.2992,39.3799],[40.2971,39.3701],[40.2918,39.3643],[40.2852,39.3629],[40.2392,39.368],[40.2248,39.3657],[40.2164,39.3614],[40.2107,39.3514],[40.1941,39.3398],[40.1686,39.3396],[40.1468,39.3358],[40.1279,39.3271],[40.1155,39.3033],[40.0875,39.3106],[40.0788,39.3159],[40.057,39.3178],[40.0482,39.3264],[40.0299,39.3283],[40.0196,39.3322],[40.0121,39.3265],[39.9992,39.3259],[39.9952,39.3235],[39.9979,39.3149],[40.0245,39.2956],[40.0261,39.292],[40.0247,39.2826],[40.0017,39.268],[39.9662,39.2655],[39.9505,39.2526],[39.9428,39.2173],[39.9337,39.202],[39.9268,39.1822],[39.9296,39.164],[39.9382,39.1569],[39.9381,39.1471],[39.9417,39.1425],[39.9574,39.1329],[39.9583,39.1225],[39.9537,39.1169],[39.9376,39.1073],[39.9319,39.1102],[39.9186,39.1076],[39.891,39.0882],[39.8694,39.0656],[39.8669,39.0585],[39.8655,39.0506],[39.8749,39.0273],[39.8905,39.0137],[39.9027,39.0065],[39.8886,38.9952],[39.884,38.9824],[39.8868,38.973],[39.8797,38.9642],[39.8679,38.9388],[39.8679,38.9324],[39.8741,38.9238],[39.8731,38.9149],[39.8643,38.906],[39.8444,38.8977],[39.8505,38.8869],[39.8479,38.8816],[39.8281,38.8777],[39.8165,38.8586],[39.8001,38.8589],[39.7985,38.8473],[39.8004,38.8276],[39.7974,38.8222],[39.7867,38.8226],[39.7765,38.8269],[39.7653,38.8406],[39.756,38.8445],[39.7495,38.8428],[39.7328,38.8226],[39.7136,38.8087],[39.6639,38.8091],[39.6336,38.8222],[39.6219,38.8206],[39.6079,38.8141],[39.5889,38.8184],[39.5838,38.8296],[39.58385,38.8298],[39.5717,38.8188],[39.5508,38.8096],[39.5437,38.8095],[39.5345,38.8155]]]}},{"type":"Feature","properties":{"plaka":63},"geometry":{"type":"Polygon","coordinates":[[[38.3404,36.8999],[38.294,36.9077],[38.2639,36.9151],[38.2446,36.9233],[38.2364,36.9222],[38.2143,36.9072],[38.1821,36.9089],[38.1745,36.9116],[38.1668,36.9101],[38.1641,36.9076],[38.1646,36.9019],[38.161,36.8985],[38.1443,36.8936],[38.1329,36.8944],[38.1235,36.8908],[38.1117,36.8805],[38.1038,36.88],[38.098,36.8759],[38.0801,36.8762],[38.0661,36.8635],[38.0562,36.8658],[38.0356,36.8601],[38.029,36.8535],[38.0287,36.8468],[38.0322,36.8382],[38.0269,36.8316],[38.0217,36.8402],[38.0219,36.8472],[38.0259,36.8578],[38.037,36.8685],[38.0352,36.8841],[38.0123,36.9088],[38.0034,36.9336],[38.0009,36.9458],[38.0015,36.9573],[37.9979,36.9644],[37.9831,36.97],[37.9737,36.9768],[37.9681,36.9827],[37.9613,36.9965],[37.9629,37.0078],[37.9703,37.0177],[37.9797,37.0375],[37.9805,37.0479],[37.9735,37.0554],[37.959,37.0553],[37.9383,37.0415],[37.9168,37.0403],[37.8749,37.0614],[37.8661,37.0698],[37.8616,37.0798],[37.867,37.1074],[37.8764,37.1249],[37.8746,37.1408],[37.8482,37.1714],[37.8385,37.1885],[37.8345,37.2037],[37.8382,37.22],[37.8451,37.2244],[37.8521,37.2239],[37.87,37.2119],[37.879,37.2118],[37.8825,37.2154],[37.8785,37.2281],[37.8654,37.2413],[37.8474,37.2506],[37.8398,37.2658],[37.8508,37.2826],[37.8624,37.3152],[37.8669,37.3181],[37.8816,37.3206],[37.8865,37.3245],[37.885,37.3301],[37.8737,37.3351],[37.874,37.3424],[37.9044,37.3599],[37.9333,37.3859],[37.9416,37.4022],[37.9645,37.4158],[37.9732,37.433],[37.9882,37.4396],[38.0083,37.4349],[38.0259,37.441],[38.0352,37.441],[38.0448,37.4384],[38.0594,37.43],[38.0691,37.4311],[38.0787,37.4463],[38.09,37.4478],[38.1001,37.4438],[38.1195,37.427],[38.1476,37.418],[38.1671,37.4201],[38.1714,37.4167],[38.17,37.4098],[38.1768,37.409],[38.1846,37.4122],[38.191,37.4182],[38.1897,37.4358],[38.1924,37.4441],[38.1975,37.4493],[38.2147,37.4517],[38.2309,37.4442],[38.2461,37.4428],[38.2682,37.4719],[38.2739,37.4758],[38.3059,37.4724],[38.3202,37.4829],[38.3312,37.478],[38.344,37.4777],[38.4182,37.4866],[38.4631,37.4895],[38.4874,37.4938],[38.5239,37.5135],[38.5723,37.5578],[38.5987,37.5808],[38.6382,37.6054],[38.6816,37.6251],[38.743,37.6278],[38.7829,37.6383],[38.8254,37.6425],[38.8544,37.6483],[38.8568,37.6538],[38.8537,37.6573],[38.8215,37.6655],[38.8106,37.6722],[38.807,37.6817],[38.8074,37.6888],[38.8127,37.696],[38.8196,37.6976],[38.8594,37.6925],[38.8767,37.6977],[38.8931,37.7086],[38.9142,37.7133],[38.9151,37.7224],[38.9083,37.7293],[38.9065,37.7372],[38.9075,37.7428],[38.9117,37.7477],[38.9256,37.7519],[38.9545,37.7518],[38.9605,37.7544],[38.9627,37.7582],[38.9563,37.7772],[38.9559,37.7975],[38.9523,37.8033],[38.9392,37.8058],[38.9018,37.7944],[38.898,37.7976],[38.9009,37.8052],[38.9203,37.8229],[38.9298,37.8269],[38.9428,37.828],[38.9681,37.8236],[38.9756,37.8262],[38.9777,37.8305],[38.974,37.8595],[38.9883,37.8743],[38.992,37.8836],[38.9884,37.8894],[38.9729,37.8937],[38.9729,37.8976],[38.999,37.9123],[39.0271,37.9162],[39.0359,37.9285],[39.0466,37.9527],[39.0561,37.9622],[39.0587,37.9811],[39.0621,37.9882],[39.0949,38.0107],[39.1201,38.0201],[39.1323,38.0203],[39.1317,38.0118],[39.1346,38.0046],[39.1535,37.9951],[39.1698,37.9971],[39.187,38.0032],[39.2006,38.0003],[39.235,37.9555],[39.2553,37.9454],[39.276,37.9458],[39.3019,37.9596],[39.3251,37.9642],[39.3632,37.9634],[39.3919,37.957],[39.4414,37.93],[39.4739,37.9221],[39.4861,37.9115],[39.5226,37.8878],[39.5289,37.8782],[39.5415,37.8666],[39.561,37.8635],[39.5773,37.8572],[39.5949,37.8415],[39.6552,37.81],[39.6681,37.8068],[39.6839,37.8093],[39.7104,37.8372],[39.7298,37.8495],[39.7555,37.8611],[39.7837,37.8621],[39.7941,37.8605],[39.8042,37.855],[39.8124,37.844],[39.8165,37.82],[39.8065,37.7741],[39.8072,37.7555],[39.8224,37.7355],[39.8276,37.7247],[39.8278,37.687],[39.8332,37.6762],[39.8375,37.65],[39.8368,37.6321],[39.8424,37.6109],[39.8554,37.5876],[39.8685,37.5705],[39.8702,37.5624],[39.8591,37.5336],[39.8669,37.5005],[39.8738,37.4903],[39.9067,37.457],[39.9188,37.4387],[39.9523,37.4137],[39.9488,37.3878],[39.9519,37.381],[39.9625,37.3717],[39.9626,37.368],[39.968,37.3633],[39.9668,37.3544],[39.9688,37.3513],[39.9669,37.3479],[39.979,37.3301],[39.9769,37.3284],[39.9775,37.3225],[39.9842,37.3167],[39.9865,37.3049],[39.9839,37.3005],[39.9871,37.2961],[39.9929,37.2955],[40.0014,37.2771],[40.0086,37.2701],[40.0072,37.2659],[40.011,37.263],[40.0118,37.2578],[40.0043,37.2515],[40.0099,37.2483],[40.0129,37.2317],[40.0198,37.2285],[40.0114,37.2246],[40.0169,37.2178],[40.0229,37.2164],[40.0235,37.2119],[40.0198,37.2071],[40.0198,37.2019],[40.0321,37.1919],[40.0316,37.1862],[40.0444,37.1925],[40.0508,37.1884],[40.0463,37.1821],[40.0473,37.1803],[40.0565,37.1796],[40.0828,37.1669],[40.092,37.1414],[40.0973,37.1354],[40.1094,37.1382],[40.11,37.1353],[40.1068,37.132],[40.1143,37.1273],[40.1174,37.1166],[40.1242,37.117],[40.1274,37.1102],[40.1333,37.1128],[40.1366,37.1106],[40.1352,37.1056],[40.1322,37.104],[40.132,37.0987],[40.1266,37.0935],[40.1282,37.0875],[40.1433,37.0863],[40.1514,37.0796],[40.1495,37.0738],[40.151,37.0704],[40.1604,37.0702],[40.1543,37.0615],[40.1634,37.0546],[40.1578,37.0482],[40.165,37.0394],[40.1575,37.0279],[40.1591,37.0172],[40.1658,37.0077],[40.1828,36.9983],[40.1866,36.994],[40.1855,36.9916],[40.1773,36.9887],[40.1768,36.978],[40.2204,36.964],[40.2372,36.9546],[40.2335,36.9443],[40.2205,36.9409],[40.2137,36.9333],[40.2182,36.9219],[40.2323,36.9161],[40.2351,36.9125],[40.2226,36.9018],[40.197,36.8882],[40.1846,36.878],[40.1458,36.8693],[40.111,36.8673],[40.0614,36.8554],[40.055,36.8441],[40.0311,36.8263],[40.0,36.8225],[39.9324,36.7976],[39.8745,36.7828],[39.8546,36.7762],[39.8375,36.7633],[39.8206,36.7561],[39.7121,36.7502],[39.6407,36.7244],[39.5973,36.7231],[39.4987,36.7019],[39.3632,36.6919],[39.2654,36.6749],[39.2098,36.6689],[39.1283,36.6865],[39.0632,36.7058],[39.0208,36.7106],[38.893,36.7006],[38.744,36.707],[38.7277,36.7127],[38.6917,36.734],[38.6369,36.7782],[38.5961,36.8044],[38.5903,36.8144],[38.5892,36.8253],[38.5836,36.8267],[38.5753,36.8239],[38.5682,36.8255],[38.5585,36.8415],[38.5542,36.8446],[38.3929,36.9016],[38.3404,36.8999]]]}},{"type":"Feature","properties":{"plaka":64},"geometry":{"type":"Polygon","coordinates":[[[29.624,38.3829],[29.6282,38.3656],[29.6286,38.325],[29.6368,38.2963],[29.6431,38.2849],[29.6253,38.269],[29.5729,38.2432],[29.5592,38.2669],[29.5478,38.2731],[29.5262,38.2774],[29.4968,38.276],[29.4852,38.2719],[29.4638,38.2753],[29.4545,38.2807],[29.4432,38.2927],[29.4329,38.2959],[29.4248,38.3081],[29.4125,38.32],[29.3974,38.3242],[29.38,38.3238],[29.361,38.3191],[29.3422,38.311],[29.306,38.3022],[29.2797,38.2883],[29.2602,38.262],[29.2578,38.2546],[29.2494,38.2464],[29.2262,38.238],[29.2139,38.2397],[29.2119,38.2291],[29.2041,38.2246],[29.2106,38.2128],[29.2209,38.211],[29.2227,38.2025],[29.2209,38.191],[29.2131,38.179],[29.208,38.162],[29.2009,38.1652],[29.1865,38.1783],[29.1832,38.1859],[29.1835,38.2031],[29.1812,38.2126],[29.1551,38.2186],[29.1456,38.225],[29.1365,38.2247],[29.1282,38.2284],[29.1249,38.2332],[29.1198,38.2331],[29.1177,38.2408],[29.1018,38.2412],[29.0872,38.2453],[29.0705,38.2423],[29.047,38.229],[29.029,38.227],[29.0223,38.2281],[29.0075,38.2378],[28.9707,38.2312],[28.9553,38.2316],[28.9209,38.2426],[28.8888,38.2415],[28.8775,38.2466],[28.8707,38.2465],[28.8696,38.2515],[28.8609,38.2541],[28.8457,38.2703],[28.8296,38.279],[28.8271,38.2845],[28.8271,38.309],[28.8126,38.3203],[28.8007,38.3218],[28.7976,38.3268],[28.7946,38.3428],[28.7827,38.3509],[28.777,38.3603],[28.7766,38.3658],[28.7811,38.3711],[28.7762,38.3842],[28.7781,38.3976],[28.7874,38.4112],[28.8102,38.4274],[28.8112,38.4365],[28.8168,38.4452],[28.8241,38.4669],[28.8245,38.4704],[28.8108,38.4976],[28.8192,38.5219],[28.8196,38.5343],[28.8138,38.5411],[28.8015,38.5476],[28.8,38.5521],[28.8077,38.5669],[28.8161,38.5764],[28.8262,38.5751],[28.8168,38.5768],[28.8225,38.5827],[28.8193,38.5933],[28.8226,38.6178],[28.8256,38.6228],[28.8333,38.6257],[28.838,38.6322],[28.8432,38.643],[28.8451,38.6579],[28.9078,38.6868],[28.9508,38.6989],[28.9562,38.7067],[29.0035,38.7193],[29.0185,38.7211],[29.0326,38.745],[29.0601,38.763],[29.065,38.7718],[29.0657,38.7797],[29.0773,38.8007],[29.085,38.8043],[29.1012,38.8264],[29.1114,38.8309],[29.1139,38.8397],[29.1209,38.842],[29.1235,38.8486],[29.14,38.8686],[29.1484,38.8702],[29.1523,38.8688],[29.1597,38.8589],[29.1663,38.8448],[29.1757,38.8393],[29.1802,38.841],[29.1855,38.8479],[29.1948,38.8499],[29.206,38.835],[29.2097,38.8332],[29.2234,38.8341],[29.2316,38.8378],[29.2422,38.8369],[29.2457,38.8349],[29.2454,38.8279],[29.2522,38.8219],[29.2528,38.818],[29.2483,38.8137],[29.2316,38.8105],[29.2249,38.7892],[29.2275,38.7823],[29.2436,38.7812],[29.2505,38.7859],[29.258,38.7872],[29.2771,38.7997],[29.3007,38.8008],[29.3216,38.8085],[29.3381,38.8237],[29.3467,38.8252],[29.366,38.8357],[29.3636,38.8501],[29.3711,38.8635],[29.3916,38.8679],[29.3991,38.8764],[29.422,38.8854],[29.4306,38.8857],[29.4513,38.8794],[29.4704,38.864],[29.4767,38.8641],[29.4941,38.8707],[29.521,38.893],[29.552,38.8984],[29.5814,38.8971],[29.5917,38.9005],[29.6146,38.9354],[29.6384,38.9435],[29.6521,38.9516],[29.6609,38.9516],[29.6853,38.9459],[29.7096,38.9348],[29.7304,38.9315],[29.7526,38.9239],[29.7634,38.9237],[29.7833,38.9159],[29.8057,38.9104],[29.8327,38.9057],[29.8496,38.9059],[29.8617,38.8985],[29.8725,38.8947],[29.8966,38.9055],[29.9114,38.9063],[29.9239,38.9111],[29.9314,38.9096],[29.9372,38.9013],[29.9386,38.8877],[29.9565,38.8697],[29.9595,38.8559],[29.957,38.8427],[29.9665,38.8358],[30.0066,38.8241],[30.0132,38.8131],[30.0128,38.7894],[30.0078,38.7636],[29.9949,38.7526],[29.9844,38.747],[29.9638,38.7414],[29.9272,38.7201],[29.9083,38.7126],[29.9004,38.7004],[29.8941,38.6793],[29.9015,38.6464],[29.9022,38.6239],[29.8759,38.6011],[29.8639,38.5938],[29.843,38.5868],[29.8231,38.5595],[29.7619,38.5148],[29.7559,38.5077],[29.7433,38.487],[29.7473,38.478],[29.7465,38.4548],[29.722,38.4504],[29.6665,38.4275],[29.6186,38.4138],[29.6136,38.4089],[29.6119,38.4007],[29.624,38.3829]]]}},{"type":"Feature","properties":{"plaka":65},"geometry":{"type":"Polygon","coordinates":[[[43.3339,37.7368],[43.2983,37.7426],[43.2682,37.741],[43.2323,37.7347],[43.2033,37.7344],[43.1708,37.7362],[43.1312,37.7487],[43.0532,37.7466],[42.9988,37.7534],[42.9714,37.7534],[42.9553,37.7568],[42.9473,37.7596],[42.9315,37.7758],[42.9193,37.7829],[42.8871,37.7843],[42.8603,37.7985],[42.8461,37.8181],[42.8357,37.8407],[42.8296,37.8716],[42.8234,37.8817],[42.8042,37.9075],[42.7776,37.9329],[42.7655,37.9416],[42.7617,37.9496],[42.7643,37.969],[42.7593,37.987],[42.7378,38.0044],[42.7204,38.0132],[42.7051,38.0162],[42.6975,38.0149],[42.6542,37.9997],[42.6568,38.0212],[42.6635,38.0297],[42.6736,38.0365],[42.6777,38.053],[42.6906,38.0863],[42.6847,38.093],[42.6658,38.1057],[42.6654,38.123],[42.6731,38.1444],[42.6882,38.1526],[42.7042,38.1821],[42.7312,38.1886],[42.7332,38.2015],[42.7398,38.2161],[42.7364,38.2236],[42.7206,38.2336],[42.7034,38.2555],[42.6908,38.2556],[42.6877,38.2577],[42.6751,38.2877],[42.6825,38.3109],[42.7182,38.3302],[42.7508,38.3432],[42.7652,38.3792],[42.7774,38.3945],[42.777,38.4107],[42.7684,38.4237],[42.7591,38.4603],[42.7573,38.5158],[42.7618,38.5526],[42.786,38.5938],[42.847,38.6225],[42.9111,38.6472],[43.0075,38.6844],[43.0639,38.7131],[43.124,38.7516],[43.2074,38.8153],[43.2343,38.8439],[43.2432,38.8646],[43.2459,38.8852],[43.2423,38.8968],[43.2307,38.9085],[43.2172,38.9148],[43.1921,38.9192],[43.1715,38.9201],[43.1267,38.9139],[43.0908,38.9139],[43.074,38.9202],[43.0633,38.937],[43.0591,38.9595],[43.0461,38.9898],[43.0274,39.0115],[43.0101,39.0228],[43.0138,39.0287],[43.0117,39.0421],[42.9943,39.0622],[42.9934,39.0729],[42.9962,39.0812],[43.0186,39.1006],[43.0257,39.1046],[43.0459,39.1089],[43.0589,39.1158],[43.0826,39.1333],[43.1004,39.1506],[43.1456,39.1747],[43.1531,39.1867],[43.1558,39.193],[43.154,39.2027],[43.1618,39.2157],[43.1613,39.2325],[43.1675,39.2433],[43.1683,39.2495],[43.1492,39.2791],[43.1262,39.3021],[43.1196,39.3127],[43.1173,39.326],[43.1177,39.3342],[43.1203,39.3378],[43.1474,39.3511],[43.1572,39.3499],[43.1852,39.3383],[43.2053,39.3415],[43.2401,39.3547],[43.2549,39.3666],[43.2826,39.3811],[43.3204,39.3773],[43.3752,39.3816],[43.3893,39.3761],[43.4086,39.3618],[43.4302,39.353],[43.4519,39.338],[43.4805,39.3287],[43.503,39.3176],[43.5314,39.2931],[43.5513,39.2859],[43.587,39.262],[43.6054,39.2395],[43.6133,39.2334],[43.6505,39.212],[43.654,39.1999],[43.6995,39.1917],[43.7258,39.1939],[43.7343,39.1961],[43.7451,39.2059],[43.7592,39.2461],[43.7773,39.2599],[43.7812,39.2657],[43.7823,39.2811],[43.775,39.3029],[43.7737,39.3336],[43.7692,39.3646],[43.7716,39.3696],[43.7826,39.3794],[43.8071,39.386],[43.8201,39.3832],[43.8322,39.3774],[43.8526,39.3605],[43.8662,39.3545],[43.9186,39.3647],[43.9513,39.3658],[43.9959,39.3608],[44.0385,39.3502],[44.06,39.351],[44.0564,39.3464],[44.0575,39.3431],[44.0621,39.3432],[44.0653,39.3391],[44.0723,39.3367],[44.0779,39.3282],[44.077,39.3265],[44.08,39.3252],[44.0776,39.3192],[44.0795,39.3138],[44.0768,39.308],[44.0814,39.294],[44.0916,39.29],[44.0982,39.2902],[44.1084,39.2836],[44.0991,39.2755],[44.0941,39.2761],[44.0918,39.2707],[44.0929,39.263],[44.0829,39.255],[44.0858,39.2548],[44.0844,39.2522],[44.0868,39.2495],[44.0851,39.2482],[44.1032,39.2426],[44.1015,39.2316],[44.093,39.2166],[44.0987,39.2107],[44.0966,39.2036],[44.1096,39.1996],[44.1144,39.1889],[44.1329,39.1821],[44.1444,39.1855],[44.1497,39.1812],[44.1666,39.1776],[44.186,39.1626],[44.1842,39.1604],[44.1892,39.1597],[44.19,39.1567],[44.1862,39.1543],[44.1945,39.1505],[44.2021,39.1388],[44.2081,39.1366],[44.2134,39.1308],[44.2078,39.1137],[44.2181,39.1064],[44.224,39.0941],[44.221,39.0907],[44.2121,39.0875],[44.2055,39.0896],[44.1997,39.0869],[44.1926,39.0805],[44.1904,39.0748],[44.1971,39.0615],[44.2003,39.0623],[44.2058,39.0547],[44.202,39.0531],[44.1995,39.0468],[44.1963,39.0475],[44.1954,39.0423],[44.2002,39.0374],[44.2027,39.0301],[44.2118,39.0207],[44.1914,39.0092],[44.1889,39.0116],[44.1798,39.0104],[44.1768,39.002],[44.1735,39.0001],[44.1762,38.9989],[44.1715,38.9917],[44.1735,38.9879],[44.189,38.9804],[44.1899,38.9746],[44.1863,38.9709],[44.1884,38.9674],[44.1823,38.9612],[44.1829,38.9549],[44.201,38.9492],[44.1966,38.9407],[44.1892,38.9355],[44.1968,38.9301],[44.1969,38.9244],[44.1995,38.9219],[44.2109,38.9227],[44.2196,38.9164],[44.2212,38.9044],[44.2098,38.8975],[44.2101,38.8922],[44.2172,38.8834],[44.2263,38.883],[44.2334,38.8792],[44.2359,38.8748],[44.2394,38.8743],[44.2402,38.8714],[44.2458,38.8702],[44.2415,38.858],[44.2456,38.8506],[44.251,38.8507],[44.2571,38.8467],[44.2678,38.8528],[44.2784,38.8542],[44.2836,38.8474],[44.3011,38.8405],[44.3011,38.8351],[44.295,38.8313],[44.2977,38.83],[44.294,38.8264],[44.3025,38.8238],[44.315,38.8068],[44.3029,38.8043],[44.3004,38.7912],[44.2873,38.7845],[44.2917,38.7758],[44.2893,38.7705],[44.293,38.7642],[44.2877,38.758],[44.2885,38.755],[44.2773,38.7461],[44.2767,38.7416],[44.2806,38.7356],[44.2792,38.7333],[44.2745,38.7263],[44.2697,38.7256],[44.2694,38.7217],[44.2631,38.7227],[44.2638,38.719],[44.2561,38.7197],[44.2535,38.7175],[44.2613,38.7142],[44.2614,38.7041],[44.271,38.7026],[44.2698,38.6965],[44.274,38.6883],[44.2705,38.6839],[44.283,38.6755],[44.2795,38.6672],[44.283,38.6623],[44.2789,38.66],[44.279,38.6568],[44.2717,38.6544],[44.2691,38.6498],[44.2732,38.645],[44.282,38.6407],[44.2915,38.6402],[44.3072,38.635],[44.321,38.6241],[44.3226,38.6162],[44.3216,38.6089],[44.317,38.6074],[44.3204,38.6008],[44.3175,38.5983],[44.3216,38.5936],[44.3229,38.5889],[44.321,38.5858],[44.3252,38.5771],[44.3167,38.5741],[44.3169,38.5695],[44.3115,38.5595],[44.3177,38.5515],[44.3124,38.5448],[44.3137,38.5418],[44.3092,38.5298],[44.3138,38.5236],[44.3135,38.5152],[44.3211,38.5114],[44.3217,38.5053],[44.3255,38.5027],[44.3198,38.4948],[44.3246,38.484],[44.3127,38.4769],[44.3132,38.4661],[44.3084,38.4577],[44.3105,38.4541],[44.3088,38.4511],[44.3014,38.4477],[44.3051,38.441],[44.3122,38.437],[44.3127,38.434],[44.3175,38.4328],[44.3156,38.4194],[44.3182,38.4172],[44.3193,38.4084],[44.3131,38.404],[44.3108,38.3951],[44.3005,38.3947],[44.3112,38.3815],[44.3171,38.3736],[44.3293,38.3689],[44.336,38.3694],[44.341,38.3726],[44.3505,38.3694],[44.3558,38.375],[44.3623,38.3751],[44.3646,38.3697],[44.3682,38.3689],[44.3754,38.3599],[44.3813,38.3579],[44.3894,38.3641],[44.399,38.3673],[44.4094,38.3672],[44.4133,38.3708],[44.4274,38.375],[44.4355,38.382],[44.45,38.3857],[44.45,38.3813],[44.4626,38.3642],[44.4617,38.3596],[44.4722,38.3563],[44.4912,38.3577],[44.4905,38.3556],[44.4998,38.3495],[44.4913,38.346],[44.4965,38.3441],[44.5069,38.3462],[44.512,38.3408],[44.5102,38.3347],[44.4973,38.3331],[44.4996,38.3228],[44.4968,38.3188],[44.4987,38.3118],[44.4958,38.3055],[44.4906,38.3025],[44.4771,38.3016],[44.4739,38.295],[44.4686,38.2945],[44.4613,38.2899],[44.4566,38.2834],[44.4495,38.2822],[44.4333,38.2687],[44.4229,38.2681],[44.4151,38.2631],[44.4136,38.2584],[44.4073,38.2531],[44.4028,38.2525],[44.4022,38.2465],[44.3967,38.2398],[44.4059,38.2323],[44.4107,38.221],[44.4068,38.2149],[44.4062,38.2046],[44.3991,38.2004],[44.401,38.1938],[44.3984,38.191],[44.3993,38.177],[44.3912,38.1666],[44.3942,38.1606],[44.3889,38.1454],[44.3799,38.1385],[44.3709,38.1388],[44.3701,38.1364],[44.3635,38.1345],[44.3504,38.1341],[44.3505,38.1299],[44.3595,38.1226],[44.3588,38.1138],[44.367,38.1041],[44.3596,38.1014],[44.3535,38.1044],[44.3479,38.1037],[44.3472,38.1018],[44.3344,38.0981],[44.3283,38.1001],[44.3311,38.0916],[44.3279,38.0833],[44.3287,38.0789],[44.3239,38.0776],[44.3204,38.0797],[44.3179,38.0753],[44.3118,38.0728],[44.3115,38.0688],[44.3171,38.0687],[44.3198,38.0636],[44.3021,38.0549],[44.307,38.0516],[44.3061,38.0478],[44.3087,38.0435],[44.2977,38.0293],[44.2918,38.0272],[44.2865,38.0208],[44.2792,38.0208],[44.2745,38.0163],[44.2743,38.012],[44.2708,38.0106],[44.2667,37.9992],[44.2698,37.9934],[44.2616,37.9876],[44.2608,37.9829],[44.2542,37.9781],[44.2488,37.9683],[44.2442,37.9642],[44.2408,37.9642],[44.2408,37.9562],[44.2485,37.9491],[44.2516,37.9414],[44.2462,37.9357],[44.2464,37.9311],[44.2426,37.927],[44.2344,37.9255],[44.2346,37.919],[44.2294,37.9162],[44.2308,37.9112],[44.2258,37.9058],[44.2332,37.8996],[44.2229,37.8876],[44.2329,37.8833],[44.2356,37.8847],[44.2451,37.8745],[44.2504,37.8747],[44.2586,37.869],[44.267,37.8668],[44.2808,37.8724],[44.2863,37.8724],[44.2931,37.8655],[44.2963,37.8651],[44.3103,37.8693],[44.3187,37.877],[44.332,37.8753],[44.336,37.8697],[44.3584,37.8624],[44.3664,37.8617],[44.3701,37.8641],[44.389,37.8621],[44.4065,37.8464],[44.4044,37.8397],[44.3969,37.8373],[44.3923,37.8291],[44.3967,37.8192],[44.406,37.8187],[44.4141,37.8152],[44.4159,37.8089],[44.4254,37.798],[44.4347,37.7991],[44.4488,37.8051],[44.4474,37.7954],[44.4498,37.7845],[44.4435,37.7747],[44.4459,37.7707],[44.4343,37.767],[44.4213,37.7697],[44.3872,37.7709],[44.348,37.7839],[44.3081,37.7791],[44.2912,37.7737],[44.2652,37.7609],[44.2444,37.7423],[44.2363,37.7394],[44.2103,37.732],[44.1613,37.7322],[44.1417,37.7381],[44.1242,37.7565],[44.0974,37.7609],[44.0838,37.7542],[44.0838,37.7637],[44.0907,37.7774],[44.0886,37.796],[44.0591,37.7991],[44.0323,37.8062],[44.0208,37.8046],[43.9945,37.7956],[43.9746,37.7925],[43.9284,37.7739],[43.8981,37.7687],[43.8619,37.7675],[43.8263,37.7705],[43.73,37.7591],[43.7074,37.762],[43.6772,37.7641],[43.6369,37.7745],[43.5947,37.7539],[43.5747,37.7398],[43.5642,37.7355],[43.5365,37.733],[43.4939,37.738],[43.4233,37.7551],[43.4034,37.7579],[43.3814,37.7562],[43.3469,37.74],[43.3339,37.7368]]]}},{"type":"Feature","properties":{"plaka":66},"geometry":{"type":"Polygon","coordinates":[[[35.2838,38.9752],[35.2639,38.9774],[35.248,38.9822],[35.2112,38.9984],[35.1805,39.0172],[35.1622,39.0235],[35.0924,39.0254],[35.0701,39.0191],[35.0597,39.0108],[35.0466,39.0211],[35.0434,39.0274],[35.0442,39.048],[35.0383,39.0599],[35.0297,39.0679],[35.0188,39.0679],[35.018,39.0772],[35.0064,39.0845],[35.0118,39.0978],[35.0106,39.1143],[34.9922,39.1277],[34.9616,39.1421],[34.9371,39.1658],[34.9379,39.1702],[34.959,39.1849],[34.9697,39.2216],[34.9661,39.2454],[34.9559,39.2476],[34.9514,39.2597],[34.9475,39.2623],[34.9423,39.2625],[34.9339,39.2572],[34.9277,39.2565],[34.9256,39.2821],[34.9205,39.2915],[34.9124,39.2983],[34.8982,39.3027],[34.8762,39.304],[34.8513,39.3087],[34.8261,39.3171],[34.7886,39.3346],[34.7254,39.3481],[34.7103,39.369],[34.6659,39.3911],[34.6434,39.4129],[34.6208,39.412],[34.6177,39.4221],[34.602,39.4446],[34.5936,39.4518],[34.5576,39.4706],[34.5296,39.4818],[34.5223,39.4871],[34.5155,39.5007],[34.5154,39.5099],[34.5216,39.5353],[34.5289,39.5549],[34.5409,39.577],[34.5395,39.5825],[34.5224,39.5971],[34.4657,39.6154],[34.4614,39.6239],[34.4639,39.6316],[34.4532,39.6337],[34.4527,39.6364],[34.4551,39.6424],[34.4692,39.6509],[34.4678,39.6697],[34.4541,39.6738],[34.4275,39.6766],[34.3265,39.7034],[34.248,39.729],[34.2224,39.7464],[34.2112,39.7602],[34.1877,39.7773],[34.1768,39.7914],[34.1484,39.7893],[34.1155,39.7932],[34.0895,39.8023],[34.0714,39.8126],[34.0657,39.8245],[34.0649,39.8496],[34.0762,39.8588],[34.0778,39.8748],[34.0718,39.8957],[34.0722,39.8999],[34.0812,39.9114],[34.1029,39.9142],[34.1447,39.9135],[34.1805,39.9239],[34.2062,39.919],[34.2202,39.9228],[34.2337,39.9211],[34.2516,39.9319],[34.2735,39.9372],[34.297,39.9356],[34.3214,39.9378],[34.3498,39.9545],[34.3559,39.9649],[34.3744,39.9805],[34.4149,39.9987],[34.4308,40.002],[34.4812,39.9891],[34.5029,39.9871],[34.5338,39.974],[34.5556,39.9605],[34.5786,39.9527],[34.5895,39.9495],[34.6177,39.9481],[34.6313,39.9563],[34.641,39.9656],[34.6519,39.9883],[34.6495,40.0042],[34.6672,40.0229],[34.6718,40.0246],[34.7401,40.0176],[34.7739,40.0059],[34.7933,40.0055],[34.8348,40.0165],[34.8523,40.028],[34.8674,40.0432],[34.8743,40.046],[34.8836,40.0454],[34.8964,40.0372],[34.8981,40.0109],[34.9038,40.0013],[34.91,39.9981],[34.9148,39.9976],[34.9409,40.0058],[34.9569,40.007],[34.9708,40.0052],[34.981,40.0011],[35.0359,40.0023],[35.0407,40.0031],[35.0483,40.009],[35.0879,40.0223],[35.1125,40.0262],[35.1298,40.024],[35.149,40.0254],[35.1665,40.031],[35.1737,40.0404],[35.1731,40.0504],[35.1315,40.1017],[35.1315,40.1119],[35.1666,40.1365],[35.2038,40.1443],[35.2069,40.1468],[35.2078,40.1517],[35.2072,40.1553],[35.1988,40.1597],[35.1807,40.1579],[35.1635,40.1599],[35.1515,40.17],[35.1458,40.1996],[35.1485,40.2197],[35.1545,40.2259],[35.1628,40.2294],[35.1754,40.2279],[35.2109,40.2045],[35.2234,40.1984],[35.2387,40.1945],[35.2427,40.1949],[35.2976,40.2282],[35.3302,40.2438],[35.3699,40.2546],[35.3865,40.2467],[35.4169,40.2444],[35.451,40.2338],[35.4484,40.2287],[35.4493,40.226],[35.4705,40.2138],[35.4897,40.1969],[35.4995,40.1797],[35.4991,40.1433],[35.5087,40.1321],[35.5243,40.1281],[35.5601,40.1244],[35.5924,40.112],[35.61,40.1106],[35.6294,40.1155],[35.6364,40.115],[35.6674,40.1067],[35.6822,40.0824],[35.6902,40.0821],[35.7114,40.087],[35.7328,40.0902],[35.7415,40.0959],[35.7724,40.0972],[35.7987,40.1035],[35.8236,40.0957],[35.8374,40.0962],[35.8603,40.1074],[35.8757,40.1087],[35.8917,40.1022],[35.9307,40.1028],[35.9504,40.0954],[35.9623,40.0866],[35.9653,40.079],[35.9655,40.0622],[35.9434,40.0448],[35.9414,40.0299],[35.9538,39.9968],[35.9751,39.9792],[35.9941,39.9548],[36.0022,39.9156],[36.022,39.8843],[36.0388,39.8676],[36.075,39.8554],[36.0863,39.8458],[36.0862,39.8326],[36.0819,39.8213],[36.0611,39.8117],[36.0416,39.7955],[36.0478,39.7677],[36.0556,39.7625],[36.0852,39.7533],[36.1029,39.7434],[36.1197,39.7305],[36.1384,39.7267],[36.1489,39.7206],[36.1533,39.7152],[36.1534,39.7086],[36.1463,39.7013],[36.1451,39.696],[36.1556,39.6802],[36.1473,39.6663],[36.1497,39.6517],[36.1584,39.6414],[36.1587,39.6331],[36.153,39.6067],[36.1385,39.5887],[36.1404,39.5509],[36.1264,39.5415],[36.1076,39.522],[36.1038,39.515],[36.0869,39.5027],[36.0813,39.4898],[36.0628,39.4754],[36.0531,39.4561],[36.0452,39.448],[36.039,39.436],[36.0311,39.4312],[36.021,39.4317],[36.0127,39.4349],[36.0039,39.4421],[35.989,39.4441],[35.9639,39.4585],[35.934,39.4627],[35.9144,39.4612],[35.906,39.4527],[35.8968,39.425],[35.8993,39.3936],[35.8893,39.3709],[35.8909,39.3591],[35.8882,39.3423],[35.8593,39.3185],[35.8523,39.3071],[35.8368,39.3099],[35.8299,39.3065],[35.8162,39.2946],[35.8076,39.2781],[35.7931,39.2723],[35.772,39.2563],[35.7588,39.2501],[35.75,39.2413],[35.748,39.2332],[35.7448,39.2311],[35.7158,39.223],[35.6801,39.2019],[35.6357,39.1912],[35.611,39.188],[35.5272,39.189],[35.4995,39.1949],[35.4927,39.1926],[35.4666,39.1726],[35.4558,39.1547],[35.4435,39.1262],[35.4444,39.1146],[35.4576,39.0909],[35.4569,39.0752],[35.4532,39.0699],[35.4373,39.0597],[35.4136,39.0389],[35.4061,39.0266],[35.388,39.0157],[35.3684,38.9919],[35.3578,38.9542],[35.3461,38.9548],[35.3263,38.9593],[35.2838,38.9752]]]}},{"type":"Feature","properties":{"plaka":67},"geometry":{"type":"Polygon","coordinates":[[[31.3474,41.1584],[31.3846,41.1839],[31.3836,41.1874],[31.386,41.1921],[31.4004,41.2027],[31.408,41.2105],[31.4101,41.2173],[31.409,41.2203],[31.4023,41.2231],[31.4001,41.2303],[31.4032,41.2302],[31.3995,41.231],[31.3985,41.2346],[31.3984,41.239],[31.3996,41.2337],[31.4002,41.2363],[31.4039,41.2367],[31.4042,41.2403],[31.39952,41.24248],[31.4092,41.2488],[31.4026,41.2487],[31.4064,41.2534],[31.403,41.2555],[31.4064,41.2637],[31.4029,41.2732],[31.4069,41.2635],[31.4131,41.2655],[31.4104,41.271],[31.4142,41.2643],[31.4178,41.2624],[31.4195,41.2676],[31.4145,41.2688],[31.4209,41.2694],[31.4208,41.277],[31.4135,41.2835],[31.4116,41.2817],[31.4134,41.281],[31.4085,41.2821],[31.412,41.2846],[31.4093,41.2884],[31.4062,41.2896],[31.3994,41.2871],[31.4014,41.2849],[31.4009,41.2804],[31.399,41.2875],[31.3954,41.2873],[31.3914,41.2949],[31.394,41.3002],[31.3925,41.3058],[31.3978,41.3103],[31.3966,41.3133],[31.4036,41.3171],[31.4118,41.3141],[31.4222,41.3157],[31.4375,41.3272],[31.4468,41.3276],[31.4549,41.3313],[31.468,41.3293],[31.4766,41.3426],[31.4941,41.3547],[31.5087,41.3572],[31.5352,41.3669],[31.5443,41.3665],[31.5812,41.3767],[31.5905,41.3757],[31.5954,41.3816],[31.6096,41.3809],[31.6233,41.3849],[31.647,41.4036],[31.6566,41.4036],[31.6697,41.4096],[31.6867,41.4118],[31.7045,41.4218],[31.7185,41.4256],[31.7316,41.4362],[31.7456,41.4417],[31.7527,41.4492],[31.7558,41.4547],[31.759,41.4555],[31.7766,41.4539],[31.7812,41.4572],[31.7885,41.453],[31.7874,41.4612],[31.78555,41.46064],[31.7881,41.4654],[31.7999,41.4676],[31.799,41.4697],[31.8029,41.4714],[31.8016,41.4737],[31.8144,41.4762],[31.823,41.4822],[31.8316,41.4855],[31.8331,41.4926],[31.8412,41.4994],[31.8684,41.5135],[31.8911,41.5169],[31.9311,41.5336],[31.9516,41.5371],[31.964,41.5433],[31.9971,41.549],[32.00758,41.5537],[32.0402,41.5786],[32.0629,41.5852],[32.089,41.5888],[32.1235,41.5958],[32.1483,41.6059],[32.1833,41.6369],[32.1781,41.6428],[32.181,41.6455],[32.1943,41.6492],[32.214,41.6608],[32.2248,41.6701],[32.2287,41.6767],[32.2259,41.684],[32.2336,41.6833],[32.2377,41.68],[32.2341,41.6837],[32.224,41.6848],[32.2261,41.6865],[32.2375,41.6835],[32.23091,41.68871],[32.2349,41.6893],[32.2505,41.6953],[32.2586,41.7036],[32.2641,41.7051],[32.2652,41.7088],[32.2694,41.7089],[32.2841,41.7203],[32.2953,41.7223],[32.3013,41.7225],[32.3043,41.7255],[32.3111,41.7228],[32.3219,41.725],[32.3276,41.7233],[32.3279,41.7204],[32.3387,41.7251],[32.3344,41.7228],[32.3404,41.723],[32.3433,41.7256],[32.3395,41.7318],[32.3468,41.7328],[32.3478,41.7359],[32.3556,41.7337],[32.3618,41.7353],[32.3644,41.7374],[32.365,41.7442],[32.3714,41.7459],[32.3736,41.7437],[32.3782,41.7477],[32.385,41.7479],[32.3846,41.7504],[32.3802,41.7512],[32.3839,41.754],[32.3848,41.7502],[32.3983,41.7478],[32.3881,41.7488],[32.3887,41.7446],[32.3934,41.7456],[32.3904,41.7426],[32.3959,41.7427],[32.3957,41.7455],[32.3964,41.7424],[32.4047,41.7384],[32.416,41.7393],[32.4207,41.7454],[32.4243,41.7562],[32.429,41.7587],[32.4313,41.763],[32.4539,41.7758],[32.4645,41.7736],[32.4747,41.779],[32.4791,41.779],[32.4782,41.7809],[32.485,41.7815],[32.4852,41.785],[32.5005,41.7941],[32.4992,41.8016],[32.5016,41.8022],[32.5035,41.7986],[32.5037,41.8013],[32.5096,41.8018],[32.509,41.8049],[32.5183,41.8047],[32.5215,41.807],[32.5222,41.8047],[32.5241,41.8075],[32.527,41.8065],[32.5371,41.8101],[32.5448,41.8062],[32.5473,41.8105],[32.5534,41.8117],[32.55832,41.81038],[32.5583,41.8111],[32.5613,41.8097],[32.5734,41.812],[32.5778,41.8168],[32.5774,41.826],[32.5818,41.8275],[32.6159,41.8315],[32.6203,41.828],[32.6218,41.8308],[32.6259,41.8316],[32.6437,41.832],[32.6513,41.8294],[32.6652,41.8289],[32.6667,41.8319],[32.6723,41.8321],[32.6694,41.8307],[32.677,41.8303],[32.6808,41.8315],[32.6846,41.8368],[32.7086,41.838],[32.7161,41.8482],[32.7262,41.8482],[32.7211,41.8456],[32.7251,41.8468],[32.7253,41.8447],[32.7376,41.8493],[32.7571,41.8482],[32.7521,41.8442],[32.7551,41.8388],[32.7515,41.8374],[32.7514,41.834],[32.747,41.8297],[32.7505,41.8274],[32.7542,41.8127],[32.7691,41.7999],[32.7691,41.7846],[32.7753,41.7782],[32.7913,41.7827],[32.8078,41.7785],[32.8217,41.772],[32.8386,41.7533],[32.8483,41.7375],[32.8634,41.7338],[32.8802,41.739],[32.8841,41.7372],[32.8926,41.7387],[32.8977,41.7439],[32.9178,41.7519],[32.9245,41.7428],[32.9329,41.7381],[32.9345,41.7323],[32.9254,41.7003],[32.9055,41.6674],[32.897,41.6588],[32.8954,41.6225],[32.8692,41.5936],[32.8559,41.5836],[32.8473,41.5717],[32.84458,41.5709],[32.8569,41.5718],[32.8861,41.5623],[32.9156,41.5612],[32.9358,41.5682],[32.9455,41.5735],[32.9513,41.5803],[32.9595,41.583],[32.9793,41.5803],[32.9878,41.5734],[33.001,41.5685],[33.0265,41.575],[33.057,41.5711],[33.0643,41.5605],[33.0653,41.554],[33.0673,41.526],[33.0621,41.5104],[33.0631,41.5021],[33.0718,41.4921],[33.0782,41.4878],[33.09,41.4847],[33.0931,41.4811],[33.1038,41.453],[33.1223,41.4425],[33.1534,41.433],[33.1564,41.4298],[33.158,41.4207],[33.1525,41.4069],[33.1518,41.3968],[33.1473,41.3878],[33.1376,41.378],[33.1079,41.3805],[33.0964,41.3752],[33.1043,41.3379],[33.097,41.3265],[33.0922,41.3231],[33.072,41.3161],[33.0457,41.3209],[33.0355,41.3129],[33.0145,41.3031],[32.9901,41.2875],[32.9572,41.28],[32.94179,41.28361],[32.9533,41.2796],[32.9342,41.273],[32.9285,41.2619],[32.9231,41.205],[32.9406,41.1807],[32.9617,41.1687],[32.9831,41.1641],[32.9851,41.1462],[32.9756,41.1492],[32.9631,41.1471],[32.9473,41.1566],[32.9305,41.1584],[32.9143,41.1545],[32.9059,41.142],[32.8927,41.1373],[32.8784,41.1368],[32.8636,41.1411],[32.8274,41.1312],[32.8111,41.1341],[32.798,41.1326],[32.7885,41.1287],[32.78396,41.12949],[32.7926,41.1268],[32.8055,41.1078],[32.8077,41.0962],[32.814,41.0851],[32.8109,41.0734],[32.804,41.0625],[32.8047,41.0501],[32.81,41.0452],[32.8235,41.0408],[32.8262,41.0368],[32.8247,41.0319],[32.8147,41.0219],[32.8128,41.0116],[32.8021,40.9936],[32.7871,40.9997],[32.7694,40.9999],[32.7586,41.003],[32.7279,41.0163],[32.715,41.0249],[32.6726,41.0306],[32.6525,41.028],[32.6306,41.0129],[32.6115,41.0121],[32.5666,41.0433],[32.5442,41.0534],[32.4094,41.0514],[32.3868,41.0415],[32.3455,41.0401],[32.2957,41.0448],[32.2889,41.0428],[32.2783,41.0318],[32.245,41.0329],[32.2229,41.0211],[32.1989,41.0132],[32.1768,41.0127],[32.1536,41.0162],[32.1412,41.013],[32.1392,41.0111],[32.1348,41.009],[32.0891,41.0096],[32.0632,41.014],[32.0455,41.0218],[32.0106,41.0271],[31.998,41.032],[31.9438,41.0231],[31.9261,41.0155],[31.8817,41.005],[31.8589,41.0042],[31.8574,41.0062],[31.8484,41.0058],[31.8447,41.008],[31.8231,41.0066],[31.8167,41.0097],[31.7777,41.0151],[31.7698,41.0191],[31.725,41.0299],[31.6391,41.0361],[31.5586,41.035],[31.5151,41.0312],[31.4947,41.0199],[31.4819,41.0199],[31.4674,41.0292],[31.4572,41.0449],[31.4439,41.0537],[31.4269,41.0602],[31.3809,41.0668],[31.3651,41.0759],[31.3511,41.0885],[31.3368,41.0908],[31.3017,41.0903],[31.2889,41.0977],[31.2779,41.1149],[31.2998,41.1193],[31.3343,41.1348],[31.3454,41.1471],[31.344,41.1483],[31.3474,41.1584]]]}}]}