guncel_geomId,guncel_il,guncel_ilce,kurulus_tarihi,kurulus_kanunu,plaka_secim,il_secim,ilce_secim,geomId_secim,yontem,guven,kaynak,not
TR-D-01-001,Adana,Aladağ,1987-07-04,3392,1,Adana,Karaisalı,HISTK-01-006-bb0ee2,tarihsel_birlesim,kesin,3392 sayılı Kanun ek (1) sayılı liste (RG 1987-07-04),Kuruluşta bütün birimleri Karaisalı ilçesinden
TR-D-01-002,Adana,Ceyhan,,,1,Adana,Ceyhan,TR-D-01-002,kendi_satiri,kesin,data/normalized/elections/yerel/1968yerel.json,
TR-D-01-003,Adana,Çukurova,2008-03-22,5747,1,Adana,Merkez,HISTK-HIST-Adana-Merkez-a2f73c,en_buyuk_pay,kaba,5747 sayılı Kanun ek (2) sayılı liste,"Ek liste birimleri: Seyhan 14, Karaisalı 10; seçimdeki ilçelere göre %58 Merkez, %42 Karaisalı"
TR-D-01-004,Adana,Feke,,,1,Adana,Feke,TR-D-01-004,kendi_satiri,kesin,data/normalized/elections/yerel/1968yerel.json,
TR-D-01-005,Adana,İmamoğlu,1987-07-04,3392,1,Adana,Kozan,HISTK-01-008-d4a6bb,tarihsel_birlesim,kesin,3392 sayılı Kanun ek (2) sayılı liste (RG 1987-07-04),Kuruluşta bütün birimleri Kozan ilçesinden
TR-D-01-006,Adana,Karaisalı,,,1,Adana,Karaisalı,HISTK-01-006-bb0ee2,tarihsel_birlesim,kesin,"geo/historical/district_splits.json (TR-D-01-006, repoda doğrulanmış birleşim)",Seçim satırı Karaisalı poligonu: TR-D-01-006
TR-D-01-007,Adana,Karataş,1957-09-01,7033,1,Adana,Karataş,TR-D-01-007,kendi_satiri,kesin,data/normalized/elections/yerel/1968yerel.json,
TR-D-01-008,Adana,Kozan,1926-06-26,877,1,Adana,Kozan,HISTK-01-008-d4a6bb,tarihsel_birlesim,kesin,"geo/historical/district_splits.json (TR-D-01-008, repoda doğrulanmış birleşim)",Seçim satırı Kozan poligonu: TR-D-01-008
TR-D-01-009,Adana,Pozantı,1954-06-01,6324,1,Adana,Pozantı,TR-D-01-009,kendi_satiri,kesin,data/normalized/elections/yerel/1968yerel.json,
TR-D-01-010,Adana,Saimbeyli,,,1,Adana,Saimbeyli,TR-D-01-010,kendi_satiri,kesin,data/normalized/elections/yerel/1968yerel.json,
TR-D-01-011,Adana,Sarıçam,2008-03-22,5747,1,Adana,Merkez,HISTK-HIST-Adana-Merkez-a2f73c,tarihsel_birlesim,kesin,5747 sayılı Kanun ek (1) sayılı liste (RG 2008-03-22),Kuruluşta bütün birimleri Yüreğir ilçesinden
TR-D-01-012,Adana,Seyhan,1986-06-19,3306,1,Adana,Merkez,HISTK-HIST-Adana-Merkez-a2f73c,tarihsel_birlesim,kesin,"geo/historical/district_splits.json (HIST-Adana-Merkez, repoda doğrulanmış birleşim)",Seçim satırı Merkez poligonu: HIST-Adana-Merkez
TR-D-01-013,Adana,Tufanbeyli,1958-04-01,7033,1,Adana,Tufanbeyli,TR-D-01-013,kendi_satiri,kesin,data/normalized/elections/yerel/1968yerel.json,
TR-D-01-014,Adana,Yumurtalık,1959-04-01,7033,1,Adana,Yumurtalık,TR-D-01-014,kendi_satiri,kesin,data/normalized/elections/yerel/1968yerel.json,
TR-D-01-015,Adana,Yüreğir,1986-06-19,3306,1,Adana,Merkez,HISTK-HIST-Adana-Merkez-a2f73c,tarihsel_birlesim,kesin,"geo/historical/district_splits.json (HIST-Adana-Merkez, repoda doğrulanmış birleşim)",Seçim satırı Merkez poligonu: HIST-Adana-Merkez
TR-D-02-001,Adıyaman,Merkez,,,2,Adıyaman,Merkez,TR-D-02-001,kendi_satiri,kesin,data/normalized/elections/yerel/1968yerel.json,
TR-D-02-002,Adıyaman,Besni,,,2,Adıyaman,Besni,HISTK-02-002-d3281c,tarihsel_birlesim,kesin,"geo/historical/district_splits.json (TR-D-02-002, repoda doğrulanmış birleşim)",Seçim satırı Besni poligonu: TR-D-02-002
TR-D-02-003,Adıyaman,Çelikhan,1954-06-01,6325,2,Adıyaman,Çelikhan,TR-D-02-003,kendi_satiri,kesin,data/normalized/elections/yerel/1968yerel.json,
TR-D-02-004,Adıyaman,Gerger,1954-06-01,6324,2,Adıyaman,Gerger,TR-D-02-004,kendi_satiri,kesin,data/normalized/elections/yerel/1968yerel.json,
TR-D-02-005,Adıyaman,Gölbaşı,1958-04-01,7033,2,Adıyaman,Gölbaşı,TR-D-02-005,kendi_satiri,kesin,data/normalized/elections/yerel/1968yerel.json,
TR-D-02-006,Adıyaman,Kahta,,,2,Adıyaman,Kâhta,HISTK-02-006-0ee0ba,tarihsel_birlesim,kesin,"geo/historical/district_splits.json (TR-D-02-006, repoda doğrulanmış birleşim)",Seçim satırı Kâhta poligonu: TR-D-02-006
TR-D-02-007,Adıyaman,Samsat,1960-04-01,7033,2,Adıyaman,Samsat,TR-D-02-007,kendi_satiri,kesin,data/normalized/elections/yerel/1968yerel.json,
TR-D-02-008,Adıyaman,Sincik,1990-05-20,3644,2,Adıyaman,Kâhta,HISTK-02-006-0ee0ba,tarihsel_birlesim,kesin,3644 sayılı Kanun ek (1) sayılı liste (RG 1990-05-20),Kuruluşta bütün birimleri Kahta ilçesinden
TR-D-02-009,Adıyaman,Tut,1990-05-20,3644,2,Adıyaman,Besni,HISTK-02-002-d3281c,tarihsel_birlesim,kesin,3644 sayılı Kanun ek (2) sayılı liste (RG 1990-05-20),Kuruluşta bütün birimleri Besni ilçesinden
TR-D-03-001,Afyonkarahisar,Merkez,,,3,Afyonkarahisar,Merkez,HISTK-03-001-37f18f,tarihsel_birlesim,kesin,"geo/historical/district_splits.json (TR-D-03-001, repoda doğrulanmış birleşim)",Seçim satırı Merkez poligonu: TR-D-03-001
TR-D-03-002,Afyonkarahisar,Başmakçı,1987-07-04,3392,3,Afyonkarahisar,Dazkırı,HISTK-03-007-640c67,tarihsel_birlesim,kesin,3392 sayılı Kanun ek (3) sayılı liste (RG 1987-07-04),Kuruluşta bütün birimleri Dazkırı ilçesinden
TR-D-03-003,Afyonkarahisar,Bayat,1987-07-04,3392,3,Afyonkarahisar,Emirdağ,HISTK-03-009-e1634b,tarihsel_birlesim,kesin,3392 sayılı Kanun ek (4) sayılı liste (RG 1987-07-04),Kuruluşta bütün birimleri Emirdağ ilçesinden
TR-D-03-004,Afyonkarahisar,Bolvadin,,,3,Afyonkarahisar,Bolvadin,TR-D-03-004,kendi_satiri,kesin,data/normalized/elections/yerel/1968yerel.json,
TR-D-03-005,Afyonkarahisar,Çay,1958-04-01,7033,3,Afyonkarahisar,Çay,TR-D-03-005,kendi_satiri,kesin,data/normalized/elections/yerel/1968yerel.json,
TR-D-03-006,Afyonkarahisar,Çobanlar,1990-05-20,3644,3,Afyonkarahisar,Merkez,HISTK-03-001-37f18f,tarihsel_birlesim,kesin,3644 sayılı Kanun ek (3) sayılı liste (RG 1990-05-20),Kuruluşta bütün birimleri Merkez ilçesinden
TR-D-03-007,Afyonkarahisar,Dazkırı,1959-04-01,7033,3,Afyonkarahisar,Dazkırı,HISTK-03-007-640c67,tarihsel_birlesim,kesin,"geo/historical/district_splits.json (TR-D-03-007, repoda doğrulanmış birleşim)",Seçim satırı Dazkırı poligonu: TR-D-03-007
TR-D-03-008,Afyonkarahisar,Dinar,,,3,Afyonkarahisar,Dinar,TR-D-03-008,kendi_satiri,kesin,data/normalized/elections/yerel/1968yerel.json,
TR-D-03-009,Afyonkarahisar,Emirdağ,,,3,Afyonkarahisar,Emirdağ,HISTK-03-009-e1634b,tarihsel_birlesim,kesin,"geo/historical/district_splits.json (TR-D-03-009, repoda doğrulanmış birleşim)",Seçim satırı Emirdağ poligonu: TR-D-03-009
TR-D-03-010,Afyonkarahisar,Evciler,1990-05-20,3644,3,Afyonkarahisar,Dazkırı,HISTK-03-007-640c67,tarihsel_birlesim,kesin,3644 sayılı Kanun ek (4) sayılı liste (RG 1990-05-20),Kuruluşta bütün birimleri Dazkırı ilçesinden
TR-D-03-011,Afyonkarahisar,Hocalar,1990-05-20,3644,3,Afyonkarahisar,Sandıklı,HISTK-03-015-e0fea5,tarihsel_birlesim,kesin,3644 sayılı Kanun ek (5) sayılı liste (RG 1990-05-20),Kuruluşta bütün birimleri Sandıklı ilçesinden
TR-D-03-012,Afyonkarahisar,İhsaniye,1959-04-01,7033,3,Afyonkarahisar,İhsaniye,TR-D-03-012,kendi_satiri,kesin,data/normalized/elections/yerel/1968yerel.json,
TR-D-03-013,Afyonkarahisar,İscehisar,1987-07-04,3392,3,Afyonkarahisar,Merkez,HISTK-03-001-37f18f,tarihsel_birlesim,kesin,3392 sayılı Kanun ek (5) sayılı liste (RG 1987-07-04),Kuruluşta bütün birimleri Merkez ilçesinden
TR-D-03-014,Afyonkarahisar,Kızılören,1990-05-20,3644,3,Afyonkarahisar,Sandıklı,HISTK-03-015-e0fea5,tarihsel_birlesim,kesin,3644 sayılı Kanun ek (6) sayılı liste (RG 1990-05-20),Kuruluşta bütün birimleri Sandıklı ilçesinden
TR-D-03-015,Afyonkarahisar,Sandıklı,,,3,Afyonkarahisar,Sandıklı,HISTK-03-015-e0fea5,tarihsel_birlesim,kesin,"geo/historical/district_splits.json (TR-D-03-015, repoda doğrulanmış birleşim)",Seçim satırı Sandıklı poligonu: TR-D-03-015
TR-D-03-016,Afyonkarahisar,Sinanpaşa,1953-03-01,6068,3,Afyonkarahisar,Sincanlı (Sinanpaşa),TR-D-03-016,kendi_satiri,kesin,data/normalized/elections/yerel/1968yerel.json,
TR-D-03-017,Afyonkarahisar,Sultandağı,1958-04-01,7033,3,Afyonkarahisar,Sultandağı,TR-D-03-017,kendi_satiri,kesin,data/normalized/elections/yerel/1968yerel.json,
TR-D-03-018,Afyonkarahisar,Şuhut,1946-04-01,4869,3,Afyonkarahisar,Şuhut,TR-D-03-018,kendi_satiri,kesin,data/normalized/elections/yerel/1968yerel.json,
TR-D-04-001,Ağrı,Merkez,,,4,Ağrı,Merkez,TR-D-04-001,kendi_satiri,kesin,data/normalized/elections/yerel/1968yerel.json,
TR-D-04-002,Ağrı,Diyadin,,,4,Ağrı,Diyadin,TR-D-04-002,kendi_satiri,kesin,data/normalized/elections/yerel/1968yerel.json,
TR-D-04-003,Ağrı,Doğubayazıt,,,4,Ağrı,Doğubayazıt,TR-D-04-003,kendi_satiri,kesin,data/normalized/elections/yerel/1968yerel.json,
TR-D-04-004,Ağrı,Eleşkirt,,,4,Ağrı,Eleşkirt,TR-D-04-004,kendi_satiri,kesin,data/normalized/elections/yerel/1968yerel.json,
TR-D-04-005,Ağrı,Hamur,1958-04-01,7033,4,Ağrı,Hamur,TR-D-04-005,kendi_satiri,kesin,data/normalized/elections/yerel/1968yerel.json,
TR-D-04-006,Ağrı,Patnos,1936-01-04,2885,4,Ağrı,Patnos,TR-D-04-006,kendi_satiri,kesin,data/normalized/elections/yerel/1968yerel.json,
TR-D-04-007,Ağrı,Taşlıçay,1954-06-01,6324,4,Ağrı,Taşlıçay,TR-D-04-007,kendi_satiri,kesin,data/normalized/elections/yerel/1968yerel.json,
TR-D-04-008,Ağrı,Tutak,,,4,Ağrı,Tutak,TR-D-04-008,kendi_satiri,kesin,data/normalized/elections/yerel/1968yerel.json,
TR-D-05-001,Amasya,Merkez,,,5,Amasya,Merkez,TR-D-05-001,kendi_satiri,kesin,data/normalized/elections/yerel/1968yerel.json,
TR-D-05-002,Amasya,Göynücek,1954-06-01,6324,5,Amasya,Göynücek,TR-D-05-002,kendi_satiri,kesin,data/normalized/elections/yerel/1968yerel.json,
TR-D-05-003,Amasya,Gümüşhacıköy,,,5,Amasya,Gümüşhacıköy,HISTK-05-003-6d270a,tarihsel_birlesim,kesin,"geo/historical/district_splits.json (TR-D-05-003, repoda doğrulanmış birleşim)",Seçim satırı Gümüşhacıköy poligonu: TR-D-05-003
TR-D-05-004,Amasya,Hamamözü,1990-05-20,3644,5,Amasya,Gümüşhacıköy,HISTK-05-003-6d270a,tarihsel_birlesim,kesin,3644 sayılı Kanun ek (9) sayılı liste (RG 1990-05-20),Kuruluşta bütün birimleri Gümüşhacıköy ilçesinden
TR-D-05-005,Amasya,Merzifon,,,5,Amasya,Merzifon,TR-D-05-005,kendi_satiri,kesin,data/normalized/elections/yerel/1968yerel.json,
TR-D-05-006,Amasya,Suluova,1957-09-01,7033,5,Amasya,Suluova,TR-D-05-006,kendi_satiri,kesin,data/normalized/elections/yerel/1968yerel.json,
TR-D-05-007,Amasya,Taşova,1944-09-01,4642,5,Amasya,Taşova,TR-D-05-007,kendi_satiri,kesin,data/normalized/elections/yerel/1968yerel.json,
TR-D-06-001,Ankara,Akyurt,1990-05-20,3644,6,Ankara,Çubuk,TR-D-06-008,cogunluk,yaklasik,3644 sayılı Kanun ek (10) sayılı liste,"Ek liste birimleri: Çubuk 16, Kalecik 4; seçimdeki ilçelere göre %80 Çubuk, %20 Kalecik"
TR-D-06-002,Ankara,Altındağ,1953-03-01,6068,6,Ankara,Ankara (il merkezi belediyesi),HISTK-HISTY-06-1968yerel-d44025,tarihsel_birlesim,kesin,"geo/historical/district_splits.json (HISTY-06-1968yerel, repoda doğrulanmış birleşim)",Seçim satırı Ankara (il merkezi belediyesi) poligonu: HISTY-06-1968yerel
TR-D-06-003,Ankara,Ayaş,,,6,Ankara,Ayaş,TR-D-06-003,kendi_satiri,kesin,data/normalized/elections/yerel/1968yerel.json,
TR-D-06-004,Ankara,Bala,,,6,Ankara,Balâ,HISTK-06-004-4bf544,tarihsel_birlesim,kesin,"geo/historical/district_splits.json (TR-D-06-004, repoda doğrulanmış birleşim)",Seçim satırı Balâ poligonu: TR-D-06-004
TR-D-06-005,Ankara,Beypazarı,,,6,Ankara,Beypazarı,TR-D-06-005,kendi_satiri,kesin,data/normalized/elections/yerel/1968yerel.json,
TR-D-06-006,Ankara,Çamlıdere,1953-12-04,6191,6,Ankara,Çamlıdere,TR-D-06-006,kendi_satiri,kesin,data/normalized/elections/yerel/1968yerel.json,
TR-D-06-007,Ankara,Çankaya,1936-06-15,3012,6,Ankara,Ankara (il merkezi belediyesi),HISTK-HISTY-06-1968yerel-d44025,tarihsel_birlesim,kesin,"geo/historical/district_splits.json (HISTY-06-1968yerel, repoda doğrulanmış birleşim)",Seçim satırı Ankara (il merkezi belediyesi) poligonu: HISTY-06-1968yerel
TR-D-06-008,Ankara,Çubuk,,,6,Ankara,Çubuk,TR-D-06-008,kendi_satiri,kesin,data/normalized/elections/yerel/1968yerel.json,
TR-D-06-009,Ankara,Elmadağ,1960-04-01,7033,6,Ankara,Elmadağ,TR-D-06-009,kendi_satiri,kesin,data/normalized/elections/yerel/1968yerel.json,
TR-D-06-010,Ankara,Etimesgut,1990-05-20,3644,6,Ankara,Ankara (il merkezi belediyesi),HISTK-HISTY-06-1968yerel-d44025,tarihsel_birlesim,kesin,3644 sayılı Kanun ek (11) sayılı liste (RG 1990-05-20),Kuruluşta bütün birimleri Yenimahalle ilçesinden
TR-D-06-011,Ankara,Evren,1990-05-20,3644,6,Ankara,Şereflikoçhisar,HISTK-06-024-63752e,tarihsel_birlesim,kesin,3644 sayılı Kanun ek (12) sayılı liste (RG 1990-05-20),Kuruluşta bütün birimleri Şereflikoçhisar ilçesinden
TR-D-06-012,Ankara,Gölbaşı,1983-11-30,2963,6,Ankara,Ankara (il merkezi belediyesi),HISTK-HISTY-06-1968yerel-d44025,tarihsel_birlesim,kesin,2963 sayılı Kanun ek (2) sayılı liste (RG 1983-11-30),Kuruluşta bütün birimleri Çankaya ilçesinden
TR-D-06-013,Ankara,Güdül,1957-09-01,7033,6,Ankara,Güdül,TR-D-06-013,kendi_satiri,kesin,data/normalized/elections/yerel/1968yerel.json,
TR-D-06-014,Ankara,Haymana,,,6,Ankara,Haymana,TR-D-06-014,kendi_satiri,kesin,data/normalized/elections/yerel/1968yerel.json,
TR-D-06-015,Ankara,Kahramankazan,1987-07-04,3392,6,Ankara,Ankara (il merkezi belediyesi),HISTK-HISTY-06-1968yerel-d44025,tarihsel_birlesim,kesin,3392 sayılı Kanun ek (6) sayılı liste (RG 1987-07-04),Kuruluşta bütün birimleri Yenimahalle ilçesinden
TR-D-06-016,Ankara,Kalecik,,,6,Ankara,Kalecik,TR-D-06-016,kendi_satiri,kesin,data/normalized/elections/yerel/1968yerel.json,
TR-D-06-017,Ankara,Keçiören,1983-11-30,2963,6,Ankara,Ankara (il merkezi belediyesi),HISTK-HISTY-06-1968yerel-d44025,tarihsel_birlesim,kesin,2963 sayılı Kanun ek (3) sayılı liste (RG 1983-11-30),Kuruluşta bütün birimleri Altındağ ilçesinden
TR-D-06-018,Ankara,Kızılcahamam,,,6,Ankara,Kızılcahamam,TR-D-06-018,kendi_satiri,kesin,data/normalized/elections/yerel/1968yerel.json,
TR-D-06-019,Ankara,Mamak,1983-11-30,2963,6,Ankara,Ankara (il merkezi belediyesi),HISTK-HISTY-06-1968yerel-d44025,tarihsel_birlesim,kesin,2963 sayılı Kanun ek (1) sayılı liste (RG 1983-11-30),Kuruluşta bütün birimleri Çankaya ilçesinden
TR-D-06-020,Ankara,Nallıhan,,,6,Ankara,Nallıhan,TR-D-06-020,kendi_satiri,kesin,data/normalized/elections/yerel/1968yerel.json,
TR-D-06-021,Ankara,Polatlı,1926-06-26,877,6,Ankara,Polatlı,TR-D-06-021,kendi_satiri,kesin,data/normalized/elections/yerel/1968yerel.json,
TR-D-06-022,Ankara,Pursaklar,2008-03-22,5747,6,Ankara,Ankara (il merkezi belediyesi),HISTK-HISTY-06-1968yerel-d44025,cogunluk,yaklasik,"5747 sayılı Kanun (ek listesiz, madde metni)","Ek liste birimleri: Altındağ 2, Keçiören 2, Çubuk 1; seçimdeki ilçelere göre %80 Ankara (il merkezi belediyesi), %20 Çubuk"
TR-D-06-023,Ankara,Sincan,1983-11-30,2963,6,Ankara,Ankara (il merkezi belediyesi),HISTK-HISTY-06-1968yerel-d44025,tarihsel_birlesim,kesin,2963 sayılı Kanun ek (4) sayılı liste (RG 1983-11-30),Kuruluşta bütün birimleri Yenimahalle ilçesinden
TR-D-06-024,Ankara,Şereflikoçhisar,,,6,Ankara,Şereflikoçhisar,HISTK-06-024-63752e,tarihsel_birlesim,kesin,"geo/historical/district_splits.json (TR-D-06-024, repoda doğrulanmış birleşim)",Seçim satırı Şereflikoçhisar poligonu: TR-D-06-024
TR-D-06-025,Ankara,Yenimahalle,1957-09-01,7033,6,Ankara,Ankara (il merkezi belediyesi),HISTK-HISTY-06-1968yerel-d44025,tarihsel_birlesim,kesin,"geo/historical/district_splits.json (HISTY-06-1968yerel, repoda doğrulanmış birleşim)",Seçim satırı Ankara (il merkezi belediyesi) poligonu: HISTY-06-1968yerel
TR-D-07-001,Antalya,Akseki,,,7,Antalya,Akseki,TR-D-07-001,kendi_satiri,kesin,data/normalized/elections/yerel/1968yerel.json,
TR-D-07-002,Antalya,Aksu,2008-03-22,5747,7,Antalya,Merkez,HISTK-HIST-Antalya-Merkez-8b0b75,tarihsel_birlesim,kesin,apply_idari_merges.py: 3644; 5747 sayılı Kanun,
TR-D-07-003,Antalya,Alanya,,,7,Antalya,Alanya,TR-D-07-003,kendi_satiri,kesin,data/normalized/elections/yerel/1968yerel.json,
TR-D-07-004,Antalya,Demre,1987-07-04,3392,7,Antalya,Kaş,HISTK-07-011-3c9fb5,tarihsel_birlesim,kesin,3392 sayılı Kanun ek (7) sayılı liste (RG 1987-07-04),Kuruluşta bütün birimleri Kaş ilçesinden
TR-D-07-005,Antalya,Döşemealtı,2008-03-22,5747,7,Antalya,Merkez,HISTK-HIST-Antalya-Merkez-8b0b75,tarihsel_birlesim,kesin,5747 sayılı Kanun ek (4) sayılı liste (RG 2008-03-22),Kuruluşta bütün birimleri Merkez ilçesinden
TR-D-07-006,Antalya,Elmalı,,,7,Antalya,Elmalı,TR-D-07-006,kendi_satiri,kesin,data/normalized/elections/yerel/1968yerel.json,
TR-D-07-007,Antalya,Finike,,,7,Antalya,Finike,TR-D-07-007,kendi_satiri,kesin,data/normalized/elections/yerel/1968yerel.json,
TR-D-07-008,Antalya,Gazipaşa,1948-01-01,5071,7,Antalya,Gazipaşa,TR-D-07-008,kendi_satiri,kesin,data/normalized/elections/yerel/1968yerel.json,
TR-D-07-009,Antalya,Gündoğmuş,1936-06-15,3012,7,Antalya,Gündoğmuş,TR-D-07-009,kendi_satiri,kesin,data/normalized/elections/yerel/1968yerel.json,
TR-D-07-010,Antalya,İbradı,1990-05-20,3644,7,Antalya,Akseki,TR-D-07-001,cogunluk,yaklasik,3644 sayılı Kanun ek (13) sayılı liste,"Ek liste birimleri: Akseki 13, Manavgat 5; seçimdeki ilçelere göre %72 Akseki, %28 Manavgat"
TR-D-07-011,Antalya,Kaş,,,7,Antalya,Kaş,HISTK-07-011-3c9fb5,tarihsel_birlesim,kesin,"geo/historical/district_splits.json (TR-D-07-011, repoda doğrulanmış birleşim)",Seçim satırı Kaş poligonu: TR-D-07-011
TR-D-07-012,Antalya,Kemer,1990-05-20,3644,7,Antalya,Merkez,HISTK-HIST-Antalya-Merkez-8b0b75,tarihsel_birlesim,kesin,3644 sayılı Kanun ek (14) sayılı liste (RG 1990-05-20),Kuruluşta bütün birimleri Merkez ilçesinden
TR-D-07-013,Antalya,Kepez,2008-03-22,5747,7,Antalya,Merkez,HISTK-HIST-Antalya-Merkez-8b0b75,tarihsel_birlesim,kesin,"geo/historical/district_splits.json (HIST-Antalya-Merkez, repoda doğrulanmış birleşim)",Seçim satırı Merkez poligonu: HIST-Antalya-Merkez
TR-D-07-014,Antalya,Konyaaltı,2008-03-22,5747,7,Antalya,Merkez,HISTK-HIST-Antalya-Merkez-8b0b75,tarihsel_birlesim,kesin,apply_idari_merges.py: 3644; 5747 sayılı Kanun,
TR-D-07-015,Antalya,Korkuteli,,,7,Antalya,Korkuteli,TR-D-07-015,kendi_satiri,kesin,data/normalized/elections/yerel/1968yerel.json,
TR-D-07-016,Antalya,Kumluca,1958-04-01,7033,7,Antalya,Kumluca,TR-D-07-016,kendi_satiri,kesin,data/normalized/elections/yerel/1968yerel.json,
TR-D-07-017,Antalya,Manavgat,,,7,Antalya,Manavgat,TR-D-07-017,kendi_satiri,kesin,data/normalized/elections/yerel/1968yerel.json,
TR-D-07-018,Antalya,Muratpaşa,2008-03-22,5747,7,Antalya,Merkez,HISTK-HIST-Antalya-Merkez-8b0b75,tarihsel_birlesim,kesin,"geo/historical/district_splits.json (HIST-Antalya-Merkez, repoda doğrulanmış birleşim)",Seçim satırı Merkez poligonu: HIST-Antalya-Merkez
TR-D-07-019,Antalya,Serik,1926-06-26,877,7,Antalya,Serik,TR-D-07-019,kendi_satiri,kesin,data/normalized/elections/yerel/1968yerel.json,
TR-D-08-001,Artvin,Ardanuç,1945-08-01,4769,8,Artvin,Ardanuç,TR-D-08-001,kendi_satiri,kesin,data/normalized/elections/yerel/1968yerel.json,
TR-D-08-002,Artvin,Arhavi,1954-06-01,6324,8,Artvin,Arhavi,TR-D-08-002,kendi_satiri,kesin,data/normalized/elections/yerel/1968yerel.json,
TR-D-08-003,Artvin,Merkez,,,8,Artvin,Merkez,TR-D-08-003,kendi_satiri,kesin,data/normalized/elections/yerel/1968yerel.json,
TR-D-08-004,Artvin,Borçka,1928-06-01,1282,8,Artvin,Borçka,HISTK-08-004-aa16c5,tarihsel_birlesim,kesin,"geo/historical/district_splits.json (TR-D-08-004, repoda doğrulanmış birleşim)",Seçim satırı Borçka poligonu: TR-D-08-004
TR-D-08-005,Artvin,Hopa,,,8,Artvin,Hopa,HIST-Artvin-Hopa,tarihsel_birlesim,kesin,"geo/historical/district_splits.json (HIST-Artvin-Hopa, repoda doğrulanmış birleşim)",Seçim satırı Hopa poligonu: HIST-Artvin-Hopa
TR-D-08-006,Artvin,Kemalpaşa,2017-08-25,KHK 694,8,Artvin,Hopa,HIST-Artvin-Hopa,tarihsel_birlesim,kesin,"geo/historical/district_splits.json (HIST-Artvin-Hopa, repoda doğrulanmış birleşim)",Seçim satırı Hopa poligonu: HIST-Artvin-Hopa
TR-D-08-007,Artvin,Murgul,1987-07-04,3392,8,Artvin,Borçka,HISTK-08-004-aa16c5,tarihsel_birlesim,kesin,3392 sayılı Kanun ek (8) sayılı liste (RG 1987-07-04),Kuruluşta bütün birimleri Borçka ilçesinden
TR-D-08-008,Artvin,Şavşat,,,8,Artvin,Şavşat,TR-D-08-008,kendi_satiri,kesin,data/normalized/elections/yerel/1968yerel.json,
TR-D-08-009,Artvin,Yusufeli,,,8,Artvin,Yusufeli,TR-D-08-009,kendi_satiri,kesin,data/normalized/elections/yerel/1968yerel.json,
TR-D-09-001,Aydın,Bozdoğan,,,9,Aydın,Bozdoğan,TR-D-09-001,kendi_satiri,kesin,data/normalized/elections/yerel/1968yerel.json,
TR-D-09-002,Aydın,Buharkent,1987-07-04,3392,9,Aydın,Kuyucak,HISTK-09-013-effa7c,tarihsel_birlesim,kesin,3392 sayılı Kanun ek (9) sayılı liste (RG 1987-07-04),Kuruluşta bütün birimleri Kuyucak ilçesinden
TR-D-09-003,Aydın,Çine,,,9,Aydın,Çine,HISTK-09-003-07d947,tarihsel_birlesim,kesin,"geo/historical/district_splits.json (TR-D-09-003, repoda doğrulanmış birleşim)",Seçim satırı Çine poligonu: TR-D-09-003
TR-D-09-004,Aydın,Didim,1990-05-20,3644,9,Aydın,Söke,TR-D-09-015,cogunluk,yaklasik,3644 sayılı Kanun ek (17) sayılı liste,"Ek liste birimleri: Söke 5, Milas 1; seçimdeki ilçelere göre %83 Söke, %17 Milas"
TR-D-09-005,Aydın,Efeler,2012-12-06,6360,9,Aydın,Merkez,HISTK-09-005-9b01f5,tarihsel_birlesim,kesin,"geo/historical/district_splits.json (TR-D-09-005, repoda doğrulanmış birleşim)",Seçim satırı Merkez poligonu: TR-D-09-005
TR-D-09-006,Aydın,Germencik,1948-01-01,5071,9,Aydın,Germencik,TR-D-09-006,kendi_satiri,kesin,data/normalized/elections/yerel/1968yerel.json,
TR-D-09-007,Aydın,İncirliova,1987-07-04,3392,9,Aydın,Merkez,HISTK-09-005-9b01f5,tarihsel_birlesim,kesin,3392 sayılı Kanun ek (10) sayılı liste (RG 1987-07-04),Kuruluşta bütün birimleri Merkez ilçesinden
TR-D-09-008,Aydın,Karacasu,,,9,Aydın,Karacasu,TR-D-09-008,kendi_satiri,kesin,data/normalized/elections/yerel/1968yerel.json,
TR-D-09-009,Aydın,Karpuzlu,1990-05-20,3644,9,Aydın,Çine,HISTK-09-003-07d947,tarihsel_birlesim,kesin,3644 sayılı Kanun ek (15) sayılı liste (RG 1990-05-20),Kuruluşta bütün birimleri Çine ilçesinden
TR-D-09-010,Aydın,Koçarlı,1946-04-01,4869,9,Aydın,Koçarlı,TR-D-09-010,kendi_satiri,kesin,data/normalized/elections/yerel/1968yerel.json,
TR-D-09-011,Aydın,Köşk,1990-05-20,3644,9,Aydın,Merkez,HISTK-09-005-9b01f5,tarihsel_birlesim,kesin,3644 sayılı Kanun ek (16) sayılı liste (RG 1990-05-20),Kuruluşta bütün birimleri Merkez ilçesinden
TR-D-09-012,Aydın,Kuşadası,,,9,Aydın,Kuşadası,TR-D-09-012,kendi_satiri,kesin,data/normalized/elections/yerel/1968yerel.json,
TR-D-09-013,Aydın,Kuyucak,1953-03-01,6068,9,Aydın,Kuyucak,HISTK-09-013-effa7c,tarihsel_birlesim,kesin,"geo/historical/district_splits.json (TR-D-09-013, repoda doğrulanmış birleşim)",Seçim satırı Kuyucak poligonu: TR-D-09-013
TR-D-09-014,Aydın,Nazilli,,,9,Aydın,Nazilli,TR-D-09-014,kendi_satiri,kesin,data/normalized/elections/yerel/1968yerel.json,
TR-D-09-015,Aydın,Söke,,,9,Aydın,Söke,TR-D-09-015,kendi_satiri,kesin,data/normalized/elections/yerel/1968yerel.json,
TR-D-09-016,Aydın,Sultanhisar,1958-04-01,7033,9,Aydın,Sultanhisar,TR-D-09-016,kendi_satiri,kesin,data/normalized/elections/yerel/1968yerel.json,
TR-D-09-017,Aydın,Yenipazar,1957-09-01,7033,9,Aydın,Yenipazar,TR-D-09-017,kendi_satiri,kesin,data/normalized/elections/yerel/1968yerel.json,
TR-D-10-001,Balıkesir,Altıeylül,2012-12-06,6360,10,Balıkesir,Merkez,HIST-Balıkesir-Merkez,tarihsel_birlesim,kesin,"geo/historical/district_splits.json (HIST-Balıkesir-Merkez, repoda doğrulanmış birleşim)",Seçim satırı Merkez poligonu: HIST-Balıkesir-Merkez
TR-D-10-002,Balıkesir,Ayvalık,,,10,Balıkesir,Ayvalık,TR-D-10-002,kendi_satiri,kesin,data/normalized/elections/yerel/1968yerel.json,
TR-D-10-003,Balıkesir,Balya,,,10,Balıkesir,Balya,TR-D-10-003,kendi_satiri,kesin,data/normalized/elections/yerel/1968yerel.json,
TR-D-10-004,Balıkesir,Bandırma,,,10,Balıkesir,Bandırma,TR-D-10-004,kendi_satiri,kesin,data/normalized/elections/yerel/1968yerel.json,
TR-D-10-005,Balıkesir,Bigadiç,1943-07-01,4444,10,Balıkesir,Bigadiç,TR-D-10-005,kendi_satiri,kesin,data/normalized/elections/yerel/1968yerel.json,
TR-D-10-006,Balıkesir,Burhaniye,,,10,Balıkesir,Burhaniye,HISTK-10-006-44d502,tarihsel_birlesim,kesin,"geo/historical/district_splits.json (TR-D-10-006, repoda doğrulanmış birleşim)",Seçim satırı Burhaniye poligonu: TR-D-10-006
TR-D-10-007,Balıkesir,Dursunbey,,,10,Balıkesir,Dursunbey,TR-D-10-007,kendi_satiri,kesin,data/normalized/elections/yerel/1968yerel.json,
TR-D-10-008,Balıkesir,Edremit,,,10,Balıkesir,Edremit,TR-D-10-008,kendi_satiri,kesin,data/normalized/elections/yerel/1968yerel.json,
TR-D-10-009,Balıkesir,Erdek,1928-06-01,1282,10,Balıkesir,Erdek,HISTK-10-009-74fd08,tarihsel_birlesim,kesin,"geo/historical/district_splits.json (TR-D-10-009, repoda doğrulanmış birleşim)",Seçim satırı Erdek poligonu: TR-D-10-009
TR-D-10-010,Balıkesir,Gömeç,1990-05-20,3644,10,Balıkesir,Burhaniye,HISTK-10-006-44d502,tarihsel_birlesim,kesin,3644 sayılı Kanun ek (18) sayılı liste (RG 1990-05-20),Kuruluşta bütün birimleri Burhaniye ilçesinden
TR-D-10-011,Balıkesir,Gönen,,,10,Balıkesir,Gönen,TR-D-10-011,kendi_satiri,kesin,data/normalized/elections/yerel/1968yerel.json,
TR-D-10-012,Balıkesir,Havran,1959-04-01,7033,10,Balıkesir,Havran,TR-D-10-012,kendi_satiri,kesin,data/normalized/elections/yerel/1968yerel.json,
TR-D-10-013,Balıkesir,İvrindi,1944-09-01,4642,10,Balıkesir,İvrindi,TR-D-10-013,kendi_satiri,kesin,data/normalized/elections/yerel/1968yerel.json,
TR-D-10-014,Balıkesir,Karesi,2012-12-06,6360,10,Balıkesir,Merkez,HIST-Balıkesir-Merkez,tarihsel_birlesim,kesin,"geo/historical/district_splits.json (HIST-Balıkesir-Merkez, repoda doğrulanmış birleşim)",Seçim satırı Merkez poligonu: HIST-Balıkesir-Merkez
TR-D-10-015,Balıkesir,Kepsut,1953-03-01,6068,10,Balıkesir,Kepsut,TR-D-10-015,kendi_satiri,kesin,data/normalized/elections/yerel/1968yerel.json,
TR-D-10-016,Balıkesir,Manyas,1936-06-15,3012,10,Balıkesir,Manyas,TR-D-10-016,kendi_satiri,kesin,data/normalized/elections/yerel/1968yerel.json,
TR-D-10-017,Balıkesir,Marmara,1987-07-04,3392,10,Balıkesir,Erdek,HISTK-10-009-74fd08,tarihsel_birlesim,kesin,3392 sayılı Kanun ek (11) sayılı liste (RG 1987-07-04),Kuruluşta bütün birimleri Erdek ilçesinden
TR-D-10-018,Balıkesir,Savaştepe,1954-06-01,6325,10,Balıkesir,Savaştepe,TR-D-10-018,kendi_satiri,kesin,data/normalized/elections/yerel/1968yerel.json,
TR-D-10-019,Balıkesir,Sındırgı,,,10,Balıkesir,Sındırgı,TR-D-10-019,kendi_satiri,kesin,data/normalized/elections/yerel/1968yerel.json,
TR-D-10-020,Balıkesir,Susurluk,1926-06-26,877,10,Balıkesir,Susurluk,TR-D-10-020,kendi_satiri,kesin,data/normalized/elections/yerel/1968yerel.json,
TR-D-11-001,Bilecik,Merkez,,,11,Bilecik,Merkez,TR-D-11-001,kendi_satiri,kesin,data/normalized/elections/yerel/1968yerel.json,
TR-D-11-002,Bilecik,Bozüyük,1926-06-26,877,11,Bilecik,Bozüyük,TR-D-11-002,kendi_satiri,kesin,data/normalized/elections/yerel/1968yerel.json,
TR-D-11-003,Bilecik,Gölpazarı,1926-06-26,877,11,Bilecik,Gölpazarı,HISTK-11-003-327644,tarihsel_birlesim,kesin,"geo/historical/district_splits.json (TR-D-11-003, repoda doğrulanmış birleşim)",Seçim satırı Gölpazarı poligonu: TR-D-11-003
TR-D-11-004,Bilecik,İnhisar,1990-05-20,3644,11,Bilecik,Söğüt,HISTK-11-007-f82bc9,tarihsel_birlesim,kesin,3644 sayılı Kanun ek (19) sayılı liste (RG 1990-05-20),Kuruluşta bütün birimleri Söğüt ilçesinden
TR-D-11-005,Bilecik,Osmaneli,1926-06-26,877,11,Bilecik,Osmaneli,TR-D-11-005,kendi_satiri,kesin,data/normalized/elections/yerel/1968yerel.json,
TR-D-11-006,Bilecik,Pazaryeri,1953-03-01,6068,11,Bilecik,Pazaryeri,TR-D-11-006,kendi_satiri,kesin,data/normalized/elections/yerel/1968yerel.json,
TR-D-11-007,Bilecik,Söğüt,,,11,Bilecik,Söğüt,HISTK-11-007-f82bc9,tarihsel_birlesim,kesin,"geo/historical/district_splits.json (TR-D-11-007, repoda doğrulanmış birleşim)",Seçim satırı Söğüt poligonu: TR-D-11-007
TR-D-11-008,Bilecik,Yenipazar,1987-07-04,3392,11,Bilecik,Gölpazarı,HISTK-11-003-327644,tarihsel_birlesim,kesin,3392 sayılı Kanun ek (12) sayılı liste (RG 1987-07-04),Kuruluşta bütün birimleri Gölpazarı ilçesinden
TR-D-12-001,Bingöl,Adaklı,1987-07-04,3392,12,Bingöl,Kiğı,HISTK-12-005-ee6bfa,tarihsel_birlesim,kesin,3392 sayılı Kanun ek (13) sayılı liste (RG 1987-07-04),Kuruluşta bütün birimleri Kiğı ilçesinden
TR-D-12-002,Bingöl,Merkez,,,12,Bingöl,Merkez,TR-D-12-002,kendi_satiri,kesin,data/normalized/elections/yerel/1968yerel.json,
TR-D-12-003,Bingöl,Genç,1926-06-26,877,12,Bingöl,Genç,TR-D-12-003,kendi_satiri,kesin,data/normalized/elections/yerel/1968yerel.json,
TR-D-12-004,Bingöl,Karlıova,1934-07-03,2529,12,Bingöl,Karlıova,TR-D-12-004,kendi_satiri,kesin,data/normalized/elections/yerel/1968yerel.json,
TR-D-12-005,Bingöl,Kiğı,,,12,Bingöl,Kiğı,HISTK-12-005-ee6bfa,tarihsel_birlesim,kesin,"geo/historical/district_splits.json (TR-D-12-005, repoda doğrulanmış birleşim)",Seçim satırı Kiğı poligonu: TR-D-12-005
TR-D-12-006,Bingöl,Solhan,1932-06-01,2042,12,Bingöl,Solhan,TR-D-12-006,kendi_satiri,kesin,data/normalized/elections/yerel/1968yerel.json,
TR-D-12-007,Bingöl,Yayladere,1987-07-04,3392,12,Bingöl,Kiğı,HISTK-12-005-ee6bfa,tarihsel_birlesim,kesin,3392 sayılı Kanun ek (14) sayılı liste (RG 1987-07-04),Kuruluşta bütün birimleri Kiğı ilçesinden
TR-D-12-008,Bingöl,Yedisu,1990-05-20,3644,12,Bingöl,Kiğı,HISTK-12-005-ee6bfa,en_buyuk_pay,kaba,3644 sayılı Kanun ek (20) sayılı liste,"Ek liste birimleri: Kiğı 12, Pülümür 5, Karlıova 3; seçimdeki ilçelere göre %60 Kiğı, %15 Karlıova, %25 Pülümür"
TR-D-13-001,Bitlis,Adilcevaz,1953-03-01,6068,13,Bitlis,Adilcevaz,TR-D-13-001,kendi_satiri,kesin,data/normalized/elections/yerel/1968yerel.json,
TR-D-13-002,Bitlis,Ahlat,,,13,Bitlis,Ahlat,TR-D-13-002,kendi_satiri,kesin,data/normalized/elections/yerel/1968yerel.json,
TR-D-13-003,Bitlis,Merkez,,,13,Bitlis,Merkez,HISTK-13-003-ca1d3f,tarihsel_birlesim,kesin,"geo/historical/district_splits.json (TR-D-13-003, repoda doğrulanmış birleşim)",Seçim satırı Merkez poligonu: TR-D-13-003
TR-D-13-004,Bitlis,Güroymak,1987-07-04,3392,13,Bitlis,Merkez,HISTK-13-003-ca1d3f,tarihsel_birlesim,kesin,3392 sayılı Kanun ek (15) sayılı liste (RG 1987-07-04),Kuruluşta bütün birimleri Merkez ilçesinden
TR-D-13-005,Bitlis,Hizan,1936-01-04,2885,13,Bitlis,Hizan,TR-D-13-005,kendi_satiri,kesin,data/normalized/elections/yerel/1968yerel.json,
TR-D-13-006,Bitlis,Mutki,,,13,Bitlis,Mutki,TR-D-13-006,kendi_satiri,kesin,data/normalized/elections/yerel/1968yerel.json,
TR-D-13-007,Bitlis,Tatvan,1936-01-04,2885,13,Bitlis,Tatvan,TR-D-13-007,kendi_satiri,kesin,data/normalized/elections/yerel/1968yerel.json,
TR-D-14-001,Bolu,Merkez,,,14,Bolu,Merkez,TR-D-14-001,kendi_satiri,kesin,data/normalized/elections/yerel/1968yerel.json,
TR-D-14-002,Bolu,Dörtdivan,1990-05-20,3644,14,Bolu,Gerede,HISTK-14-003-9d7097,tarihsel_birlesim,kesin,3644 sayılı Kanun ek (22) sayılı liste (RG 1990-05-20),Kuruluşta bütün birimleri Gerede ilçesinden
TR-D-14-003,Bolu,Gerede,,,14,Bolu,Gerede,HISTK-14-003-9d7097,tarihsel_birlesim,kesin,"geo/historical/district_splits.json (TR-D-14-003, repoda doğrulanmış birleşim)",Seçim satırı Gerede poligonu: TR-D-14-003
TR-D-14-004,Bolu,Göynük,,,14,Bolu,Göynük,TR-D-14-004,kendi_satiri,kesin,data/normalized/elections/yerel/1968yerel.json,
TR-D-14-005,Bolu,Kıbrıscık,1958-04-01,7033,14,Bolu,Kıbrıscık,TR-D-14-005,kendi_satiri,kesin,data/normalized/elections/yerel/1968yerel.json,
TR-D-14-006,Bolu,Mengen,1948-01-01,5071,14,Bolu,Mengen,TR-D-14-006,kendi_satiri,kesin,data/normalized/elections/yerel/1968yerel.json,
TR-D-14-007,Bolu,Mudurnu,,,14,Bolu,Mudurnu,TR-D-14-007,kendi_satiri,kesin,data/normalized/elections/yerel/1968yerel.json,
TR-D-14-008,Bolu,Seben,1946-04-01,4869,14,Bolu,Seben,TR-D-14-008,kendi_satiri,kesin,data/normalized/elections/yerel/1968yerel.json,
TR-D-14-009,Bolu,Yeniçağa,1990-05-20,3644,14,Bolu,Gerede,HISTK-14-003-9d7097,tarihsel_birlesim,kesin,3644 sayılı Kanun ek (23) sayılı liste (RG 1990-05-20),Kuruluşta bütün birimleri Gerede ilçesinden
TR-D-15-001,Burdur,Ağlasun,1958-04-01,7033,15,Burdur,Ağlasun,TR-D-15-001,kendi_satiri,kesin,data/normalized/elections/yerel/1968yerel.json,
TR-D-15-002,Burdur,Altınyayla,1990-05-20,3644,15,Burdur,Gölhisar,HISTK-15-007-65eb3f,tarihsel_birlesim,kesin,3644 sayılı Kanun ek (24) sayılı liste (RG 1990-05-20),Kuruluşta bütün birimleri Gölhisar ilçesinden
TR-D-15-003,Burdur,Bucak,1926-06-26,877,15,Burdur,Bucak,TR-D-15-003,kendi_satiri,kesin,data/normalized/elections/yerel/1968yerel.json,
TR-D-15-004,Burdur,Merkez,,,15,Burdur,Merkez,HISTK-15-004-4bb96a,tarihsel_birlesim,kesin,"geo/historical/district_splits.json (TR-D-15-004, repoda doğrulanmış birleşim)",Seçim satırı Merkez poligonu: TR-D-15-004
TR-D-15-005,Burdur,Çavdır,1990-05-20,3644,15,Burdur,Gölhisar,HISTK-15-007-65eb3f,tarihsel_birlesim,kesin,3644 sayılı Kanun ek (25) sayılı liste (RG 1990-05-20),Kuruluşta bütün birimleri Gölhisar ilçesinden
TR-D-15-006,Burdur,Çeltikçi,1990-05-20,3644,15,Burdur,Merkez,HISTK-15-004-4bb96a,tarihsel_birlesim,kesin,apply_idari_merges.py: 3392; 3644 sayılı Kanun,
TR-D-15-007,Burdur,Gölhisar,1953-03-01,6068,15,Burdur,Gölhisar,HISTK-15-007-65eb3f,tarihsel_birlesim,kesin,"geo/historical/district_splits.json (TR-D-15-007, repoda doğrulanmış birleşim)",Seçim satırı Gölhisar poligonu: TR-D-15-007
TR-D-15-008,Burdur,Karamanlı,1987-07-04,3392,15,Burdur,Tefenni,TR-D-15-010,en_buyuk_pay,kaba,3392 sayılı Kanun ek (18) sayılı liste,"Ek liste birimleri: Tefenni 5, Yeşilova 3, Merkez 2; seçimdeki ilçelere göre %50 Tefenni, %20 Merkez, %30 Yeşilova"
TR-D-15-009,Burdur,Kemer,1987-07-04,3392,15,Burdur,Merkez,HISTK-15-004-4bb96a,tarihsel_birlesim,kesin,3392 sayılı Kanun ek (19) sayılı liste (RG 1987-07-04),Kuruluşta bütün birimleri Merkez ilçesinden
TR-D-15-010,Burdur,Tefenni,,,15,Burdur,Tefenni,TR-D-15-010,kendi_satiri,kesin,data/normalized/elections/yerel/1968yerel.json,
TR-D-15-011,Burdur,Yeşilova,1936-06-15,3012,15,Burdur,Yeşilova,TR-D-15-011,kendi_satiri,kesin,data/normalized/elections/yerel/1968yerel.json,
TR-D-16-001,Bursa,Büyükorhan,1987-07-04,3392,16,Bursa,Orhaneli,HISTK-16-013-7e61b4,tarihsel_birlesim,kesin,3392 sayılı Kanun ek (20) sayılı liste (RG 1987-07-04),Kuruluşta bütün birimleri Orhaneli ilçesinden
TR-D-16-002,Bursa,Gemlik,,,16,Bursa,Gemlik,HISTK-16-002-af7b19,tarihsel_birlesim,kesin,"geo/historical/district_splits.json (TR-D-16-002, repoda doğrulanmış birleşim)",Seçim satırı Gemlik poligonu: TR-D-16-002
TR-D-16-003,Bursa,Gürsu,1990-05-20,3644,16,Bursa,Merkez,HISTK-HIST-Bursa-Merkez-d263d1,tarihsel_birlesim,kesin,3644 sayılı Kanun ek (27) sayılı liste (RG 1990-05-20),Kuruluşta bütün birimleri Yıldırım ilçesinden
TR-D-16-004,Bursa,Harmancık,1987-07-04,3392,16,Bursa,Orhaneli,HISTK-16-013-7e61b4,tarihsel_birlesim,kesin,3392 sayılı Kanun ek (21) sayılı liste (RG 1987-07-04),Kuruluşta bütün birimleri Orhaneli ilçesinden
TR-D-16-005,Bursa,İnegöl,,,16,Bursa,İnegöl,TR-D-16-005,kendi_satiri,kesin,data/normalized/elections/yerel/1968yerel.json,
TR-D-16-006,Bursa,İznik,1930-09-01,1612,16,Bursa,İznik,TR-D-16-006,kendi_satiri,kesin,data/normalized/elections/yerel/1968yerel.json,
TR-D-16-007,Bursa,Karacabey,,,16,Bursa,Karacabey,TR-D-16-007,kendi_satiri,kesin,data/normalized/elections/yerel/1968yerel.json,
TR-D-16-008,Bursa,Keles,1953-03-01,6068,16,Bursa,Keles,TR-D-16-008,kendi_satiri,kesin,data/normalized/elections/yerel/1968yerel.json,
TR-D-16-009,Bursa,Kestel,1990-05-20,3644,16,Bursa,Merkez,HISTK-HIST-Bursa-Merkez-d263d1,tarihsel_birlesim,kesin,3644 sayılı Kanun ek (28) sayılı liste (RG 1990-05-20),Kuruluşta bütün birimleri Yıldırım ilçesinden
TR-D-16-010,Bursa,Mudanya,,,16,Bursa,Mudanya,TR-D-16-010,kendi_satiri,kesin,data/normalized/elections/yerel/1968yerel.json,
TR-D-16-011,Bursa,Mustafakemalpaşa,,,16,Bursa,Mustafakemalpaşa,TR-D-16-011,kendi_satiri,kesin,data/normalized/elections/yerel/1968yerel.json,
TR-D-16-012,Bursa,Nilüfer,1987-06-27,3391,16,Bursa,Merkez,HISTK-HIST-Bursa-Merkez-d263d1,tarihsel_birlesim,kesin,"geo/historical/district_splits.json (HIST-Bursa-Merkez, repoda doğrulanmış birleşim)",Seçim satırı Merkez poligonu: HIST-Bursa-Merkez
TR-D-16-013,Bursa,Orhaneli,,,16,Bursa,Orhaneli,HISTK-16-013-7e61b4,tarihsel_birlesim,kesin,"geo/historical/district_splits.json (TR-D-16-013, repoda doğrulanmış birleşim)",Seçim satırı Orhaneli poligonu: TR-D-16-013
TR-D-16-014,Bursa,Orhangazi,,,16,Bursa,Orhangazi,TR-D-16-014,kendi_satiri,kesin,data/normalized/elections/yerel/1968yerel.json,
TR-D-16-015,Bursa,Osmangazi,1987-06-27,3391,16,Bursa,Merkez,HISTK-HIST-Bursa-Merkez-d263d1,tarihsel_birlesim,kesin,"geo/historical/district_splits.json (HIST-Bursa-Merkez, repoda doğrulanmış birleşim)",Seçim satırı Merkez poligonu: HIST-Bursa-Merkez
TR-D-16-016,Bursa,Yenişehir,,,16,Bursa,Yenişehir,TR-D-16-016,kendi_satiri,kesin,data/normalized/elections/yerel/1968yerel.json,
TR-D-16-017,Bursa,Yıldırım,1987-06-27,3391,16,Bursa,Merkez,HISTK-HIST-Bursa-Merkez-d263d1,tarihsel_birlesim,kesin,"geo/historical/district_splits.json (HIST-Bursa-Merkez, repoda doğrulanmış birleşim)",Seçim satırı Merkez poligonu: HIST-Bursa-Merkez
TR-D-17-001,Çanakkale,Ayvacık,1928-06-01,1282,17,Çanakkale,Ayvacık,TR-D-17-001,kendi_satiri,kesin,data/normalized/elections/yerel/1968yerel.json,
TR-D-17-002,Çanakkale,Bayramiç,,,17,Çanakkale,Bayramiç,TR-D-17-002,kendi_satiri,kesin,data/normalized/elections/yerel/1968yerel.json,
TR-D-17-003,Çanakkale,Biga,,,17,Çanakkale,Biga,TR-D-17-003,kendi_satiri,kesin,data/normalized/elections/yerel/1968yerel.json,
TR-D-17-004,Çanakkale,Bozcaada,,,17,Çanakkale,Bozcaada,TR-D-17-004,kendi_satiri,kesin,data/normalized/elections/yerel/1968yerel.json,
TR-D-17-005,Çanakkale,Çan,1945-08-01,4769,17,Çanakkale,Çan,TR-D-17-005,kendi_satiri,kesin,data/normalized/elections/yerel/1968yerel.json,
TR-D-17-006,Çanakkale,Merkez,,,17,Çanakkale,Merkez,TR-D-17-006,kendi_satiri,kesin,data/normalized/elections/yerel/1968yerel.json,
TR-D-17-007,Çanakkale,Eceabat,,,17,Çanakkale,Eceabat,TR-D-17-007,kendi_satiri,kesin,data/normalized/elections/yerel/1968yerel.json,
TR-D-17-008,Çanakkale,Ezine,,,17,Çanakkale,Ezine,TR-D-17-008,kendi_satiri,kesin,data/normalized/elections/yerel/1968yerel.json,
TR-D-17-009,Çanakkale,Gelibolu,1926-06-26,877,17,Çanakkale,Gelibolu,TR-D-17-009,kendi_satiri,kesin,data/normalized/elections/yerel/1968yerel.json,
TR-D-17-010,Çanakkale,Gökçeada,,,17,Çanakkale,İmroz (Gökçeada),TR-D-17-010,kendi_satiri,kesin,data/normalized/elections/yerel/1968yerel.json,
TR-D-17-011,Çanakkale,Lapseki,,,17,Çanakkale,Lapseki,TR-D-17-011,kendi_satiri,kesin,data/normalized/elections/yerel/1968yerel.json,
TR-D-17-012,Çanakkale,Yenice,1936-06-15,3012,17,Çanakkale,Yenice,TR-D-17-012,kendi_satiri,kesin,data/normalized/elections/yerel/1968yerel.json,
TR-D-18-001,Çankırı,Atkaracalar,1987-07-04,3392,18,Çankırı,Kurşunlu,HISTK-18-009-c459c5,tarihsel_birlesim,kesin,3392 sayılı Kanun ek (22) sayılı liste (RG 1987-07-04),Kuruluşta bütün birimleri Kurşunlu ilçesinden
TR-D-18-002,Çankırı,Bayramören,1990-05-20,3644,18,Çankırı,Kurşunlu,HISTK-18-009-c459c5,ayni_eski_ilce,kesin,3644 sayılı Kanun ek (29) sayılı liste,"Ek liste birimleri: Kurşunlu 24, Atkaracalar 3; hepsi seçim tarihinde Kurşunlu ilçesindeydi"
TR-D-18-003,Çankırı,Merkez,,,18,Çankırı,Merkez,HISTK-18-003-98cbc9,tarihsel_birlesim,kesin,"geo/historical/district_splits.json (TR-D-18-003, repoda doğrulanmış birleşim)",Seçim satırı Merkez poligonu: TR-D-18-003
TR-D-18-004,Çankırı,Çerkeş,,,18,Çankırı,Çerkeş,TR-D-18-004,kendi_satiri,kesin,data/normalized/elections/yerel/1968yerel.json,
TR-D-18-005,Çankırı,Eldivan,1960-04-01,7033,18,Çankırı,Eldivan,TR-D-18-005,kendi_satiri,kesin,data/normalized/elections/yerel/1968yerel.json,
TR-D-18-006,Çankırı,Ilgaz,,,18,Çankırı,Ilgaz,TR-D-18-006,kendi_satiri,kesin,data/normalized/elections/yerel/1968yerel.json,
TR-D-18-007,Çankırı,Kızılırmak,1987-07-04,3392,18,Çankırı,Merkez,HISTK-18-003-98cbc9,tarihsel_birlesim,kesin,3392 sayılı Kanun ek (23) sayılı liste (RG 1987-07-04),Kuruluşta bütün birimleri Merkez ilçesinden
TR-D-18-008,Çankırı,Korgun,1990-05-20,3644,18,Çankırı,Merkez,HISTK-18-003-98cbc9,tarihsel_birlesim,kesin,3644 sayılı Kanun ek (30) sayılı liste (RG 1990-05-20),Kuruluşta bütün birimleri Merkez ilçesinden
TR-D-18-009,Çankırı,Kurşunlu,1944-09-01,4642,18,Çankırı,Kurşunlu,HISTK-18-009-c459c5,tarihsel_birlesim,kesin,"geo/historical/district_splits.json (TR-D-18-009, repoda doğrulanmış birleşim)",Seçim satırı Kurşunlu poligonu: TR-D-18-009
TR-D-18-010,Çankırı,Orta,1959-04-01,7033,18,Çankırı,Orta,TR-D-18-010,kendi_satiri,kesin,data/normalized/elections/yerel/1968yerel.json,
TR-D-18-011,Çankırı,Şabanözü,1944-09-01,4642,18,Çankırı,Şabanözü,TR-D-18-011,kendi_satiri,kesin,data/normalized/elections/yerel/1968yerel.json,
TR-D-18-012,Çankırı,Yapraklı,1958-04-01,7033,18,Çankırı,Yapraklı,TR-D-18-012,kendi_satiri,kesin,data/normalized/elections/yerel/1968yerel.json,
TR-D-19-001,Çorum,Alaca,,,19,Çorum,Alaca,TR-D-19-001,kendi_satiri,kesin,data/normalized/elections/yerel/1968yerel.json,
TR-D-19-002,Çorum,Bayat,1958-04-01,7033,19,Çorum,Bayat,TR-D-19-002,kendi_satiri,kesin,data/normalized/elections/yerel/1968yerel.json,
TR-D-19-003,Çorum,Boğazkale,1987-07-04,3392,19,Çorum,Sungurlu,HISTK-19-013-b94793,tarihsel_birlesim,kesin,3392 sayılı Kanun ek (24) sayılı liste (RG 1987-07-04),Kuruluşta bütün birimleri Sungurlu ilçesinden
TR-D-19-004,Çorum,Merkez,,,19,Çorum,Merkez,HISTK-19-004-884226,tarihsel_birlesim,kesin,"geo/historical/district_splits.json (TR-D-19-004, repoda doğrulanmış birleşim)",Seçim satırı Merkez poligonu: TR-D-19-004
TR-D-19-005,Çorum,Dodurga,1990-05-20,3644,19,Çorum,Osmancık,HISTK-19-012-db5601,tarihsel_birlesim,kesin,3644 sayılı Kanun ek (31) sayılı liste (RG 1990-05-20),Kuruluşta bütün birimleri Osmancık ilçesinden
TR-D-19-006,Çorum,İskilip,,,19,Çorum,İskilip,HISTK-19-006-c7a151,tarihsel_birlesim,kesin,"geo/historical/district_splits.json (TR-D-19-006, repoda doğrulanmış birleşim)",Seçim satırı İskilip poligonu: TR-D-19-006
TR-D-19-007,Çorum,Kargı,1936-06-15,3012,19,Çorum,Kargı,TR-D-19-007,kendi_satiri,kesin,data/normalized/elections/yerel/1968yerel.json,
TR-D-19-008,Çorum,Laçin,1990-05-20,3644,19,Çorum,Merkez,HISTK-19-004-884226,tarihsel_birlesim,kesin,3644 sayılı Kanun ek (33) sayılı liste (RG 1990-05-20),Kuruluşta bütün birimleri Merkez ilçesinden
TR-D-19-009,Çorum,Mecitözü,,,19,Çorum,Mecitözü,TR-D-19-009,kendi_satiri,kesin,data/normalized/elections/yerel/1968yerel.json,
TR-D-19-010,Çorum,Oğuzlar,1990-05-20,3644,19,Çorum,İskilip,HISTK-19-006-c7a151,tarihsel_birlesim,kesin,3644 sayılı Kanun ek (32) sayılı liste (RG 1990-05-20),Kuruluşta bütün birimleri İskilip ilçesinden
TR-D-19-011,Çorum,Ortaköy,1959-04-01,7033,19,Çorum,Ortaköy,TR-D-19-011,kendi_satiri,kesin,data/normalized/elections/yerel/1968yerel.json,
TR-D-19-012,Çorum,Osmancık,,,19,Çorum,Osmancık,HISTK-19-012-db5601,tarihsel_birlesim,kesin,"geo/historical/district_splits.json (TR-D-19-012, repoda doğrulanmış birleşim)",Seçim satırı Osmancık poligonu: TR-D-19-012
TR-D-19-013,Çorum,Sungurlu,,,19,Çorum,Sungurlu,HISTK-19-013-b94793,tarihsel_birlesim,kesin,"geo/historical/district_splits.json (TR-D-19-013, repoda doğrulanmış birleşim)",Seçim satırı Sungurlu poligonu: TR-D-19-013
TR-D-19-014,Çorum,Uğurludağ,1987-07-04,3392,19,Çorum,İskilip,HISTK-19-006-c7a151,en_buyuk_pay,kaba,3392 sayılı Kanun ek (25) sayılı liste,"Ek liste birimleri: İskilip 17, Sungurlu 12, Merkez 4; seçimdeki ilçelere göre %52 İskilip, %12 Merkez, %36 Sungurlu"
TR-D-20-001,Denizli,Acıpayam,,,20,Denizli,Acıpayam,HISTK-20-001-15e202,tarihsel_birlesim,kesin,"geo/historical/district_splits.json (TR-D-20-001, repoda doğrulanmış birleşim)",Seçim satırı Acıpayam poligonu: TR-D-20-001
TR-D-20-002,Denizli,Babadağ,1987-07-04,3392,20,Denizli,Sarayköy,HISTK-20-017-07d37f,tarihsel_birlesim,kesin,3392 sayılı Kanun ek (26) sayılı liste (RG 1987-07-04),Kuruluşta bütün birimleri Sarayköy ilçesinden
TR-D-20-003,Denizli,Baklan,1990-05-20,3644,20,Denizli,Çal,HISTK-20-008-c6068a,tarihsel_birlesim,kesin,3644 sayılı Kanun ek (35) sayılı liste (RG 1990-05-20),Kuruluşta bütün birimleri Çal ilçesinden
TR-D-20-004,Denizli,Bekilli,1987-07-04,3392,20,Denizli,Çal,HISTK-20-008-c6068a,tarihsel_birlesim,kesin,3392 sayılı Kanun ek (27) sayılı liste (RG 1987-07-04),Kuruluşta bütün birimleri Çal ilçesinden
TR-D-20-005,Denizli,Beyağaç,1990-05-20,3644,20,Denizli,Kale,HISTK-20-014-e6c1d4,tarihsel_birlesim,kesin,3644 sayılı Kanun ek (36) sayılı liste (RG 1990-05-20),Kuruluşta bütün birimleri Kale ilçesinden
TR-D-20-006,Denizli,Bozkurt,1990-05-20,3644,20,Denizli,Çardak,HISTK-20-010-20b6ed,tarihsel_birlesim,kesin,3644 sayılı Kanun ek (37) sayılı liste (RG 1990-05-20),Kuruluşta bütün birimleri Çardak ilçesinden
TR-D-20-007,Denizli,Buldan,,,20,Denizli,Buldan,TR-D-20-007,kendi_satiri,kesin,data/normalized/elections/yerel/1968yerel.json,
TR-D-20-008,Denizli,Çal,,,20,Denizli,Çal,HISTK-20-008-c6068a,tarihsel_birlesim,kesin,"geo/historical/district_splits.json (TR-D-20-008, repoda doğrulanmış birleşim)",Seçim satırı Çal poligonu: TR-D-20-008
TR-D-20-009,Denizli,Çameli,1953-03-01,6068,20,Denizli,Çameli,TR-D-20-009,kendi_satiri,kesin,data/normalized/elections/yerel/1968yerel.json,
TR-D-20-010,Denizli,Çardak,1958-04-01,7033,20,Denizli,Çardak,HISTK-20-010-20b6ed,tarihsel_birlesim,kesin,"geo/historical/district_splits.json (TR-D-20-010, repoda doğrulanmış birleşim)",Seçim satırı Çardak poligonu: TR-D-20-010
TR-D-20-011,Denizli,Çivril,,,20,Denizli,Çivril,TR-D-20-011,kendi_satiri,kesin,data/normalized/elections/yerel/1968yerel.json,
TR-D-20-012,Denizli,Güney,1948-01-01,5071,20,Denizli,Güney,TR-D-20-012,kendi_satiri,kesin,data/normalized/elections/yerel/1968yerel.json,
TR-D-20-013,Denizli,Honaz,1987-07-04,3392,20,Denizli,Merkez,HISTK-20-015-669a36,tarihsel_birlesim,kesin,3392 sayılı Kanun ek (28) sayılı liste (RG 1987-07-04),Kuruluşta bütün birimleri Merkez ilçesinden
TR-D-20-014,Denizli,Kale,1959-04-01,7033,20,Denizli,Kale,HISTK-20-014-e6c1d4,tarihsel_birlesim,kesin,"geo/historical/district_splits.json (TR-D-20-014, repoda doğrulanmış birleşim)",Seçim satırı Kale poligonu: TR-D-20-014
TR-D-20-015,Denizli,Merkezefendi,2012-12-06,6360,20,Denizli,Merkez,HISTK-20-015-669a36,tarihsel_birlesim,kesin,"geo/historical/district_splits.json (TR-D-20-015, repoda doğrulanmış birleşim)",Seçim satırı Merkez poligonu: TR-D-20-015
TR-D-20-016,Denizli,Pamukkale,1990-05-20,3644,20,Denizli,Merkez,HISTK-20-015-669a36,tarihsel_birlesim,kesin,3644 sayılı Kanun ek (34) sayılı liste (RG 1990-05-20),Kuruluşta bütün birimleri Merkez ilçesinden
TR-D-20-017,Denizli,Sarayköy,,,20,Denizli,Sarayköy,HISTK-20-017-07d37f,tarihsel_birlesim,kesin,"geo/historical/district_splits.json (TR-D-20-017, repoda doğrulanmış birleşim)",Seçim satırı Sarayköy poligonu: TR-D-20-017
TR-D-20-018,Denizli,Serinhisar,1987-07-04,3392,20,Denizli,Acıpayam,HISTK-20-001-15e202,tarihsel_birlesim,kesin,3392 sayılı Kanun ek (29) sayılı liste (RG 1987-07-04),Kuruluşta bütün birimleri Acıpayam ilçesinden
TR-D-20-019,Denizli,Tavas,,,20,Denizli,Tavas,TR-D-20-019,kendi_satiri,kesin,data/normalized/elections/yerel/1968yerel.json,
TR-D-21-001,Diyarbakır,Bağlar,2008-03-22,5747,21,Diyarbakır,Merkez,HISTK-HIST-Diyarbakır-Merkez-b389dc,tarihsel_birlesim,kesin,"geo/historical/district_splits.json (HIST-Diyarbakır-Merkez, repoda doğrulanmış birleşim)",Seçim satırı Merkez poligonu: HIST-Diyarbakır-Merkez
TR-D-21-002,Diyarbakır,Bismil,1936-01-04,2885,21,Diyarbakır,Bismil,TR-D-21-002,kendi_satiri,kesin,data/normalized/elections/yerel/1968yerel.json,
TR-D-21-003,Diyarbakır,Çermik,,,21,Diyarbakır,Çermik,TR-D-21-003,kendi_satiri,kesin,data/normalized/elections/yerel/1968yerel.json,
TR-D-21-004,Diyarbakır,Çınar,1937-06-23,3223,21,Diyarbakır,Çınar,TR-D-21-004,kendi_satiri,kesin,data/normalized/elections/yerel/1968yerel.json,
TR-D-21-005,Diyarbakır,Çüngüş,1953-03-01,6068,21,Diyarbakır,Çüngüş,TR-D-21-005,kendi_satiri,kesin,data/normalized/elections/yerel/1968yerel.json,
TR-D-21-006,Diyarbakır,Dicle,1936-01-04,2885,21,Diyarbakır,Dicle,TR-D-21-006,kendi_satiri,kesin,data/normalized/elections/yerel/1968yerel.json,
TR-D-21-007,Diyarbakır,Eğil,1987-07-04,3392,21,Diyarbakır,Merkez,HISTK-HIST-Diyarbakır-Merkez-b389dc,tarihsel_birlesim,kesin,apply_idari_merges.py: 3392; 3644 sayılı Kanun,
TR-D-21-008,Diyarbakır,Ergani,1926-06-26,877,21,Diyarbakır,Ergani,TR-D-21-008,kendi_satiri,kesin,data/normalized/elections/yerel/1968yerel.json,
TR-D-21-009,Diyarbakır,Hani,1958-04-01,7033,21,Diyarbakır,Hani,TR-D-21-009,kendi_satiri,kesin,data/normalized/elections/yerel/1968yerel.json,
TR-D-21-010,Diyarbakır,Hazro,1954-06-01,6325,21,Diyarbakır,Hazro,TR-D-21-010,kendi_satiri,kesin,data/normalized/elections/yerel/1968yerel.json,
TR-D-21-011,Diyarbakır,Kayapınar,2008-03-22,5747,21,Diyarbakır,Merkez,HISTK-HIST-Diyarbakır-Merkez-b389dc,tarihsel_birlesim,kesin,"geo/historical/district_splits.json (HIST-Diyarbakır-Merkez, repoda doğrulanmış birleşim)",Seçim satırı Merkez poligonu: HIST-Diyarbakır-Merkez
TR-D-21-012,Diyarbakır,Kocaköy,1990-05-20,3644,21,Diyarbakır,Merkez,HISTK-HIST-Diyarbakır-Merkez-b389dc,tarihsel_birlesim,kesin,apply_idari_merges.py: 3392; 3644 sayılı Kanun,
TR-D-21-013,Diyarbakır,Kulp,,,21,Diyarbakır,Kulp,TR-D-21-013,kendi_satiri,kesin,data/normalized/elections/yerel/1968yerel.json,
TR-D-21-014,Diyarbakır,Lice,,,21,Diyarbakır,Lice,TR-D-21-014,kendi_satiri,kesin,data/normalized/elections/yerel/1968yerel.json,
TR-D-21-015,Diyarbakır,Silvan,,,21,Diyarbakır,Silvan,TR-D-21-015,kendi_satiri,kesin,data/normalized/elections/yerel/1968yerel.json,
TR-D-21-016,Diyarbakır,Sur,2008-03-22,5747,21,Diyarbakır,Merkez,HISTK-HIST-Diyarbakır-Merkez-b389dc,tarihsel_birlesim,kesin,"geo/historical/district_splits.json (HIST-Diyarbakır-Merkez, repoda doğrulanmış birleşim)",Seçim satırı Merkez poligonu: HIST-Diyarbakır-Merkez
TR-D-21-017,Diyarbakır,Yenişehir,2008-03-22,5747,21,Diyarbakır,Merkez,HISTK-HIST-Diyarbakır-Merkez-b389dc,tarihsel_birlesim,kesin,"geo/historical/district_splits.json (HIST-Diyarbakır-Merkez, repoda doğrulanmış birleşim)",Seçim satırı Merkez poligonu: HIST-Diyarbakır-Merkez
TR-D-22-001,Edirne,Merkez,,,22,Edirne,Merkez,HISTK-22-001-899d02,tarihsel_birlesim,kesin,"geo/historical/district_splits.json (TR-D-22-001, repoda doğrulanmış birleşim)",Seçim satırı Merkez poligonu: TR-D-22-001
TR-D-22-002,Edirne,Enez,1953-03-01,6068,22,Edirne,Enez,TR-D-22-002,kendi_satiri,kesin,data/normalized/elections/yerel/1968yerel.json,
TR-D-22-003,Edirne,Havsa,1954-06-01,6324,22,Edirne,Havsa,TR-D-22-003,kendi_satiri,kesin,data/normalized/elections/yerel/1968yerel.json,
TR-D-22-004,Edirne,İpsala,1928-06-01,1282,22,Edirne,İpsala,TR-D-22-004,kendi_satiri,kesin,data/normalized/elections/yerel/1968yerel.json,
TR-D-22-005,Edirne,Keşan,,,22,Edirne,Keşan,TR-D-22-005,kendi_satiri,kesin,data/normalized/elections/yerel/1968yerel.json,
TR-D-22-006,Edirne,Lalapaşa,1945-08-01,4769,22,Edirne,Lalapaşa,TR-D-22-006,kendi_satiri,kesin,data/normalized/elections/yerel/1968yerel.json,
TR-D-22-007,Edirne,Meriç,,,22,Edirne,Meriç,TR-D-22-007,kendi_satiri,kesin,data/normalized/elections/yerel/1968yerel.json,
TR-D-22-008,Edirne,Süloğlu,1990-05-20,3644,22,Edirne,Merkez,HISTK-22-001-899d02,tarihsel_birlesim,kesin,3644 sayılı Kanun ek (39) sayılı liste (RG 1990-05-20),Kuruluşta bütün birimleri Merkez ilçesinden
TR-D-22-009,Edirne,Uzunköprü,,,22,Edirne,Uzunköprü,TR-D-22-009,kendi_satiri,kesin,data/normalized/elections/yerel/1968yerel.json,
TR-D-23-001,Elazığ,Ağın,1954-06-01,6324,23,Elazığ,Ağın,TR-D-23-001,kendi_satiri,kesin,data/normalized/elections/yerel/1968yerel.json,
TR-D-23-002,Elazığ,Alacakaya,1990-05-20,3644,23,Elazığ,Maden,TR-D-23-009,en_buyuk_pay,kaba,3644 sayılı Kanun ek (40) sayılı liste,"Ek liste birimleri: Maden 7, Arıcak 5; seçimdeki ilçelere göre %58 Maden, %42 Palu"
TR-D-23-003,Elazığ,Arıcak,1987-07-04,3392,23,Elazığ,Palu,HISTK-23-010-307f90,tarihsel_birlesim,kesin,3392 sayılı Kanun ek (32) sayılı liste (RG 1987-07-04),Kuruluşta bütün birimleri Palu ilçesinden
TR-D-23-004,Elazığ,Baskil,1926-06-26,877,23,Elazığ,Baskil,TR-D-23-004,kendi_satiri,kesin,data/normalized/elections/yerel/1968yerel.json,
TR-D-23-005,Elazığ,Merkez,,,23,Elazığ,Merkez,TR-D-23-005,kendi_satiri,kesin,data/normalized/elections/yerel/1968yerel.json,
TR-D-23-006,Elazığ,Karakoçan,1936-01-04,2885,23,Elazığ,Karakoçan,TR-D-23-006,kendi_satiri,kesin,data/normalized/elections/yerel/1968yerel.json,
TR-D-23-007,Elazığ,Keban,,,23,Elazığ,Keban,TR-D-23-007,kendi_satiri,kesin,data/normalized/elections/yerel/1968yerel.json,
TR-D-23-008,Elazığ,Kovancılar,1987-07-04,3392,23,Elazığ,Palu,HISTK-23-010-307f90,cogunluk,yaklasik,3392 sayılı Kanun ek (31) sayılı liste,"Ek liste birimleri: Palu 78, kaynağı yazılmamış 1, Ağın 1; seçimdeki ilçelere göre %98 Palu, %1 Ağın, %1 bilinmiyor"
TR-D-23-009,Elazığ,Maden,,,23,Elazığ,Maden,TR-D-23-009,kendi_satiri,kesin,data/normalized/elections/yerel/1968yerel.json,
TR-D-23-010,Elazığ,Palu,,,23,Elazığ,Palu,HISTK-23-010-307f90,tarihsel_birlesim,kesin,"geo/historical/district_splits.json (TR-D-23-010, repoda doğrulanmış birleşim)",Seçim satırı Palu poligonu: TR-D-23-010
TR-D-23-011,Elazığ,Sivrice,1936-01-04,2885,23,Elazığ,Sivrice,TR-D-23-011,kendi_satiri,kesin,data/normalized/elections/yerel/1968yerel.json,
TR-D-24-001,Erzincan,Çayırlı,1954-06-01,6324,24,Erzincan,Çayırlı,HISTK-24-001-af1fff,tarihsel_birlesim,kesin,"geo/historical/district_splits.json (TR-D-24-001, repoda doğrulanmış birleşim)",Seçim satırı Çayırlı poligonu: TR-D-24-001
TR-D-24-002,Erzincan,Merkez,,,24,Erzincan,Merkez,HISTK-24-002-9eee96,tarihsel_birlesim,kesin,"geo/historical/district_splits.json (TR-D-24-002, repoda doğrulanmış birleşim)",Seçim satırı Merkez poligonu: TR-D-24-002
TR-D-24-003,Erzincan,İliç,,,24,Erzincan,İliç,TR-D-24-003,kendi_satiri,kesin,data/normalized/elections/yerel/1968yerel.json,
TR-D-24-004,Erzincan,Kemah,,,24,Erzincan,Kemah,TR-D-24-004,kendi_satiri,kesin,data/normalized/elections/yerel/1968yerel.json,
TR-D-24-005,Erzincan,Kemaliye,,,24,Erzincan,Kemaliye,TR-D-24-005,kendi_satiri,kesin,data/normalized/elections/yerel/1968yerel.json,
TR-D-24-006,Erzincan,Otlukbeli,1990-05-20,3644,24,Erzincan,Çayırlı,HISTK-24-001-af1fff,tarihsel_birlesim,kesin,3644 sayılı Kanun ek (41) sayılı liste (RG 1990-05-20),Kuruluşta bütün birimleri Çayırlı ilçesinden
TR-D-24-007,Erzincan,Refahiye,,,24,Erzincan,Refahiye,TR-D-24-007,kendi_satiri,kesin,data/normalized/elections/yerel/1968yerel.json,
TR-D-24-008,Erzincan,Tercan,,,24,Erzincan,Tercan,TR-D-24-008,kendi_satiri,kesin,data/normalized/elections/yerel/1968yerel.json,
TR-D-24-009,Erzincan,Üzümlü,1987-07-04,3392,24,Erzincan,Merkez,HISTK-24-002-9eee96,tarihsel_birlesim,kesin,3392 sayılı Kanun ek (33) sayılı liste (RG 1987-07-04),Kuruluşta bütün birimleri Merkez ilçesinden
TR-D-25-001,Erzurum,Aşkale,1934-07-03,2529,25,Erzurum,Aşkale,TR-D-25-001,kendi_satiri,kesin,data/normalized/elections/yerel/1968yerel.json,
TR-D-25-002,Erzurum,Aziziye,1990-05-20,3644,25,Erzurum,Merkez,HISTK-HIST-Erzurum-Merkez-16199f,tarihsel_birlesim,kesin,3644 sayılı Kanun ek (42) sayılı liste (RG 1990-05-20),Kuruluşta bütün birimleri Merkez ilçesinden
TR-D-25-003,Erzurum,Çat,1954-06-01,6325,25,Erzurum,Çat,TR-D-25-003,kendi_satiri,kesin,data/normalized/elections/yerel/1968yerel.json,
TR-D-25-004,Erzurum,Hınıs,,,25,Erzurum,Hınıs,HISTK-25-004-ed06af,tarihsel_birlesim,kesin,"geo/historical/district_splits.json (TR-D-25-004, repoda doğrulanmış birleşim)",Seçim satırı Hınıs poligonu: TR-D-25-004
TR-D-25-005,Erzurum,Horasan,1953-12-04,6191,25,Erzurum,Horasan,TR-D-25-005,kendi_satiri,kesin,data/normalized/elections/yerel/1968yerel.json,
TR-D-25-006,Erzurum,İspir,,,25,Erzurum,İspir,HISTK-25-006-ca03d6,tarihsel_birlesim,kesin,"geo/historical/district_splits.json (TR-D-25-006, repoda doğrulanmış birleşim)",Seçim satırı İspir poligonu: TR-D-25-006
TR-D-25-007,Erzurum,Karaçoban,1987-07-04,3392,25,Erzurum,Hınıs,HISTK-25-004-ed06af,tarihsel_birlesim,kesin,3392 sayılı Kanun ek (34) sayılı liste (RG 1987-07-04),Kuruluşta bütün birimleri Hınıs ilçesinden
TR-D-25-008,Erzurum,Karayazı,1937-06-23,3223,25,Erzurum,Karayazı,TR-D-25-008,kendi_satiri,kesin,data/normalized/elections/yerel/1968yerel.json,
TR-D-25-009,Erzurum,Köprüköy,1990-05-18,3647,25,Erzurum,Pasinler,HISTK-25-014-fd6c5a,tarihsel_birlesim,kesin,3647 sayılı Kanun ek (1) sayılı liste (RG 1990-05-18),Kuruluşta bütün birimleri Pasinler ilçesinden
TR-D-25-010,Erzurum,Narman,1954-06-01,6324,25,Erzurum,Narman,TR-D-25-010,kendi_satiri,kesin,data/normalized/elections/yerel/1968yerel.json,
TR-D-25-011,Erzurum,Oltu,,,25,Erzurum,Oltu,TR-D-25-011,kendi_satiri,kesin,data/normalized/elections/yerel/1968yerel.json,
TR-D-25-012,Erzurum,Olur,1958-04-01,7033,25,Erzurum,Olur,TR-D-25-012,kendi_satiri,kesin,data/normalized/elections/yerel/1968yerel.json,
TR-D-25-013,Erzurum,Palandöken,2008-03-22,5747,25,Erzurum,Merkez,HISTK-HIST-Erzurum-Merkez-16199f,tarihsel_birlesim,kesin,"geo/historical/district_splits.json (HIST-Erzurum-Merkez, repoda doğrulanmış birleşim)",Seçim satırı Merkez poligonu: HIST-Erzurum-Merkez
TR-D-25-014,Erzurum,Pasinler,,,25,Erzurum,Pasinler,HISTK-25-014-fd6c5a,tarihsel_birlesim,kesin,"geo/historical/district_splits.json (TR-D-25-014, repoda doğrulanmış birleşim)",Seçim satırı Pasinler poligonu: TR-D-25-014
TR-D-25-015,Erzurum,Pazaryolu,1989-06-21,3578,25,Erzurum,İspir,HISTK-25-006-ca03d6,tarihsel_birlesim,kesin,3578 sayılı Kanun ek (2) sayılı liste (RG 1989-06-21),Kuruluşta bütün birimleri İspir ilçesinden
TR-D-25-016,Erzurum,Şenkaya,1946-04-01,4869,25,Erzurum,Şenkaya,TR-D-25-016,kendi_satiri,kesin,data/normalized/elections/yerel/1968yerel.json,
TR-D-25-017,Erzurum,Tekman,1946-04-01,4869,25,Erzurum,Tekman,TR-D-25-017,kendi_satiri,kesin,data/normalized/elections/yerel/1968yerel.json,
TR-D-25-018,Erzurum,Tortum,,,25,Erzurum,Tortum,HISTK-25-018-403a23,tarihsel_birlesim,kesin,"geo/historical/district_splits.json (TR-D-25-018, repoda doğrulanmış birleşim)",Seçim satırı Tortum poligonu: TR-D-25-018
TR-D-25-019,Erzurum,Uzundere,1987-07-04,3392,25,Erzurum,Tortum,HISTK-25-018-403a23,tarihsel_birlesim,kesin,3392 sayılı Kanun ek (35) sayılı liste (RG 1987-07-04),Kuruluşta bütün birimleri Tortum ilçesinden
TR-D-25-020,Erzurum,Yakutiye,2008-03-22,5747,25,Erzurum,Merkez,HISTK-HIST-Erzurum-Merkez-16199f,tarihsel_birlesim,kesin,"geo/historical/district_splits.json (HIST-Erzurum-Merkez, repoda doğrulanmış birleşim)",Seçim satırı Merkez poligonu: HIST-Erzurum-Merkez
TR-D-26-001,Eskişehir,Alpu,1987-07-04,3392,26,Eskişehir,Merkez,HISTK-HIST-Eskişehir-Merkez-5e651a,tarihsel_birlesim,kesin,3392 sayılı Kanun ek (36) sayılı liste (RG 1987-07-04),Kuruluşta bütün birimleri Merkez ilçesinden
TR-D-26-002,Eskişehir,Beylikova,1987-07-04,3392,26,Eskişehir,Mihalıççık,HISTK-26-009-346803,tarihsel_birlesim,kesin,3392 sayılı Kanun ek (37) sayılı liste (RG 1987-07-04),Kuruluşta bütün birimleri Mihalıçcık ilçesinden
TR-D-26-003,Eskişehir,Çifteler,1954-06-01,6321,26,Eskişehir,Çifteler,HISTK-26-003-0a7031,tarihsel_birlesim,kesin,"geo/historical/district_splits.json (TR-D-26-003, repoda doğrulanmış birleşim)",Seçim satırı Çifteler poligonu: TR-D-26-003
TR-D-26-004,Eskişehir,Günyüzü,1990-05-20,3644,26,Eskişehir,Sivrihisar,HISTK-26-013-eb5aa8,tarihsel_birlesim,kesin,3644 sayılı Kanun ek (43) sayılı liste (RG 1990-05-20),Kuruluşta bütün birimleri Sivrihisar ilçesinden
TR-D-26-005,Eskişehir,Han,1990-05-20,3644,26,Eskişehir,Çifteler,HISTK-26-003-0a7031,tarihsel_birlesim,kesin,3644 sayılı Kanun ek (44) sayılı liste (RG 1990-05-20),Kuruluşta bütün birimleri Çifteler ilçesinden
TR-D-26-006,Eskişehir,İnönü,1987-07-04,3392,26,Eskişehir,Merkez,HISTK-HIST-Eskişehir-Merkez-5e651a,tarihsel_birlesim,kesin,3392 sayılı Kanun ek (38) sayılı liste (RG 1987-07-04),Kuruluşta bütün birimleri Merkez ilçesinden
TR-D-26-007,Eskişehir,Mahmudiye,1954-06-01,6321,26,Eskişehir,Mahmudiye,TR-D-26-007,kendi_satiri,kesin,data/normalized/elections/yerel/1968yerel.json,
TR-D-26-008,Eskişehir,Mihalgazi,1990-05-20,3644,26,Eskişehir,Sarıcakaya,HISTK-26-011-42507b,tarihsel_birlesim,kesin,3644 sayılı Kanun ek (45) sayılı liste (RG 1990-05-20),Kuruluşta bütün birimleri Sarıcakaya ilçesinden
TR-D-26-009,Eskişehir,Mihalıççık,,,26,Eskişehir,Mihalıççık,HISTK-26-009-346803,tarihsel_birlesim,kesin,"geo/historical/district_splits.json (TR-D-26-009, repoda doğrulanmış birleşim)",Seçim satırı Mihalıççık poligonu: TR-D-26-009
TR-D-26-010,Eskişehir,Odunpazarı,2008-03-22,5747,26,Eskişehir,Merkez,HISTK-HIST-Eskişehir-Merkez-5e651a,tarihsel_birlesim,kesin,"geo/historical/district_splits.json (HIST-Eskişehir-Merkez, repoda doğrulanmış birleşim)",Seçim satırı Merkez poligonu: HIST-Eskişehir-Merkez
TR-D-26-011,Eskişehir,Sarıcakaya,1958-04-01,7033,26,Eskişehir,Sarıcakaya,HISTK-26-011-42507b,tarihsel_birlesim,kesin,"geo/historical/district_splits.json (TR-D-26-011, repoda doğrulanmış birleşim)",Seçim satırı Sarıcakaya poligonu: TR-D-26-011
TR-D-26-012,Eskişehir,Seyitgazi,,,26,Eskişehir,Seyitgazi,TR-D-26-012,kendi_satiri,kesin,data/normalized/elections/yerel/1968yerel.json,
TR-D-26-013,Eskişehir,Sivrihisar,,,26,Eskişehir,Sivrihisar,HISTK-26-013-eb5aa8,tarihsel_birlesim,kesin,"geo/historical/district_splits.json (TR-D-26-013, repoda doğrulanmış birleşim)",Seçim satırı Sivrihisar poligonu: TR-D-26-013
TR-D-26-014,Eskişehir,Tepebaşı,2008-03-22,5747,26,Eskişehir,Merkez,HISTK-HIST-Eskişehir-Merkez-5e651a,tarihsel_birlesim,kesin,"geo/historical/district_splits.json (HIST-Eskişehir-Merkez, repoda doğrulanmış birleşim)",Seçim satırı Merkez poligonu: HIST-Eskişehir-Merkez
TR-D-27-001,Gaziantep,Araban,1957-09-01,7033,27,Gaziantep,Araban,TR-D-27-001,kendi_satiri,kesin,data/normalized/elections/yerel/1968yerel.json,
TR-D-27-002,Gaziantep,İslahiye,,,27,Gaziantep,İslahiye,HISTK-27-002-03cbb5,tarihsel_birlesim,kesin,"geo/historical/district_splits.json (TR-D-27-002, repoda doğrulanmış birleşim)",Seçim satırı İslahiye poligonu: TR-D-27-002
TR-D-27-003,Gaziantep,Karkamış,1990-05-20,3644,27,Gaziantep,Nizip,HISTK-27-004-7f5e22,tarihsel_birlesim,kesin,3644 sayılı Kanun ek (46) sayılı liste (RG 1990-05-20),Kuruluşta bütün birimleri Nizip ilçesinden
TR-D-27-004,Gaziantep,Nizip,1926-06-26,877,27,Gaziantep,Nizip,HISTK-27-004-7f5e22,tarihsel_birlesim,kesin,"geo/historical/district_splits.json (TR-D-27-004, repoda doğrulanmış birleşim)",Seçim satırı Nizip poligonu: TR-D-27-004
TR-D-27-005,Gaziantep,Nurdağı,1990-05-20,3644,27,Gaziantep,İslahiye,HISTK-27-002-03cbb5,tarihsel_birlesim,kesin,3644 sayılı Kanun ek (47) sayılı liste (RG 1990-05-20),Kuruluşta bütün birimleri İslahiye ilçesinden
TR-D-27-006,Gaziantep,Oğuzeli,1946-04-01,4869,27,Gaziantep,Oğuzeli,HISTK-27-006-e042fd,tarihsel_birlesim,kesin,"geo/historical/district_splits.json (TR-D-27-006, repoda doğrulanmış birleşim)",Seçim satırı Oğuzeli poligonu: TR-D-27-006
TR-D-27-007,Gaziantep,Şahinbey,1987-06-27,3398,27,Gaziantep,Merkez,HIST-Gaziantep-Merkez,tarihsel_birlesim,kesin,"geo/historical/district_splits.json (HIST-Gaziantep-Merkez, repoda doğrulanmış birleşim)",Seçim satırı Merkez poligonu: HIST-Gaziantep-Merkez
TR-D-27-008,Gaziantep,Şehitkamil,1987-06-27,3398,27,Gaziantep,Merkez,HIST-Gaziantep-Merkez,tarihsel_birlesim,kesin,"geo/historical/district_splits.json (HIST-Gaziantep-Merkez, repoda doğrulanmış birleşim)",Seçim satırı Merkez poligonu: HIST-Gaziantep-Merkez
TR-D-27-009,Gaziantep,Yavuzeli,1958-04-01,7033,27,Gaziantep,Yavuzeli,TR-D-27-009,kendi_satiri,kesin,data/normalized/elections/yerel/1968yerel.json,
TR-D-28-001,Giresun,Alucra,,,28,Giresun,Alucra,HISTK-28-001-f9be3f,tarihsel_birlesim,kesin,"geo/historical/district_splits.json (TR-D-28-001, repoda doğrulanmış birleşim)",Seçim satırı Alucra poligonu: TR-D-28-001
TR-D-28-002,Giresun,Bulancak,1934-07-03,2529,28,Giresun,Bulancak,HISTK-28-002-93f565,tarihsel_birlesim,kesin,"geo/historical/district_splits.json (TR-D-28-002, repoda doğrulanmış birleşim)",Seçim satırı Bulancak poligonu: TR-D-28-002
TR-D-28-003,Giresun,Çamoluk,1990-05-20,3644,28,Giresun,Alucra,HISTK-28-001-f9be3f,tarihsel_birlesim,kesin,3644 sayılı Kanun ek (129) sayılı liste (RG 1990-05-20),Kuruluşta bütün birimleri Alucra ilçesinden
TR-D-28-004,Giresun,Çanakçı,1990-05-20,3644,28,Giresun,Görele,HISTK-28-010-2e37f0,tarihsel_birlesim,kesin,3644 sayılı Kanun ek (48) sayılı liste (RG 1990-05-20),Kuruluşta bütün birimleri Görele ilçesinden
TR-D-28-005,Giresun,Dereli,1958-04-01,7033,28,Giresun,Dereli,TR-D-28-005,kendi_satiri,kesin,data/normalized/elections/yerel/1968yerel.json,
TR-D-28-006,Giresun,Doğankent,1990-05-20,3644,28,Giresun,Tirebolu,HISTK-28-015-f42b10,tarihsel_birlesim,kesin,3644 sayılı Kanun ek (130) sayılı liste (RG 1990-05-20),Kuruluşta bütün birimleri Tirebolu ilçesinden
TR-D-28-007,Giresun,Espiye,1957-09-01,7033,28,Giresun,Espiye,HISTK-28-007-c2cb5f,tarihsel_birlesim,kesin,"geo/historical/district_splits.json (TR-D-28-007, repoda doğrulanmış birleşim)",Seçim satırı Espiye poligonu: TR-D-28-007
TR-D-28-008,Giresun,Eynesil,1960-04-01,7033,28,Giresun,Eynesil,TR-D-28-008,kendi_satiri,kesin,data/normalized/elections/yerel/1968yerel.json,
TR-D-28-009,Giresun,Merkez,,,28,Giresun,Merkez,TR-D-28-009,kendi_satiri,kesin,data/normalized/elections/yerel/1968yerel.json,
TR-D-28-010,Giresun,Görele,,,28,Giresun,Görele,HISTK-28-010-2e37f0,tarihsel_birlesim,kesin,"geo/historical/district_splits.json (TR-D-28-010, repoda doğrulanmış birleşim)",Seçim satırı Görele poligonu: TR-D-28-010
TR-D-28-011,Giresun,Güce,1990-05-20,3644,28,Giresun,Tirebolu,HISTK-28-015-f42b10,tarihsel_birlesim,kesin,3644 sayılı Kanun ek (49) sayılı liste (RG 1990-05-20),Kuruluşta bütün birimleri Tirebolu ilçesinden
TR-D-28-012,Giresun,Keşap,1945-08-01,4769,28,Giresun,Keşap,TR-D-28-012,kendi_satiri,kesin,data/normalized/elections/yerel/1968yerel.json,
TR-D-28-013,Giresun,Piraziz,1987-07-04,3392,28,Giresun,Bulancak,HISTK-28-002-93f565,tarihsel_birlesim,kesin,3392 sayılı Kanun ek (39) sayılı liste (RG 1987-07-04),Kuruluşta bütün birimleri Bulancak ilçesinden
TR-D-28-014,Giresun,Şebinkarahisar,1933-06-01,2197,28,Giresun,Şebinkarahisar,TR-D-28-014,kendi_satiri,kesin,data/normalized/elections/yerel/1968yerel.json,
TR-D-28-015,Giresun,Tirebolu,,,28,Giresun,Tirebolu,HISTK-28-015-f42b10,tarihsel_birlesim,kesin,"geo/historical/district_splits.json (TR-D-28-015, repoda doğrulanmış birleşim)",Seçim satırı Tirebolu poligonu: TR-D-28-015
TR-D-28-016,Giresun,Yağlıdere,1987-07-04,3392,28,Giresun,Espiye,HISTK-28-007-c2cb5f,tarihsel_birlesim,kesin,3392 sayılı Kanun ek (40) sayılı liste (RG 1987-07-04),Kuruluşta bütün birimleri Espiye ilçesinden
TR-D-29-001,Gümüşhane,Merkez,,,29,Gümüşhane,Merkez,TR-D-29-001,kendi_satiri,kesin,data/normalized/elections/yerel/1968yerel.json,
TR-D-29-002,Gümüşhane,Kelkit,,,29,Gümüşhane,Kelkit,HISTK-29-002-df20b5,tarihsel_birlesim,kesin,"geo/historical/district_splits.json (TR-D-29-002, repoda doğrulanmış birleşim)",Seçim satırı Kelkit poligonu: TR-D-29-002
TR-D-29-003,Gümüşhane,Köse,1987-07-04,3392,29,Gümüşhane,Kelkit,HISTK-29-002-df20b5,tarihsel_birlesim,kesin,3392 sayılı Kanun ek (43) sayılı liste (RG 1987-07-04),Kuruluşta bütün birimleri Kelkit ilçesinden
TR-D-29-004,Gümüşhane,Kürtün,1990-05-20,3644,29,Gümüşhane,Torul,TR-D-29-006,cogunluk,yaklasik,3644 sayılı Kanun ek (50) sayılı liste,"Ek liste birimleri: Torul 32, Tirebolu 2; seçimdeki ilçelere göre %94 Torul, %6 Tirebolu"
TR-D-29-005,Gümüşhane,Şiran,,,29,Gümüşhane,Şiran,TR-D-29-005,kendi_satiri,kesin,data/normalized/elections/yerel/1968yerel.json,
TR-D-29-006,Gümüşhane,Torul,,,29,Gümüşhane,Torul,TR-D-29-006,kendi_satiri,kesin,data/normalized/elections/yerel/1968yerel.json,
TR-D-30-001,Hakkari,Çukurca,1953-03-01,6068,30,Hakkari,Çukurca,TR-D-30-001,kendi_satiri,kesin,data/normalized/elections/yerel/1968yerel.json,
TR-D-30-002,Hakkari,Merkez,,,30,Hakkari,Merkez,TR-D-30-002,kendi_satiri,kesin,data/normalized/elections/yerel/1968yerel.json,
TR-D-30-003,Hakkari,Şemdinli,1936-01-04,2885,30,Hakkari,Şemdinli,TR-D-30-003,kendi_satiri,kesin,data/normalized/elections/yerel/1968yerel.json,
TR-D-30-004,Hakkari,Yüksekova,,,30,Hakkari,Yüksekova,TR-D-30-004,kendi_satiri,kesin,data/normalized/elections/yerel/1968yerel.json,
TR-D-30-005,Hakkari,Derecik,2018-10-25,7148,30,Hakkari,Şemdinli,TR-D-30-003,komsuluk,kaba,geo/historical/idari/district_lineage.json,"kuruluş kanununun ek listesi repoda yok. data/normalized/ek/beldeler/1999yerel.json–2014yerel.json: Derecik beldesi Şemdinli'de; köylerin eski ilçesi 7148 ekinde, repoda yok. Komşuluk: sınırının %100 kadarı Şemdinli ile"
TR-D-31-001,Hatay,Altınözü,1945-08-01,4769,31,Hatay,Altınözü,TR-D-31-001,kendi_satiri,kesin,data/normalized/elections/yerel/1968yerel.json,
TR-D-31-002,Hatay,Antakya,2012-12-06,6360,31,Hatay,Merkez,HISTK-31-002-655ba7,tarihsel_birlesim,kesin,"geo/historical/district_splits.json (TR-D-31-002, repoda doğrulanmış birleşim)",Seçim satırı Merkez poligonu: TR-D-31-002
TR-D-31-003,Hatay,Arsuz,2012-12-06,6360,31,Hatay,İskenderun,HISTK-31-009-e9eb45,tarihsel_birlesim,kesin,6360 sayılı Kanun ek (8) sayılı liste (RG 2012-12-06),Kuruluşta bütün birimleri İskenderun ilçesinden
TR-D-31-004,Hatay,Belen,1990-05-20,3644,31,Hatay,İskenderun,HISTK-31-009-e9eb45,tarihsel_birlesim,kesin,3644 sayılı Kanun ek (51) sayılı liste (RG 1990-05-20),Kuruluşta bütün birimleri İskenderun ilçesinden
TR-D-31-005,Hatay,Defne,2012-12-06,6360,31,Hatay,Merkez,HISTK-31-002-655ba7,tarihsel_birlesim,kesin,apply_idari_merges.py: 6360 sayılı Kanun,
TR-D-31-006,Hatay,Dörtyol,,,31,Hatay,Dörtyol,HISTK-31-006-99e488,tarihsel_birlesim,kesin,"geo/historical/district_splits.json (TR-D-31-006, repoda doğrulanmış birleşim)",Seçim satırı Dörtyol poligonu: TR-D-31-006
TR-D-31-007,Hatay,Erzin,1987-07-04,3392,31,Hatay,Dörtyol,HISTK-31-006-99e488,tarihsel_birlesim,kesin,3392 sayılı Kanun ek (44) sayılı liste (RG 1987-07-04),Kuruluşta bütün birimleri Dörtyol ilçesinden
TR-D-31-008,Hatay,Hassa,1939-07-11,3711,31,Hatay,Hassa,TR-D-31-008,kendi_satiri,kesin,data/normalized/elections/yerel/1968yerel.json,
TR-D-31-009,Hatay,İskenderun,1939-07-11,3711,31,Hatay,İskenderun,HISTK-31-009-e9eb45,tarihsel_birlesim,kesin,"geo/historical/district_splits.json (TR-D-31-009, repoda doğrulanmış birleşim)",Seçim satırı İskenderun poligonu: TR-D-31-009
TR-D-31-010,Hatay,Kırıkhan,1939-07-11,3711,31,Hatay,Kırıkhan,TR-D-31-010,kendi_satiri,kesin,data/normalized/elections/yerel/1968yerel.json,
TR-D-31-011,Hatay,Kumlu,1990-05-20,3644,31,Hatay,Reyhanlı,HISTK-31-013-66e5c5,tarihsel_birlesim,kesin,3644 sayılı Kanun ek (52) sayılı liste (RG 1990-05-20),Kuruluşta bütün birimleri Reyhanlı ilçesinden
TR-D-31-012,Hatay,Payaş,2012-12-06,6360,31,Hatay,Dörtyol,HISTK-31-006-99e488,tarihsel_birlesim,kesin,6360 sayılı Kanun ek (None) sayılı liste (RG 2012-12-06),Kuruluşta bütün birimleri Dörtyol ilçesinden
TR-D-31-013,Hatay,Reyhanlı,1939-07-11,3711,31,Hatay,Reyhanlı,HISTK-31-013-66e5c5,tarihsel_birlesim,kesin,"geo/historical/district_splits.json (TR-D-31-013, repoda doğrulanmış birleşim)",Seçim satırı Reyhanlı poligonu: TR-D-31-013
TR-D-31-014,Hatay,Samandağ,1948-01-01,5071,31,Hatay,Samandağ,TR-D-31-014,kendi_satiri,kesin,data/normalized/elections/yerel/1968yerel.json,
TR-D-31-015,Hatay,Yayladağı,1939-07-11,3711,31,Hatay,Yayladağı,TR-D-31-015,kendi_satiri,kesin,data/normalized/elections/yerel/1968yerel.json,
TR-D-32-001,Isparta,Aksu,1987-07-04,3392,32,Isparta,Eğirdir,HISTK-32-003-fe31ed,tarihsel_birlesim,kesin,3392 sayılı Kanun ek (45) sayılı liste (RG 1987-07-04),Kuruluşta bütün birimleri Eğirdir ilçesinden
TR-D-32-002,Isparta,Atabey,1960-04-01,7033,32,Isparta,Atabey,TR-D-32-002,kendi_satiri,kesin,data/normalized/elections/yerel/1968yerel.json,
TR-D-32-003,Isparta,Eğirdir,,,32,Isparta,Eğirdir,HISTK-32-003-fe31ed,tarihsel_birlesim,kesin,"geo/historical/district_splits.json (TR-D-32-003, repoda doğrulanmış birleşim)",Seçim satırı Eğirdir poligonu: TR-D-32-003
TR-D-32-004,Isparta,Gelendost,1954-06-01,6324,32,Isparta,Gelendost,TR-D-32-004,kendi_satiri,kesin,data/normalized/elections/yerel/1968yerel.json,
TR-D-32-005,Isparta,Gönen,1990-05-20,3644,32,Isparta,Merkez,HISTK-32-006-930331,tarihsel_birlesim,kesin,apply_idari_merges.py: 3644 sayılı Kanun,
TR-D-32-006,Isparta,Merkez,,,32,Isparta,Merkez,HISTK-32-006-930331,tarihsel_birlesim,kesin,"geo/historical/district_splits.json (TR-D-32-006, repoda doğrulanmış birleşim)",Seçim satırı Merkez poligonu: TR-D-32-006
TR-D-32-007,Isparta,Keçiborlu,1948-01-01,5071,32,Isparta,Keçiborlu,TR-D-32-007,kendi_satiri,kesin,data/normalized/elections/yerel/1968yerel.json,
TR-D-32-008,Isparta,Senirkent,1952-06-30,5959,32,Isparta,Senirkent,TR-D-32-008,kendi_satiri,kesin,data/normalized/elections/yerel/1968yerel.json,
TR-D-32-009,Isparta,Sütçüler,1938-06-01,3393,32,Isparta,Sütçüler,TR-D-32-009,kendi_satiri,kesin,data/normalized/elections/yerel/1968yerel.json,
TR-D-32-010,Isparta,Şarkikaraağaç,,,32,Isparta,Şarkikaraağaç,HISTK-32-010-d2f4e5,tarihsel_birlesim,kesin,"geo/historical/district_splits.json (TR-D-32-010, repoda doğrulanmış birleşim)",Seçim satırı Şarkikaraağaç poligonu: TR-D-32-010
TR-D-32-011,Isparta,Uluborlu,,,32,Isparta,Uluborlu,TR-D-32-011,kendi_satiri,kesin,data/normalized/elections/yerel/1968yerel.json,
TR-D-32-012,Isparta,Yalvaç,,,32,Isparta,Yalvaç,TR-D-32-012,kendi_satiri,kesin,data/normalized/elections/yerel/1968yerel.json,
TR-D-32-013,Isparta,Yenişarbademli,1990-05-20,3644,32,Isparta,Şarkikaraağaç,HISTK-32-010-d2f4e5,tarihsel_birlesim,kesin,3644 sayılı Kanun ek (54) sayılı liste (RG 1990-05-20),Kuruluşta bütün birimleri Şarkikaraağaç ilçesinden
TR-D-33-001,Mersin,Akdeniz,2008-03-22,5747,33,Mersin,Merkez,HIST-Mersin-Merkez,tarihsel_birlesim,kesin,"geo/historical/district_splits.json (HIST-Mersin-Merkez, repoda doğrulanmış birleşim)",Seçim satırı Merkez poligonu: HIST-Mersin-Merkez
TR-D-33-002,Mersin,Anamur,,,33,Mersin,Anamur,HISTK-33-002-c6e4b2,tarihsel_birlesim,kesin,"geo/historical/district_splits.json (TR-D-33-002, repoda doğrulanmış birleşim)",Seçim satırı Anamur poligonu: TR-D-33-002
TR-D-33-003,Mersin,Aydıncık,1987-07-04,3392,33,Mersin,Gülnar,HISTK-33-007-4d9fb2,tarihsel_birlesim,kesin,3392 sayılı Kanun ek (46) sayılı liste (RG 1987-07-04),Kuruluşta bütün birimleri Gülnar ilçesinden
TR-D-33-004,Mersin,Bozyazı,1987-07-04,3392,33,Mersin,Anamur,HISTK-33-002-c6e4b2,tarihsel_birlesim,kesin,3392 sayılı Kanun ek (47) sayılı liste (RG 1987-07-04),Kuruluşta bütün birimleri Anamur ilçesinden
TR-D-33-005,Mersin,Çamlıyayla,1990-05-20,3644,33,Mersin,Tarsus,HISTK-33-011-cb07d0,tarihsel_birlesim,kesin,3644 sayılı Kanun ek (55) sayılı liste (RG 1990-05-20),Kuruluşta bütün birimleri Tarsus ilçesinden
TR-D-33-006,Mersin,Erdemli,1954-06-01,6325,33,Mersin,Erdemli,TR-D-33-006,kendi_satiri,kesin,data/normalized/elections/yerel/1968yerel.json,
TR-D-33-007,Mersin,Gülnar,,,33,Mersin,Gülnar,HISTK-33-007-4d9fb2,tarihsel_birlesim,kesin,"geo/historical/district_splits.json (TR-D-33-007, repoda doğrulanmış birleşim)",Seçim satırı Gülnar poligonu: TR-D-33-007
TR-D-33-008,Mersin,Mezitli,2008-03-22,5747,33,Mersin,Merkez,HIST-Mersin-Merkez,tarihsel_birlesim,kesin,"geo/historical/district_splits.json (HIST-Mersin-Merkez, repoda doğrulanmış birleşim)",Seçim satırı Merkez poligonu: HIST-Mersin-Merkez
TR-D-33-009,Mersin,Mut,,,33,Mersin,Mut,TR-D-33-009,kendi_satiri,kesin,data/normalized/elections/yerel/1968yerel.json,
TR-D-33-010,Mersin,Silifke,1933-06-01,2197,33,Mersin,Silifke,TR-D-33-010,kendi_satiri,kesin,data/normalized/elections/yerel/1968yerel.json,
TR-D-33-011,Mersin,Tarsus,,,33,Mersin,Tarsus,HISTK-33-011-cb07d0,tarihsel_birlesim,kesin,"geo/historical/district_splits.json (TR-D-33-011, repoda doğrulanmış birleşim)",Seçim satırı Tarsus poligonu: TR-D-33-011
TR-D-33-012,Mersin,Toroslar,2008-03-22,5747,33,Mersin,Merkez,HIST-Mersin-Merkez,tarihsel_birlesim,kesin,"geo/historical/district_splits.json (HIST-Mersin-Merkez, repoda doğrulanmış birleşim)",Seçim satırı Merkez poligonu: HIST-Mersin-Merkez
TR-D-33-013,Mersin,Yenişehir,2008-03-22,5747,33,Mersin,Merkez,HIST-Mersin-Merkez,tarihsel_birlesim,kesin,"geo/historical/district_splits.json (HIST-Mersin-Merkez, repoda doğrulanmış birleşim)",Seçim satırı Merkez poligonu: HIST-Mersin-Merkez
TR-D-34-001,İstanbul,Adalar,,,34,İstanbul,İstanbul (il merkezi belediyesi),HISTK-HISTY-34-1968yerel-c7089b,tarihsel_birlesim,kesin,"geo/historical/district_splits.json (HISTY-34-1968yerel, repoda doğrulanmış birleşim)",Seçim satırı İstanbul (il merkezi belediyesi) poligonu: HISTY-34-1968yerel
TR-D-34-002,İstanbul,Arnavutköy,2008-03-22,5747,34,İstanbul,İstanbul (il merkezi belediyesi),HISTK-HISTY-34-1968yerel-c7089b,en_buyuk_pay,kaba,geo/historical/idari/istanbul_1961_1992_mahalle.json,"Mahalle düzeyinde: Eyüp 22, Çatalca 13; seçimdeki ilçelere göre %63 İstanbul (il merkezi belediyesi), %37 Çatalca"
TR-D-34-003,İstanbul,Ataşehir,2008-03-22,5747,34,İstanbul,İstanbul (il merkezi belediyesi),HISTK-HISTY-34-1968yerel-c7089b,cogunluk,yaklasik,geo/historical/idari/istanbul_1961_1992_mahalle.json,"Mahalle düzeyinde: Kadıköy 10, Üsküdar 5, Kartal 1; seçimdeki ilçelere göre %94 İstanbul (il merkezi belediyesi), %6 Kartal"
TR-D-34-004,İstanbul,Avcılar,1992-06-03,3806,34,İstanbul,İstanbul (il merkezi belediyesi),HISTK-HISTY-34-1968yerel-c7089b,istanbul_zinciri,kesin,build_istanbul_1961_1992.py → ZINCIR,Küçükçekmece'nin parçası (3392 öncesi): geo/historical/idari/sayim_kaniti.json (DİE 1960/1985/1990 GNS köy bağlılığı) (bu seçimde İstanbul (il merkezi belediyesi) satırında)
TR-D-34-005,İstanbul,Bağcılar,1992-06-03,3806,34,İstanbul,İstanbul (il merkezi belediyesi),HISTK-HISTY-34-1968yerel-c7089b,tarihsel_birlesim,kesin,"geo/historical/district_splits.json (HISTY-34-1968yerel, repoda doğrulanmış birleşim)",Seçim satırı İstanbul (il merkezi belediyesi) poligonu: HISTY-34-1968yerel
TR-D-34-006,İstanbul,Bahçelievler,1992-06-03,3806,34,İstanbul,İstanbul (il merkezi belediyesi),HISTK-HISTY-34-1968yerel-c7089b,tarihsel_birlesim,kesin,"geo/historical/district_splits.json (HISTY-34-1968yerel, repoda doğrulanmış birleşim)",Seçim satırı İstanbul (il merkezi belediyesi) poligonu: HISTY-34-1968yerel
TR-D-34-007,İstanbul,Bakırköy,,,34,İstanbul,İstanbul (il merkezi belediyesi),HISTK-HISTY-34-1968yerel-c7089b,tarihsel_birlesim,kesin,"geo/historical/district_splits.json (HISTY-34-1968yerel, repoda doğrulanmış birleşim)",Seçim satırı İstanbul (il merkezi belediyesi) poligonu: HISTY-34-1968yerel
TR-D-34-008,İstanbul,Başakşehir,2008-03-22,5747,34,İstanbul,İstanbul (il merkezi belediyesi),HISTK-HISTY-34-1968yerel-c7089b,cogunluk,yaklasik,geo/historical/idari/istanbul_1961_1992_mahalle.json,"Mahalle düzeyinde: Bakırköy 7, Çatalca 2; seçimdeki ilçelere göre %78 İstanbul (il merkezi belediyesi), %22 Çatalca"
TR-D-34-009,İstanbul,Bayrampaşa,1990-05-20,3644,34,İstanbul,İstanbul (il merkezi belediyesi),HISTK-HISTY-34-1968yerel-c7089b,tarihsel_birlesim,kesin,3644 sayılı Kanun ek (56) sayılı liste (RG 1990-05-20),Kuruluşta bütün birimleri Eyüp ilçesinden
TR-D-34-010,İstanbul,Beşiktaş,1930-09-01,1612,34,İstanbul,İstanbul (il merkezi belediyesi),HISTK-HISTY-34-1968yerel-c7089b,tarihsel_birlesim,kesin,"geo/historical/district_splits.json (HISTY-34-1968yerel, repoda doğrulanmış birleşim)",Seçim satırı İstanbul (il merkezi belediyesi) poligonu: HISTY-34-1968yerel
TR-D-34-011,İstanbul,Beykoz,1928-06-01,1282,34,İstanbul,İstanbul (il merkezi belediyesi),HISTK-HISTY-34-1968yerel-c7089b,tarihsel_birlesim,kesin,"geo/historical/district_splits.json (HISTY-34-1968yerel, repoda doğrulanmış birleşim)",Seçim satırı İstanbul (il merkezi belediyesi) poligonu: HISTY-34-1968yerel
TR-D-34-012,İstanbul,Beylikdüzü,2008-03-22,5747,34,İstanbul,Çatalca,HISTK-34-015-ea5819,tarihsel_birlesim,kesin,apply_idari_merges.py: 3392 sayılı Kanun,
TR-D-34-013,İstanbul,Beyoğlu,1926-06-26,877,34,İstanbul,İstanbul (il merkezi belediyesi),HISTK-HISTY-34-1968yerel-c7089b,tarihsel_birlesim,kesin,"geo/historical/district_splits.json (HISTY-34-1968yerel, repoda doğrulanmış birleşim)",Seçim satırı İstanbul (il merkezi belediyesi) poligonu: HISTY-34-1968yerel
TR-D-34-014,İstanbul,Büyükçekmece,1987-07-04,3392,34,İstanbul,Çatalca,HISTK-34-015-ea5819,tarihsel_birlesim,kesin,apply_idari_merges.py: 3392 sayılı Kanun,Büyükçekmece (1987 sınırı: BEYLİKDÜZÜ) — sayim_kaniti.json / historicalUnits
TR-D-34-015,İstanbul,Çatalca,1926-06-26,877,34,İstanbul,Çatalca,HISTK-34-015-ea5819,tarihsel_birlesim,kesin,"geo/historical/district_splits.json (TR-D-34-015, repoda doğrulanmış birleşim)",Seçim satırı Çatalca poligonu: TR-D-34-015
TR-D-34-016,İstanbul,Çekmeköy,2008-03-22,5747,34,İstanbul,İstanbul (il merkezi belediyesi),HISTK-HISTY-34-1968yerel-c7089b,cogunluk,yaklasik,geo/historical/idari/istanbul_1961_1992_mahalle.json,"Mahalle düzeyinde: Üsküdar 15, Beykoz 5, Kartal 1; seçimdeki ilçelere göre %95 İstanbul (il merkezi belediyesi), %5 Kartal"
TR-D-34-017,İstanbul,Esenler,1993-12-29,3949,34,İstanbul,İstanbul (il merkezi belediyesi),HISTK-HISTY-34-1968yerel-c7089b,istanbul_zinciri,kesin,build_istanbul_1961_1992.py → ZINCIR,3949 ek (3) Esenler mahalleleri 3806 ek (3) Güngören listesinde 'Esenler Bölgesi' olarak var; Güngören Bakırköy'den (geo/historical/NATIONWIDE_DISTRICT_AUDIT.md (3806 dalgası: kaymakamlık tarihçeleri)); 3392 Küçükçekmece listesinde yok (bu seçimde İstanbul (il merkezi belediyesi) satırında)
TR-D-34-018,İstanbul,Esenyurt,2008-03-22,5747,34,İstanbul,Çatalca,HISTK-34-015-ea5819,istanbul_zinciri,kesin,geo/historical/idari/istanbul_1961_1992_mahalle.json,Mahalle düzeyinde: Çatalca 43
TR-D-34-019,İstanbul,Eyüpsultan,1936-06-15,3012,34,İstanbul,İstanbul (il merkezi belediyesi),HISTK-HISTY-34-1968yerel-c7089b,tarihsel_birlesim,kesin,"geo/historical/district_splits.json (HISTY-34-1968yerel, repoda doğrulanmış birleşim)",Seçim satırı İstanbul (il merkezi belediyesi) poligonu: HISTY-34-1968yerel
TR-D-34-020,İstanbul,Fatih,1930-09-01,1612,34,İstanbul,İstanbul (il merkezi belediyesi),HISTK-HISTY-34-1968yerel-c7089b,tarihsel_birlesim,kesin,"geo/historical/district_splits.json (HISTY-34-1968yerel, repoda doğrulanmış birleşim)",Seçim satırı İstanbul (il merkezi belediyesi) poligonu: HISTY-34-1968yerel
TR-D-34-021,İstanbul,Gaziosmanpaşa,1963-09-04,309,34,İstanbul,İstanbul (il merkezi belediyesi),HISTK-HISTY-34-1968yerel-c7089b,tarihsel_birlesim,kesin,"geo/historical/district_splits.json (HISTY-34-1968yerel, repoda doğrulanmış birleşim)",Seçim satırı İstanbul (il merkezi belediyesi) poligonu: HISTY-34-1968yerel
TR-D-34-022,İstanbul,Güngören,1992-06-03,3806,34,İstanbul,İstanbul (il merkezi belediyesi),HISTK-HISTY-34-1968yerel-c7089b,tarihsel_birlesim,kesin,"geo/historical/district_splits.json (HISTY-34-1968yerel, repoda doğrulanmış birleşim)",Seçim satırı İstanbul (il merkezi belediyesi) poligonu: HISTY-34-1968yerel
TR-D-34-023,İstanbul,Kadıköy,1930-09-01,1612,34,İstanbul,İstanbul (il merkezi belediyesi),HISTK-HISTY-34-1968yerel-c7089b,tarihsel_birlesim,kesin,"geo/historical/district_splits.json (HISTY-34-1968yerel, repoda doğrulanmış birleşim)",Seçim satırı İstanbul (il merkezi belediyesi) poligonu: HISTY-34-1968yerel
TR-D-34-024,İstanbul,Kağıthane,1987-07-04,3392,34,İstanbul,İstanbul (il merkezi belediyesi),HISTK-HISTY-34-1968yerel-c7089b,tarihsel_birlesim,kesin,"geo/historical/district_splits.json (HISTY-34-1968yerel, repoda doğrulanmış birleşim)",Seçim satırı İstanbul (il merkezi belediyesi) poligonu: HISTY-34-1968yerel
TR-D-34-025,İstanbul,Kartal,1928-06-01,1282,34,İstanbul,Kartal,HISTK-HIST-Istanbul-Kartal8489-45a794,tarihsel_birlesim,kesin,"geo/historical/district_splits.json (HIST-Istanbul-Kartal8489, repoda doğrulanmış birleşim)",Seçim satırı Kartal poligonu: HIST-Istanbul-Kartal8489
TR-D-34-026,İstanbul,Küçükçekmece,1987-07-04,3392,34,İstanbul,İstanbul (il merkezi belediyesi),HISTK-HISTY-34-1968yerel-c7089b,istanbul_zinciri,kesin,build_istanbul_1961_1992.py → ZINCIR,geo/historical/idari/sayim_kaniti.json (DİE 1960/1985/1990 GNS köy bağlılığı) (bu seçimde İstanbul (il merkezi belediyesi) satırında)
TR-D-34-027,İstanbul,Maltepe,1992-06-03,3806,34,İstanbul,Kartal,HISTK-HIST-Istanbul-Kartal8489-45a794,tarihsel_birlesim,kesin,"geo/historical/district_splits.json (HIST-Istanbul-Kartal8489, repoda doğrulanmış birleşim)",Seçim satırı Kartal poligonu: HIST-Istanbul-Kartal8489
TR-D-34-028,İstanbul,Pendik,1987-07-04,3392,34,İstanbul,Kartal,HISTK-HIST-Istanbul-Kartal8489-45a794,tarihsel_birlesim,kesin,apply_idari_merges.py: 3392 sayılı Kanun,Pendik (1987 sınırı: PENDİK) — sayim_kaniti.json / historicalUnits
TR-D-34-029,İstanbul,Sancaktepe,2008-03-22,5747,34,İstanbul,Kartal,HISTK-HIST-Istanbul-Kartal8489-45a794,cogunluk,yaklasik,geo/historical/idari/istanbul_1961_1992_mahalle.json,"Mahalle düzeyinde: Kartal 18, Üsküdar 1; seçimdeki ilçelere göre %95 Kartal, %5 İstanbul (il merkezi belediyesi)"
TR-D-34-030,İstanbul,Sarıyer,1930-09-01,1612,34,İstanbul,İstanbul (il merkezi belediyesi),HISTK-HISTY-34-1968yerel-c7089b,tarihsel_birlesim,kesin,"geo/historical/district_splits.json (HISTY-34-1968yerel, repoda doğrulanmış birleşim)",Seçim satırı İstanbul (il merkezi belediyesi) poligonu: HISTY-34-1968yerel
TR-D-34-031,İstanbul,Silivri,1928-06-01,1282,34,İstanbul,Silivri,TR-D-34-031,kendi_satiri,kesin,data/normalized/elections/yerel/1968yerel.json,
TR-D-34-032,İstanbul,Sultanbeyli,1992-06-03,3806,34,İstanbul,Kartal,HISTK-HIST-Istanbul-Kartal8489-45a794,tarihsel_birlesim,kesin,"geo/historical/district_splits.json (HIST-Istanbul-Kartal8489, repoda doğrulanmış birleşim)",Seçim satırı Kartal poligonu: HIST-Istanbul-Kartal8489
TR-D-34-033,İstanbul,Sultangazi,2008-03-22,5747,34,İstanbul,İstanbul (il merkezi belediyesi),HISTK-HISTY-34-1968yerel-c7089b,istanbul_zinciri,kesin,geo/historical/idari/istanbul_1961_1992_mahalle.json,Mahalle düzeyinde: Eyüp 14 (bu seçimde İstanbul (il merkezi belediyesi) satırında)
TR-D-34-034,İstanbul,Şile,,,34,İstanbul,Şile,TR-D-34-034,kendi_satiri,kesin,data/normalized/elections/yerel/1968yerel.json,
TR-D-34-035,İstanbul,Şişli,1954-06-01,6324,34,İstanbul,İstanbul (il merkezi belediyesi),HISTK-HISTY-34-1968yerel-c7089b,tarihsel_birlesim,kesin,"geo/historical/district_splits.json (HISTY-34-1968yerel, repoda doğrulanmış birleşim)",Seçim satırı İstanbul (il merkezi belediyesi) poligonu: HISTY-34-1968yerel
TR-D-34-036,İstanbul,Tuzla,1992-06-03,3806,34,İstanbul,Kartal,HISTK-HIST-Istanbul-Kartal8489-45a794,tarihsel_birlesim,kesin,apply_idari_merges.py: 3392 sayılı Kanun,
TR-D-34-037,İstanbul,Ümraniye,1987-07-04,3392,34,İstanbul,İstanbul (il merkezi belediyesi),HISTK-HISTY-34-1968yerel-c7089b,istanbul_zinciri,yaklasik,build_istanbul_1961_1992.py → ZINCIR,"Yaklaşık: 1960 sayımı (data/raw/tuik/nufus-sayimi-idari-bolunus/1960_0015128_istanbul.pdf): Ümraniye, Aşağıdudullu, Yukarıdudullu köyleri Üsküdar Merkez bucağında; 3392 (51) listesindeki Beykoz köyleri bugün Çekmeköy'de (bu seçimde İstanbul (il merkezi belediyesi) satırında)"
TR-D-34-038,İstanbul,Üsküdar,1926-06-26,877,34,İstanbul,İstanbul (il merkezi belediyesi),HISTK-HISTY-34-1968yerel-c7089b,tarihsel_birlesim,kesin,"geo/historical/district_splits.json (HISTY-34-1968yerel, repoda doğrulanmış birleşim)",Seçim satırı İstanbul (il merkezi belediyesi) poligonu: HISTY-34-1968yerel
TR-D-34-039,İstanbul,Zeytinburnu,1957-09-01,7033,34,İstanbul,İstanbul (il merkezi belediyesi),HISTK-HISTY-34-1968yerel-c7089b,tarihsel_birlesim,kesin,"geo/historical/district_splits.json (HISTY-34-1968yerel, repoda doğrulanmış birleşim)",Seçim satırı İstanbul (il merkezi belediyesi) poligonu: HISTY-34-1968yerel
TR-D-35-001,İzmir,Aliağa,1982-01-21,2585,35,İzmir,Menemen,TR-D-35-023,en_buyuk_pay,kaba,2585 sayılı Kanun ek (2) sayılı liste,"Ek liste birimleri: Menemen 12, Bergama 6, Foça 2; seçimdeki ilçelere göre %60 Menemen, %30 Bergama, %10 Foça"
TR-D-35-002,İzmir,Balçova,1992-06-03,3806,35,İzmir,İzmir (il merkezi belediyesi),HISTY-35-1968yerel,tarihsel_birlesim,kesin,"geo/historical/district_splits.json (HISTY-35-1968yerel, repoda doğrulanmış birleşim)",Seçim satırı İzmir (il merkezi belediyesi) poligonu: HISTY-35-1968yerel
TR-D-35-003,İzmir,Bayındır,,,35,İzmir,Bayındır,TR-D-35-003,kendi_satiri,kesin,data/normalized/elections/yerel/1968yerel.json,
TR-D-35-004,İzmir,Bayraklı,2008-03-22,5747,35,İzmir,İzmir (il merkezi belediyesi),HISTY-35-1968yerel,tarihsel_birlesim,kesin,"geo/historical/district_splits.json (HISTY-35-1968yerel, repoda doğrulanmış birleşim)",Seçim satırı İzmir (il merkezi belediyesi) poligonu: HISTY-35-1968yerel
TR-D-35-005,İzmir,Bergama,,,35,İzmir,Bergama,TR-D-35-005,kendi_satiri,kesin,data/normalized/elections/yerel/1968yerel.json,
TR-D-35-006,İzmir,Beydağ,1987-07-04,3392,35,İzmir,Ödemiş,HIST-Izmir-Odemis,tarihsel_birlesim,kesin,"geo/historical/district_splits.json (HIST-Izmir-Odemis, repoda doğrulanmış birleşim)",Seçim satırı Ödemiş poligonu: HIST-Izmir-Odemis
TR-D-35-007,İzmir,Bornova,1958-04-01,7033,35,İzmir,Bornova,TR-D-35-007,kendi_satiri,kesin,data/normalized/elections/yerel/1968yerel.json,
TR-D-35-008,İzmir,Buca,1987-07-04,3392,35,İzmir,İzmir (il merkezi belediyesi),HISTY-35-1968yerel,tarihsel_birlesim,kesin,"geo/historical/district_splits.json (HISTY-35-1968yerel, repoda doğrulanmış birleşim)",Seçim satırı İzmir (il merkezi belediyesi) poligonu: HISTY-35-1968yerel
TR-D-35-009,İzmir,Çeşme,,,35,İzmir,Çeşme,TR-D-35-009,kendi_satiri,kesin,data/normalized/elections/yerel/1968yerel.json,
TR-D-35-010,İzmir,Çiğli,1992-06-03,3806,35,İzmir,İzmir (il merkezi belediyesi),HISTY-35-1968yerel,tarihsel_birlesim,kesin,"geo/historical/district_splits.json (HISTY-35-1968yerel, repoda doğrulanmış birleşim)",Seçim satırı İzmir (il merkezi belediyesi) poligonu: HISTY-35-1968yerel
TR-D-35-011,İzmir,Dikili,1928-06-01,1282,35,İzmir,Dikili,TR-D-35-011,kendi_satiri,kesin,data/normalized/elections/yerel/1968yerel.json,
TR-D-35-012,İzmir,Foça,,,35,İzmir,Foça,TR-D-35-012,kendi_satiri,kesin,data/normalized/elections/yerel/1968yerel.json,
TR-D-35-013,İzmir,Gaziemir,1992-06-03,3806,35,İzmir,İzmir (il merkezi belediyesi),HISTY-35-1968yerel,tarihsel_birlesim,kesin,"geo/historical/district_splits.json (HISTY-35-1968yerel, repoda doğrulanmış birleşim)",Seçim satırı İzmir (il merkezi belediyesi) poligonu: HISTY-35-1968yerel
TR-D-35-014,İzmir,Güzelbahçe,1993-12-29,3949,35,İzmir,İzmir (il merkezi belediyesi),HISTY-35-1968yerel,tarihsel_birlesim,kesin,"geo/historical/district_splits.json (HISTY-35-1968yerel, repoda doğrulanmış birleşim)",Seçim satırı İzmir (il merkezi belediyesi) poligonu: HISTY-35-1968yerel
TR-D-35-015,İzmir,Karabağlar,2008-03-22,5747,35,İzmir,İzmir (il merkezi belediyesi),HISTY-35-1968yerel,tarihsel_birlesim,kesin,"geo/historical/district_splits.json (HISTY-35-1968yerel, repoda doğrulanmış birleşim)",Seçim satırı İzmir (il merkezi belediyesi) poligonu: HISTY-35-1968yerel
TR-D-35-016,İzmir,Karaburun,,,35,İzmir,Karaburun,TR-D-35-016,kendi_satiri,kesin,data/normalized/elections/yerel/1968yerel.json,
TR-D-35-017,İzmir,Karşıyaka,1954-06-01,6325,35,İzmir,İzmir (il merkezi belediyesi),HISTY-35-1968yerel,tarihsel_birlesim,kesin,"geo/historical/district_splits.json (HISTY-35-1968yerel, repoda doğrulanmış birleşim)",Seçim satırı İzmir (il merkezi belediyesi) poligonu: HISTY-35-1968yerel
TR-D-35-018,İzmir,Kemalpaşa,,,35,İzmir,Kemalpaşa,TR-D-35-018,kendi_satiri,kesin,data/normalized/elections/yerel/1968yerel.json,
TR-D-35-019,İzmir,Kınık,1948-01-01,5071,35,İzmir,Kınık,TR-D-35-019,kendi_satiri,kesin,data/normalized/elections/yerel/1968yerel.json,
TR-D-35-020,İzmir,Kiraz,1948-01-01,5071,35,İzmir,Kiraz,TR-D-35-020,kendi_satiri,kesin,data/normalized/elections/yerel/1968yerel.json,
TR-D-35-021,İzmir,Konak,1987-07-04,3392,35,İzmir,İzmir (il merkezi belediyesi),HISTY-35-1968yerel,tarihsel_birlesim,kesin,"geo/historical/district_splits.json (HISTY-35-1968yerel, repoda doğrulanmış birleşim)",Seçim satırı İzmir (il merkezi belediyesi) poligonu: HISTY-35-1968yerel
TR-D-35-022,İzmir,Menderes,1987-07-04,3392,35,İzmir,İzmir (il merkezi belediyesi),HISTY-35-1968yerel,tarihsel_birlesim,kesin,"geo/historical/district_splits.json (HISTY-35-1968yerel, repoda doğrulanmış birleşim)",Seçim satırı İzmir (il merkezi belediyesi) poligonu: HISTY-35-1968yerel
TR-D-35-023,İzmir,Menemen,,,35,İzmir,Menemen,TR-D-35-023,kendi_satiri,kesin,data/normalized/elections/yerel/1968yerel.json,
TR-D-35-024,İzmir,Narlıdere,1992-06-03,3806,35,İzmir,İzmir (il merkezi belediyesi),HISTY-35-1968yerel,tarihsel_birlesim,kesin,"geo/historical/district_splits.json (HISTY-35-1968yerel, repoda doğrulanmış birleşim)",Seçim satırı İzmir (il merkezi belediyesi) poligonu: HISTY-35-1968yerel
TR-D-35-025,İzmir,Ödemiş,,,35,İzmir,Ödemiş,HIST-Izmir-Odemis,tarihsel_birlesim,kesin,"geo/historical/district_splits.json (HIST-Izmir-Odemis, repoda doğrulanmış birleşim)",Seçim satırı Ödemiş poligonu: HIST-Izmir-Odemis
TR-D-35-026,İzmir,Seferihisar,,,35,İzmir,Seferihisar,TR-D-35-026,kendi_satiri,kesin,data/normalized/elections/yerel/1968yerel.json,
TR-D-35-027,İzmir,Selçuk,1957-09-01,7033,35,İzmir,Selçuk,TR-D-35-027,kendi_satiri,kesin,data/normalized/elections/yerel/1968yerel.json,
TR-D-35-028,İzmir,Tire,,,35,İzmir,Tire,TR-D-35-028,kendi_satiri,kesin,data/normalized/elections/yerel/1968yerel.json,
TR-D-35-029,İzmir,Torbalı,1926-06-26,877,35,İzmir,Torbalı,TR-D-35-029,kendi_satiri,kesin,data/normalized/elections/yerel/1968yerel.json,
TR-D-35-030,İzmir,Urla,,,35,İzmir,Urla,TR-D-35-030,kendi_satiri,kesin,data/normalized/elections/yerel/1968yerel.json,
TR-D-36-001,Kars,Akyaka,1987-07-04,3392,36,Kars,Arpaçay,HISTK-36-002-f4fea5,tarihsel_birlesim,kesin,3392 sayılı Kanun ek (58) sayılı liste (RG 1987-07-04),Kuruluşta bütün birimleri Arpaçay ilçesinden
TR-D-36-002,Kars,Arpaçay,,,36,Kars,Arpaçay,HISTK-36-002-f4fea5,tarihsel_birlesim,kesin,"geo/historical/district_splits.json (TR-D-36-002, repoda doğrulanmış birleşim)",Seçim satırı Arpaçay poligonu: TR-D-36-002
TR-D-36-003,Kars,Digor,1953-03-01,6068,36,Kars,Digor,TR-D-36-003,kendi_satiri,kesin,data/normalized/elections/yerel/1968yerel.json,
TR-D-36-004,Kars,Kağızman,,,36,Kars,Kağızman,TR-D-36-004,kendi_satiri,kesin,data/normalized/elections/yerel/1968yerel.json,
TR-D-36-005,Kars,Merkez,,,36,Kars,Merkez,TR-D-36-005,kendi_satiri,kesin,data/normalized/elections/yerel/1968yerel.json,
TR-D-36-006,Kars,Sarıkamış,,,36,Kars,Sarıkamış,TR-D-36-006,kendi_satiri,kesin,data/normalized/elections/yerel/1968yerel.json,
TR-D-36-007,Kars,Selim,1957-09-01,7033,36,Kars,Selim,TR-D-36-007,kendi_satiri,kesin,data/normalized/elections/yerel/1968yerel.json,
TR-D-36-008,Kars,Susuz,1959-04-01,7033,36,Kars,Susuz,TR-D-36-008,kendi_satiri,kesin,data/normalized/elections/yerel/1968yerel.json,
TR-D-37-001,Kastamonu,Abana,1968-07-17,1055,37,Kastamonu,Çatalzeytin,TR-D-37-007,komsuluk,kaba,1055 sayılı Kanun ek (1) sayılı liste,kanun ek listesinde birimlerin eski ilçesi yazılmamış. Komşuluk: sınırının %100 kadarı Çatalzeytin ile
TR-D-37-002,Kastamonu,Ağlı,1990-05-20,3644,37,Kastamonu,Azdavay,HISTK-37-004-50e190,en_buyuk_pay,kaba,3644 sayılı Kanun ek (61) sayılı liste,"Ek liste birimleri: Azdavay 7, Küre 5, Daday 3; seçimdeki ilçelere göre %47 Azdavay, %20 Daday, %33 Küre"
TR-D-37-003,Kastamonu,Araç,,,37,Kastamonu,Araç,TR-D-37-003,kendi_satiri,kesin,data/normalized/elections/yerel/1968yerel.json,
TR-D-37-004,Kastamonu,Azdavay,1946-04-01,4869,37,Kastamonu,Azdavay,HISTK-37-004-50e190,tarihsel_birlesim,kesin,"geo/historical/district_splits.json (TR-D-37-004, repoda doğrulanmış birleşim)",Seçim satırı Azdavay poligonu: TR-D-37-004
TR-D-37-005,Kastamonu,Bozkurt,1968-07-17,1055,37,Kastamonu,Çatalzeytin,TR-D-37-007,komsuluk,kaba,1055 sayılı Kanun ek (2) sayılı liste,kanun ek listesinde birimlerin eski ilçesi yazılmamış. Komşuluk: sınırının %52 kadarı Çatalzeytin ile
TR-D-37-006,Kastamonu,Cide,,,37,Kastamonu,Cide,HISTK-37-006-217c88,tarihsel_birlesim,kesin,"geo/historical/district_splits.json (TR-D-37-006, repoda doğrulanmış birleşim)",Seçim satırı Cide poligonu: TR-D-37-006
TR-D-37-007,Kastamonu,Çatalzeytin,1954-06-01,6324,37,Kastamonu,Çatalzeytin,TR-D-37-007,kendi_satiri,kesin,data/normalized/elections/yerel/1968yerel.json,
TR-D-37-008,Kastamonu,Daday,,,37,Kastamonu,Daday,TR-D-37-008,kendi_satiri,kesin,data/normalized/elections/yerel/1968yerel.json,
TR-D-37-009,Kastamonu,Devrekani,1944-09-01,4642,37,Kastamonu,Devrekani,TR-D-37-009,kendi_satiri,kesin,data/normalized/elections/yerel/1968yerel.json,
TR-D-37-010,Kastamonu,Doğanyurt,1990-05-20,3644,37,Kastamonu,İnebolu,HISTK-37-013-8bd861,tarihsel_birlesim,kesin,3644 sayılı Kanun ek (62) sayılı liste (RG 1990-05-20),Kuruluşta bütün birimleri İnebolu ilçesinden
TR-D-37-011,Kastamonu,Hanönü,1990-05-20,3644,37,Kastamonu,Taşköprü,HISTK-37-019-2b6858,tarihsel_birlesim,kesin,3644 sayılı Kanun ek (63) sayılı liste (RG 1990-05-20),Kuruluşta bütün birimleri Taşköprü ilçesinden
TR-D-37-012,Kastamonu,İhsangazi,1987-07-04,3392,37,Kastamonu,Merkez,HISTK-37-014-21e821,tarihsel_birlesim,kesin,apply_idari_merges.py: 3392 sayılı Kanun,
TR-D-37-013,Kastamonu,İnebolu,,,37,Kastamonu,İnebolu,HISTK-37-013-8bd861,tarihsel_birlesim,kesin,"geo/historical/district_splits.json (TR-D-37-013, repoda doğrulanmış birleşim)",Seçim satırı İnebolu poligonu: TR-D-37-013
TR-D-37-014,Kastamonu,Merkez,,,37,Kastamonu,Merkez,HISTK-37-014-21e821,tarihsel_birlesim,kesin,"geo/historical/district_splits.json (TR-D-37-014, repoda doğrulanmış birleşim)",Seçim satırı Merkez poligonu: TR-D-37-014
TR-D-37-015,Kastamonu,Küre,1926-06-26,877,37,Kastamonu,Küre,TR-D-37-015,kendi_satiri,kesin,data/normalized/elections/yerel/1968yerel.json,
TR-D-37-016,Kastamonu,Pınarbaşı,1987-07-04,3392,37,Kastamonu,Azdavay,HISTK-37-004-50e190,tarihsel_birlesim,kesin,3392 sayılı Kanun ek (60) sayılı liste (RG 1987-07-04),Kuruluşta bütün birimleri Azdavay ilçesinden
TR-D-37-017,Kastamonu,Seydiler,1990-05-20,3644,37,Kastamonu,Devrekani,TR-D-37-009,en_buyuk_pay,kaba,3644 sayılı Kanun ek (64) sayılı liste,"Ek liste birimleri: Devrakani 11, Küre 6; seçimdeki ilçelere göre %65 Devrekani, %35 Küre"
TR-D-37-018,Kastamonu,Şenpazar,1987-07-04,3392,37,Kastamonu,Cide,HISTK-37-006-217c88,tarihsel_birlesim,kesin,3392 sayılı Kanun ek (61) sayılı liste (RG 1987-07-04),Kuruluşta bütün birimleri Cide ilçesinden
TR-D-37-019,Kastamonu,Taşköprü,,,37,Kastamonu,Taşköprü,HISTK-37-019-2b6858,tarihsel_birlesim,kesin,"geo/historical/district_splits.json (TR-D-37-019, repoda doğrulanmış birleşim)",Seçim satırı Taşköprü poligonu: TR-D-37-019
TR-D-37-020,Kastamonu,Tosya,,,37,Kastamonu,Tosya,TR-D-37-020,kendi_satiri,kesin,data/normalized/elections/yerel/1968yerel.json,
TR-D-38-001,Kayseri,Akkışla,1987-07-04,3392,38,Kayseri,Bünyan,HISTK-38-002-7c725c,tarihsel_birlesim,kesin,3392 sayılı Kanun ek (62) sayılı liste (RG 1987-07-04),Kuruluşta bütün birimleri Bünyan ilçesinden
TR-D-38-002,Kayseri,Bünyan,,,38,Kayseri,Bünyan,HISTK-38-002-7c725c,tarihsel_birlesim,kesin,"geo/historical/district_splits.json (TR-D-38-002, repoda doğrulanmış birleşim)",Seçim satırı Bünyan poligonu: TR-D-38-002
TR-D-38-003,Kayseri,Develi,,,38,Kayseri,Develi,TR-D-38-003,kendi_satiri,kesin,data/normalized/elections/yerel/1968yerel.json,
TR-D-38-004,Kayseri,Felahiye,1957-09-01,7033,38,Kayseri,Felahiye,TR-D-38-004,kendi_satiri,kesin,data/normalized/elections/yerel/1968yerel.json,
TR-D-38-005,Kayseri,Hacılar,1990-05-18,3647,38,Kayseri,Merkez,HISTK-HIST-Kayseri-Merkez-0b3e03,tarihsel_birlesim,kesin,3647 sayılı Kanun ek (2) sayılı liste (RG 1990-05-18),Kuruluşta bütün birimleri Melikgazi ilçesinden
TR-D-38-006,Kayseri,İncesu,,,38,Kayseri,İncesu,TR-D-38-006,kendi_satiri,kesin,data/normalized/elections/yerel/1968yerel.json,
TR-D-38-007,Kayseri,Kocasinan,1988-12-14,3508,38,Kayseri,Merkez,HISTK-HIST-Kayseri-Merkez-0b3e03,tarihsel_birlesim,kesin,"geo/historical/district_splits.json (HIST-Kayseri-Merkez, repoda doğrulanmış birleşim)",Seçim satırı Merkez poligonu: HIST-Kayseri-Merkez
TR-D-38-008,Kayseri,Melikgazi,1988-12-14,3508,38,Kayseri,Merkez,HISTK-HIST-Kayseri-Merkez-0b3e03,tarihsel_birlesim,kesin,"geo/historical/district_splits.json (HIST-Kayseri-Merkez, repoda doğrulanmış birleşim)",Seçim satırı Merkez poligonu: HIST-Kayseri-Merkez
TR-D-38-009,Kayseri,Özvatan,1990-05-20,3644,38,Kayseri,Felahiye,TR-D-38-004,en_buyuk_pay,kaba,3644 sayılı Kanun ek (65) sayılı liste,"Ek liste birimleri: Felahiye 5, Sarıoğlan 3, Kocasinan 2; seçimdeki ilçelere göre %50 Felahiye, %20 Merkez, %30 Sarıoğlan"
TR-D-38-010,Kayseri,Pınarbaşı,,,38,Kayseri,Pınarbaşı,TR-D-38-010,kendi_satiri,kesin,data/normalized/elections/yerel/1968yerel.json,
TR-D-38-011,Kayseri,Sarıoğlan,1960-04-01,7033,38,Kayseri,Sarıoğlan,TR-D-38-011,kendi_satiri,kesin,data/normalized/elections/yerel/1968yerel.json,
TR-D-38-012,Kayseri,Sarız,1946-04-01,4869,38,Kayseri,Sarız,TR-D-38-012,kendi_satiri,kesin,data/normalized/elections/yerel/1968yerel.json,
TR-D-38-013,Kayseri,Talas,1987-07-04,3392,38,Kayseri,Merkez,HISTK-HIST-Kayseri-Merkez-0b3e03,tarihsel_birlesim,kesin,3392 sayılı Kanun ek (63) sayılı liste (RG 1987-07-04),Kuruluşta bütün birimleri Merkez ilçesinden
TR-D-38-014,Kayseri,Tomarza,1953-03-01,6068,38,Kayseri,Tomarza,TR-D-38-014,kendi_satiri,kesin,data/normalized/elections/yerel/1968yerel.json,
TR-D-38-015,Kayseri,Yahyalı,1954-06-01,6324,38,Kayseri,Yahyalı,TR-D-38-015,kendi_satiri,kesin,data/normalized/elections/yerel/1968yerel.json,
TR-D-38-016,Kayseri,Yeşilhisar,1948-01-01,5071,38,Kayseri,Yeşilhisar,TR-D-38-016,kendi_satiri,kesin,data/normalized/elections/yerel/1968yerel.json,
TR-D-39-001,Kırklareli,Babaeski,,,39,Kırklareli,Babaeski,TR-D-39-001,kendi_satiri,kesin,data/normalized/elections/yerel/1968yerel.json,
TR-D-39-002,Kırklareli,Demirköy,,,39,Kırklareli,Demirköy,TR-D-39-002,kendi_satiri,kesin,data/normalized/elections/yerel/1968yerel.json,
TR-D-39-003,Kırklareli,Merkez,,,39,Kırklareli,Merkez,TR-D-39-003,kendi_satiri,kesin,data/normalized/elections/yerel/1968yerel.json,
TR-D-39-004,Kırklareli,Kofçaz,1959-04-01,7033,39,Kırklareli,Kofçaz,TR-D-39-004,kendi_satiri,kesin,data/normalized/elections/yerel/1968yerel.json,
TR-D-39-005,Kırklareli,Lüleburgaz,,,39,Kırklareli,Lüleburgaz,TR-D-39-005,kendi_satiri,kesin,data/normalized/elections/yerel/1968yerel.json,
TR-D-39-006,Kırklareli,Pehlivanköy,1958-04-01,7033,39,Kırklareli,Pehlivanköy,TR-D-39-006,kendi_satiri,kesin,data/normalized/elections/yerel/1968yerel.json,
TR-D-39-007,Kırklareli,Pınarhisar,1953-03-01,6068,39,Kırklareli,Pınarhisar,TR-D-39-007,kendi_satiri,kesin,data/normalized/elections/yerel/1968yerel.json,
TR-D-39-008,Kırklareli,Vize,,,39,Kırklareli,Vize,TR-D-39-008,kendi_satiri,kesin,data/normalized/elections/yerel/1968yerel.json,
TR-D-40-001,Kırşehir,Akçakent,1990-05-20,3644,40,Kırşehir,Çiçekdağı,TR-D-40-004,cogunluk,yaklasik,3644 sayılı Kanun ek (71) sayılı liste,"Ek liste birimleri: Çiçekdağı 22, Akpınar 5; seçimdeki ilçelere göre %81 Çiçekdağı, %18 Kaman"
TR-D-40-002,Kırşehir,Akpınar,1987-07-04,3392,40,Kırşehir,Kaman,HISTK-40-005-feb08d,tarihsel_birlesim,kesin,3392 sayılı Kanun ek (64) sayılı liste (RG 1987-07-04),Kuruluşta bütün birimleri Kaman ilçesinden
TR-D-40-003,Kırşehir,Boztepe,1990-05-20,3644,40,Kırşehir,Merkez,HISTK-40-006-b993bb,tarihsel_birlesim,kesin,3644 sayılı Kanun ek (72) sayılı liste (RG 1990-05-20),Kuruluşta bütün birimleri Merkez ilçesinden
TR-D-40-004,Kırşehir,Çiçekdağı,,,40,Kırşehir,Çiçekdağı,TR-D-40-004,kendi_satiri,kesin,data/normalized/elections/yerel/1968yerel.json,
TR-D-40-005,Kırşehir,Kaman,1944-09-01,4642,40,Kırşehir,Kaman,HISTK-40-005-feb08d,tarihsel_birlesim,kesin,"geo/historical/district_splits.json (TR-D-40-005, repoda doğrulanmış birleşim)",Seçim satırı Kaman poligonu: TR-D-40-005
TR-D-40-006,Kırşehir,Merkez,,,40,Kırşehir,Merkez,HISTK-40-006-b993bb,tarihsel_birlesim,kesin,"geo/historical/district_splits.json (TR-D-40-006, repoda doğrulanmış birleşim)",Seçim satırı Merkez poligonu: TR-D-40-006
TR-D-40-007,Kırşehir,Mucur,,,40,Kırşehir,Mucur,TR-D-40-007,kendi_satiri,kesin,data/normalized/elections/yerel/1968yerel.json,
TR-D-41-001,Kocaeli,Başiskele,2008-03-22,5747,41,Kocaeli,Merkez,HISTK-41-008-f386a9,tarihsel_birlesim,kesin,5747 sayılı Kanun ek (25) sayılı liste (RG 2008-03-22),Kuruluşta bütün birimleri Merkez ilçesinden
TR-D-41-002,Kocaeli,Çayırova,2008-03-22,5747,41,Kocaeli,Gebze,HISTK-41-006-c17594,tarihsel_birlesim,kesin,5747 sayılı Kanun ek (26) sayılı liste (RG 2008-03-22),Kuruluşta bütün birimleri Gebze ilçesinden
TR-D-41-003,Kocaeli,Darıca,2008-03-22,5747,41,Kocaeli,Gebze,HISTK-41-006-c17594,tarihsel_birlesim,kesin,5747 sayılı Kanun ek (27) sayılı liste (RG 2008-03-22),Kuruluşta bütün birimleri Gebze ilçesinden
TR-D-41-004,Kocaeli,Derince,1999-12-09,KHK 584,41,Kocaeli,Merkez,HISTK-41-008-f386a9,tarihsel_birlesim,kesin,KHK 584 sayılı Kanun ek (2) sayılı liste (RG 1999-12-09),Kuruluşta bütün birimleri Merkez ilçesinden
TR-D-41-005,Kocaeli,Dilovası,2008-03-22,5747,41,Kocaeli,Gebze,HISTK-41-006-c17594,tarihsel_birlesim,kesin,5747 sayılı Kanun ek (28) sayılı liste (RG 2008-03-22),Kuruluşta bütün birimleri Gebze ilçesinden
TR-D-41-006,Kocaeli,Gebze,,,41,Kocaeli,Gebze,HISTK-41-006-c17594,tarihsel_birlesim,kesin,"geo/historical/district_splits.json (TR-D-41-006, repoda doğrulanmış birleşim)",Seçim satırı Gebze poligonu: TR-D-41-006
TR-D-41-007,Kocaeli,Gölcük,1936-06-15,3012,41,Kocaeli,Gölcük,TR-D-41-007,kendi_satiri,kesin,data/normalized/elections/yerel/1968yerel.json,
TR-D-41-008,Kocaeli,İzmit,2008-03-22,5747,41,Kocaeli,Merkez,HISTK-41-008-f386a9,tarihsel_birlesim,kesin,"geo/historical/district_splits.json (TR-D-41-008, repoda doğrulanmış birleşim)",Seçim satırı Merkez poligonu: TR-D-41-008
TR-D-41-009,Kocaeli,Kandıra,,,41,Kocaeli,Kandıra,TR-D-41-009,kendi_satiri,kesin,data/normalized/elections/yerel/1968yerel.json,
TR-D-41-010,Kocaeli,Karamürsel,,,41,Kocaeli,Karamürsel,HISTK-41-010-1bb5a9,tarihsel_birlesim,kesin,"geo/historical/district_splits.json (TR-D-41-010, repoda doğrulanmış birleşim)",Seçim satırı Karamürsel poligonu: TR-D-41-010
TR-D-41-011,Kocaeli,Kartepe,2008-03-22,5747,41,Kocaeli,Merkez,HISTK-41-008-f386a9,tarihsel_birlesim,kesin,5747 sayılı Kanun ek (30) sayılı liste (RG 2008-03-22),Kuruluşta bütün birimleri Merkez ilçesinden
TR-D-41-012,Kocaeli,Körfez,1987-07-04,3392,41,Kocaeli,Gebze,HISTK-41-006-c17594,en_buyuk_pay,kaba,3392 sayılı Kanun ek (65) sayılı liste,"Ek liste birimleri: Gebze 9, Merkez 8; seçimdeki ilçelere göre %53 Gebze, %47 Merkez"
TR-D-42-001,Konya,Ahırlı,1990-05-20,3644,42,Konya,Bozkır,HISTK-42-006-e83ade,tarihsel_birlesim,kesin,3644 sayılı Kanun ek (73) sayılı liste (RG 1990-05-20),Kuruluşta bütün birimleri Bozkır ilçesinden
TR-D-42-002,Konya,Akören,1987-07-04,3392,42,Konya,Çumra,HISTK-42-009-b73bb1,tarihsel_birlesim,kesin,3392 sayılı Kanun ek (66) sayılı liste (RG 1987-07-04),Kuruluşta bütün birimleri Çumra ilçesinden
TR-D-42-003,Konya,Akşehir,,,42,Konya,Akşehir,HISTK-42-003-a7575a,tarihsel_birlesim,kesin,"geo/historical/district_splits.json (TR-D-42-003, repoda doğrulanmış birleşim)",Seçim satırı Akşehir poligonu: TR-D-42-003
TR-D-42-004,Konya,Altınekin,1987-07-04,3392,42,Konya,Cihanbeyli,HISTK-42-007-b19f4b,tarihsel_birlesim,kesin,3392 sayılı Kanun ek (67) sayılı liste (RG 1987-07-04),Kuruluşta bütün birimleri Cihanbeyli ilçesinden
TR-D-42-005,Konya,Beyşehir,,,42,Konya,Beyşehir,HISTK-42-005-fad05c,tarihsel_birlesim,kesin,"geo/historical/district_splits.json (TR-D-42-005, repoda doğrulanmış birleşim)",Seçim satırı Beyşehir poligonu: TR-D-42-005
TR-D-42-006,Konya,Bozkır,,,42,Konya,Bozkır,HISTK-42-006-e83ade,tarihsel_birlesim,kesin,"geo/historical/district_splits.json (TR-D-42-006, repoda doğrulanmış birleşim)",Seçim satırı Bozkır poligonu: TR-D-42-006
TR-D-42-007,Konya,Cihanbeyli,1926-06-26,877,42,Konya,Cihanbeyli,HISTK-42-007-b19f4b,tarihsel_birlesim,kesin,"geo/historical/district_splits.json (TR-D-42-007, repoda doğrulanmış birleşim)",Seçim satırı Cihanbeyli poligonu: TR-D-42-007
TR-D-42-008,Konya,Çeltik,1990-05-20,3644,42,Konya,Yunak,HISTK-42-031-fe3e3d,tarihsel_birlesim,kesin,3644 sayılı Kanun ek (74) sayılı liste (RG 1990-05-20),Kuruluşta bütün birimleri Yunak ilçesinden
TR-D-42-009,Konya,Çumra,1926-06-26,877,42,Konya,Çumra,HISTK-42-009-b73bb1,tarihsel_birlesim,kesin,"geo/historical/district_splits.json (TR-D-42-009, repoda doğrulanmış birleşim)",Seçim satırı Çumra poligonu: TR-D-42-009
TR-D-42-010,Konya,Derbent,1990-05-20,3644,42,Konya,Merkez,HIST-Konya-Merkez,ayni_eski_ilce,kesin,3644 sayılı Kanun ek (75) sayılı liste,"Ek liste birimleri: Selçuklu 9, Meram 1; hepsi seçim tarihinde Merkez ilçesindeydi"
TR-D-42-011,Konya,Derebucak,1987-07-04,3392,42,Konya,Beyşehir,HISTK-42-005-fad05c,tarihsel_birlesim,kesin,3392 sayılı Kanun ek (69) sayılı liste (RG 1987-07-04),Kuruluşta bütün birimleri Beyşehir ilçesinden
TR-D-42-012,Konya,Doğanhisar,1957-09-01,7033,42,Konya,Doğanhisar,TR-D-42-012,kendi_satiri,kesin,data/normalized/elections/yerel/1968yerel.json,
TR-D-42-013,Konya,Emirgazi,1990-05-20,3644,42,Konya,Karapınar,HISTK-42-021-fc646d,tarihsel_birlesim,kesin,3644 sayılı Kanun ek (76) sayılı liste (RG 1990-05-20),Kuruluşta bütün birimleri Karapınar ilçesinden
TR-D-42-014,Konya,Ereğli,,,42,Konya,Ereğli,HISTK-42-014-1c7662,tarihsel_birlesim,kesin,"geo/historical/district_splits.json (TR-D-42-014, repoda doğrulanmış birleşim)",Seçim satırı Ereğli poligonu: TR-D-42-014
TR-D-42-015,Konya,Güneysınır,1990-05-20,3644,42,Konya,Çumra,HISTK-42-009-b73bb1,tarihsel_birlesim,kesin,3644 sayılı Kanun ek (77) sayılı liste (RG 1990-05-20),Kuruluşta bütün birimleri Çumra ilçesinden
TR-D-42-016,Konya,Hadim,1926-06-26,877,42,Konya,Hadim,HISTK-42-016-a1bdf1,tarihsel_birlesim,kesin,"geo/historical/district_splits.json (TR-D-42-016, repoda doğrulanmış birleşim)",Seçim satırı Hadim poligonu: TR-D-42-016
TR-D-42-017,Konya,Halkapınar,1990-05-20,3644,42,Konya,Ereğli,HISTK-42-014-1c7662,tarihsel_birlesim,kesin,3644 sayılı Kanun ek (78) sayılı liste (RG 1990-05-20),Kuruluşta bütün birimleri Ereğli ilçesinden
TR-D-42-018,Konya,Hüyük,1987-07-04,3392,42,Konya,Beyşehir,HISTK-42-005-fad05c,tarihsel_birlesim,kesin,3392 sayılı Kanun ek (70) sayılı liste (RG 1987-07-04),Kuruluşta bütün birimleri Beyşehir ilçesinden
TR-D-42-019,Konya,Ilgın,,,42,Konya,Ilgın,TR-D-42-019,kendi_satiri,kesin,data/normalized/elections/yerel/1968yerel.json,
TR-D-42-020,Konya,Kadınhanı,,,42,Konya,Kadınhanı,TR-D-42-020,kendi_satiri,kesin,data/normalized/elections/yerel/1968yerel.json,
TR-D-42-021,Konya,Karapınar,,,42,Konya,Karapınar,HISTK-42-021-fc646d,tarihsel_birlesim,kesin,"geo/historical/district_splits.json (TR-D-42-021, repoda doğrulanmış birleşim)",Seçim satırı Karapınar poligonu: TR-D-42-021
TR-D-42-022,Konya,Karatay,1987-06-27,3399,42,Konya,Merkez,HIST-Konya-Merkez,tarihsel_birlesim,kesin,"geo/historical/district_splits.json (HIST-Konya-Merkez, repoda doğrulanmış birleşim)",Seçim satırı Merkez poligonu: HIST-Konya-Merkez
TR-D-42-023,Konya,Kulu,1954-06-01,6325,42,Konya,Kulu,TR-D-42-023,kendi_satiri,kesin,data/normalized/elections/yerel/1968yerel.json,
TR-D-42-024,Konya,Meram,1987-06-27,3399,42,Konya,Merkez,HIST-Konya-Merkez,tarihsel_birlesim,kesin,"geo/historical/district_splits.json (HIST-Konya-Merkez, repoda doğrulanmış birleşim)",Seçim satırı Merkez poligonu: HIST-Konya-Merkez
TR-D-42-025,Konya,Sarayönü,1959-04-01,7033,42,Konya,Sarayönü,TR-D-42-025,kendi_satiri,kesin,data/normalized/elections/yerel/1968yerel.json,
TR-D-42-026,Konya,Selçuklu,1987-06-27,3399,42,Konya,Merkez,HIST-Konya-Merkez,tarihsel_birlesim,kesin,"geo/historical/district_splits.json (HIST-Konya-Merkez, repoda doğrulanmış birleşim)",Seçim satırı Merkez poligonu: HIST-Konya-Merkez
TR-D-42-027,Konya,Seydişehir,,,42,Konya,Seydişehir,TR-D-42-027,kendi_satiri,kesin,data/normalized/elections/yerel/1968yerel.json,
TR-D-42-028,Konya,Taşkent,1987-07-04,3392,42,Konya,Hadim,HISTK-42-016-a1bdf1,tarihsel_birlesim,kesin,3392 sayılı Kanun ek (71) sayılı liste (RG 1987-07-04),Kuruluşta bütün birimleri Hadim ilçesinden
TR-D-42-029,Konya,Tuzlukçu,1990-05-20,3644,42,Konya,Akşehir,HISTK-42-003-a7575a,tarihsel_birlesim,kesin,3644 sayılı Kanun ek (79) sayılı liste (RG 1990-05-20),Kuruluşta bütün birimleri Akşehir ilçesinden
TR-D-42-030,Konya,Yalıhüyük,1990-05-20,3644,42,Konya,Bozkır,HISTK-42-006-e83ade,tarihsel_birlesim,kesin,3644 sayılı Kanun ek (80) sayılı liste (RG 1990-05-20),Kuruluşta bütün birimleri Bozkır ilçesinden
TR-D-42-031,Konya,Yunak,1953-03-01,6068,42,Konya,Yunak,HISTK-42-031-fe3e3d,tarihsel_birlesim,kesin,"geo/historical/district_splits.json (TR-D-42-031, repoda doğrulanmış birleşim)",Seçim satırı Yunak poligonu: TR-D-42-031
TR-D-43-001,Kütahya,Altıntaş,1947-01-01,4993,43,Kütahya,Altıntaş,HISTK-43-001-8dbee5,tarihsel_birlesim,kesin,"geo/historical/district_splits.json (TR-D-43-001, repoda doğrulanmış birleşim)",Seçim satırı Altıntaş poligonu: TR-D-43-001
TR-D-43-002,Kütahya,Aslanapa,1987-07-04,3392,43,Kütahya,Merkez,HISTK-43-009-a76b48,tarihsel_birlesim,kesin,3392 sayılı Kanun ek (72) sayılı liste (RG 1987-07-04),Kuruluşta bütün birimleri Merkez ilçesinden
TR-D-43-003,Kütahya,Çavdarhisar,1990-05-20,3644,43,Kütahya,Emet,HISTK-43-006-a2f82f,en_buyuk_pay,kaba,3644 sayılı Kanun ek (81) sayılı liste,"Ek liste birimleri: Emet 11, Gediz 6, Aslanapa 1; seçimdeki ilçelere göre %61 Emet, %33 Gediz, %6 Merkez"
TR-D-43-004,Kütahya,Domaniç,1960-04-01,7033,43,Kütahya,Domaniç,TR-D-43-004,kendi_satiri,kesin,data/normalized/elections/yerel/1968yerel.json,
TR-D-43-005,Kütahya,Dumlupınar,1987-07-04,3392,43,Kütahya,Altıntaş,HISTK-43-001-8dbee5,tarihsel_birlesim,kesin,3392 sayılı Kanun ek (74) sayılı liste (RG 1987-07-04),Kuruluşta bütün birimleri Altıntaş ilçesinden
TR-D-43-006,Kütahya,Emet,,,43,Kütahya,Emet,HISTK-43-006-a2f82f,tarihsel_birlesim,kesin,"geo/historical/district_splits.json (TR-D-43-006, repoda doğrulanmış birleşim)",Seçim satırı Emet poligonu: TR-D-43-006
TR-D-43-007,Kütahya,Gediz,,,43,Kütahya,Gediz,HISTK-43-007-8460b4,tarihsel_birlesim,kesin,"geo/historical/district_splits.json (TR-D-43-007, repoda doğrulanmış birleşim)",Seçim satırı Gediz poligonu: TR-D-43-007
TR-D-43-008,Kütahya,Hisarcık,1987-07-04,3392,43,Kütahya,Emet,HISTK-43-006-a2f82f,tarihsel_birlesim,kesin,3392 sayılı Kanun ek (75) sayılı liste (RG 1987-07-04),Kuruluşta bütün birimleri Emet ilçesinden
TR-D-43-009,Kütahya,Merkez,,,43,Kütahya,Merkez,HISTK-43-009-a76b48,tarihsel_birlesim,kesin,"geo/historical/district_splits.json (TR-D-43-009, repoda doğrulanmış birleşim)",Seçim satırı Merkez poligonu: TR-D-43-009
TR-D-43-010,Kütahya,Pazarlar,1990-05-20,3644,43,Kütahya,Simav,HISTK-43-011-dbc7f4,tarihsel_birlesim,kesin,3644 sayılı Kanun ek (82) sayılı liste (RG 1990-05-20),Kuruluşta bütün birimleri Simav ilçesinden
TR-D-43-011,Kütahya,Simav,,,43,Kütahya,Simav,HISTK-43-011-dbc7f4,tarihsel_birlesim,kesin,"geo/historical/district_splits.json (TR-D-43-011, repoda doğrulanmış birleşim)",Seçim satırı Simav poligonu: TR-D-43-011
TR-D-43-012,Kütahya,Şaphane,1987-07-04,3392,43,Kütahya,Gediz,HISTK-43-007-8460b4,tarihsel_birlesim,kesin,3392 sayılı Kanun ek (73) sayılı liste (RG 1987-07-04),Kuruluşta bütün birimleri Gediz ilçesinden
TR-D-43-013,Kütahya,Tavşanlı,,,43,Kütahya,Tavşanlı,TR-D-43-013,kendi_satiri,kesin,data/normalized/elections/yerel/1968yerel.json,
TR-D-44-001,Malatya,Akçadağ,,,44,Malatya,Akçadağ,TR-D-44-001,kendi_satiri,kesin,data/normalized/elections/yerel/1968yerel.json,
TR-D-44-002,Malatya,Arapgir,,,44,Malatya,Arapgir,TR-D-44-002,kendi_satiri,kesin,data/normalized/elections/yerel/1968yerel.json,
TR-D-44-003,Malatya,Arguvan,1954-06-01,6325,44,Malatya,Arguvan,TR-D-44-003,kendi_satiri,kesin,data/normalized/elections/yerel/1968yerel.json,
TR-D-44-004,Malatya,Battalgazi,1987-07-04,3392,44,Malatya,Merkez,HISTK-44-004-f1e22f,tarihsel_birlesim,kesin,"geo/historical/district_splits.json (TR-D-44-004, repoda doğrulanmış birleşim)",Seçim satırı Merkez poligonu: TR-D-44-004
TR-D-44-005,Malatya,Darende,,,44,Malatya,Darende,HISTK-44-005-d218a2,tarihsel_birlesim,kesin,"geo/historical/district_splits.json (TR-D-44-005, repoda doğrulanmış birleşim)",Seçim satırı Darende poligonu: TR-D-44-005
TR-D-44-006,Malatya,Doğanşehir,1946-04-01,4869,44,Malatya,Doğanşehir,TR-D-44-006,kendi_satiri,kesin,data/normalized/elections/yerel/1968yerel.json,
TR-D-44-007,Malatya,Doğanyol,1990-05-20,3644,44,Malatya,Pütürge,HISTK-44-011-8d1e0c,tarihsel_birlesim,kesin,3644 sayılı Kanun ek (83) sayılı liste (RG 1990-05-20),Kuruluşta bütün birimleri Pütürge ilçesinden
TR-D-44-008,Malatya,Hekimhan,,,44,Malatya,Hekimhan,TR-D-44-008,kendi_satiri,kesin,data/normalized/elections/yerel/1968yerel.json,
TR-D-44-009,Malatya,Kale,1990-05-20,3644,44,Malatya,Merkez,HISTK-44-004-f1e22f,tarihsel_birlesim,kesin,3644 sayılı Kanun ek (84) sayılı liste (RG 1990-05-20),Kuruluşta bütün birimleri Merkez ilçesinden
TR-D-44-010,Malatya,Kuluncak,1990-05-20,3644,44,Malatya,Darende,HISTK-44-005-d218a2,tarihsel_birlesim,kesin,3644 sayılı Kanun ek (85) sayılı liste (RG 1990-05-20),Kuruluşta bütün birimleri Darende ilçesinden
TR-D-44-011,Malatya,Pütürge,,,44,Malatya,Pütürge,HISTK-44-011-8d1e0c,tarihsel_birlesim,kesin,"geo/historical/district_splits.json (TR-D-44-011, repoda doğrulanmış birleşim)",Seçim satırı Pütürge poligonu: TR-D-44-011
TR-D-44-012,Malatya,Yazıhan,1990-05-20,3644,44,Malatya,Merkez,HISTK-44-004-f1e22f,tarihsel_birlesim,kesin,3644 sayılı Kanun ek (86) sayılı liste (RG 1990-05-20),Kuruluşta bütün birimleri Merkez ilçesinden
TR-D-44-013,Malatya,Yeşilyurt,1957-09-01,7033,44,Malatya,Yeşilyurt,TR-D-44-013,kendi_satiri,kesin,data/normalized/elections/yerel/1968yerel.json,
TR-D-45-001,Manisa,Ahmetli,1987-07-04,3392,45,Manisa,Turgutlu,HISTK-45-016-c02b7f,tarihsel_birlesim,kesin,3392 sayılı Kanun ek (77) sayılı liste (RG 1987-07-04),Kuruluşta bütün birimleri Turgutlu ilçesinden
TR-D-45-002,Manisa,Akhisar,,,45,Manisa,Akhisar,HISTK-45-002-3b7226,tarihsel_birlesim,kesin,"geo/historical/district_splits.json (TR-D-45-002, repoda doğrulanmış birleşim)",Seçim satırı Akhisar poligonu: TR-D-45-002
TR-D-45-003,Manisa,Alaşehir,,,45,Manisa,Alaşehir,TR-D-45-003,kendi_satiri,kesin,data/normalized/elections/yerel/1968yerel.json,
TR-D-45-004,Manisa,Demirci,,,45,Manisa,Demirci,TR-D-45-004,kendi_satiri,kesin,data/normalized/elections/yerel/1968yerel.json,
TR-D-45-005,Manisa,Gölmarmara,1987-07-04,3392,45,Manisa,Akhisar,HISTK-45-002-3b7226,tarihsel_birlesim,kesin,3392 sayılı Kanun ek (78) sayılı liste (RG 1987-07-04),Kuruluşta bütün birimleri Akhisar ilçesinden
TR-D-45-006,Manisa,Gördes,,,45,Manisa,Gördes,TR-D-45-006,kendi_satiri,kesin,data/normalized/elections/yerel/1968yerel.json,
TR-D-45-007,Manisa,Kırkağaç,,,45,Manisa,Kırkağaç,TR-D-45-007,kendi_satiri,kesin,data/normalized/elections/yerel/1968yerel.json,
TR-D-45-008,Manisa,Köprübaşı,1990-05-20,3644,45,Manisa,Gördes,TR-D-45-006,cogunluk,yaklasik,3644 sayılı Kanun ek (87) sayılı liste,"Ek liste birimleri: Gördes 30, Salihli 1; seçimdeki ilçelere göre %97 Gördes, %3 Salihli"
TR-D-45-009,Manisa,Kula,,,45,Manisa,Kula,TR-D-45-009,kendi_satiri,kesin,data/normalized/elections/yerel/1968yerel.json,
TR-D-45-010,Manisa,Salihli,,,45,Manisa,Salihli,TR-D-45-010,kendi_satiri,kesin,data/normalized/elections/yerel/1968yerel.json,
TR-D-45-011,Manisa,Sarıgöl,1957-09-01,7033,45,Manisa,Sarıgöl,TR-D-45-011,kendi_satiri,kesin,data/normalized/elections/yerel/1968yerel.json,
TR-D-45-012,Manisa,Saruhanlı,1959-04-01,7033,45,Manisa,Saruhanlı,TR-D-45-012,kendi_satiri,kesin,data/normalized/elections/yerel/1968yerel.json,
TR-D-45-013,Manisa,Selendi,1954-06-01,6324,45,Manisa,Selendi,TR-D-45-013,kendi_satiri,kesin,data/normalized/elections/yerel/1968yerel.json,
TR-D-45-014,Manisa,Soma,,,45,Manisa,Soma,TR-D-45-014,kendi_satiri,kesin,data/normalized/elections/yerel/1968yerel.json,
TR-D-45-015,Manisa,Şehzadeler,2012-12-06,6360,45,Manisa,Merkez,HIST-Manisa-Merkez,tarihsel_birlesim,kesin,"geo/historical/district_splits.json (HIST-Manisa-Merkez, repoda doğrulanmış birleşim)",Seçim satırı Merkez poligonu: HIST-Manisa-Merkez
TR-D-45-016,Manisa,Turgutlu,,,45,Manisa,Turgutlu,HISTK-45-016-c02b7f,tarihsel_birlesim,kesin,"geo/historical/district_splits.json (TR-D-45-016, repoda doğrulanmış birleşim)",Seçim satırı Turgutlu poligonu: TR-D-45-016
TR-D-45-017,Manisa,Yunusemre,2012-12-06,6360,45,Manisa,Merkez,HIST-Manisa-Merkez,tarihsel_birlesim,kesin,"geo/historical/district_splits.json (HIST-Manisa-Merkez, repoda doğrulanmış birleşim)",Seçim satırı Merkez poligonu: HIST-Manisa-Merkez
TR-D-46-001,Kahramanmaraş,Afşin,1944-09-01,4642,46,Kahramanmaraş,Afşin,TR-D-46-001,kendi_satiri,kesin,data/normalized/elections/yerel/1968yerel.json,
TR-D-46-002,Kahramanmaraş,Andırın,,,46,Kahramanmaraş,Andırın,TR-D-46-002,kendi_satiri,kesin,data/normalized/elections/yerel/1968yerel.json,
TR-D-46-003,Kahramanmaraş,Çağlayancerit,1987-07-04,3392,46,Kahramanmaraş,Merkez,HISTK-HIST-Kahramanmaraş-Merkez-22da16,tarihsel_birlesim,kesin,3392 sayılı Kanun ek (57) sayılı liste (RG 1987-07-04),Kuruluşta bütün birimleri Merkez ilçesinden
TR-D-46-004,Kahramanmaraş,Dülkadiroğlu,2012-12-06,6360,46,Kahramanmaraş,Merkez,HISTK-HIST-Kahramanmaraş-Merkez-22da16,tarihsel_birlesim,kesin,"geo/historical/district_splits.json (HIST-Kahramanmaraş-Merkez, repoda doğrulanmış birleşim)",Seçim satırı Merkez poligonu: HIST-Kahramanmaraş-Merkez
TR-D-46-005,Kahramanmaraş,Ekinözü,1990-05-20,3644,46,Kahramanmaraş,Elbistan,HISTK-46-006-c3f0e4,tarihsel_birlesim,kesin,3644 sayılı Kanun ek (57) sayılı liste (RG 1990-05-20),Kuruluşta bütün birimleri Elbistan ilçesinden
TR-D-46-006,Kahramanmaraş,Elbistan,,,46,Kahramanmaraş,Elbistan,HISTK-46-006-c3f0e4,tarihsel_birlesim,kesin,"geo/historical/district_splits.json (TR-D-46-006, repoda doğrulanmış birleşim)",Seçim satırı Elbistan poligonu: TR-D-46-006
TR-D-46-007,Kahramanmaraş,Göksun,,,46,Kahramanmaraş,Göksun,TR-D-46-007,kendi_satiri,kesin,data/normalized/elections/yerel/1968yerel.json,
TR-D-46-008,Kahramanmaraş,Nurhak,1990-05-20,3644,46,Kahramanmaraş,Elbistan,HISTK-46-006-c3f0e4,tarihsel_birlesim,kesin,3644 sayılı Kanun ek (58) sayılı liste (RG 1990-05-20),Kuruluşta bütün birimleri Elbistan ilçesinden
TR-D-46-009,Kahramanmaraş,Onikişubat,2012-12-06,6360,46,Kahramanmaraş,Merkez,HISTK-HIST-Kahramanmaraş-Merkez-22da16,tarihsel_birlesim,kesin,"geo/historical/district_splits.json (HIST-Kahramanmaraş-Merkez, repoda doğrulanmış birleşim)",Seçim satırı Merkez poligonu: HIST-Kahramanmaraş-Merkez
TR-D-46-010,Kahramanmaraş,Pazarcık,,,46,Kahramanmaraş,Pazarcık,TR-D-46-010,kendi_satiri,kesin,data/normalized/elections/yerel/1968yerel.json,
TR-D-46-011,Kahramanmaraş,Türkoğlu,1960-04-01,7033,46,Kahramanmaraş,Türkoğlu,TR-D-46-011,kendi_satiri,kesin,data/normalized/elections/yerel/1968yerel.json,
TR-D-47-001,Mardin,Artüklü,2012-12-06,6360,47,Mardin,Merkez,HISTK-47-001-6825ee,tarihsel_birlesim,kesin,"geo/historical/district_splits.json (TR-D-47-001, repoda doğrulanmış birleşim)",Seçim satırı Merkez poligonu: TR-D-47-001
TR-D-47-002,Mardin,Dargeçit,1987-07-04,3392,47,Mardin,Midyat,TR-D-47-006,cogunluk,yaklasik,3392 sayılı Kanun ek (79) sayılı liste,"Ek liste birimleri: Midyat 32, İdil 5, Gercüş 3, Merkez 1; seçimdeki ilçelere göre %78 Midyat, %7 Gercüş, %2 Merkez, %12 İdil"
TR-D-47-003,Mardin,Derik,,,47,Mardin,Derik,TR-D-47-003,kendi_satiri,kesin,data/normalized/elections/yerel/1968yerel.json,
TR-D-47-004,Mardin,Kızıltepe,1929-10-13,kararname,47,Mardin,Kızıltepe,TR-D-47-004,kendi_satiri,kesin,data/normalized/elections/yerel/1968yerel.json,
TR-D-47-005,Mardin,Mazıdağı,1937-06-23,3223,47,Mardin,Mazıdağı,TR-D-47-005,kendi_satiri,kesin,data/normalized/elections/yerel/1968yerel.json,
TR-D-47-006,Mardin,Midyat,,,47,Mardin,Midyat,TR-D-47-006,kendi_satiri,kesin,data/normalized/elections/yerel/1968yerel.json,
TR-D-47-007,Mardin,Nusaybin,,,47,Mardin,Nusaybin,TR-D-47-007,kendi_satiri,kesin,data/normalized/elections/yerel/1968yerel.json,
TR-D-47-008,Mardin,Ömerli,1953-03-01,6068,47,Mardin,Ömerli,TR-D-47-008,kendi_satiri,kesin,data/normalized/elections/yerel/1968yerel.json,
TR-D-47-009,Mardin,Savur,,,47,Mardin,Savur,TR-D-47-009,kendi_satiri,kesin,data/normalized/elections/yerel/1968yerel.json,
TR-D-47-010,Mardin,Yeşilli,1990-05-20,3644,47,Mardin,Merkez,HISTK-47-001-6825ee,tarihsel_birlesim,kesin,apply_idari_merges.py: 3644 sayılı Kanun,
TR-D-48-001,Muğla,Bodrum,,,48,Muğla,Bodrum,TR-D-48-001,kendi_satiri,kesin,data/normalized/elections/yerel/1968yerel.json,
TR-D-48-002,Muğla,Dalaman,1983-11-30,2963,48,Muğla,Köyceğiz,HISTK-48-006-6eefe9,tarihsel_birlesim,kesin,2963 sayılı Kanun ek (6) sayılı liste (RG 1983-11-30),Kuruluşta bütün birimleri Köyceğiz ilçesinden
TR-D-48-003,Muğla,Datça,1928-06-01,1282,48,Muğla,Datça,TR-D-48-003,kendi_satiri,kesin,data/normalized/elections/yerel/1968yerel.json,
TR-D-48-004,Muğla,Fethiye,,,48,Muğla,Fethiye,HISTK-48-004-bc6e5e,tarihsel_birlesim,kesin,"geo/historical/district_splits.json (TR-D-48-004, repoda doğrulanmış birleşim)",Seçim satırı Fethiye poligonu: TR-D-48-004
TR-D-48-005,Muğla,Kavaklıdere,1990-05-20,3644,48,Muğla,Yatağan,HISTK-48-013-a6d3d1,tarihsel_birlesim,kesin,3644 sayılı Kanun ek (89) sayılı liste (RG 1990-05-20),Kuruluşta bütün birimleri Yatağan ilçesinden
TR-D-48-006,Muğla,Köyceğiz,,,48,Muğla,Köyceğiz,HISTK-48-006-6eefe9,tarihsel_birlesim,kesin,"geo/historical/district_splits.json (TR-D-48-006, repoda doğrulanmış birleşim)",Seçim satırı Köyceğiz poligonu: TR-D-48-006
TR-D-48-007,Muğla,Marmaris,,,48,Muğla,Marmaris,TR-D-48-007,kendi_satiri,kesin,data/normalized/elections/yerel/1968yerel.json,
TR-D-48-008,Muğla,Menteşe,2012-12-06,6360,48,Muğla,Merkez,TR-D-48-008,kendi_satiri,kesin,data/normalized/elections/yerel/1968yerel.json,Seçim tarihinde il Merkez ilçesi; bugünkü adı sonradan (merkez ilçe dönüşümü)
TR-D-48-009,Muğla,Milas,,,48,Muğla,Milas,TR-D-48-009,kendi_satiri,kesin,data/normalized/elections/yerel/1968yerel.json,
TR-D-48-010,Muğla,Ortaca,1987-07-04,3392,48,Muğla,Köyceğiz,HISTK-48-006-6eefe9,tarihsel_birlesim,kesin,3392 sayılı Kanun ek (80) sayılı liste (RG 1987-07-04),Kuruluşta bütün birimleri Köyceğiz ilçesinden
TR-D-48-011,Muğla,Seydikemer,2012-12-06,6360,48,Muğla,Fethiye,HISTK-48-004-bc6e5e,tarihsel_birlesim,kesin,6360 sayılı Kanun ek (16) sayılı liste (RG 2012-12-06),Kuruluşta bütün birimleri Fethiye ilçesinden
TR-D-48-012,Muğla,Ula,1954-06-01,6325,48,Muğla,Ula,TR-D-48-012,kendi_satiri,kesin,data/normalized/elections/yerel/1968yerel.json,
TR-D-48-013,Muğla,Yatağan,1944-09-01,4642,48,Muğla,Yatağan,HISTK-48-013-a6d3d1,tarihsel_birlesim,kesin,"geo/historical/district_splits.json (TR-D-48-013, repoda doğrulanmış birleşim)",Seçim satırı Yatağan poligonu: TR-D-48-013
TR-D-49-001,Muş,Bulanık,,,49,Muş,Bulanık,TR-D-49-001,kendi_satiri,kesin,data/normalized/elections/yerel/1968yerel.json,
TR-D-49-002,Muş,Hasköy,1987-07-04,3392,49,Muş,Merkez,HISTK-49-005-3b5a18,tarihsel_birlesim,kesin,3392 sayılı Kanun ek (81) sayılı liste (RG 1987-07-04),Kuruluşta bütün birimleri Merkez ilçesinden
TR-D-49-003,Muş,Korkut,1990-05-20,3644,49,Muş,Merkez,HISTK-49-005-3b5a18,tarihsel_birlesim,kesin,3644 sayılı Kanun ek (90) sayılı liste (RG 1990-05-20),Kuruluşta bütün birimleri Hasköy ilçesinden
TR-D-49-004,Muş,Malazgirt,,,49,Muş,Malazgirt,TR-D-49-004,kendi_satiri,kesin,data/normalized/elections/yerel/1968yerel.json,
TR-D-49-005,Muş,Merkez,,,49,Muş,Merkez,HISTK-49-005-3b5a18,tarihsel_birlesim,kesin,"geo/historical/district_splits.json (TR-D-49-005, repoda doğrulanmış birleşim)",Seçim satırı Merkez poligonu: TR-D-49-005
TR-D-49-006,Muş,Varto,,,49,Muş,Varto,TR-D-49-006,kendi_satiri,kesin,data/normalized/elections/yerel/1968yerel.json,
TR-D-50-001,Nevşehir,Acıgöl,1987-07-04,3392,50,Nevşehir,Merkez,HISTK-50-007-0380be,tarihsel_birlesim,kesin,3392 sayılı Kanun ek (82) sayılı liste (RG 1987-07-04),Kuruluşta bütün birimleri Merkez ilçesinden
TR-D-50-002,Nevşehir,Avanos,,,50,Nevşehir,Avanos,TR-D-50-002,kendi_satiri,kesin,data/normalized/elections/yerel/1968yerel.json,
TR-D-50-003,Nevşehir,Derinkuyu,1960-04-01,7033,50,Nevşehir,Derinkuyu,TR-D-50-003,kendi_satiri,kesin,data/normalized/elections/yerel/1968yerel.json,
TR-D-50-004,Nevşehir,Gülşehir,,,50,Nevşehir,Gülşehir,TR-D-50-004,kendi_satiri,kesin,data/normalized/elections/yerel/1968yerel.json,
TR-D-50-005,Nevşehir,Hacıbektaş,1948-01-01,5071,50,Nevşehir,Hacıbektaş,TR-D-50-005,kendi_satiri,kesin,data/normalized/elections/yerel/1968yerel.json,
TR-D-50-006,Nevşehir,Kozaklı,1954-06-01,6324,50,Nevşehir,Kozaklı,TR-D-50-006,kendi_satiri,kesin,data/normalized/elections/yerel/1968yerel.json,
TR-D-50-007,Nevşehir,Merkez,,,50,Nevşehir,Merkez,HISTK-50-007-0380be,tarihsel_birlesim,kesin,"geo/historical/district_splits.json (TR-D-50-007, repoda doğrulanmış birleşim)",Seçim satırı Merkez poligonu: TR-D-50-007
TR-D-50-008,Nevşehir,Ürgüp,,,50,Nevşehir,Ürgüp,TR-D-50-008,kendi_satiri,kesin,data/normalized/elections/yerel/1968yerel.json,
TR-D-51-001,Niğde,Altunhisar,1990-05-20,3644,51,Niğde,Bor,HISTK-51-002-8fd3fb,tarihsel_birlesim,kesin,3644 sayılı Kanun ek (91) sayılı liste (RG 1990-05-20),Kuruluşta bütün birimleri Bor ilçesinden
TR-D-51-002,Niğde,Bor,,,51,Niğde,Bor,HISTK-51-002-8fd3fb,tarihsel_birlesim,kesin,"geo/historical/district_splits.json (TR-D-51-002, repoda doğrulanmış birleşim)",Seçim satırı Bor poligonu: TR-D-51-002
TR-D-51-003,Niğde,Çamardı,1948-01-01,5071,51,Niğde,Çamardı,TR-D-51-003,kendi_satiri,kesin,data/normalized/elections/yerel/1968yerel.json,
TR-D-51-004,Niğde,Çiftlik,1990-05-20,3644,51,Niğde,Merkez,HISTK-51-005-12a451,tarihsel_birlesim,kesin,3644 sayılı Kanun ek (92) sayılı liste (RG 1990-05-20),Kuruluşta bütün birimleri Merkez ilçesinden
TR-D-51-005,Niğde,Merkez,,,51,Niğde,Merkez,HISTK-51-005-12a451,tarihsel_birlesim,kesin,"geo/historical/district_splits.json (TR-D-51-005, repoda doğrulanmış birleşim)",Seçim satırı Merkez poligonu: TR-D-51-005
TR-D-51-006,Niğde,Ulukışla,,,51,Niğde,Ulukışla,TR-D-51-006,kendi_satiri,kesin,data/normalized/elections/yerel/1968yerel.json,
TR-D-52-001,Ordu,Akkuş,1954-06-01,6324,52,Ordu,Akkuş,TR-D-52-001,kendi_satiri,kesin,data/normalized/elections/yerel/1968yerel.json,
TR-D-52-002,Ordu,Altınordu,2013-03-22,6447,52,Ordu,Merkez,HISTK-52-002-e02d46,tarihsel_birlesim,kesin,"geo/historical/district_splits.json (TR-D-52-002, repoda doğrulanmış birleşim)",Seçim satırı Merkez poligonu: TR-D-52-002
TR-D-52-003,Ordu,Aybastı,1959-04-01,7033,52,Ordu,Aybastı,HISTK-52-003-9e1e13,tarihsel_birlesim,kesin,"geo/historical/district_splits.json (TR-D-52-003, repoda doğrulanmış birleşim)",Seçim satırı Aybastı poligonu: TR-D-52-003
TR-D-52-004,Ordu,Çamaş,1990-05-20,3644,52,Ordu,Fatsa,HISTK-52-007-d38b74,tarihsel_birlesim,kesin,3644 sayılı Kanun ek (93) sayılı liste (RG 1990-05-20),Kuruluşta bütün birimleri Fatsa ilçesinden
TR-D-52-005,Ordu,Çatalpınar,1990-05-20,3644,52,Ordu,Fatsa,HISTK-52-007-d38b74,tarihsel_birlesim,kesin,3644 sayılı Kanun ek (94) sayılı liste (RG 1990-05-20),Kuruluşta bütün birimleri Fatsa ilçesinden
TR-D-52-006,Ordu,Çaybaşı,1990-05-20,3644,52,Ordu,Ünye,HISTK-52-019-46579d,tarihsel_birlesim,kesin,3644 sayılı Kanun ek (95) sayılı liste (RG 1990-05-20),Kuruluşta bütün birimleri Ünye ilçesinden
TR-D-52-007,Ordu,Fatsa,,,52,Ordu,Fatsa,HISTK-52-007-d38b74,tarihsel_birlesim,kesin,"geo/historical/district_splits.json (TR-D-52-007, repoda doğrulanmış birleşim)",Seçim satırı Fatsa poligonu: TR-D-52-007
TR-D-52-008,Ordu,Gölköy,1936-06-15,3012,52,Ordu,Gölköy,TR-D-52-008,kendi_satiri,kesin,data/normalized/elections/yerel/1968yerel.json,
TR-D-52-009,Ordu,Gülyalı,1987-07-04,3392,52,Ordu,Merkez,HISTK-52-002-e02d46,tarihsel_birlesim,kesin,3392 sayılı Kanun ek (83) sayılı liste (RG 1987-07-04),Kuruluşta bütün birimleri Merkez ilçesinden
TR-D-52-010,Ordu,Gürgentepe,1987-07-04,3392,52,Ordu,Gölköy,TR-D-52-008,en_buyuk_pay,kaba,3392 sayılı Kanun ek (84) sayılı liste,"Ek liste birimleri: Gölköy 5, Fatsa 3, Merkez 1, Ulubey 1; seçimdeki ilçelere göre %50 Gölköy, %30 Fatsa, %10 Merkez, %10 Ulubey"
TR-D-52-011,Ordu,İkizce,1990-05-20,3644,52,Ordu,Ünye,HISTK-52-019-46579d,cogunluk,yaklasik,3644 sayılı Kanun ek (96) sayılı liste,"Ek liste birimleri: Ünye 14, Terme 3; seçimdeki ilçelere göre %82 Ünye, %18 Terme"
TR-D-52-012,Ordu,Kabadüz,1990-05-20,3644,52,Ordu,Merkez,HISTK-52-002-e02d46,tarihsel_birlesim,kesin,3644 sayılı Kanun ek (97) sayılı liste (RG 1990-05-20),Kuruluşta bütün birimleri Merkez ilçesinden
TR-D-52-013,Ordu,Kabataş,1990-05-20,3644,52,Ordu,Aybastı,HISTK-52-003-9e1e13,tarihsel_birlesim,kesin,3644 sayılı Kanun ek (98) sayılı liste (RG 1990-05-20),Kuruluşta bütün birimleri Aybastı ilçesinden
TR-D-52-014,Ordu,Korgan,1960-04-01,7033,52,Ordu,Korgan,TR-D-52-014,kendi_satiri,kesin,data/normalized/elections/yerel/1968yerel.json,
TR-D-52-015,Ordu,Kumru,1960-04-01,7033,52,Ordu,Kumru,TR-D-52-015,kendi_satiri,kesin,data/normalized/elections/yerel/1968yerel.json,
TR-D-52-016,Ordu,Mesudiye,,,52,Ordu,Mesudiye,TR-D-52-016,kendi_satiri,kesin,data/normalized/elections/yerel/1968yerel.json,
TR-D-52-017,Ordu,Perşembe,1945-08-01,4769,52,Ordu,Perşembe,TR-D-52-017,kendi_satiri,kesin,data/normalized/elections/yerel/1968yerel.json,
TR-D-52-018,Ordu,Ulubey,1958-04-01,7033,52,Ordu,Ulubey,TR-D-52-018,kendi_satiri,kesin,data/normalized/elections/yerel/1968yerel.json,
TR-D-52-019,Ordu,Ünye,,,52,Ordu,Ünye,HISTK-52-019-46579d,tarihsel_birlesim,kesin,"geo/historical/district_splits.json (TR-D-52-019, repoda doğrulanmış birleşim)",Seçim satırı Ünye poligonu: TR-D-52-019
TR-D-53-001,Rize,Ardeşen,1953-03-01,6068,53,Rize,Ardeşen,TR-D-53-001,kendi_satiri,kesin,data/normalized/elections/yerel/1968yerel.json,
TR-D-53-002,Rize,Çamlıhemşin,1960-04-01,7033,53,Rize,Çamlıhemşin,TR-D-53-002,kendi_satiri,kesin,data/normalized/elections/yerel/1968yerel.json,
TR-D-53-003,Rize,Çayeli,1944-09-01,4642,53,Rize,Çayeli,TR-D-53-003,kendi_satiri,kesin,data/normalized/elections/yerel/1968yerel.json,
TR-D-53-004,Rize,Derepazarı,1990-05-20,3644,53,Rize,Merkez,HISTK-53-012-dd8b7b,tarihsel_birlesim,kesin,3644 sayılı Kanun ek (99) sayılı liste (RG 1990-05-20),Kuruluşta bütün birimleri Merkez ilçesinden
TR-D-53-005,Rize,Fındıklı,1948-01-01,5071,53,Rize,Fındıklı,TR-D-53-005,kendi_satiri,kesin,data/normalized/elections/yerel/1968yerel.json,
TR-D-53-006,Rize,Güneysu,1987-07-04,3392,53,Rize,Merkez,HISTK-53-012-dd8b7b,tarihsel_birlesim,kesin,3392 sayılı Kanun ek (85) sayılı liste (RG 1987-07-04),Kuruluşta bütün birimleri Merkez ilçesinden
TR-D-53-007,Rize,Hemşin,1990-05-20,3644,53,Rize,Pazar,HISTK-53-011-9b0682,tarihsel_birlesim,kesin,3644 sayılı Kanun ek (100) sayılı liste (RG 1990-05-20),Kuruluşta bütün birimleri Pazar ilçesinden
TR-D-53-008,Rize,İkizdere,1945-08-01,4769,53,Rize,İkizdere,TR-D-53-008,kendi_satiri,kesin,data/normalized/elections/yerel/1968yerel.json,
TR-D-53-009,Rize,İyidere,1990-05-20,3644,53,Rize,Merkez,HISTK-53-012-dd8b7b,tarihsel_birlesim,kesin,3644 sayılı Kanun ek (101) sayılı liste (RG 1990-05-20),Kuruluşta bütün birimleri Merkez ilçesinden
TR-D-53-010,Rize,Kalkandere,1959-04-01,7033,53,Rize,Kalkandere,TR-D-53-010,kendi_satiri,kesin,data/normalized/elections/yerel/1968yerel.json,
TR-D-53-011,Rize,Pazar,,,53,Rize,Pazar,HISTK-53-011-9b0682,tarihsel_birlesim,kesin,"geo/historical/district_splits.json (TR-D-53-011, repoda doğrulanmış birleşim)",Seçim satırı Pazar poligonu: TR-D-53-011
TR-D-53-012,Rize,Merkez,,,53,Rize,Merkez,HISTK-53-012-dd8b7b,tarihsel_birlesim,kesin,"geo/historical/district_splits.json (TR-D-53-012, repoda doğrulanmış birleşim)",Seçim satırı Merkez poligonu: TR-D-53-012
TR-D-54-001,Sakarya,Adapazarı,2008-03-22,5747,54,Sakarya,Merkez,HISTK-54-001-cf63c3,tarihsel_birlesim,kesin,"geo/historical/district_splits.json (TR-D-54-001, repoda doğrulanmış birleşim)",Seçim satırı Merkez poligonu: TR-D-54-001
TR-D-54-002,Sakarya,Akyazı,1944-09-01,4642,54,Sakarya,Akyazı,HISTK-54-002-5c321f,tarihsel_birlesim,kesin,"geo/historical/district_splits.json (TR-D-54-002, repoda doğrulanmış birleşim)",Seçim satırı Akyazı poligonu: TR-D-54-002
TR-D-54-003,Sakarya,Arifiye,2008-03-22,5747,54,Sakarya,Merkez,HISTK-54-001-cf63c3,tarihsel_birlesim,kesin,5747 sayılı Kanun ek (36) sayılı liste (RG 2008-03-22),Kuruluşta bütün birimleri Merkez ilçesinden
TR-D-54-004,Sakarya,Erenler,2008-03-22,5747,54,Sakarya,Merkez,HISTK-54-001-cf63c3,tarihsel_birlesim,kesin,5747 sayılı Kanun ek (37) sayılı liste (RG 2008-03-22),Kuruluşta bütün birimleri Merkez ilçesinden
TR-D-54-005,Sakarya,Ferizli,1990-05-20,3644,54,Sakarya,Merkez,HISTK-54-001-cf63c3,tarihsel_birlesim,kesin,3644 sayılı Kanun ek (102) sayılı liste (RG 1990-05-20),Kuruluşta bütün birimleri Merkez ilçesinden
TR-D-54-006,Sakarya,Geyve,,,54,Sakarya,Geyve,HISTK-54-006-66bd4d,tarihsel_birlesim,kesin,"geo/historical/district_splits.json (TR-D-54-006, repoda doğrulanmış birleşim)",Seçim satırı Geyve poligonu: TR-D-54-006
TR-D-54-007,Sakarya,Hendek,,,54,Sakarya,Hendek,TR-D-54-007,kendi_satiri,kesin,data/normalized/elections/yerel/1968yerel.json,
TR-D-54-008,Sakarya,Karapürçek,1990-05-18,3647,54,Sakarya,Akyazı,HISTK-54-002-5c321f,tarihsel_birlesim,kesin,3647 sayılı Kanun ek (4) sayılı liste (RG 1990-05-18),Kuruluşta bütün birimleri Akyazı ilçesinden
TR-D-54-009,Sakarya,Karasu,1933-06-01,2202,54,Sakarya,Karasu,HISTK-54-009-10b07f,tarihsel_birlesim,kesin,"geo/historical/district_splits.json (TR-D-54-009, repoda doğrulanmış birleşim)",Seçim satırı Karasu poligonu: TR-D-54-009
TR-D-54-010,Sakarya,Kaynarca,1959-04-01,7033,54,Sakarya,Kaynarca,TR-D-54-010,kendi_satiri,kesin,data/normalized/elections/yerel/1968yerel.json,
TR-D-54-011,Sakarya,Kocaali,1987-07-04,3392,54,Sakarya,Karasu,HISTK-54-009-10b07f,tarihsel_birlesim,kesin,3392 sayılı Kanun ek (87) sayılı liste (RG 1987-07-04),Kuruluşta bütün birimleri Karasu ilçesinden
TR-D-54-012,Sakarya,Pamukova,1987-07-04,3392,54,Sakarya,Geyve,HISTK-54-006-66bd4d,tarihsel_birlesim,kesin,3392 sayılı Kanun ek (86) sayılı liste (RG 1987-07-04),Kuruluşta bütün birimleri Geyve ilçesinden
TR-D-54-013,Sakarya,Sapanca,1957-09-01,7033,54,Sakarya,Sapanca,TR-D-54-013,kendi_satiri,kesin,data/normalized/elections/yerel/1968yerel.json,
TR-D-54-014,Sakarya,Serdivan,2008-03-22,5747,54,Sakarya,Merkez,HISTK-54-001-cf63c3,tarihsel_birlesim,kesin,5747 sayılı Kanun ek (38) sayılı liste (RG 2008-03-22),Kuruluşta bütün birimleri Merkez ilçesinden
TR-D-54-015,Sakarya,Söğütlü,1990-05-20,3644,54,Sakarya,Merkez,HISTK-54-001-cf63c3,tarihsel_birlesim,kesin,3644 sayılı Kanun ek (103) sayılı liste (RG 1990-05-20),Kuruluşta bütün birimleri Merkez ilçesinden
TR-D-54-016,Sakarya,Taraklı,1987-07-04,3392,54,Sakarya,Geyve,HISTK-54-006-66bd4d,tarihsel_birlesim,kesin,3392 sayılı Kanun ek (88) sayılı liste (RG 1987-07-04),Kuruluşta bütün birimleri Geyve ilçesinden
TR-D-55-001,Samsun,Ondokuzmayıs,1987-07-04,3392,55,Samsun,Bafra,TR-D-55-006,en_buyuk_pay,kaba,3392 sayılı Kanun ek (91) sayılı liste,"Ek liste birimleri: Bafra 22, Merkez 13; seçimdeki ilçelere göre %63 Bafra, %37 Merkez"
TR-D-55-002,Samsun,Alaçam,1944-09-01,4642,55,Samsun,Alaçam,HISTK-55-002-5ac622,tarihsel_birlesim,kesin,"geo/historical/district_splits.json (TR-D-55-002, repoda doğrulanmış birleşim)",Seçim satırı Alaçam poligonu: TR-D-55-002
TR-D-55-003,Samsun,Asarcık,1987-07-04,3392,55,Samsun,Kavak,HISTK-55-011-9623f0,tarihsel_birlesim,kesin,3392 sayılı Kanun ek (90) sayılı liste (RG 1987-07-04),Kuruluşta bütün birimleri Kavak ilçesinden
TR-D-55-004,Samsun,Atakum,2008-03-22,5747,55,Samsun,Merkez,HIST-Samsun-Merkez,tarihsel_birlesim,kesin,"geo/historical/district_splits.json (HIST-Samsun-Merkez, repoda doğrulanmış birleşim)",Seçim satırı Merkez poligonu: HIST-Samsun-Merkez
TR-D-55-005,Samsun,Ayvacık,1990-05-20,3644,55,Samsun,Çarşamba,HISTK-55-008-98dfcf,tarihsel_birlesim,kesin,3644 sayılı Kanun ek (104) sayılı liste (RG 1990-05-20),Kuruluşta bütün birimleri Çarşamba ilçesinden
TR-D-55-006,Samsun,Bafra,,,55,Samsun,Bafra,TR-D-55-006,kendi_satiri,kesin,data/normalized/elections/yerel/1968yerel.json,
TR-D-55-007,Samsun,Canik,2008-03-22,5747,55,Samsun,Merkez,HIST-Samsun-Merkez,tarihsel_birlesim,kesin,"geo/historical/district_splits.json (HIST-Samsun-Merkez, repoda doğrulanmış birleşim)",Seçim satırı Merkez poligonu: HIST-Samsun-Merkez
TR-D-55-008,Samsun,Çarşamba,,,55,Samsun,Çarşamba,HISTK-55-008-98dfcf,tarihsel_birlesim,kesin,"geo/historical/district_splits.json (TR-D-55-008, repoda doğrulanmış birleşim)",Seçim satırı Çarşamba poligonu: TR-D-55-008
TR-D-55-009,Samsun,Havza,,,55,Samsun,Havza,TR-D-55-009,kendi_satiri,kesin,data/normalized/elections/yerel/1968yerel.json,
TR-D-55-010,Samsun,İlkadım,2008-03-22,5747,55,Samsun,Merkez,HIST-Samsun-Merkez,tarihsel_birlesim,kesin,"geo/historical/district_splits.json (HIST-Samsun-Merkez, repoda doğrulanmış birleşim)",Seçim satırı Merkez poligonu: HIST-Samsun-Merkez
TR-D-55-011,Samsun,Kavak,1934-07-03,2529,55,Samsun,Kavak,HISTK-55-011-9623f0,tarihsel_birlesim,kesin,"geo/historical/district_splits.json (TR-D-55-011, repoda doğrulanmış birleşim)",Seçim satırı Kavak poligonu: TR-D-55-011
TR-D-55-012,Samsun,Ladik,1928-06-01,1282,55,Samsun,Ladik,TR-D-55-012,kendi_satiri,kesin,data/normalized/elections/yerel/1968yerel.json,
TR-D-55-013,Samsun,Salıpazarı,1987-07-04,3392,55,Samsun,Terme,TR-D-55-015,en_buyuk_pay,kaba,3392 sayılı Kanun ek (89) sayılı liste,"Ek liste birimleri: Terme 17, Çarşamba 14; seçimdeki ilçelere göre %55 Terme, %45 Çarşamba"
TR-D-55-014,Samsun,Tekkeköy,1987-07-04,3392,55,Samsun,Merkez,HIST-Samsun-Merkez,tarihsel_birlesim,kesin,"geo/historical/district_splits.json (HIST-Samsun-Merkez, repoda doğrulanmış birleşim)",Seçim satırı Merkez poligonu: HIST-Samsun-Merkez
TR-D-55-015,Samsun,Terme,,,55,Samsun,Terme,TR-D-55-015,kendi_satiri,kesin,data/normalized/elections/yerel/1968yerel.json,
TR-D-55-016,Samsun,Vezirköprü,,,55,Samsun,Vezirköprü,TR-D-55-016,kendi_satiri,kesin,data/normalized/elections/yerel/1968yerel.json,
TR-D-55-017,Samsun,Yakakent,1990-05-20,3644,55,Samsun,Alaçam,HISTK-55-002-5ac622,tarihsel_birlesim,kesin,3644 sayılı Kanun ek (105) sayılı liste (RG 1990-05-20),Kuruluşta bütün birimleri Alaçam ilçesinden
TR-D-56-001,Siirt,Baykan,1938-06-01,3393,56,Siirt,Baykan,TR-D-56-001,kendi_satiri,kesin,data/normalized/elections/yerel/1968yerel.json,
TR-D-56-002,Siirt,Eruh,,,56,Siirt,Eruh,HISTK-56-002-32570a,tarihsel_birlesim,kesin,"geo/historical/district_splits.json (TR-D-56-002, repoda doğrulanmış birleşim)",Seçim satırı Eruh poligonu: TR-D-56-002
TR-D-56-003,Siirt,Kurtalan,,,56,Siirt,Kurtalan,TR-D-56-003,kendi_satiri,kesin,data/normalized/elections/yerel/1968yerel.json,
TR-D-56-004,Siirt,Pervari,,,56,Siirt,Pervari,TR-D-56-004,kendi_satiri,kesin,data/normalized/elections/yerel/1968yerel.json,
TR-D-56-005,Siirt,Merkez,,,56,Siirt,Merkez,HISTK-56-005-5bd2a1,tarihsel_birlesim,kesin,"geo/historical/district_splits.json (TR-D-56-005, repoda doğrulanmış birleşim)",Seçim satırı Merkez poligonu: TR-D-56-005
TR-D-56-006,Siirt,Şirvan,,,56,Siirt,Şirvan,TR-D-56-006,kendi_satiri,kesin,data/normalized/elections/yerel/1968yerel.json,
TR-D-56-007,Siirt,Tillo,1990-05-18,3647,56,Siirt,Merkez,HISTK-56-005-5bd2a1,tarihsel_birlesim,kesin,3647 sayılı Kanun ek (5) sayılı liste (RG 1990-05-18),Kuruluşta bütün birimleri Merkez ilçesinden
TR-D-57-001,Sinop,Ayancık,,,57,Sinop,Ayancık,TR-D-57-001,kendi_satiri,kesin,data/normalized/elections/yerel/1968yerel.json,
TR-D-57-002,Sinop,Boyabat,,,57,Sinop,Boyabat,HISTK-57-002-9910a8,tarihsel_birlesim,kesin,"geo/historical/district_splits.json (TR-D-57-002, repoda doğrulanmış birleşim)",Seçim satırı Boyabat poligonu: TR-D-57-002
TR-D-57-003,Sinop,Dikmen,1990-05-20,3644,57,Sinop,Gerze,HISTK-57-006-f2224b,tarihsel_birlesim,kesin,3644 sayılı Kanun ek (112) sayılı liste (RG 1990-05-20),Kuruluşta bütün birimleri Gerze ilçesinden
TR-D-57-004,Sinop,Durağan,1954-06-01,6324,57,Sinop,Durağan,TR-D-57-004,kendi_satiri,kesin,data/normalized/elections/yerel/1968yerel.json,
TR-D-57-005,Sinop,Erfelek,1960-04-01,7033,57,Sinop,Erfelek,TR-D-57-005,kendi_satiri,kesin,data/normalized/elections/yerel/1968yerel.json,
TR-D-57-006,Sinop,Gerze,,,57,Sinop,Gerze,HISTK-57-006-f2224b,tarihsel_birlesim,kesin,"geo/historical/district_splits.json (TR-D-57-006, repoda doğrulanmış birleşim)",Seçim satırı Gerze poligonu: TR-D-57-006
TR-D-57-007,Sinop,Saraydüzü,1990-05-20,3644,57,Sinop,Boyabat,HISTK-57-002-9910a8,tarihsel_birlesim,kesin,3644 sayılı Kanun ek (113) sayılı liste (RG 1990-05-20),Kuruluşta bütün birimleri Boyabat ilçesinden
TR-D-57-008,Sinop,Merkez,,,57,Sinop,Merkez,TR-D-57-008,kendi_satiri,kesin,data/normalized/elections/yerel/1968yerel.json,
TR-D-57-009,Sinop,Türkeli,1957-09-01,7033,57,Sinop,Türkeli,TR-D-57-009,kendi_satiri,kesin,data/normalized/elections/yerel/1968yerel.json,
TR-D-58-001,Sivas,Akıncılar,1990-05-20,3644,58,Sivas,Suşehri,HISTK-58-013-ac4d45,tarihsel_birlesim,kesin,3644 sayılı Kanun ek (107) sayılı liste (RG 1990-05-20),Kuruluşta bütün birimleri Suşehri ilçesinden
TR-D-58-002,Sivas,Altınyayla,1990-05-20,3644,58,Sivas,Şarkışla,TR-D-58-014,cogunluk,yaklasik,3644 sayılı Kanun ek (108) sayılı liste,"Ek liste birimleri: Şarkışla 18, Merkez 2; seçimdeki ilçelere göre %90 Şarkışla, %10 Merkez"
TR-D-58-003,Sivas,Divriği,,,58,Sivas,Divriği,TR-D-58-003,kendi_satiri,kesin,data/normalized/elections/yerel/1968yerel.json,
TR-D-58-004,Sivas,Doğanşar,1990-05-20,3644,58,Sivas,Hafik,HISTK-58-008-a07efc,tarihsel_birlesim,kesin,3644 sayılı Kanun ek (109) sayılı liste (RG 1990-05-20),Kuruluşta bütün birimleri Hafik ilçesinden
TR-D-58-005,Sivas,Gemerek,1953-03-01,6068,58,Sivas,Gemerek,TR-D-58-005,kendi_satiri,kesin,data/normalized/elections/yerel/1968yerel.json,
TR-D-58-006,Sivas,Gölova,1990-05-20,3644,58,Sivas,Suşehri,HISTK-58-013-ac4d45,tarihsel_birlesim,kesin,3644 sayılı Kanun ek (110) sayılı liste (RG 1990-05-20),Kuruluşta bütün birimleri Suşehri ilçesinden
TR-D-58-007,Sivas,Gürün,,,58,Sivas,Gürün,TR-D-58-007,kendi_satiri,kesin,data/normalized/elections/yerel/1968yerel.json,
TR-D-58-008,Sivas,Hafik,,,58,Sivas,Hafik,HISTK-58-008-a07efc,tarihsel_birlesim,kesin,"geo/historical/district_splits.json (TR-D-58-008, repoda doğrulanmış birleşim)",Seçim satırı Hafik poligonu: TR-D-58-008
TR-D-58-009,Sivas,İmranlı,1948-01-01,5071,58,Sivas,İmranlı,TR-D-58-009,kendi_satiri,kesin,data/normalized/elections/yerel/1968yerel.json,
TR-D-58-010,Sivas,Kangal,,,58,Sivas,Kangal,TR-D-58-010,kendi_satiri,kesin,data/normalized/elections/yerel/1968yerel.json,
TR-D-58-011,Sivas,Koyulhisar,,,58,Sivas,Koyulhisar,TR-D-58-011,kendi_satiri,kesin,data/normalized/elections/yerel/1968yerel.json,
TR-D-58-012,Sivas,Merkez,,,58,Sivas,Merkez,HISTK-58-012-d29b80,tarihsel_birlesim,kesin,"geo/historical/district_splits.json (TR-D-58-012, repoda doğrulanmış birleşim)",Seçim satırı Merkez poligonu: TR-D-58-012
TR-D-58-013,Sivas,Suşehri,,,58,Sivas,Suşehri,HISTK-58-013-ac4d45,tarihsel_birlesim,kesin,"geo/historical/district_splits.json (TR-D-58-013, repoda doğrulanmış birleşim)",Seçim satırı Suşehri poligonu: TR-D-58-013
TR-D-58-014,Sivas,Şarkışla,,,58,Sivas,Şarkışla,TR-D-58-014,kendi_satiri,kesin,data/normalized/elections/yerel/1968yerel.json,
TR-D-58-015,Sivas,Ulaş,1990-05-20,3644,58,Sivas,Merkez,HISTK-58-012-d29b80,tarihsel_birlesim,kesin,3644 sayılı Kanun ek (111) sayılı liste (RG 1990-05-20),Kuruluşta bütün birimleri Merkez ilçesinden
TR-D-58-016,Sivas,Yıldızeli,,,58,Sivas,Yıldızeli,TR-D-58-016,kendi_satiri,kesin,data/normalized/elections/yerel/1968yerel.json,
TR-D-58-017,Sivas,Zara,,,58,Sivas,Zara,TR-D-58-017,kendi_satiri,kesin,data/normalized/elections/yerel/1968yerel.json,
TR-D-59-001,Tekirdağ,Çerkezköy,1958-04-01,7033,59,Tekirdağ,Çerkezköy,HISTK-59-001-6b7d74,tarihsel_birlesim,kesin,"geo/historical/district_splits.json (TR-D-59-001, repoda doğrulanmış birleşim)",Seçim satırı Çerkezköy poligonu: TR-D-59-001
TR-D-59-002,Tekirdağ,Çorlu,,,59,Tekirdağ,Çorlu,HISTK-59-002-761baa,tarihsel_birlesim,kesin,"geo/historical/district_splits.json (TR-D-59-002, repoda doğrulanmış birleşim)",Seçim satırı Çorlu poligonu: TR-D-59-002
TR-D-59-003,Tekirdağ,Ergene,2012-12-06,6360,59,Tekirdağ,Çorlu,HISTK-59-002-761baa,tarihsel_birlesim,kesin,6360 sayılı Kanun ek (18) sayılı liste (RG 2012-12-06),Kuruluşta bütün birimleri Çorlu ilçesinden
TR-D-59-004,Tekirdağ,Hayrabolu,,,59,Tekirdağ,Hayrabolu,TR-D-59-004,kendi_satiri,kesin,data/normalized/elections/yerel/1968yerel.json,
TR-D-59-005,Tekirdağ,Kapaklı,2012-12-06,6360,59,Tekirdağ,Çerkezköy,HISTK-59-001-6b7d74,tarihsel_birlesim,kesin,6360 sayılı Kanun ek (17) sayılı liste (RG 2012-12-06),Kuruluşta bütün birimleri Çerkezköy ilçesinden
TR-D-59-006,Tekirdağ,Malkara,,,59,Tekirdağ,Malkara,TR-D-59-006,kendi_satiri,kesin,data/normalized/elections/yerel/1968yerel.json,
TR-D-59-007,Tekirdağ,Marmaraereğlisi,1987-07-04,3392,59,Tekirdağ,Çorlu,HISTK-59-002-761baa,cogunluk,yaklasik,3392 sayılı Kanun ek (93) sayılı liste,"Ek liste birimleri: Çorlu 4, kaynağı yazılmamış 1; seçimdeki ilçelere göre %80 Çorlu, %20 bilinmiyor"
TR-D-59-008,Tekirdağ,Muratlı,1957-09-01,7033,59,Tekirdağ,Muratlı,TR-D-59-008,kendi_satiri,kesin,data/normalized/elections/yerel/1968yerel.json,
TR-D-59-009,Tekirdağ,Saray,,,59,Tekirdağ,Saray,TR-D-59-009,kendi_satiri,kesin,data/normalized/elections/yerel/1968yerel.json,
TR-D-59-010,Tekirdağ,Süleymanpaşa,2012-12-06,6360,59,Tekirdağ,Merkez,TR-D-59-010,kendi_satiri,kesin,data/normalized/elections/yerel/1968yerel.json,Seçim tarihinde il Merkez ilçesi; bugünkü adı sonradan (merkez ilçe dönüşümü)
TR-D-59-011,Tekirdağ,Şarköy,,,59,Tekirdağ,Şarköy,TR-D-59-011,kendi_satiri,kesin,data/normalized/elections/yerel/1968yerel.json,
TR-D-60-001,Tokat,Almus,1954-06-01,6325,60,Tokat,Almus,TR-D-60-001,kendi_satiri,kesin,data/normalized/elections/yerel/1968yerel.json,
TR-D-60-002,Tokat,Artova,1921-04-11,78,60,Tokat,Artova,TR-D-60-002,kendi_satiri,kesin,data/normalized/elections/yerel/1968yerel.json,
TR-D-60-003,Tokat,Başçiftlik,1990-05-20,3644,60,Tokat,Niksar,HISTK-60-005-637227,tarihsel_birlesim,kesin,3644 sayılı Kanun ek (114) sayılı liste (RG 1990-05-20),Kuruluşta bütün birimleri Niksar ilçesinden
TR-D-60-004,Tokat,Erbaa,,,60,Tokat,Erbaa,TR-D-60-004,kendi_satiri,kesin,data/normalized/elections/yerel/1968yerel.json,
TR-D-60-005,Tokat,Niksar,,,60,Tokat,Niksar,HISTK-60-005-637227,tarihsel_birlesim,kesin,"geo/historical/district_splits.json (TR-D-60-005, repoda doğrulanmış birleşim)",Seçim satırı Niksar poligonu: TR-D-60-005
TR-D-60-006,Tokat,Pazar,1987-07-04,3392,60,Tokat,Turhal,HISTK-60-010-0a0775,tarihsel_birlesim,kesin,3392 sayılı Kanun ek (94) sayılı liste (RG 1987-07-04),Kuruluşta bütün birimleri Turhal ilçesinden
TR-D-60-007,Tokat,Reşadiye,,,60,Tokat,Reşadiye,TR-D-60-007,kendi_satiri,kesin,data/normalized/elections/yerel/1968yerel.json,
TR-D-60-008,Tokat,Sulusaray,1990-05-20,3644,60,Tokat,Artova,TR-D-60-002,cogunluk,yaklasik,3644 sayılı Kanun ek (115) sayılı liste,"Ek liste birimleri: Yeşilyurt 18, Artova 1; seçimdeki ilçelere göre %87 Artova, %13 Merkez"
TR-D-60-009,Tokat,Merkez,,,60,Tokat,Merkez,TR-D-60-009,kendi_satiri,kesin,data/normalized/elections/yerel/1968yerel.json,
TR-D-60-010,Tokat,Turhal,1944-09-01,4642,60,Tokat,Turhal,HISTK-60-010-0a0775,tarihsel_birlesim,kesin,"geo/historical/district_splits.json (TR-D-60-010, repoda doğrulanmış birleşim)",Seçim satırı Turhal poligonu: TR-D-60-010
TR-D-60-011,Tokat,Yeşilyurt,1987-07-04,3392,60,Tokat,Artova,TR-D-60-002,cogunluk,yaklasik,3392 sayılı Kanun ek (95) sayılı liste,"Ek liste birimleri: Artova 32, Merkez 5; seçimdeki ilçelere göre %86 Artova, %14 Merkez"
TR-D-60-012,Tokat,Zile,,,60,Tokat,Zile,TR-D-60-012,kendi_satiri,kesin,data/normalized/elections/yerel/1968yerel.json,
TR-D-61-001,Trabzon,Akçaabat,,,61,Trabzon,Akçaabat,HISTK-61-001-569a97,tarihsel_birlesim,kesin,"geo/historical/district_splits.json (TR-D-61-001, repoda doğrulanmış birleşim)",Seçim satırı Akçaabat poligonu: TR-D-61-001
TR-D-61-002,Trabzon,Araklı,1953-03-01,6068,61,Trabzon,Araklı,TR-D-61-002,kendi_satiri,kesin,data/normalized/elections/yerel/1968yerel.json,
TR-D-61-003,Trabzon,Arsin,1959-04-01,7033,61,Trabzon,Arsin,TR-D-61-003,kendi_satiri,kesin,data/normalized/elections/yerel/1968yerel.json,
TR-D-61-004,Trabzon,Beşikdüzü,1987-07-04,3392,61,Trabzon,Vakfıkebir,HISTK-61-017-8f1e64,tarihsel_birlesim,kesin,3392 sayılı Kanun ek (96) sayılı liste (RG 1987-07-04),Kuruluşta bütün birimleri Vakfıkebir ilçesinden
TR-D-61-005,Trabzon,Çarşıbaşı,1990-05-20,3644,61,Trabzon,Vakfıkebir,HISTK-61-017-8f1e64,tarihsel_birlesim,kesin,3644 sayılı Kanun ek (116) sayılı liste (RG 1990-05-20),Kuruluşta bütün birimleri Vakfıkebir ilçesinden
TR-D-61-006,Trabzon,Çaykara,1948-01-01,5071,61,Trabzon,Çaykara,HISTK-61-006-64319a,tarihsel_birlesim,kesin,"geo/historical/district_splits.json (TR-D-61-006, repoda doğrulanmış birleşim)",Seçim satırı Çaykara poligonu: TR-D-61-006
TR-D-61-007,Trabzon,Dernekpazarı,1990-05-20,3644,61,Trabzon,Çaykara,HISTK-61-006-64319a,tarihsel_birlesim,kesin,3644 sayılı Kanun ek (117) sayılı liste (RG 1990-05-20),Kuruluşta bütün birimleri Çaykara ilçesinden
TR-D-61-008,Trabzon,Düzköy,1990-05-20,3644,61,Trabzon,Akçaabat,HISTK-61-001-569a97,tarihsel_birlesim,kesin,3644 sayılı Kanun ek (118) sayılı liste (RG 1990-05-20),Kuruluşta bütün birimleri Akçaabat ilçesinden
TR-D-61-009,Trabzon,Hayrat,1990-05-20,3644,61,Trabzon,Of,HISTK-61-012-fb73f0,tarihsel_birlesim,kesin,3644 sayılı Kanun ek (119) sayılı liste (RG 1990-05-20),Kuruluşta bütün birimleri Of ilçesinden
TR-D-61-010,Trabzon,Köprübaşı,1990-05-20,3644,61,Trabzon,Sürmene,HISTK-61-014-acb59a,tarihsel_birlesim,kesin,3644 sayılı Kanun ek (120) sayılı liste (RG 1990-05-20),Kuruluşta bütün birimleri Sürmene ilçesinden
TR-D-61-011,Trabzon,Maçka,,,61,Trabzon,Maçka,TR-D-61-011,kendi_satiri,kesin,data/normalized/elections/yerel/1968yerel.json,
TR-D-61-012,Trabzon,Of,,,61,Trabzon,Of,HISTK-61-012-fb73f0,tarihsel_birlesim,kesin,"geo/historical/district_splits.json (TR-D-61-012, repoda doğrulanmış birleşim)",Seçim satırı Of poligonu: TR-D-61-012
TR-D-61-013,Trabzon,Ortahisar,2012-12-06,6360,61,Trabzon,Merkez,TR-D-61-013,kendi_satiri,kesin,data/normalized/elections/yerel/1968yerel.json,Seçim tarihinde il Merkez ilçesi; bugünkü adı sonradan (merkez ilçe dönüşümü)
TR-D-61-014,Trabzon,Sürmene,,,61,Trabzon,Sürmene,HISTK-61-014-acb59a,tarihsel_birlesim,kesin,"geo/historical/district_splits.json (TR-D-61-014, repoda doğrulanmış birleşim)",Seçim satırı Sürmene poligonu: TR-D-61-014
TR-D-61-015,Trabzon,Şalpazarı,1987-07-04,3392,61,Trabzon,Vakfıkebir,HISTK-61-017-8f1e64,tarihsel_birlesim,kesin,3392 sayılı Kanun ek (97) sayılı liste (RG 1987-07-04),Kuruluşta bütün birimleri Vakfıkebir ilçesinden
TR-D-61-016,Trabzon,Tonya,1954-06-01,6324,61,Trabzon,Tonya,TR-D-61-016,kendi_satiri,kesin,data/normalized/elections/yerel/1968yerel.json,
TR-D-61-017,Trabzon,Vakfıkebir,,,61,Trabzon,Vakfıkebir,HISTK-61-017-8f1e64,tarihsel_birlesim,kesin,"geo/historical/district_splits.json (TR-D-61-017, repoda doğrulanmış birleşim)",Seçim satırı Vakfıkebir poligonu: TR-D-61-017
TR-D-61-018,Trabzon,Yomra,1959-04-01,7033,61,Trabzon,Yomra,TR-D-61-018,kendi_satiri,kesin,data/normalized/elections/yerel/1968yerel.json,
TR-D-62-001,Tunceli,Çemişgezek,,,62,Tunceli,Çemişgezek,TR-D-62-001,kendi_satiri,kesin,data/normalized/elections/yerel/1968yerel.json,
TR-D-62-002,Tunceli,Hozat,,,62,Tunceli,Hozat,TR-D-62-002,kendi_satiri,kesin,data/normalized/elections/yerel/1968yerel.json,
TR-D-62-003,Tunceli,Mazgirt,,,62,Tunceli,Mazgirt,TR-D-62-003,kendi_satiri,kesin,data/normalized/elections/yerel/1968yerel.json,
TR-D-62-004,Tunceli,Nazımiye,,,62,Tunceli,Nazımiye,TR-D-62-004,kendi_satiri,kesin,data/normalized/elections/yerel/1968yerel.json,
TR-D-62-005,Tunceli,Ovacık,,,62,Tunceli,Ovacık,TR-D-62-005,kendi_satiri,kesin,data/normalized/elections/yerel/1968yerel.json,
TR-D-62-006,Tunceli,Pertek,,,62,Tunceli,Pertek,TR-D-62-006,kendi_satiri,kesin,data/normalized/elections/yerel/1968yerel.json,
TR-D-62-007,Tunceli,Pülümür,,,62,Tunceli,Pülümür,TR-D-62-007,kendi_satiri,kesin,data/normalized/elections/yerel/1968yerel.json,
TR-D-62-008,Tunceli,Merkez,,,62,Tunceli,Merkez,TR-D-62-008,kendi_satiri,kesin,data/normalized/elections/yerel/1968yerel.json,
TR-D-63-001,Şanlıurfa,Akçakale,,,63,Şanlıurfa,Akçakale,HISTK-63-001-43761a,tarihsel_birlesim,kesin,"geo/historical/district_splits.json (TR-D-63-001, repoda doğrulanmış birleşim)",Seçim satırı Akçakale poligonu: TR-D-63-001
TR-D-63-002,Şanlıurfa,Birecik,,,63,Şanlıurfa,Birecik,TR-D-63-002,kendi_satiri,kesin,data/normalized/elections/yerel/1968yerel.json,
TR-D-63-003,Şanlıurfa,Bozova,1926-06-26,877,63,Şanlıurfa,Bozova,TR-D-63-003,kendi_satiri,kesin,data/normalized/elections/yerel/1968yerel.json,
TR-D-63-004,Şanlıurfa,Ceylanpınar,1982-01-21,2585,63,Şanlıurfa,Viranşehir,HISTK-63-013-6644ef,tarihsel_birlesim,kesin,2585 sayılı Kanun ek (1) sayılı liste (RG 1982-01-21),Kuruluşta bütün birimleri Viranşehir ilçesinden
TR-D-63-005,Şanlıurfa,Eyyubiye,2012-12-06,6360,63,Şanlıurfa,Merkez,HIST-Şanlıurfa-Merkez,tarihsel_birlesim,kesin,"geo/historical/district_splits.json (HIST-Şanlıurfa-Merkez, repoda doğrulanmış birleşim)",Seçim satırı Merkez poligonu: HIST-Şanlıurfa-Merkez
TR-D-63-006,Şanlıurfa,Halfeti,1954-06-01,6324,63,Şanlıurfa,Halfeti,TR-D-63-006,kendi_satiri,kesin,data/normalized/elections/yerel/1968yerel.json,
TR-D-63-007,Şanlıurfa,Haliliye,2012-12-06,6360,63,Şanlıurfa,Merkez,HIST-Şanlıurfa-Merkez,tarihsel_birlesim,kesin,"geo/historical/district_splits.json (HIST-Şanlıurfa-Merkez, repoda doğrulanmış birleşim)",Seçim satırı Merkez poligonu: HIST-Şanlıurfa-Merkez
TR-D-63-008,Şanlıurfa,Harran,1987-07-04,3392,63,Şanlıurfa,Akçakale,HISTK-63-001-43761a,tarihsel_birlesim,kesin,3392 sayılı Kanun ek (98) sayılı liste (RG 1987-07-04),Kuruluşta bütün birimleri Akçakale ilçesinden
TR-D-63-009,Şanlıurfa,Hilvan,1926-06-26,877,63,Şanlıurfa,Hilvan,TR-D-63-009,kendi_satiri,kesin,data/normalized/elections/yerel/1968yerel.json,
TR-D-63-010,Şanlıurfa,Karaköprü,2012-12-06,6360,63,Şanlıurfa,Merkez,HIST-Şanlıurfa-Merkez,tarihsel_birlesim,kesin,"geo/historical/district_splits.json (HIST-Şanlıurfa-Merkez, repoda doğrulanmış birleşim)",Seçim satırı Merkez poligonu: HIST-Şanlıurfa-Merkez
TR-D-63-011,Şanlıurfa,Siverek,1926-06-26,877,63,Şanlıurfa,Siverek,TR-D-63-011,kendi_satiri,kesin,data/normalized/elections/yerel/1968yerel.json,
TR-D-63-012,Şanlıurfa,Suruç,,,63,Şanlıurfa,Suruç,TR-D-63-012,kendi_satiri,kesin,data/normalized/elections/yerel/1968yerel.json,
TR-D-63-013,Şanlıurfa,Viranşehir,,,63,Şanlıurfa,Viranşehir,HISTK-63-013-6644ef,tarihsel_birlesim,kesin,"geo/historical/district_splits.json (TR-D-63-013, repoda doğrulanmış birleşim)",Seçim satırı Viranşehir poligonu: TR-D-63-013
TR-D-64-001,Uşak,Banaz,1953-07-15,6129,64,Uşak,Banaz,TR-D-64-001,kendi_satiri,kesin,data/normalized/elections/yerel/1968yerel.json,
TR-D-64-002,Uşak,Eşme,,,64,Uşak,Eşme,TR-D-64-002,kendi_satiri,kesin,data/normalized/elections/yerel/1968yerel.json,
TR-D-64-003,Uşak,Karahallı,1953-07-15,6129,64,Uşak,Karahallı,TR-D-64-003,kendi_satiri,kesin,data/normalized/elections/yerel/1968yerel.json,
TR-D-64-004,Uşak,Sivaslı,1953-07-15,6129,64,Uşak,Sivaslı,TR-D-64-004,kendi_satiri,kesin,data/normalized/elections/yerel/1968yerel.json,
TR-D-64-005,Uşak,Ulubey,1953-07-15,6129,64,Uşak,Ulubey,TR-D-64-005,kendi_satiri,kesin,data/normalized/elections/yerel/1968yerel.json,
TR-D-64-006,Uşak,Merkez,,,64,Uşak,Merkez,TR-D-64-006,kendi_satiri,kesin,data/normalized/elections/yerel/1968yerel.json,
TR-D-65-001,Van,Bahçesaray,1987-07-04,3392,65,Van,Gevaş,HISTK-65-007-b22491,tarihsel_birlesim,kesin,3392 sayılı Kanun ek (100) sayılı liste (RG 1987-07-04),Kuruluşta bütün birimleri Gevaş ilçesinden
TR-D-65-002,Van,Başkale,,,65,Van,Başkale,TR-D-65-002,kendi_satiri,kesin,data/normalized/elections/yerel/1968yerel.json,
TR-D-65-003,Van,Çaldıran,1987-07-04,3392,65,Van,Muradiye,TR-D-65-010,cogunluk,yaklasik,3392 sayılı Kanun ek (99) sayılı liste,"Ek liste birimleri: Muradiye 62, kaynağı yazılmamış 1; seçimdeki ilçelere göre %98 Muradiye, %2 bilinmiyor"
TR-D-65-004,Van,Çatak,,,65,Van,Çatak,TR-D-65-004,kendi_satiri,kesin,data/normalized/elections/yerel/1968yerel.json,
TR-D-65-005,Van,Edremit,1990-05-20,3644,65,Van,Merkez,HISTK-HIST-Van-Merkez-53dbe6,tarihsel_birlesim,kesin,apply_idari_merges.py: 3644 sayılı Kanun,
TR-D-65-006,Van,Erciş,,,65,Van,Erciş,TR-D-65-006,kendi_satiri,kesin,data/normalized/elections/yerel/1968yerel.json,
TR-D-65-007,Van,Gevaş,,,65,Van,Gevaş,HISTK-65-007-b22491,tarihsel_birlesim,kesin,"geo/historical/district_splits.json (TR-D-65-007, repoda doğrulanmış birleşim)",Seçim satırı Gevaş poligonu: TR-D-65-007
TR-D-65-008,Van,Gürpınar,1936-01-04,2885,65,Van,Gürpınar,TR-D-65-008,kendi_satiri,kesin,data/normalized/elections/yerel/1968yerel.json,
TR-D-65-009,Van,İpekyolu,2012-12-06,6360,65,Van,Merkez,HISTK-HIST-Van-Merkez-53dbe6,tarihsel_birlesim,kesin,"geo/historical/district_splits.json (HIST-Van-Merkez, repoda doğrulanmış birleşim)",Seçim satırı Merkez poligonu: HIST-Van-Merkez
TR-D-65-010,Van,Muradiye,,,65,Van,Muradiye,TR-D-65-010,kendi_satiri,kesin,data/normalized/elections/yerel/1968yerel.json,
TR-D-65-011,Van,Özalp,,,65,Van,Özalp,HISTK-65-011-23e8e5,tarihsel_birlesim,kesin,"geo/historical/district_splits.json (TR-D-65-011, repoda doğrulanmış birleşim)",Seçim satırı Özalp poligonu: TR-D-65-011
TR-D-65-012,Van,Saray,1990-05-20,3644,65,Van,Özalp,HISTK-65-011-23e8e5,tarihsel_birlesim,kesin,3644 sayılı Kanun ek (122) sayılı liste (RG 1990-05-20),Kuruluşta bütün birimleri Özalp ilçesinden
TR-D-65-013,Van,Tuşba,2012-12-06,6360,65,Van,Merkez,HISTK-HIST-Van-Merkez-53dbe6,tarihsel_birlesim,kesin,"geo/historical/district_splits.json (HIST-Van-Merkez, repoda doğrulanmış birleşim)",Seçim satırı Merkez poligonu: HIST-Van-Merkez
TR-D-66-001,Yozgat,Akdağmadeni,,,66,Yozgat,Akdağmadeni,HISTK-66-001-da2964,tarihsel_birlesim,kesin,"geo/historical/district_splits.json (TR-D-66-001, repoda doğrulanmış birleşim)",Seçim satırı Akdağmadeni poligonu: TR-D-66-001
TR-D-66-002,Yozgat,Aydıncık,1990-05-20,3644,66,Yozgat,Çekerek,HISTK-66-006-4acdfa,tarihsel_birlesim,kesin,3644 sayılı Kanun ek (123) sayılı liste (RG 1990-05-20),Kuruluşta bütün birimleri Çekerek ilçesinden
TR-D-66-003,Yozgat,Boğazlıyan,,,66,Yozgat,Boğazlıyan,HISTK-66-003-e32b89,tarihsel_birlesim,kesin,"geo/historical/district_splits.json (TR-D-66-003, repoda doğrulanmış birleşim)",Seçim satırı Boğazlıyan poligonu: TR-D-66-003
TR-D-66-004,Yozgat,Çandır,1990-05-20,3644,66,Yozgat,Çayıralan,HISTK-66-005-501537,tarihsel_birlesim,kesin,3644 sayılı Kanun ek (124) sayılı liste (RG 1990-05-20),Kuruluşta bütün birimleri Çayıralan ilçesinden
TR-D-66-005,Yozgat,Çayıralan,1948-01-01,5071,66,Yozgat,Çayıralan,HISTK-66-005-501537,tarihsel_birlesim,kesin,"geo/historical/district_splits.json (TR-D-66-005, repoda doğrulanmış birleşim)",Seçim satırı Çayıralan poligonu: TR-D-66-005
TR-D-66-006,Yozgat,Çekerek,1944-09-01,4642,66,Yozgat,Çekerek,HISTK-66-006-4acdfa,tarihsel_birlesim,kesin,"geo/historical/district_splits.json (TR-D-66-006, repoda doğrulanmış birleşim)",Seçim satırı Çekerek poligonu: TR-D-66-006
TR-D-66-007,Yozgat,Kadışehri,1990-05-20,3644,66,Yozgat,Çekerek,HISTK-66-006-4acdfa,tarihsel_birlesim,kesin,3644 sayılı Kanun ek (125) sayılı liste (RG 1990-05-20),Kuruluşta bütün birimleri Çekerek ilçesinden
TR-D-66-008,Yozgat,Saraykent,1990-05-20,3644,66,Yozgat,Akdağmadeni,HISTK-66-001-da2964,tarihsel_birlesim,kesin,3644 sayılı Kanun ek (126) sayılı liste (RG 1990-05-20),Kuruluşta bütün birimleri Akdağmadeni ilçesinden
TR-D-66-009,Yozgat,Sarıkaya,1957-09-01,7033,66,Yozgat,Sarıkaya,TR-D-66-009,kendi_satiri,kesin,data/normalized/elections/yerel/1968yerel.json,
TR-D-66-010,Yozgat,Sorgun,1926-06-26,877,66,Yozgat,Sorgun,TR-D-66-010,kendi_satiri,kesin,data/normalized/elections/yerel/1968yerel.json,
TR-D-66-011,Yozgat,Şefaatli,1954-06-01,6324,66,Yozgat,Şefaatli,TR-D-66-011,kendi_satiri,kesin,data/normalized/elections/yerel/1968yerel.json,
TR-D-66-012,Yozgat,Yenifakılı,1990-05-20,3644,66,Yozgat,Boğazlıyan,HISTK-66-003-e32b89,tarihsel_birlesim,kesin,3644 sayılı Kanun ek (127) sayılı liste (RG 1990-05-20),Kuruluşta bütün birimleri Boğazlıyan ilçesinden
TR-D-66-013,Yozgat,Yerköy,1945-08-01,4769,66,Yozgat,Yerköy,TR-D-66-013,kendi_satiri,kesin,data/normalized/elections/yerel/1968yerel.json,
TR-D-66-014,Yozgat,Merkez,,,66,Yozgat,Merkez,TR-D-66-014,kendi_satiri,kesin,data/normalized/elections/yerel/1968yerel.json,
TR-D-67-001,Zonguldak,Alaplı,1987-07-04,3392,67,Zonguldak,Ereğli,HISTK-67-004-4a01a4,tarihsel_birlesim,kesin,3392 sayılı Kanun ek (101) sayılı liste (RG 1987-07-04),Kuruluşta bütün birimleri Ereğli ilçesinden
TR-D-67-002,Zonguldak,Çaycuma,1944-09-01,4642,67,Zonguldak,Çaycuma,TR-D-67-002,kendi_satiri,kesin,data/normalized/elections/yerel/1968yerel.json,
TR-D-67-003,Zonguldak,Devrek,,,67,Zonguldak,Devrek,HISTK-67-003-909a2b,tarihsel_birlesim,kesin,"geo/historical/district_splits.json (TR-D-67-003, repoda doğrulanmış birleşim)",Seçim satırı Devrek poligonu: TR-D-67-003
TR-D-67-004,Zonguldak,Ereğli,,,67,Zonguldak,Ereğli,HISTK-67-004-4a01a4,tarihsel_birlesim,kesin,"geo/historical/district_splits.json (TR-D-67-004, repoda doğrulanmış birleşim)",Seçim satırı Ereğli poligonu: TR-D-67-004
TR-D-67-005,Zonguldak,Gökçebey,1990-05-20,3644,67,Zonguldak,Devrek,HISTK-67-003-909a2b,tarihsel_birlesim,kesin,3644 sayılı Kanun ek (128) sayılı liste (RG 1990-05-20),Kuruluşta bütün birimleri Devrek ilçesinden
TR-D-67-006,Zonguldak,Kilimli,2012-12-06,6360,67,Zonguldak,Merkez,HISTK-67-008-841a75,tarihsel_birlesim,kesin,6360 sayılı Kanun ek (None) sayılı liste (RG 2012-12-06),Kuruluşta bütün birimleri Merkez ilçesinden
TR-D-67-007,Zonguldak,Kozlu,2012-12-06,6360,67,Zonguldak,Merkez,HISTK-67-008-841a75,tarihsel_birlesim,kesin,6360 sayılı Kanun ek (None) sayılı liste (RG 2012-12-06),Kuruluşta bütün birimleri Merkez ilçesinden
TR-D-67-008,Zonguldak,Merkez,,,67,Zonguldak,Merkez,HISTK-67-008-841a75,tarihsel_birlesim,kesin,"geo/historical/district_splits.json (TR-D-67-008, repoda doğrulanmış birleşim)",Seçim satırı Merkez poligonu: TR-D-67-008
TR-D-68-001,Aksaray,Ağaçören,1989-06-21,3578,6,Ankara,Şereflikoçhisar,HISTK-06-024-63752e,tarihsel_birlesim,kesin,3578 sayılı Kanun ek (1) sayılı liste (RG 1989-06-21),Kuruluşta bütün birimleri Şereflikoçhisar ilçesinden
TR-D-68-002,Aksaray,Merkez,,,51,Niğde,Aksaray,HISTK-68-002-25fa6a,tarihsel_birlesim,kesin,"geo/historical/district_splits.json (TR-D-68-002, repoda doğrulanmış birleşim)",Seçim satırı Aksaray poligonu: TR-D-68-002
TR-D-68-003,Aksaray,Eskil,1990-05-20,3644,51,Niğde,Aksaray,HISTK-68-002-25fa6a,tarihsel_birlesim,kesin,3644 sayılı Kanun ek (7) sayılı liste (RG 1990-05-20),Kuruluşta bütün birimleri Merkez ilçesinden
TR-D-68-004,Aksaray,Gülağaç,1990-05-20,3644,51,Niğde,Aksaray,HISTK-68-002-25fa6a,tarihsel_birlesim,kesin,apply_idari_merges.py: 3578; 3644 sayılı Kanun,
TR-D-68-005,Aksaray,Güzelyurt,1989-06-21,3578,51,Niğde,Aksaray,HISTK-68-002-25fa6a,tarihsel_birlesim,kesin,3578 sayılı Kanun ek (4) sayılı liste (RG 1989-06-21),Kuruluşta bütün birimleri Aksaray ilçesinden
TR-D-68-006,Aksaray,Ortaköy,1957-09-01,7033,51,Niğde,Ortaköy,TR-D-68-006,kendi_satiri,kesin,data/normalized/elections/yerel/1968yerel.json,
TR-D-68-007,Aksaray,Sarıyahşi,1989-06-21,3578,6,Ankara,Şereflikoçhisar,HISTK-06-024-63752e,tarihsel_birlesim,kesin,3578 sayılı Kanun ek (5) sayılı liste (RG 1989-06-21),Kuruluşta bütün birimleri Şereflikoçhisar ilçesinden
TR-D-68-008,Aksaray,Sultanhanı,2017-08-25,KHK 694,51,Niğde,Aksaray,HISTK-68-002-25fa6a,komsuluk,kaba,geo/historical/idari/district_lineage.json,"kuruluş kanununun ek listesi repoda yok. data/normalized/ek/beldeler/1963yerel.json: Sultanhanı beldesi Aksaray ilçesinde (Niğde); ilçeye bağlanan köylerin eski ilçesi KHK 694 ekinde, repoda yok. Komşuluk: sınırının %89 kadarı Aksaray ile"
TR-D-69-001,Bayburt,Aydıntepe,1987-07-04,3392,29,Gümüşhane,Bayburt,HISTK-69-002-3d684d,tarihsel_birlesim,kesin,3392 sayılı Kanun ek (41) sayılı liste (RG 1987-07-04),Kuruluşta bütün birimleri Bayburt ilçesinden
TR-D-69-002,Bayburt,Merkez,,,29,Gümüşhane,Bayburt,HISTK-69-002-3d684d,tarihsel_birlesim,kesin,"geo/historical/district_splits.json (TR-D-69-002, repoda doğrulanmış birleşim)",Seçim satırı Bayburt poligonu: TR-D-69-002
TR-D-69-003,Bayburt,Demirözü,1987-07-04,3392,29,Gümüşhane,Bayburt,HISTK-69-002-3d684d,tarihsel_birlesim,kesin,apply_idari_merges.py: 3392 sayılı Kanun,
TR-D-70-001,Karaman,Ayrancı,1987-07-04,3392,42,Konya,Ereğli,HISTK-42-014-1c7662,tarihsel_birlesim,kesin,3392 sayılı Kanun ek (68) sayılı liste (RG 1987-07-04),Kuruluşta bütün birimleri Ereğli ilçesinden
TR-D-70-002,Karaman,Başyayla,1990-05-20,3644,42,Konya,Ermenek,HISTK-70-003-3f3a80,tarihsel_birlesim,kesin,3644 sayılı Kanun ek (59) sayılı liste (RG 1990-05-20),Kuruluşta bütün birimleri Ermenek ilçesinden
TR-D-70-003,Karaman,Ermenek,,,42,Konya,Ermenek,HISTK-70-003-3f3a80,tarihsel_birlesim,kesin,"geo/historical/district_splits.json (TR-D-70-003, repoda doğrulanmış birleşim)",Seçim satırı Ermenek poligonu: TR-D-70-003
TR-D-70-004,Karaman,Merkez,,,42,Konya,Karaman,HISTK-70-004-bd0b8a,tarihsel_birlesim,kesin,"geo/historical/district_splits.json (TR-D-70-004, repoda doğrulanmış birleşim)",Seçim satırı Karaman poligonu: TR-D-70-004
TR-D-70-005,Karaman,Kazımkarabekir,1989-06-21,3578,42,Konya,Karaman,HISTK-70-004-bd0b8a,tarihsel_birlesim,kesin,3578 sayılı Kanun ek (3) sayılı liste (RG 1989-06-21),Kuruluşta bütün birimleri Karaman ilçesinden
TR-D-70-006,Karaman,Sarıveliler,1990-05-20,3644,42,Konya,Ermenek,HISTK-70-003-3f3a80,tarihsel_birlesim,kesin,3644 sayılı Kanun ek (60) sayılı liste (RG 1990-05-20),Kuruluşta bütün birimleri Ermenek ilçesinden
TR-D-71-001,Kırıkkale,Bahşili,1990-05-20,3644,6,Ankara,Kırıkkale,HISTK-71-007-a85650,tarihsel_birlesim,kesin,3644 sayılı Kanun ek (66) sayılı liste (RG 1990-05-20),Kuruluşta bütün birimleri Merkez ilçesinden
TR-D-71-002,Kırıkkale,Balışeyh,1990-05-20,3644,6,Ankara,Kırıkkale,HISTK-71-007-a85650,tarihsel_birlesim,kesin,3644 sayılı Kanun ek (67) sayılı liste (RG 1990-05-20),Kuruluşta bütün birimleri Merkez ilçesinden
TR-D-71-003,Kırıkkale,Çelebi,1990-05-20,3644,6,Ankara,Keskin,HISTK-71-006-d3a891,tarihsel_birlesim,kesin,3644 sayılı Kanun ek (68) sayılı liste (RG 1990-05-20),Kuruluşta bütün birimleri Keskin ilçesinden
TR-D-71-004,Kırıkkale,Delice,1960-04-01,7033,6,Ankara,Delice,TR-D-71-004,kendi_satiri,kesin,data/normalized/elections/yerel/1968yerel.json,
TR-D-71-005,Kırıkkale,Karakeçili,1990-05-20,3644,6,Ankara,Balâ,HISTK-06-004-4bf544,tarihsel_birlesim,kesin,3644 sayılı Kanun ek (69) sayılı liste (RG 1990-05-20),Kuruluşta bütün birimleri Bala ilçesinden
TR-D-71-006,Kırıkkale,Keskin,,,6,Ankara,Keskin,HISTK-71-006-d3a891,tarihsel_birlesim,kesin,"geo/historical/district_splits.json (TR-D-71-006, repoda doğrulanmış birleşim)",Seçim satırı Keskin poligonu: TR-D-71-006
TR-D-71-007,Kırıkkale,Merkez,,,6,Ankara,Kırıkkale,HISTK-71-007-a85650,tarihsel_birlesim,kesin,"geo/historical/district_splits.json (TR-D-71-007, repoda doğrulanmış birleşim)",Seçim satırı Kırıkkale poligonu: TR-D-71-007
TR-D-71-008,Kırıkkale,Sulakyurt,1960-04-01,7033,6,Ankara,Sulakyurt,TR-D-71-008,kendi_satiri,kesin,data/normalized/elections/yerel/1968yerel.json,
TR-D-71-009,Kırıkkale,Yahşihan,1990-05-20,3644,6,Ankara,Kırıkkale,HISTK-71-007-a85650,tarihsel_birlesim,kesin,3644 sayılı Kanun ek (70) sayılı liste (RG 1990-05-20),Kuruluşta bütün birimleri Merkez ilçesinden
TR-D-72-001,Batman,Merkez,,,56,Siirt,Batman,TR-D-72-001,kendi_satiri,kesin,data/normalized/elections/yerel/1968yerel.json,
TR-D-72-002,Batman,Beşiri,,,56,Siirt,Beşiri,TR-D-72-002,kendi_satiri,kesin,data/normalized/elections/yerel/1968yerel.json,
TR-D-72-003,Batman,Gercüş,1926-06-26,877,47,Mardin,Gercüş,HISTK-72-003-0815b4,tarihsel_birlesim,kesin,"geo/historical/district_splits.json (TR-D-72-003, repoda doğrulanmış birleşim)",Seçim satırı Gercüş poligonu: TR-D-72-003
TR-D-72-004,Batman,Hasankeyf,1990-05-18,3647,47,Mardin,Gercüş,HISTK-72-003-0815b4,tarihsel_birlesim,kesin,3647 sayılı Kanun ek (3) sayılı liste (RG 1990-05-18),Kuruluşta bütün birimleri Gercüş ilçesinden
TR-D-72-005,Batman,Kozluk,1938-06-01,3393,56,Siirt,Kozluk,TR-D-72-005,kendi_satiri,kesin,data/normalized/elections/yerel/1968yerel.json,
TR-D-72-006,Batman,Sason,,,56,Siirt,Sason,TR-D-72-006,kendi_satiri,kesin,data/normalized/elections/yerel/1968yerel.json,
TR-D-73-001,Şırnak,Beytüşşebap,,,30,Hakkari,Beytüşşebap,TR-D-73-001,kendi_satiri,kesin,data/normalized/elections/yerel/1968yerel.json,
TR-D-73-002,Şırnak,Cizre,,,47,Mardin,Cizre,TR-D-73-002,kendi_satiri,kesin,data/normalized/elections/yerel/1968yerel.json,
TR-D-73-003,Şırnak,Güçlükonak,1990-05-20,3644,56,Siirt,Eruh,HISTK-56-002-32570a,tarihsel_birlesim,kesin,3644 sayılı Kanun ek (106) sayılı liste (RG 1990-05-20),Kuruluşta bütün birimleri Eruh ilçesinden
TR-D-73-004,Şırnak,İdil,1937-06-23,3223,47,Mardin,İdil,TR-D-73-004,kendi_satiri,kesin,data/normalized/elections/yerel/1968yerel.json,
TR-D-73-005,Şırnak,Silopi,1960-04-01,7033,47,Mardin,Silopi,TR-D-73-005,kendi_satiri,kesin,data/normalized/elections/yerel/1968yerel.json,
TR-D-73-006,Şırnak,Merkez,,,56,Siirt,Şırnak,TR-D-73-006,kendi_satiri,kesin,data/normalized/elections/yerel/1968yerel.json,
TR-D-73-007,Şırnak,Uludere,1957-09-01,7033,30,Hakkari,Uludere,TR-D-73-007,kendi_satiri,kesin,data/normalized/elections/yerel/1968yerel.json,
TR-D-74-001,Bartın,Amasra,1987-07-04,3392,67,Zonguldak,Bartın,HISTK-74-002-59305c,tarihsel_birlesim,kesin,3392 sayılı Kanun ek (102) sayılı liste (RG 1987-07-04),Kuruluşta bütün birimleri Bartın ilçesinden
TR-D-74-002,Bartın,Merkez,,,67,Zonguldak,Bartın,HISTK-74-002-59305c,tarihsel_birlesim,kesin,"geo/historical/district_splits.json (TR-D-74-002, repoda doğrulanmış birleşim)",Seçim satırı Bartın poligonu: TR-D-74-002
TR-D-74-003,Bartın,Kurucaşile,1957-09-01,7033,67,Zonguldak,Kurucaşile,TR-D-74-003,kendi_satiri,kesin,data/normalized/elections/yerel/1968yerel.json,
TR-D-74-004,Bartın,Ulus,1944-09-01,4642,67,Zonguldak,Ulus,TR-D-74-004,kendi_satiri,kesin,data/normalized/elections/yerel/1968yerel.json,
TR-D-75-001,Ardahan,Merkez,,,36,Kars,Ardahan,TR-D-75-001,kendi_satiri,kesin,data/normalized/elections/yerel/1968yerel.json,
TR-D-75-002,Ardahan,Çıldır,,,36,Kars,Çıldır,TR-D-75-002,kendi_satiri,kesin,data/normalized/elections/yerel/1968yerel.json,
TR-D-75-003,Ardahan,Damal,1992-06-03,3806,36,Kars,Hanak,HISTK-75-005-62ae0e,tarihsel_birlesim,kesin,3806 sayılı Kanun ek (11) sayılı liste (RG 1992-06-03),Kuruluşta bütün birimleri Hanak ilçesinden
TR-D-75-004,Ardahan,Göle,,,36,Kars,Göle,TR-D-75-004,kendi_satiri,kesin,data/normalized/elections/yerel/1968yerel.json,
TR-D-75-005,Ardahan,Hanak,1958-04-01,7033,36,Kars,Hanak,HISTK-75-005-62ae0e,tarihsel_birlesim,kesin,"geo/historical/district_splits.json (TR-D-75-005, repoda doğrulanmış birleşim)",Seçim satırı Hanak poligonu: TR-D-75-005
TR-D-75-006,Ardahan,Posof,,,36,Kars,Posof,TR-D-75-006,kendi_satiri,kesin,data/normalized/elections/yerel/1968yerel.json,
TR-D-76-001,Iğdır,Aralık,1960-04-01,7033,36,Kars,Aralık,TR-D-76-001,kendi_satiri,kesin,data/normalized/elections/yerel/1968yerel.json,
TR-D-76-002,Iğdır,Merkez,,,36,Kars,Iğdır,HISTK-76-002-eb5742,tarihsel_birlesim,kesin,"geo/historical/district_splits.json (TR-D-76-002, repoda doğrulanmış birleşim)",Seçim satırı Iğdır poligonu: TR-D-76-002
TR-D-76-003,Iğdır,Karakoyunlu,1992-06-03,3806,36,Kars,Iğdır,HISTK-76-002-eb5742,tarihsel_birlesim,kesin,3806 sayılı Kanun ek (12) sayılı liste (RG 1992-06-03),Kuruluşta bütün birimleri Iğdır ilçesinden
TR-D-76-004,Iğdır,Tuzluca,,,36,Kars,Tuzluca,TR-D-76-004,kendi_satiri,kesin,data/normalized/elections/yerel/1968yerel.json,
TR-D-77-001,Yalova,Altınova,1995-06-06,KHK 550,41,Kocaeli,Karamürsel,HISTK-41-010-1bb5a9,tarihsel_birlesim,kesin,KHK 550 sayılı Kanun ek (6) sayılı liste (RG 1995-06-06),Kuruluşta bütün birimleri Karamürsel ilçesinden
TR-D-77-002,Yalova,Armutlu,1995-06-06,KHK 550,16,Bursa,Gemlik,HISTK-16-002-af7b19,tarihsel_birlesim,kesin,KHK 550 sayılı Kanun ek (7) sayılı liste (RG 1995-06-06),Kuruluşta bütün birimleri Gemlik ilçesinden
TR-D-77-003,Yalova,Çiftlikköy,1995-06-06,KHK 550,34,İstanbul,Yalova,HISTK-77-006-c2d311,tarihsel_birlesim,kesin,KHK 550 sayılı Kanun ek (5) sayılı liste (RG 1995-06-06),Kuruluşta bütün birimleri Yalova ilçesinden
TR-D-77-004,Yalova,Çınarcık,1995-06-06,KHK 550,34,İstanbul,Yalova,HISTK-77-006-c2d311,tarihsel_birlesim,kesin,KHK 550 sayılı Kanun ek (4) sayılı liste (RG 1995-06-06),Kuruluşta bütün birimleri Yalova ilçesinden
TR-D-77-005,Yalova,Termal,1995-06-06,KHK 550,34,İstanbul,Yalova,HISTK-77-006-c2d311,tarihsel_birlesim,kesin,KHK 550 sayılı Kanun ek (8) sayılı liste (RG 1995-06-06),Kuruluşta bütün birimleri Yalova ilçesinden
TR-D-77-006,Yalova,Merkez,,,34,İstanbul,Yalova,HISTK-77-006-c2d311,tarihsel_birlesim,kesin,"geo/historical/district_splits.json (TR-D-77-006, repoda doğrulanmış birleşim)",Seçim satırı Yalova poligonu: TR-D-77-006
TR-D-78-001,Karabük,Eflani,1953-03-01,6068,67,Zonguldak,Eflani,TR-D-78-001,kendi_satiri,kesin,data/normalized/elections/yerel/1968yerel.json,
TR-D-78-002,Karabük,Eskipazar,1946-04-01,4869,18,Çankırı,Eskipazar,TR-D-78-002,kendi_satiri,kesin,data/normalized/elections/yerel/1968yerel.json,
TR-D-78-003,Karabük,Merkez,,,67,Zonguldak,Karabük,HISTK-78-003-29e37f,tarihsel_birlesim,kesin,"geo/historical/district_splits.json (TR-D-78-003, repoda doğrulanmış birleşim)",Seçim satırı Karabük poligonu: TR-D-78-003
TR-D-78-004,Karabük,Ovacık,1959-04-01,7033,18,Çankırı,Ovacık,TR-D-78-004,kendi_satiri,kesin,data/normalized/elections/yerel/1968yerel.json,
TR-D-78-005,Karabük,Safranbolu,,,67,Zonguldak,Safranbolu,TR-D-78-005,kendi_satiri,kesin,data/normalized/elections/yerel/1968yerel.json,
TR-D-78-006,Karabük,Yenice,1987-07-04,3392,67,Zonguldak,Karabük,HISTK-78-003-29e37f,tarihsel_birlesim,kesin,3392 sayılı Kanun ek (103) sayılı liste (RG 1987-07-04),Kuruluşta bütün birimleri Karabük ilçesinden
TR-D-79-001,Kilis,Elbeyli,1995-06-06,KHK 550,27,Gaziantep,Oğuzeli,HISTK-27-006-e042fd,tarihsel_birlesim,kesin,KHK 550 sayılı Kanun ek (3) sayılı liste (RG 1995-06-06),Kuruluşta bütün birimleri Oğuzeli ilçesinden
TR-D-79-002,Kilis,Merkez,,,27,Gaziantep,Kilis,HISTK-79-002-05ffa1,tarihsel_birlesim,kesin,"geo/historical/district_splits.json (TR-D-79-002, repoda doğrulanmış birleşim)",Seçim satırı Kilis poligonu: TR-D-79-002
TR-D-79-003,Kilis,Musabeyli,1995-06-06,KHK 550,27,Gaziantep,Kilis,HISTK-79-002-05ffa1,tarihsel_birlesim,kesin,KHK 550 sayılı Kanun ek (1) sayılı liste (RG 1995-06-06),Kuruluşta bütün birimleri Kilis ilçesinden
TR-D-79-004,Kilis,Polateli,1995-06-06,KHK 550,27,Gaziantep,Kilis,HISTK-79-002-05ffa1,tarihsel_birlesim,kesin,KHK 550 sayılı Kanun ek (2) sayılı liste (RG 1995-06-06),Kuruluşta bütün birimleri Kilis ilçesinden
TR-D-80-001,Osmaniye,Bahçe,,,1,Adana,Bahçe,HISTK-80-001-c2e725,tarihsel_birlesim,kesin,"geo/historical/district_splits.json (TR-D-80-001, repoda doğrulanmış birleşim)",Seçim satırı Bahçe poligonu: TR-D-80-001
TR-D-80-002,Osmaniye,Düziçi,1983-11-30,2963,1,Adana,Bahçe,HISTK-80-001-c2e725,tarihsel_birlesim,kesin,2963 sayılı Kanun ek (5) sayılı liste (RG 1983-11-30),Kuruluşta bütün birimleri Bahçe ilçesinden
TR-D-80-003,Osmaniye,Hasanbeyli,1996-10-28,4200,1,Adana,Osmaniye,HISTK-80-005-a40fe4,tarihsel_birlesim,kesin,apply_idari_merges.py: 4200 sayılı Kanun,
TR-D-80-004,Osmaniye,Kadirli,,,1,Adana,Kadirli,HISTK-80-004-de32e4,tarihsel_birlesim,kesin,"geo/historical/district_splits.json (TR-D-80-004, repoda doğrulanmış birleşim)",Seçim satırı Kadirli poligonu: TR-D-80-004
TR-D-80-005,Osmaniye,Merkez,,,1,Adana,Osmaniye,HISTK-80-005-a40fe4,tarihsel_birlesim,kesin,"geo/historical/district_splits.json (TR-D-80-005, repoda doğrulanmış birleşim)",Seçim satırı Osmaniye poligonu: TR-D-80-005
TR-D-80-006,Osmaniye,Sumbas,1996-10-28,4200,1,Adana,Kadirli,HISTK-80-004-de32e4,tarihsel_birlesim,kesin,4200 sayılı Kanun ek (3) sayılı liste (RG 1996-10-28),Kuruluşta bütün birimleri Kadirli ilçesinden
TR-D-80-007,Osmaniye,Toprakkale,1996-10-28,4200,1,Adana,Osmaniye,HISTK-80-005-a40fe4,tarihsel_birlesim,kesin,4200 sayılı Kanun ek (1) sayılı liste (RG 1996-10-28),Kuruluşta bütün birimleri Osmaniye ilçesinden
TR-D-81-001,Düzce,Akçakoca,1934-07-03,2529,14,Bolu,Akçakoca,TR-D-81-001,kendi_satiri,kesin,data/normalized/elections/yerel/1968yerel.json,
TR-D-81-002,Düzce,Cumayeri,1987-07-04,3392,14,Bolu,Düzce,HISTK-81-004-369225,tarihsel_birlesim,kesin,3392 sayılı Kanun ek (16) sayılı liste (RG 1987-07-04),Kuruluşta bütün birimleri Düzce ilçesinden
TR-D-81-003,Düzce,Çilimli,1990-05-20,3644,14,Bolu,Düzce,HISTK-81-004-369225,tarihsel_birlesim,kesin,3644 sayılı Kanun ek (21) sayılı liste (RG 1990-05-20),Kuruluşta bütün birimleri Düzce ilçesinden
TR-D-81-004,Düzce,Merkez,,,14,Bolu,Düzce,HISTK-81-004-369225,tarihsel_birlesim,kesin,"geo/historical/district_splits.json (TR-D-81-004, repoda doğrulanmış birleşim)",Seçim satırı Düzce poligonu: TR-D-81-004
TR-D-81-005,Düzce,Gölyaka,1987-07-04,3392,14,Bolu,Düzce,HISTK-81-004-369225,tarihsel_birlesim,kesin,3392 sayılı Kanun ek (17) sayılı liste (RG 1987-07-04),Kuruluşta bütün birimleri Düzce ilçesinden
TR-D-81-006,Düzce,Gümüşova,1993-12-29,3949,14,Bolu,Düzce,HISTK-81-004-369225,tarihsel_birlesim,kesin,3949 sayılı Kanun ek (4) sayılı liste (RG 1993-12-29),Kuruluşta bütün birimleri Cumaova ilçesinden
TR-D-81-007,Düzce,Kaynaşlı,1999-12-09,KHK 584,14,Bolu,Düzce,HISTK-81-004-369225,tarihsel_birlesim,kesin,KHK 584 sayılı Kanun ek (1) sayılı liste (RG 1999-12-09),Kuruluşta bütün birimleri Düzce ilçesinden
TR-D-81-008,Düzce,Yığılca,1954-06-01,6324,14,Bolu,Yığılca,TR-D-81-008,kendi_satiri,kesin,data/normalized/elections/yerel/1968yerel.json,
