guncel_geomId,guncel_il,guncel_ilce,kurulus_tarihi,kurulus_kanunu,plaka_secim,il_secim,ilce_secim,geomId_secim,yontem,guven,kaynak,not
TR-D-01-001,Adana,Aladağ,1987-07-04,3392,1,Adana,Aladağ,TR-D-01-001,kendi_satiri,kesin,data/normalized/elections/yerel/1999yerel.json,
TR-D-01-002,Adana,Ceyhan,,,1,Adana,Ceyhan,TR-D-01-002,kendi_satiri,kesin,data/normalized/elections/yerel/1999yerel.json,
TR-D-01-003,Adana,Çukurova,2008-03-22,5747,1,Adana,Seyhan,TR-D-01-012,en_buyuk_pay,kaba,5747 sayılı Kanun ek (2) sayılı liste,"Ek liste birimleri: Seyhan 14, Karaisalı 10; seçimdeki ilçelere göre %58 Seyhan, %42 Karaisalı"
TR-D-01-004,Adana,Feke,,,1,Adana,Feke,TR-D-01-004,kendi_satiri,kesin,data/normalized/elections/yerel/1999yerel.json,
TR-D-01-005,Adana,İmamoğlu,1987-07-04,3392,1,Adana,İmamoğlu,TR-D-01-005,kendi_satiri,kesin,data/normalized/elections/yerel/1999yerel.json,
TR-D-01-006,Adana,Karaisalı,,,1,Adana,Karaisalı,TR-D-01-006,kendi_satiri,kesin,data/normalized/elections/yerel/1999yerel.json,
TR-D-01-007,Adana,Karataş,1957-09-01,7033,1,Adana,Karataş,TR-D-01-007,kendi_satiri,kesin,data/normalized/elections/yerel/1999yerel.json,
TR-D-01-008,Adana,Kozan,1926-06-26,877,1,Adana,Kozan,TR-D-01-008,kendi_satiri,kesin,data/normalized/elections/yerel/1999yerel.json,
TR-D-01-009,Adana,Pozantı,1954-06-01,6324,1,Adana,Pozantı,TR-D-01-009,kendi_satiri,kesin,data/normalized/elections/yerel/1999yerel.json,
TR-D-01-010,Adana,Saimbeyli,,,1,Adana,Saimbeyli,TR-D-01-010,kendi_satiri,kesin,data/normalized/elections/yerel/1999yerel.json,
TR-D-01-011,Adana,Sarıçam,2008-03-22,5747,1,Adana,Yüreğir,HISTK-01-015-e8292d,tarihsel_birlesim,kesin,5747 sayılı Kanun ek (1) sayılı liste (RG 2008-03-22),Kuruluşta bütün birimleri Yüreğir ilçesinden
TR-D-01-012,Adana,Seyhan,1986-06-19,3306,1,Adana,Seyhan,TR-D-01-012,kendi_satiri,kesin,data/normalized/elections/yerel/1999yerel.json,
TR-D-01-013,Adana,Tufanbeyli,1958-04-01,7033,1,Adana,Tufanbeyli,TR-D-01-013,kendi_satiri,kesin,data/normalized/elections/yerel/1999yerel.json,
TR-D-01-014,Adana,Yumurtalık,1959-04-01,7033,1,Adana,Yumurtalık,TR-D-01-014,kendi_satiri,kesin,data/normalized/elections/yerel/1999yerel.json,
TR-D-01-015,Adana,Yüreğir,1986-06-19,3306,1,Adana,Yüreğir,HISTK-01-015-e8292d,tarihsel_birlesim,kesin,"geo/historical/district_splits.json (TR-D-01-015, repoda doğrulanmış birleşim)",Seçim satırı Yüreğir poligonu: TR-D-01-015
TR-D-02-001,Adıyaman,Merkez,,,2,Adıyaman,Merkez,TR-D-02-001,kendi_satiri,kesin,data/normalized/elections/yerel/1999yerel.json,
TR-D-02-002,Adıyaman,Besni,,,2,Adıyaman,Besni,TR-D-02-002,kendi_satiri,kesin,data/normalized/elections/yerel/1999yerel.json,
TR-D-02-003,Adıyaman,Çelikhan,1954-06-01,6325,2,Adıyaman,Çelikhan,TR-D-02-003,kendi_satiri,kesin,data/normalized/elections/yerel/1999yerel.json,
TR-D-02-004,Adıyaman,Gerger,1954-06-01,6324,2,Adıyaman,Gerger,TR-D-02-004,kendi_satiri,kesin,data/normalized/elections/yerel/1999yerel.json,
TR-D-02-005,Adıyaman,Gölbaşı,1958-04-01,7033,2,Adıyaman,Gölbaşı,TR-D-02-005,kendi_satiri,kesin,data/normalized/elections/yerel/1999yerel.json,
TR-D-02-006,Adıyaman,Kahta,,,2,Adıyaman,Kahta,TR-D-02-006,kendi_satiri,kesin,data/normalized/elections/yerel/1999yerel.json,
TR-D-02-007,Adıyaman,Samsat,1960-04-01,7033,2,Adıyaman,Samsat,TR-D-02-007,kendi_satiri,kesin,data/normalized/elections/yerel/1999yerel.json,
TR-D-02-008,Adıyaman,Sincik,1990-05-20,3644,2,Adıyaman,Sincik,TR-D-02-008,kendi_satiri,kesin,data/normalized/elections/yerel/1999yerel.json,
TR-D-02-009,Adıyaman,Tut,1990-05-20,3644,2,Adıyaman,Tut,TR-D-02-009,kendi_satiri,kesin,data/normalized/elections/yerel/1999yerel.json,
TR-D-03-001,Afyonkarahisar,Merkez,,,3,Afyonkarahisar,Merkez,TR-D-03-001,kendi_satiri,kesin,data/normalized/elections/yerel/1999yerel.json,
TR-D-03-002,Afyonkarahisar,Başmakçı,1987-07-04,3392,3,Afyonkarahisar,Başmakçı,TR-D-03-002,kendi_satiri,kesin,data/normalized/elections/yerel/1999yerel.json,
TR-D-03-003,Afyonkarahisar,Bayat,1987-07-04,3392,3,Afyonkarahisar,Bayat,TR-D-03-003,kendi_satiri,kesin,data/normalized/elections/yerel/1999yerel.json,
TR-D-03-004,Afyonkarahisar,Bolvadin,,,3,Afyonkarahisar,Bolvadin,TR-D-03-004,kendi_satiri,kesin,data/normalized/elections/yerel/1999yerel.json,
TR-D-03-005,Afyonkarahisar,Çay,1958-04-01,7033,3,Afyonkarahisar,Çay,TR-D-03-005,kendi_satiri,kesin,data/normalized/elections/yerel/1999yerel.json,
TR-D-03-006,Afyonkarahisar,Çobanlar,1990-05-20,3644,3,Afyonkarahisar,Çobanlar,TR-D-03-006,kendi_satiri,kesin,data/normalized/elections/yerel/1999yerel.json,
TR-D-03-007,Afyonkarahisar,Dazkırı,1959-04-01,7033,3,Afyonkarahisar,Dazkırı,TR-D-03-007,kendi_satiri,kesin,data/normalized/elections/yerel/1999yerel.json,
TR-D-03-008,Afyonkarahisar,Dinar,,,3,Afyonkarahisar,Dinar,TR-D-03-008,kendi_satiri,kesin,data/normalized/elections/yerel/1999yerel.json,
TR-D-03-009,Afyonkarahisar,Emirdağ,,,3,Afyonkarahisar,Emirdağ,TR-D-03-009,kendi_satiri,kesin,data/normalized/elections/yerel/1999yerel.json,
TR-D-03-010,Afyonkarahisar,Evciler,1990-05-20,3644,3,Afyonkarahisar,Evciler,TR-D-03-010,kendi_satiri,kesin,data/normalized/elections/yerel/1999yerel.json,
TR-D-03-011,Afyonkarahisar,Hocalar,1990-05-20,3644,3,Afyonkarahisar,Hocalar,TR-D-03-011,kendi_satiri,kesin,data/normalized/elections/yerel/1999yerel.json,
TR-D-03-012,Afyonkarahisar,İhsaniye,1959-04-01,7033,3,Afyonkarahisar,İhsaniye,TR-D-03-012,kendi_satiri,kesin,data/normalized/elections/yerel/1999yerel.json,
TR-D-03-013,Afyonkarahisar,İscehisar,1987-07-04,3392,3,Afyonkarahisar,İscehisar,TR-D-03-013,kendi_satiri,kesin,data/normalized/elections/yerel/1999yerel.json,
TR-D-03-014,Afyonkarahisar,Kızılören,1990-05-20,3644,3,Afyonkarahisar,Kızılören,TR-D-03-014,kendi_satiri,kesin,data/normalized/elections/yerel/1999yerel.json,
TR-D-03-015,Afyonkarahisar,Sandıklı,,,3,Afyonkarahisar,Sandıklı,TR-D-03-015,kendi_satiri,kesin,data/normalized/elections/yerel/1999yerel.json,
TR-D-03-016,Afyonkarahisar,Sinanpaşa,1953-03-01,6068,3,Afyonkarahisar,Sincanlı (Sinanpaşa),TR-D-03-016,kendi_satiri,kesin,data/normalized/elections/yerel/1999yerel.json,
TR-D-03-017,Afyonkarahisar,Sultandağı,1958-04-01,7033,3,Afyonkarahisar,Sultandağı,TR-D-03-017,kendi_satiri,kesin,data/normalized/elections/yerel/1999yerel.json,
TR-D-03-018,Afyonkarahisar,Şuhut,1946-04-01,4869,3,Afyonkarahisar,Şuhut,TR-D-03-018,kendi_satiri,kesin,data/normalized/elections/yerel/1999yerel.json,
TR-D-04-001,Ağrı,Merkez,,,4,Ağrı,Merkez,TR-D-04-001,kendi_satiri,kesin,data/normalized/elections/yerel/1999yerel.json,
TR-D-04-002,Ağrı,Diyadin,,,4,Ağrı,Diyadin,TR-D-04-002,kendi_satiri,kesin,data/normalized/elections/yerel/1999yerel.json,
TR-D-04-003,Ağrı,Doğubayazıt,,,4,Ağrı,Doğubayazıt,TR-D-04-003,kendi_satiri,kesin,data/normalized/elections/yerel/1999yerel.json,
TR-D-04-004,Ağrı,Eleşkirt,,,4,Ağrı,Eleşkirt,TR-D-04-004,kendi_satiri,kesin,data/normalized/elections/yerel/1999yerel.json,
TR-D-04-005,Ağrı,Hamur,1958-04-01,7033,4,Ağrı,Hamur,TR-D-04-005,kendi_satiri,kesin,data/normalized/elections/yerel/1999yerel.json,
TR-D-04-006,Ağrı,Patnos,1936-01-04,2885,4,Ağrı,Patnos,TR-D-04-006,kendi_satiri,kesin,data/normalized/elections/yerel/1999yerel.json,
TR-D-04-007,Ağrı,Taşlıçay,1954-06-01,6324,4,Ağrı,Taşlıçay,TR-D-04-007,kendi_satiri,kesin,data/normalized/elections/yerel/1999yerel.json,
TR-D-04-008,Ağrı,Tutak,,,4,Ağrı,Tutak,TR-D-04-008,kendi_satiri,kesin,data/normalized/elections/yerel/1999yerel.json,
TR-D-05-001,Amasya,Merkez,,,5,Amasya,Merkez,TR-D-05-001,kendi_satiri,kesin,data/normalized/elections/yerel/1999yerel.json,
TR-D-05-002,Amasya,Göynücek,1954-06-01,6324,5,Amasya,Göynücek,TR-D-05-002,kendi_satiri,kesin,data/normalized/elections/yerel/1999yerel.json,
TR-D-05-003,Amasya,Gümüşhacıköy,,,5,Amasya,Gümüşhacıköy,TR-D-05-003,kendi_satiri,kesin,data/normalized/elections/yerel/1999yerel.json,
TR-D-05-004,Amasya,Hamamözü,1990-05-20,3644,5,Amasya,Hamamözü,TR-D-05-004,kendi_satiri,kesin,data/normalized/elections/yerel/1999yerel.json,
TR-D-05-005,Amasya,Merzifon,,,5,Amasya,Merzifon,TR-D-05-005,kendi_satiri,kesin,data/normalized/elections/yerel/1999yerel.json,
TR-D-05-006,Amasya,Suluova,1957-09-01,7033,5,Amasya,Suluova,TR-D-05-006,kendi_satiri,kesin,data/normalized/elections/yerel/1999yerel.json,
TR-D-05-007,Amasya,Taşova,1944-09-01,4642,5,Amasya,Taşova,TR-D-05-007,kendi_satiri,kesin,data/normalized/elections/yerel/1999yerel.json,
TR-D-06-001,Ankara,Akyurt,1990-05-20,3644,6,Ankara,Akyurt,TR-D-06-001,kendi_satiri,kesin,data/normalized/elections/yerel/1999yerel.json,
TR-D-06-002,Ankara,Altındağ,1953-03-01,6068,6,Ankara,Altındağ,TR-D-06-002,kendi_satiri,kesin,data/normalized/elections/yerel/1999yerel.json,
TR-D-06-003,Ankara,Ayaş,,,6,Ankara,Ayaş,TR-D-06-003,kendi_satiri,kesin,data/normalized/elections/yerel/1999yerel.json,
TR-D-06-004,Ankara,Bala,,,6,Ankara,Bala,TR-D-06-004,kendi_satiri,kesin,data/normalized/elections/yerel/1999yerel.json,
TR-D-06-005,Ankara,Beypazarı,,,6,Ankara,Beypazarı,TR-D-06-005,kendi_satiri,kesin,data/normalized/elections/yerel/1999yerel.json,
TR-D-06-006,Ankara,Çamlıdere,1953-12-04,6191,6,Ankara,Çamlıdere,TR-D-06-006,kendi_satiri,kesin,data/normalized/elections/yerel/1999yerel.json,
TR-D-06-007,Ankara,Çankaya,1936-06-15,3012,6,Ankara,Çankaya,TR-D-06-007,kendi_satiri,kesin,data/normalized/elections/yerel/1999yerel.json,
TR-D-06-008,Ankara,Çubuk,,,6,Ankara,Çubuk,TR-D-06-008,kendi_satiri,kesin,data/normalized/elections/yerel/1999yerel.json,
TR-D-06-009,Ankara,Elmadağ,1960-04-01,7033,6,Ankara,Elmadağ,TR-D-06-009,kendi_satiri,kesin,data/normalized/elections/yerel/1999yerel.json,
TR-D-06-010,Ankara,Etimesgut,1990-05-20,3644,6,Ankara,Etimesgut,TR-D-06-010,kendi_satiri,kesin,data/normalized/elections/yerel/1999yerel.json,
TR-D-06-011,Ankara,Evren,1990-05-20,3644,6,Ankara,Evren,TR-D-06-011,kendi_satiri,kesin,data/normalized/elections/yerel/1999yerel.json,
TR-D-06-012,Ankara,Gölbaşı,1983-11-30,2963,6,Ankara,Gölbaşı,TR-D-06-012,kendi_satiri,kesin,data/normalized/elections/yerel/1999yerel.json,
TR-D-06-013,Ankara,Güdül,1957-09-01,7033,6,Ankara,Güdül,TR-D-06-013,kendi_satiri,kesin,data/normalized/elections/yerel/1999yerel.json,
TR-D-06-014,Ankara,Haymana,,,6,Ankara,Haymana,TR-D-06-014,kendi_satiri,kesin,data/normalized/elections/yerel/1999yerel.json,
TR-D-06-015,Ankara,Kahramankazan,1987-07-04,3392,6,Ankara,Kazan,TR-D-06-015,kendi_satiri,kesin,data/normalized/elections/yerel/1999yerel.json,
TR-D-06-016,Ankara,Kalecik,,,6,Ankara,Kalecik,TR-D-06-016,kendi_satiri,kesin,data/normalized/elections/yerel/1999yerel.json,
TR-D-06-017,Ankara,Keçiören,1983-11-30,2963,6,Ankara,Keçiören,TR-D-06-017,kendi_satiri,kesin,data/normalized/elections/yerel/1999yerel.json,
TR-D-06-018,Ankara,Kızılcahamam,,,6,Ankara,Kızılcahamam,TR-D-06-018,kendi_satiri,kesin,data/normalized/elections/yerel/1999yerel.json,
TR-D-06-019,Ankara,Mamak,1983-11-30,2963,6,Ankara,Mamak,TR-D-06-019,kendi_satiri,kesin,data/normalized/elections/yerel/1999yerel.json,
TR-D-06-020,Ankara,Nallıhan,,,6,Ankara,Nallıhan,TR-D-06-020,kendi_satiri,kesin,data/normalized/elections/yerel/1999yerel.json,
TR-D-06-021,Ankara,Polatlı,1926-06-26,877,6,Ankara,Polatlı,TR-D-06-021,kendi_satiri,kesin,data/normalized/elections/yerel/1999yerel.json,
TR-D-06-022,Ankara,Pursaklar,2008-03-22,5747,6,Ankara,Altındağ,TR-D-06-002,en_buyuk_pay,kaba,"5747 sayılı Kanun (ek listesiz, madde metni)","Ek liste birimleri: Altındağ 2, Keçiören 2, Çubuk 1; seçimdeki ilçelere göre %40 Altındağ, %40 Keçiören, %20 Çubuk"
TR-D-06-023,Ankara,Sincan,1983-11-30,2963,6,Ankara,Sincan,TR-D-06-023,kendi_satiri,kesin,data/normalized/elections/yerel/1999yerel.json,
TR-D-06-024,Ankara,Şereflikoçhisar,,,6,Ankara,Şereflikoçhisar,TR-D-06-024,kendi_satiri,kesin,data/normalized/elections/yerel/1999yerel.json,
TR-D-06-025,Ankara,Yenimahalle,1957-09-01,7033,6,Ankara,Yenimahalle,TR-D-06-025,kendi_satiri,kesin,data/normalized/elections/yerel/1999yerel.json,
TR-D-07-001,Antalya,Akseki,,,7,Antalya,Akseki,TR-D-07-001,kendi_satiri,kesin,data/normalized/elections/yerel/1999yerel.json,
TR-D-07-002,Antalya,Aksu,2008-03-22,5747,7,Antalya,Serik,TR-D-07-019,en_buyuk_pay,kaba,5747 sayılı Kanun ek (3) sayılı liste,"Ek liste birimleri: Merkez 16, Serik 1; seçimdeki ilçelere göre %6 Serik, %94 bilinmiyor"
TR-D-07-003,Antalya,Alanya,,,7,Antalya,Alanya,TR-D-07-003,kendi_satiri,kesin,data/normalized/elections/yerel/1999yerel.json,
TR-D-07-004,Antalya,Demre,1987-07-04,3392,7,Antalya,Kale,TR-D-07-004,kendi_satiri,kesin,data/normalized/elections/yerel/1999yerel.json,
TR-D-07-005,Antalya,Döşemealtı,2008-03-22,5747,7,Antalya,Korkuteli,TR-D-07-015,komsuluk,kaba,5747 sayılı Kanun ek (4) sayılı liste,Ek liste birimleri: Merkez 22; eski ilçelerin seçim tarihindeki karşılığı bilinmiyor ya da başka ilde. Komşuluk: sınırının %43 kadarı Korkuteli ile
TR-D-07-006,Antalya,Elmalı,,,7,Antalya,Elmalı,TR-D-07-006,kendi_satiri,kesin,data/normalized/elections/yerel/1999yerel.json,
TR-D-07-007,Antalya,Finike,,,7,Antalya,Finike,TR-D-07-007,kendi_satiri,kesin,data/normalized/elections/yerel/1999yerel.json,
TR-D-07-008,Antalya,Gazipaşa,1948-01-01,5071,7,Antalya,Gazipaşa,TR-D-07-008,kendi_satiri,kesin,data/normalized/elections/yerel/1999yerel.json,
TR-D-07-009,Antalya,Gündoğmuş,1936-06-15,3012,7,Antalya,Gündoğmuş,TR-D-07-009,kendi_satiri,kesin,data/normalized/elections/yerel/1999yerel.json,
TR-D-07-010,Antalya,İbradı,1990-05-20,3644,7,Antalya,İbradı,TR-D-07-010,kendi_satiri,kesin,data/normalized/elections/yerel/1999yerel.json,
TR-D-07-011,Antalya,Kaş,,,7,Antalya,Kaş,TR-D-07-011,kendi_satiri,kesin,data/normalized/elections/yerel/1999yerel.json,
TR-D-07-012,Antalya,Kemer,1990-05-20,3644,7,Antalya,Kemer,TR-D-07-012,kendi_satiri,kesin,data/normalized/elections/yerel/1999yerel.json,
TR-D-07-013,Antalya,Kepez,2008-03-22,5747,7,Antalya,Kepez,TR-D-07-013,kendi_satiri,şüpheli,data/normalized/elections/yerel/1999yerel.json,"Kuruluşu seçimden sonra; seçim verisindeki satır bu ilçe olamaz (idari/README.md → Bilinen boşluklar). Eşleşme korunuyor, doğrulanmalı"
TR-D-07-014,Antalya,Konyaaltı,2008-03-22,5747,7,Antalya,Konyaaltı,TR-D-07-014,kendi_satiri,şüpheli,data/normalized/elections/yerel/1999yerel.json,"Kuruluşu seçimden sonra; seçim verisindeki satır bu ilçe olamaz (idari/README.md → Bilinen boşluklar). Eşleşme korunuyor, doğrulanmalı"
TR-D-07-015,Antalya,Korkuteli,,,7,Antalya,Korkuteli,TR-D-07-015,kendi_satiri,kesin,data/normalized/elections/yerel/1999yerel.json,
TR-D-07-016,Antalya,Kumluca,1958-04-01,7033,7,Antalya,Kumluca,TR-D-07-016,kendi_satiri,kesin,data/normalized/elections/yerel/1999yerel.json,
TR-D-07-017,Antalya,Manavgat,,,7,Antalya,Manavgat,TR-D-07-017,kendi_satiri,kesin,data/normalized/elections/yerel/1999yerel.json,
TR-D-07-018,Antalya,Muratpaşa,2008-03-22,5747,7,Antalya,Muratpaşa,TR-D-07-018,kendi_satiri,şüpheli,data/normalized/elections/yerel/1999yerel.json,"Kuruluşu seçimden sonra; seçim verisindeki satır bu ilçe olamaz (idari/README.md → Bilinen boşluklar). Eşleşme korunuyor, doğrulanmalı"
TR-D-07-019,Antalya,Serik,1926-06-26,877,7,Antalya,Serik,TR-D-07-019,kendi_satiri,kesin,data/normalized/elections/yerel/1999yerel.json,
TR-D-08-001,Artvin,Ardanuç,1945-08-01,4769,8,Artvin,Ardanuç,TR-D-08-001,kendi_satiri,kesin,data/normalized/elections/yerel/1999yerel.json,
TR-D-08-002,Artvin,Arhavi,1954-06-01,6324,8,Artvin,Arhavi,TR-D-08-002,kendi_satiri,kesin,data/normalized/elections/yerel/1999yerel.json,
TR-D-08-003,Artvin,Merkez,,,8,Artvin,Merkez,TR-D-08-003,kendi_satiri,kesin,data/normalized/elections/yerel/1999yerel.json,
TR-D-08-004,Artvin,Borçka,1928-06-01,1282,8,Artvin,Borçka,TR-D-08-004,kendi_satiri,kesin,data/normalized/elections/yerel/1999yerel.json,
TR-D-08-005,Artvin,Hopa,,,8,Artvin,Hopa,TR-D-08-005,kendi_satiri,kesin,data/normalized/elections/yerel/1999yerel.json,
TR-D-08-006,Artvin,Kemalpaşa,2017-08-25,KHK 694,8,Artvin,Kemalpaşa,TR-D-08-006,kendi_satiri,şüpheli,data/normalized/elections/yerel/1999yerel.json,"Kuruluşu seçimden sonra; seçim verisindeki satır bu ilçe olamaz (idari/README.md → Bilinen boşluklar). Eşleşme korunuyor, doğrulanmalı"
TR-D-08-007,Artvin,Murgul,1987-07-04,3392,8,Artvin,Murgul,TR-D-08-007,kendi_satiri,kesin,data/normalized/elections/yerel/1999yerel.json,
TR-D-08-008,Artvin,Şavşat,,,8,Artvin,Şavşat,TR-D-08-008,kendi_satiri,kesin,data/normalized/elections/yerel/1999yerel.json,
TR-D-08-009,Artvin,Yusufeli,,,8,Artvin,Yusufeli,TR-D-08-009,kendi_satiri,kesin,data/normalized/elections/yerel/1999yerel.json,
TR-D-09-001,Aydın,Bozdoğan,,,9,Aydın,Bozdoğan,TR-D-09-001,kendi_satiri,kesin,data/normalized/elections/yerel/1999yerel.json,
TR-D-09-002,Aydın,Buharkent,1987-07-04,3392,9,Aydın,Buharkent,TR-D-09-002,kendi_satiri,kesin,data/normalized/elections/yerel/1999yerel.json,
TR-D-09-003,Aydın,Çine,,,9,Aydın,Çine,TR-D-09-003,kendi_satiri,kesin,data/normalized/elections/yerel/1999yerel.json,
TR-D-09-004,Aydın,Didim,1990-05-20,3644,9,Aydın,Didim,TR-D-09-004,kendi_satiri,kesin,data/normalized/elections/yerel/1999yerel.json,
TR-D-09-005,Aydın,Efeler,2012-12-06,6360,9,Aydın,Efeler,TR-D-09-005,kendi_satiri,kesin,data/normalized/elections/yerel/1999yerel.json,Seçim tarihinde il Merkez ilçesi; bugünkü adı sonradan (merkez ilçe dönüşümü)
TR-D-09-006,Aydın,Germencik,1948-01-01,5071,9,Aydın,Germencik,TR-D-09-006,kendi_satiri,kesin,data/normalized/elections/yerel/1999yerel.json,
TR-D-09-007,Aydın,İncirliova,1987-07-04,3392,9,Aydın,İncirliova,TR-D-09-007,kendi_satiri,kesin,data/normalized/elections/yerel/1999yerel.json,
TR-D-09-008,Aydın,Karacasu,,,9,Aydın,Karacasu,TR-D-09-008,kendi_satiri,kesin,data/normalized/elections/yerel/1999yerel.json,
TR-D-09-009,Aydın,Karpuzlu,1990-05-20,3644,9,Aydın,Karpuzlu,TR-D-09-009,kendi_satiri,kesin,data/normalized/elections/yerel/1999yerel.json,
TR-D-09-010,Aydın,Koçarlı,1946-04-01,4869,9,Aydın,Koçarlı,TR-D-09-010,kendi_satiri,kesin,data/normalized/elections/yerel/1999yerel.json,
TR-D-09-011,Aydın,Köşk,1990-05-20,3644,9,Aydın,Köşk,TR-D-09-011,kendi_satiri,kesin,data/normalized/elections/yerel/1999yerel.json,
TR-D-09-012,Aydın,Kuşadası,,,9,Aydın,Kuşadası,TR-D-09-012,kendi_satiri,kesin,data/normalized/elections/yerel/1999yerel.json,
TR-D-09-013,Aydın,Kuyucak,1953-03-01,6068,9,Aydın,Kuyucak,TR-D-09-013,kendi_satiri,kesin,data/normalized/elections/yerel/1999yerel.json,
TR-D-09-014,Aydın,Nazilli,,,9,Aydın,Nazilli,TR-D-09-014,kendi_satiri,kesin,data/normalized/elections/yerel/1999yerel.json,
TR-D-09-015,Aydın,Söke,,,9,Aydın,Söke,TR-D-09-015,kendi_satiri,kesin,data/normalized/elections/yerel/1999yerel.json,
TR-D-09-016,Aydın,Sultanhisar,1958-04-01,7033,9,Aydın,Sultanhisar,TR-D-09-016,kendi_satiri,kesin,data/normalized/elections/yerel/1999yerel.json,
TR-D-09-017,Aydın,Yenipazar,1957-09-01,7033,9,Aydın,Yenipazar,TR-D-09-017,kendi_satiri,kesin,data/normalized/elections/yerel/1999yerel.json,
TR-D-10-001,Balıkesir,Altıeylül,2012-12-06,6360,10,Balıkesir,Merkez,HIST-Balıkesir-Merkez,tarihsel_birlesim,kesin,"geo/historical/district_splits.json (HIST-Balıkesir-Merkez, repoda doğrulanmış birleşim)",Seçim satırı Merkez poligonu: HIST-Balıkesir-Merkez
TR-D-10-002,Balıkesir,Ayvalık,,,10,Balıkesir,Ayvalık,TR-D-10-002,kendi_satiri,kesin,data/normalized/elections/yerel/1999yerel.json,
TR-D-10-003,Balıkesir,Balya,,,10,Balıkesir,Balya,TR-D-10-003,kendi_satiri,kesin,data/normalized/elections/yerel/1999yerel.json,
TR-D-10-004,Balıkesir,Bandırma,,,10,Balıkesir,Bandırma,TR-D-10-004,kendi_satiri,kesin,data/normalized/elections/yerel/1999yerel.json,
TR-D-10-005,Balıkesir,Bigadiç,1943-07-01,4444,10,Balıkesir,Bigadiç,TR-D-10-005,kendi_satiri,kesin,data/normalized/elections/yerel/1999yerel.json,
TR-D-10-006,Balıkesir,Burhaniye,,,10,Balıkesir,Burhaniye,TR-D-10-006,kendi_satiri,kesin,data/normalized/elections/yerel/1999yerel.json,
TR-D-10-007,Balıkesir,Dursunbey,,,10,Balıkesir,Dursunbey,TR-D-10-007,kendi_satiri,kesin,data/normalized/elections/yerel/1999yerel.json,
TR-D-10-008,Balıkesir,Edremit,,,10,Balıkesir,Edremit,TR-D-10-008,kendi_satiri,kesin,data/normalized/elections/yerel/1999yerel.json,
TR-D-10-009,Balıkesir,Erdek,1928-06-01,1282,10,Balıkesir,Erdek,TR-D-10-009,kendi_satiri,kesin,data/normalized/elections/yerel/1999yerel.json,
TR-D-10-010,Balıkesir,Gömeç,1990-05-20,3644,10,Balıkesir,Gömeç,TR-D-10-010,kendi_satiri,kesin,data/normalized/elections/yerel/1999yerel.json,
TR-D-10-011,Balıkesir,Gönen,,,10,Balıkesir,Gönen,TR-D-10-011,kendi_satiri,kesin,data/normalized/elections/yerel/1999yerel.json,
TR-D-10-012,Balıkesir,Havran,1959-04-01,7033,10,Balıkesir,Havran,TR-D-10-012,kendi_satiri,kesin,data/normalized/elections/yerel/1999yerel.json,
TR-D-10-013,Balıkesir,İvrindi,1944-09-01,4642,10,Balıkesir,İvrindi,TR-D-10-013,kendi_satiri,kesin,data/normalized/elections/yerel/1999yerel.json,
TR-D-10-014,Balıkesir,Karesi,2012-12-06,6360,10,Balıkesir,Merkez,HIST-Balıkesir-Merkez,tarihsel_birlesim,kesin,"geo/historical/district_splits.json (HIST-Balıkesir-Merkez, repoda doğrulanmış birleşim)",Seçim satırı Merkez poligonu: HIST-Balıkesir-Merkez
TR-D-10-015,Balıkesir,Kepsut,1953-03-01,6068,10,Balıkesir,Kepsut,TR-D-10-015,kendi_satiri,kesin,data/normalized/elections/yerel/1999yerel.json,
TR-D-10-016,Balıkesir,Manyas,1936-06-15,3012,10,Balıkesir,Manyas,TR-D-10-016,kendi_satiri,kesin,data/normalized/elections/yerel/1999yerel.json,
TR-D-10-017,Balıkesir,Marmara,1987-07-04,3392,10,Balıkesir,Marmara,TR-D-10-017,kendi_satiri,kesin,data/normalized/elections/yerel/1999yerel.json,
TR-D-10-018,Balıkesir,Savaştepe,1954-06-01,6325,10,Balıkesir,Savaştepe,TR-D-10-018,kendi_satiri,kesin,data/normalized/elections/yerel/1999yerel.json,
TR-D-10-019,Balıkesir,Sındırgı,,,10,Balıkesir,Sındırgı,TR-D-10-019,kendi_satiri,kesin,data/normalized/elections/yerel/1999yerel.json,
TR-D-10-020,Balıkesir,Susurluk,1926-06-26,877,10,Balıkesir,Susurluk,TR-D-10-020,kendi_satiri,kesin,data/normalized/elections/yerel/1999yerel.json,
TR-D-11-001,Bilecik,Merkez,,,11,Bilecik,Merkez,TR-D-11-001,kendi_satiri,kesin,data/normalized/elections/yerel/1999yerel.json,
TR-D-11-002,Bilecik,Bozüyük,1926-06-26,877,11,Bilecik,Bozüyük,TR-D-11-002,kendi_satiri,kesin,data/normalized/elections/yerel/1999yerel.json,
TR-D-11-003,Bilecik,Gölpazarı,1926-06-26,877,11,Bilecik,Gölpazarı,TR-D-11-003,kendi_satiri,kesin,data/normalized/elections/yerel/1999yerel.json,
TR-D-11-004,Bilecik,İnhisar,1990-05-20,3644,11,Bilecik,İnhisar,TR-D-11-004,kendi_satiri,kesin,data/normalized/elections/yerel/1999yerel.json,
TR-D-11-005,Bilecik,Osmaneli,1926-06-26,877,11,Bilecik,Osmaneli,TR-D-11-005,kendi_satiri,kesin,data/normalized/elections/yerel/1999yerel.json,
TR-D-11-006,Bilecik,Pazaryeri,1953-03-01,6068,11,Bilecik,Pazaryeri,TR-D-11-006,kendi_satiri,kesin,data/normalized/elections/yerel/1999yerel.json,
TR-D-11-007,Bilecik,Söğüt,,,11,Bilecik,Söğüt,TR-D-11-007,kendi_satiri,kesin,data/normalized/elections/yerel/1999yerel.json,
TR-D-11-008,Bilecik,Yenipazar,1987-07-04,3392,11,Bilecik,Yenipazar,TR-D-11-008,kendi_satiri,kesin,data/normalized/elections/yerel/1999yerel.json,
TR-D-12-001,Bingöl,Adaklı,1987-07-04,3392,12,Bingöl,Adaklı,TR-D-12-001,kendi_satiri,kesin,data/normalized/elections/yerel/1999yerel.json,
TR-D-12-002,Bingöl,Merkez,,,12,Bingöl,Merkez,TR-D-12-002,kendi_satiri,kesin,data/normalized/elections/yerel/1999yerel.json,
TR-D-12-003,Bingöl,Genç,1926-06-26,877,12,Bingöl,Genç,TR-D-12-003,kendi_satiri,kesin,data/normalized/elections/yerel/1999yerel.json,
TR-D-12-004,Bingöl,Karlıova,1934-07-03,2529,12,Bingöl,Karlıova,TR-D-12-004,kendi_satiri,kesin,data/normalized/elections/yerel/1999yerel.json,
TR-D-12-005,Bingöl,Kiğı,,,12,Bingöl,Kiğı,TR-D-12-005,kendi_satiri,kesin,data/normalized/elections/yerel/1999yerel.json,
TR-D-12-006,Bingöl,Solhan,1932-06-01,2042,12,Bingöl,Solhan,TR-D-12-006,kendi_satiri,kesin,data/normalized/elections/yerel/1999yerel.json,
TR-D-12-007,Bingöl,Yayladere,1987-07-04,3392,12,Bingöl,Yayladere,TR-D-12-007,kendi_satiri,kesin,data/normalized/elections/yerel/1999yerel.json,
TR-D-12-008,Bingöl,Yedisu,1990-05-20,3644,12,Bingöl,Yedisu,TR-D-12-008,kendi_satiri,kesin,data/normalized/elections/yerel/1999yerel.json,
TR-D-13-001,Bitlis,Adilcevaz,1953-03-01,6068,13,Bitlis,Adilcevaz,TR-D-13-001,kendi_satiri,kesin,data/normalized/elections/yerel/1999yerel.json,
TR-D-13-002,Bitlis,Ahlat,,,13,Bitlis,Ahlat,TR-D-13-002,kendi_satiri,kesin,data/normalized/elections/yerel/1999yerel.json,
TR-D-13-003,Bitlis,Merkez,,,13,Bitlis,Merkez,TR-D-13-003,kendi_satiri,kesin,data/normalized/elections/yerel/1999yerel.json,
TR-D-13-004,Bitlis,Güroymak,1987-07-04,3392,13,Bitlis,Güroymak,TR-D-13-004,kendi_satiri,kesin,data/normalized/elections/yerel/1999yerel.json,
TR-D-13-005,Bitlis,Hizan,1936-01-04,2885,13,Bitlis,Hizan,TR-D-13-005,kendi_satiri,kesin,data/normalized/elections/yerel/1999yerel.json,
TR-D-13-006,Bitlis,Mutki,,,13,Bitlis,Mutki,TR-D-13-006,kendi_satiri,kesin,data/normalized/elections/yerel/1999yerel.json,
TR-D-13-007,Bitlis,Tatvan,1936-01-04,2885,13,Bitlis,Tatvan,TR-D-13-007,kendi_satiri,kesin,data/normalized/elections/yerel/1999yerel.json,
TR-D-14-001,Bolu,Merkez,,,14,Bolu,Merkez,TR-D-14-001,kendi_satiri,kesin,data/normalized/elections/yerel/1999yerel.json,
TR-D-14-002,Bolu,Dörtdivan,1990-05-20,3644,14,Bolu,Dörtdivan,TR-D-14-002,kendi_satiri,kesin,data/normalized/elections/yerel/1999yerel.json,
TR-D-14-003,Bolu,Gerede,,,14,Bolu,Gerede,TR-D-14-003,kendi_satiri,kesin,data/normalized/elections/yerel/1999yerel.json,
TR-D-14-004,Bolu,Göynük,,,14,Bolu,Göynük,TR-D-14-004,kendi_satiri,kesin,data/normalized/elections/yerel/1999yerel.json,
TR-D-14-005,Bolu,Kıbrıscık,1958-04-01,7033,14,Bolu,Kıbrıscık,TR-D-14-005,kendi_satiri,kesin,data/normalized/elections/yerel/1999yerel.json,
TR-D-14-006,Bolu,Mengen,1948-01-01,5071,14,Bolu,Mengen,TR-D-14-006,kendi_satiri,kesin,data/normalized/elections/yerel/1999yerel.json,
TR-D-14-007,Bolu,Mudurnu,,,14,Bolu,Mudurnu,TR-D-14-007,kendi_satiri,kesin,data/normalized/elections/yerel/1999yerel.json,
TR-D-14-008,Bolu,Seben,1946-04-01,4869,14,Bolu,Seben,TR-D-14-008,kendi_satiri,kesin,data/normalized/elections/yerel/1999yerel.json,
TR-D-14-009,Bolu,Yeniçağa,1990-05-20,3644,14,Bolu,Yeniçağa,TR-D-14-009,kendi_satiri,kesin,data/normalized/elections/yerel/1999yerel.json,
TR-D-15-001,Burdur,Ağlasun,1958-04-01,7033,15,Burdur,Ağlasun,TR-D-15-001,kendi_satiri,kesin,data/normalized/elections/yerel/1999yerel.json,
TR-D-15-002,Burdur,Altınyayla,1990-05-20,3644,15,Burdur,Altınyayla,TR-D-15-002,kendi_satiri,kesin,data/normalized/elections/yerel/1999yerel.json,
TR-D-15-003,Burdur,Bucak,1926-06-26,877,15,Burdur,Bucak,TR-D-15-003,kendi_satiri,kesin,data/normalized/elections/yerel/1999yerel.json,
TR-D-15-004,Burdur,Merkez,,,15,Burdur,Merkez,TR-D-15-004,kendi_satiri,kesin,data/normalized/elections/yerel/1999yerel.json,
TR-D-15-005,Burdur,Çavdır,1990-05-20,3644,15,Burdur,Çavdır,TR-D-15-005,kendi_satiri,kesin,data/normalized/elections/yerel/1999yerel.json,
TR-D-15-006,Burdur,Çeltikçi,1990-05-20,3644,15,Burdur,Çeltikçi,TR-D-15-006,kendi_satiri,kesin,data/normalized/elections/yerel/1999yerel.json,
TR-D-15-007,Burdur,Gölhisar,1953-03-01,6068,15,Burdur,Gölhisar,TR-D-15-007,kendi_satiri,kesin,data/normalized/elections/yerel/1999yerel.json,
TR-D-15-008,Burdur,Karamanlı,1987-07-04,3392,15,Burdur,Karamanlı,TR-D-15-008,kendi_satiri,kesin,data/normalized/elections/yerel/1999yerel.json,
TR-D-15-009,Burdur,Kemer,1987-07-04,3392,15,Burdur,Kemer,TR-D-15-009,kendi_satiri,kesin,data/normalized/elections/yerel/1999yerel.json,
TR-D-15-010,Burdur,Tefenni,,,15,Burdur,Tefenni,TR-D-15-010,kendi_satiri,kesin,data/normalized/elections/yerel/1999yerel.json,
TR-D-15-011,Burdur,Yeşilova,1936-06-15,3012,15,Burdur,Yeşilova,TR-D-15-011,kendi_satiri,kesin,data/normalized/elections/yerel/1999yerel.json,
TR-D-16-001,Bursa,Büyükorhan,1987-07-04,3392,16,Bursa,Büyükorhan,TR-D-16-001,kendi_satiri,kesin,data/normalized/elections/yerel/1999yerel.json,
TR-D-16-002,Bursa,Gemlik,,,16,Bursa,Gemlik,TR-D-16-002,kendi_satiri,kesin,data/normalized/elections/yerel/1999yerel.json,
TR-D-16-003,Bursa,Gürsu,1990-05-20,3644,16,Bursa,Gürsu,TR-D-16-003,kendi_satiri,kesin,data/normalized/elections/yerel/1999yerel.json,
TR-D-16-004,Bursa,Harmancık,1987-07-04,3392,16,Bursa,Harmancık,TR-D-16-004,kendi_satiri,kesin,data/normalized/elections/yerel/1999yerel.json,
TR-D-16-005,Bursa,İnegöl,,,16,Bursa,İnegöl,TR-D-16-005,kendi_satiri,kesin,data/normalized/elections/yerel/1999yerel.json,
TR-D-16-006,Bursa,İznik,1930-09-01,1612,16,Bursa,İznik,TR-D-16-006,kendi_satiri,kesin,data/normalized/elections/yerel/1999yerel.json,
TR-D-16-007,Bursa,Karacabey,,,16,Bursa,Karacabey,TR-D-16-007,kendi_satiri,kesin,data/normalized/elections/yerel/1999yerel.json,
TR-D-16-008,Bursa,Keles,1953-03-01,6068,16,Bursa,Keles,TR-D-16-008,kendi_satiri,kesin,data/normalized/elections/yerel/1999yerel.json,
TR-D-16-009,Bursa,Kestel,1990-05-20,3644,16,Bursa,Kestel,TR-D-16-009,kendi_satiri,kesin,data/normalized/elections/yerel/1999yerel.json,
TR-D-16-010,Bursa,Mudanya,,,16,Bursa,Mudanya,TR-D-16-010,kendi_satiri,kesin,data/normalized/elections/yerel/1999yerel.json,
TR-D-16-011,Bursa,Mustafakemalpaşa,,,16,Bursa,Mustafakemalpaşa,TR-D-16-011,kendi_satiri,kesin,data/normalized/elections/yerel/1999yerel.json,
TR-D-16-012,Bursa,Nilüfer,1987-06-27,3391,16,Bursa,Nilüfer,TR-D-16-012,kendi_satiri,kesin,data/normalized/elections/yerel/1999yerel.json,
TR-D-16-013,Bursa,Orhaneli,,,16,Bursa,Orhaneli,TR-D-16-013,kendi_satiri,kesin,data/normalized/elections/yerel/1999yerel.json,
TR-D-16-014,Bursa,Orhangazi,,,16,Bursa,Orhangazi,TR-D-16-014,kendi_satiri,kesin,data/normalized/elections/yerel/1999yerel.json,
TR-D-16-015,Bursa,Osmangazi,1987-06-27,3391,16,Bursa,Osmangazi,TR-D-16-015,kendi_satiri,kesin,data/normalized/elections/yerel/1999yerel.json,
TR-D-16-016,Bursa,Yenişehir,,,16,Bursa,Yenişehir,TR-D-16-016,kendi_satiri,kesin,data/normalized/elections/yerel/1999yerel.json,
TR-D-16-017,Bursa,Yıldırım,1987-06-27,3391,16,Bursa,Yıldırım,TR-D-16-017,kendi_satiri,kesin,data/normalized/elections/yerel/1999yerel.json,
TR-D-17-001,Çanakkale,Ayvacık,1928-06-01,1282,17,Çanakkale,Ayvacık,TR-D-17-001,kendi_satiri,kesin,data/normalized/elections/yerel/1999yerel.json,
TR-D-17-002,Çanakkale,Bayramiç,,,17,Çanakkale,Bayramiç,TR-D-17-002,kendi_satiri,kesin,data/normalized/elections/yerel/1999yerel.json,
TR-D-17-003,Çanakkale,Biga,,,17,Çanakkale,Biga,TR-D-17-003,kendi_satiri,kesin,data/normalized/elections/yerel/1999yerel.json,
TR-D-17-004,Çanakkale,Bozcaada,,,17,Çanakkale,Bozcaada,TR-D-17-004,kendi_satiri,kesin,data/normalized/elections/yerel/1999yerel.json,
TR-D-17-005,Çanakkale,Çan,1945-08-01,4769,17,Çanakkale,Çan,TR-D-17-005,kendi_satiri,kesin,data/normalized/elections/yerel/1999yerel.json,
TR-D-17-006,Çanakkale,Merkez,,,17,Çanakkale,Merkez,TR-D-17-006,kendi_satiri,kesin,data/normalized/elections/yerel/1999yerel.json,
TR-D-17-007,Çanakkale,Eceabat,,,17,Çanakkale,Eceabat,TR-D-17-007,kendi_satiri,kesin,data/normalized/elections/yerel/1999yerel.json,
TR-D-17-008,Çanakkale,Ezine,,,17,Çanakkale,Ezine,TR-D-17-008,kendi_satiri,kesin,data/normalized/elections/yerel/1999yerel.json,
TR-D-17-009,Çanakkale,Gelibolu,1926-06-26,877,17,Çanakkale,Gelibolu,TR-D-17-009,kendi_satiri,kesin,data/normalized/elections/yerel/1999yerel.json,
TR-D-17-010,Çanakkale,Gökçeada,,,17,Çanakkale,Gökçeada,TR-D-17-010,kendi_satiri,kesin,data/normalized/elections/yerel/1999yerel.json,
TR-D-17-011,Çanakkale,Lapseki,,,17,Çanakkale,Lapseki,TR-D-17-011,kendi_satiri,kesin,data/normalized/elections/yerel/1999yerel.json,
TR-D-17-012,Çanakkale,Yenice,1936-06-15,3012,17,Çanakkale,Yenice,TR-D-17-012,kendi_satiri,kesin,data/normalized/elections/yerel/1999yerel.json,
TR-D-18-001,Çankırı,Atkaracalar,1987-07-04,3392,18,Çankırı,Atkaracalar,TR-D-18-001,kendi_satiri,kesin,data/normalized/elections/yerel/1999yerel.json,
TR-D-18-002,Çankırı,Bayramören,1990-05-20,3644,18,Çankırı,Bayramören,TR-D-18-002,kendi_satiri,kesin,data/normalized/elections/yerel/1999yerel.json,
TR-D-18-003,Çankırı,Merkez,,,18,Çankırı,Merkez,TR-D-18-003,kendi_satiri,kesin,data/normalized/elections/yerel/1999yerel.json,
TR-D-18-004,Çankırı,Çerkeş,,,18,Çankırı,Çerkeş,TR-D-18-004,kendi_satiri,kesin,data/normalized/elections/yerel/1999yerel.json,
TR-D-18-005,Çankırı,Eldivan,1960-04-01,7033,18,Çankırı,Eldivan,TR-D-18-005,kendi_satiri,kesin,data/normalized/elections/yerel/1999yerel.json,
TR-D-18-006,Çankırı,Ilgaz,,,18,Çankırı,Ilgaz,TR-D-18-006,kendi_satiri,kesin,data/normalized/elections/yerel/1999yerel.json,
TR-D-18-007,Çankırı,Kızılırmak,1987-07-04,3392,18,Çankırı,Kızılırmak,TR-D-18-007,kendi_satiri,kesin,data/normalized/elections/yerel/1999yerel.json,
TR-D-18-008,Çankırı,Korgun,1990-05-20,3644,18,Çankırı,Korgun,TR-D-18-008,kendi_satiri,kesin,data/normalized/elections/yerel/1999yerel.json,
TR-D-18-009,Çankırı,Kurşunlu,1944-09-01,4642,18,Çankırı,Kurşunlu,TR-D-18-009,kendi_satiri,kesin,data/normalized/elections/yerel/1999yerel.json,
TR-D-18-010,Çankırı,Orta,1959-04-01,7033,18,Çankırı,Orta,TR-D-18-010,kendi_satiri,kesin,data/normalized/elections/yerel/1999yerel.json,
TR-D-18-011,Çankırı,Şabanözü,1944-09-01,4642,18,Çankırı,Şabanözü,TR-D-18-011,kendi_satiri,kesin,data/normalized/elections/yerel/1999yerel.json,
TR-D-18-012,Çankırı,Yapraklı,1958-04-01,7033,18,Çankırı,Yapraklı,TR-D-18-012,kendi_satiri,kesin,data/normalized/elections/yerel/1999yerel.json,
TR-D-19-001,Çorum,Alaca,,,19,Çorum,Alaca,TR-D-19-001,kendi_satiri,kesin,data/normalized/elections/yerel/1999yerel.json,
TR-D-19-002,Çorum,Bayat,1958-04-01,7033,19,Çorum,Bayat,TR-D-19-002,kendi_satiri,kesin,data/normalized/elections/yerel/1999yerel.json,
TR-D-19-003,Çorum,Boğazkale,1987-07-04,3392,19,Çorum,Boğazkale,TR-D-19-003,kendi_satiri,kesin,data/normalized/elections/yerel/1999yerel.json,
TR-D-19-004,Çorum,Merkez,,,19,Çorum,Merkez,TR-D-19-004,kendi_satiri,kesin,data/normalized/elections/yerel/1999yerel.json,
TR-D-19-005,Çorum,Dodurga,1990-05-20,3644,19,Çorum,Dodurga,TR-D-19-005,kendi_satiri,kesin,data/normalized/elections/yerel/1999yerel.json,
TR-D-19-006,Çorum,İskilip,,,19,Çorum,İskilip,TR-D-19-006,kendi_satiri,kesin,data/normalized/elections/yerel/1999yerel.json,
TR-D-19-007,Çorum,Kargı,1936-06-15,3012,19,Çorum,Kargı,TR-D-19-007,kendi_satiri,kesin,data/normalized/elections/yerel/1999yerel.json,
TR-D-19-008,Çorum,Laçin,1990-05-20,3644,19,Çorum,Laçin,TR-D-19-008,kendi_satiri,kesin,data/normalized/elections/yerel/1999yerel.json,
TR-D-19-009,Çorum,Mecitözü,,,19,Çorum,Mecitözü,TR-D-19-009,kendi_satiri,kesin,data/normalized/elections/yerel/1999yerel.json,
TR-D-19-010,Çorum,Oğuzlar,1990-05-20,3644,19,Çorum,Oğuzlar,TR-D-19-010,kendi_satiri,kesin,data/normalized/elections/yerel/1999yerel.json,
TR-D-19-011,Çorum,Ortaköy,1959-04-01,7033,19,Çorum,Ortaköy,TR-D-19-011,kendi_satiri,kesin,data/normalized/elections/yerel/1999yerel.json,
TR-D-19-012,Çorum,Osmancık,,,19,Çorum,Osmancık,TR-D-19-012,kendi_satiri,kesin,data/normalized/elections/yerel/1999yerel.json,
TR-D-19-013,Çorum,Sungurlu,,,19,Çorum,Sungurlu,TR-D-19-013,kendi_satiri,kesin,data/normalized/elections/yerel/1999yerel.json,
TR-D-19-014,Çorum,Uğurludağ,1987-07-04,3392,19,Çorum,Uğurludağ,TR-D-19-014,kendi_satiri,kesin,data/normalized/elections/yerel/1999yerel.json,
TR-D-20-001,Denizli,Acıpayam,,,20,Denizli,Acıpayam,TR-D-20-001,kendi_satiri,kesin,data/normalized/elections/yerel/1999yerel.json,
TR-D-20-002,Denizli,Babadağ,1987-07-04,3392,20,Denizli,Babadağ,TR-D-20-002,kendi_satiri,kesin,data/normalized/elections/yerel/1999yerel.json,
TR-D-20-003,Denizli,Baklan,1990-05-20,3644,20,Denizli,Baklan,TR-D-20-003,kendi_satiri,kesin,data/normalized/elections/yerel/1999yerel.json,
TR-D-20-004,Denizli,Bekilli,1987-07-04,3392,20,Denizli,Bekilli,TR-D-20-004,kendi_satiri,kesin,data/normalized/elections/yerel/1999yerel.json,
TR-D-20-005,Denizli,Beyağaç,1990-05-20,3644,20,Denizli,Beyağaç,TR-D-20-005,kendi_satiri,kesin,data/normalized/elections/yerel/1999yerel.json,
TR-D-20-006,Denizli,Bozkurt,1990-05-20,3644,20,Denizli,Bozkurt,TR-D-20-006,kendi_satiri,kesin,data/normalized/elections/yerel/1999yerel.json,
TR-D-20-007,Denizli,Buldan,,,20,Denizli,Buldan,TR-D-20-007,kendi_satiri,kesin,data/normalized/elections/yerel/1999yerel.json,
TR-D-20-008,Denizli,Çal,,,20,Denizli,Çal,TR-D-20-008,kendi_satiri,kesin,data/normalized/elections/yerel/1999yerel.json,
TR-D-20-009,Denizli,Çameli,1953-03-01,6068,20,Denizli,Çameli,TR-D-20-009,kendi_satiri,kesin,data/normalized/elections/yerel/1999yerel.json,
TR-D-20-010,Denizli,Çardak,1958-04-01,7033,20,Denizli,Çardak,TR-D-20-010,kendi_satiri,kesin,data/normalized/elections/yerel/1999yerel.json,
TR-D-20-011,Denizli,Çivril,,,20,Denizli,Çivril,TR-D-20-011,kendi_satiri,kesin,data/normalized/elections/yerel/1999yerel.json,
TR-D-20-012,Denizli,Güney,1948-01-01,5071,20,Denizli,Güney,TR-D-20-012,kendi_satiri,kesin,data/normalized/elections/yerel/1999yerel.json,
TR-D-20-013,Denizli,Honaz,1987-07-04,3392,20,Denizli,Honaz,TR-D-20-013,kendi_satiri,kesin,data/normalized/elections/yerel/1999yerel.json,
TR-D-20-014,Denizli,Kale,1959-04-01,7033,20,Denizli,Kale,TR-D-20-014,kendi_satiri,kesin,data/normalized/elections/yerel/1999yerel.json,
TR-D-20-015,Denizli,Merkezefendi,2012-12-06,6360,20,Denizli,Merkez,TR-D-20-015,kendi_satiri,kesin,data/normalized/elections/yerel/1999yerel.json,Seçim tarihinde il Merkez ilçesi; bugünkü adı sonradan (merkez ilçe dönüşümü)
TR-D-20-016,Denizli,Pamukkale,1990-05-20,3644,20,Denizli,Pamukkale,TR-D-20-016,kendi_satiri,kesin,data/normalized/elections/yerel/1999yerel.json,
TR-D-20-017,Denizli,Sarayköy,,,20,Denizli,Sarayköy,TR-D-20-017,kendi_satiri,kesin,data/normalized/elections/yerel/1999yerel.json,
TR-D-20-018,Denizli,Serinhisar,1987-07-04,3392,20,Denizli,Serinhisar,TR-D-20-018,kendi_satiri,kesin,data/normalized/elections/yerel/1999yerel.json,
TR-D-20-019,Denizli,Tavas,,,20,Denizli,Tavas,TR-D-20-019,kendi_satiri,kesin,data/normalized/elections/yerel/1999yerel.json,
TR-D-21-001,Diyarbakır,Bağlar,2008-03-22,5747,21,Diyarbakır,Bağlar,TR-D-21-001,kendi_satiri,şüpheli,data/normalized/elections/yerel/1999yerel.json,"Kuruluşu seçimden sonra; seçim verisindeki satır bu ilçe olamaz (idari/README.md → Bilinen boşluklar). Eşleşme korunuyor, doğrulanmalı"
TR-D-21-002,Diyarbakır,Bismil,1936-01-04,2885,21,Diyarbakır,Bismil,TR-D-21-002,kendi_satiri,kesin,data/normalized/elections/yerel/1999yerel.json,
TR-D-21-003,Diyarbakır,Çermik,,,21,Diyarbakır,Çermik,TR-D-21-003,kendi_satiri,kesin,data/normalized/elections/yerel/1999yerel.json,
TR-D-21-004,Diyarbakır,Çınar,1937-06-23,3223,21,Diyarbakır,Çınar,TR-D-21-004,kendi_satiri,kesin,data/normalized/elections/yerel/1999yerel.json,
TR-D-21-005,Diyarbakır,Çüngüş,1953-03-01,6068,21,Diyarbakır,Çüngüş,TR-D-21-005,kendi_satiri,kesin,data/normalized/elections/yerel/1999yerel.json,
TR-D-21-006,Diyarbakır,Dicle,1936-01-04,2885,21,Diyarbakır,Dicle,TR-D-21-006,kendi_satiri,kesin,data/normalized/elections/yerel/1999yerel.json,
TR-D-21-007,Diyarbakır,Eğil,1987-07-04,3392,21,Diyarbakır,Eğil,TR-D-21-007,kendi_satiri,kesin,data/normalized/elections/yerel/1999yerel.json,
TR-D-21-008,Diyarbakır,Ergani,1926-06-26,877,21,Diyarbakır,Ergani,TR-D-21-008,kendi_satiri,kesin,data/normalized/elections/yerel/1999yerel.json,
TR-D-21-009,Diyarbakır,Hani,1958-04-01,7033,21,Diyarbakır,Hani,TR-D-21-009,kendi_satiri,kesin,data/normalized/elections/yerel/1999yerel.json,
TR-D-21-010,Diyarbakır,Hazro,1954-06-01,6325,21,Diyarbakır,Hazro,TR-D-21-010,kendi_satiri,kesin,data/normalized/elections/yerel/1999yerel.json,
TR-D-21-011,Diyarbakır,Kayapınar,2008-03-22,5747,21,Diyarbakır,Merkez,HISTY-21-1999yerel-merkez,tarihsel_birlesim,kesin,"geo/historical/district_splits.json (HISTY-21-1999yerel-merkez, repoda doğrulanmış birleşim)",Seçim satırı Merkez poligonu: HISTY-21-1999yerel-merkez
TR-D-21-012,Diyarbakır,Kocaköy,1990-05-20,3644,21,Diyarbakır,Kocaköy,TR-D-21-012,kendi_satiri,kesin,data/normalized/elections/yerel/1999yerel.json,
TR-D-21-013,Diyarbakır,Kulp,,,21,Diyarbakır,Kulp,TR-D-21-013,kendi_satiri,kesin,data/normalized/elections/yerel/1999yerel.json,
TR-D-21-014,Diyarbakır,Lice,,,21,Diyarbakır,Lice,TR-D-21-014,kendi_satiri,kesin,data/normalized/elections/yerel/1999yerel.json,
TR-D-21-015,Diyarbakır,Silvan,,,21,Diyarbakır,Silvan,TR-D-21-015,kendi_satiri,kesin,data/normalized/elections/yerel/1999yerel.json,
TR-D-21-016,Diyarbakır,Sur,2008-03-22,5747,21,Diyarbakır,Sur,TR-D-21-016,kendi_satiri,şüpheli,data/normalized/elections/yerel/1999yerel.json,"Kuruluşu seçimden sonra; seçim verisindeki satır bu ilçe olamaz (idari/README.md → Bilinen boşluklar). Eşleşme korunuyor, doğrulanmalı"
TR-D-21-017,Diyarbakır,Yenişehir,2008-03-22,5747,21,Diyarbakır,Yenişehir,TR-D-21-017,kendi_satiri,şüpheli,data/normalized/elections/yerel/1999yerel.json,"Kuruluşu seçimden sonra; seçim verisindeki satır bu ilçe olamaz (idari/README.md → Bilinen boşluklar). Eşleşme korunuyor, doğrulanmalı"
TR-D-22-001,Edirne,Merkez,,,22,Edirne,Merkez,TR-D-22-001,kendi_satiri,kesin,data/normalized/elections/yerel/1999yerel.json,
TR-D-22-002,Edirne,Enez,1953-03-01,6068,22,Edirne,Enez,TR-D-22-002,kendi_satiri,kesin,data/normalized/elections/yerel/1999yerel.json,
TR-D-22-003,Edirne,Havsa,1954-06-01,6324,22,Edirne,Havsa,TR-D-22-003,kendi_satiri,kesin,data/normalized/elections/yerel/1999yerel.json,
TR-D-22-004,Edirne,İpsala,1928-06-01,1282,22,Edirne,İpsala,TR-D-22-004,kendi_satiri,kesin,data/normalized/elections/yerel/1999yerel.json,
TR-D-22-005,Edirne,Keşan,,,22,Edirne,Keşan,TR-D-22-005,kendi_satiri,kesin,data/normalized/elections/yerel/1999yerel.json,
TR-D-22-006,Edirne,Lalapaşa,1945-08-01,4769,22,Edirne,Lalapaşa,TR-D-22-006,kendi_satiri,kesin,data/normalized/elections/yerel/1999yerel.json,
TR-D-22-007,Edirne,Meriç,,,22,Edirne,Meriç,TR-D-22-007,kendi_satiri,kesin,data/normalized/elections/yerel/1999yerel.json,
TR-D-22-008,Edirne,Süloğlu,1990-05-20,3644,22,Edirne,Süloğlu,TR-D-22-008,kendi_satiri,kesin,data/normalized/elections/yerel/1999yerel.json,
TR-D-22-009,Edirne,Uzunköprü,,,22,Edirne,Uzunköprü,TR-D-22-009,kendi_satiri,kesin,data/normalized/elections/yerel/1999yerel.json,
TR-D-23-001,Elazığ,Ağın,1954-06-01,6324,23,Elazığ,Ağın,TR-D-23-001,kendi_satiri,kesin,data/normalized/elections/yerel/1999yerel.json,
TR-D-23-002,Elazığ,Alacakaya,1990-05-20,3644,23,Elazığ,Alacakaya,TR-D-23-002,kendi_satiri,kesin,data/normalized/elections/yerel/1999yerel.json,
TR-D-23-003,Elazığ,Arıcak,1987-07-04,3392,23,Elazığ,Arıcak,TR-D-23-003,kendi_satiri,kesin,data/normalized/elections/yerel/1999yerel.json,
TR-D-23-004,Elazığ,Baskil,1926-06-26,877,23,Elazığ,Baskil,TR-D-23-004,kendi_satiri,kesin,data/normalized/elections/yerel/1999yerel.json,
TR-D-23-005,Elazığ,Merkez,,,23,Elazığ,Merkez,TR-D-23-005,kendi_satiri,kesin,data/normalized/elections/yerel/1999yerel.json,
TR-D-23-006,Elazığ,Karakoçan,1936-01-04,2885,23,Elazığ,Karakoçan,TR-D-23-006,kendi_satiri,kesin,data/normalized/elections/yerel/1999yerel.json,
TR-D-23-007,Elazığ,Keban,,,23,Elazığ,Keban,TR-D-23-007,kendi_satiri,kesin,data/normalized/elections/yerel/1999yerel.json,
TR-D-23-008,Elazığ,Kovancılar,1987-07-04,3392,23,Elazığ,Kovancılar,TR-D-23-008,kendi_satiri,kesin,data/normalized/elections/yerel/1999yerel.json,
TR-D-23-009,Elazığ,Maden,,,23,Elazığ,Maden,TR-D-23-009,kendi_satiri,kesin,data/normalized/elections/yerel/1999yerel.json,
TR-D-23-010,Elazığ,Palu,,,23,Elazığ,Palu,TR-D-23-010,kendi_satiri,kesin,data/normalized/elections/yerel/1999yerel.json,
TR-D-23-011,Elazığ,Sivrice,1936-01-04,2885,23,Elazığ,Sivrice,TR-D-23-011,kendi_satiri,kesin,data/normalized/elections/yerel/1999yerel.json,
TR-D-24-001,Erzincan,Çayırlı,1954-06-01,6324,24,Erzincan,Çayırlı,TR-D-24-001,kendi_satiri,kesin,data/normalized/elections/yerel/1999yerel.json,
TR-D-24-002,Erzincan,Merkez,,,24,Erzincan,Merkez,TR-D-24-002,kendi_satiri,kesin,data/normalized/elections/yerel/1999yerel.json,
TR-D-24-003,Erzincan,İliç,,,24,Erzincan,İliç,TR-D-24-003,kendi_satiri,kesin,data/normalized/elections/yerel/1999yerel.json,
TR-D-24-004,Erzincan,Kemah,,,24,Erzincan,Kemah,TR-D-24-004,kendi_satiri,kesin,data/normalized/elections/yerel/1999yerel.json,
TR-D-24-005,Erzincan,Kemaliye,,,24,Erzincan,Kemaliye,TR-D-24-005,kendi_satiri,kesin,data/normalized/elections/yerel/1999yerel.json,
TR-D-24-006,Erzincan,Otlukbeli,1990-05-20,3644,24,Erzincan,Otlukbeli,TR-D-24-006,kendi_satiri,kesin,data/normalized/elections/yerel/1999yerel.json,
TR-D-24-007,Erzincan,Refahiye,,,24,Erzincan,Refahiye,TR-D-24-007,kendi_satiri,kesin,data/normalized/elections/yerel/1999yerel.json,
TR-D-24-008,Erzincan,Tercan,,,24,Erzincan,Tercan,TR-D-24-008,kendi_satiri,kesin,data/normalized/elections/yerel/1999yerel.json,
TR-D-24-009,Erzincan,Üzümlü,1987-07-04,3392,24,Erzincan,Üzümlü,TR-D-24-009,kendi_satiri,kesin,data/normalized/elections/yerel/1999yerel.json,
TR-D-25-001,Erzurum,Aşkale,1934-07-03,2529,25,Erzurum,Aşkale,TR-D-25-001,kendi_satiri,kesin,data/normalized/elections/yerel/1999yerel.json,
TR-D-25-002,Erzurum,Aziziye,1990-05-20,3644,25,Erzurum,Aziziye (Ilıca),TR-D-25-002,kendi_satiri,kesin,data/normalized/elections/yerel/1999yerel.json,
TR-D-25-003,Erzurum,Çat,1954-06-01,6325,25,Erzurum,Çat,TR-D-25-003,kendi_satiri,kesin,data/normalized/elections/yerel/1999yerel.json,
TR-D-25-004,Erzurum,Hınıs,,,25,Erzurum,Hınıs,TR-D-25-004,kendi_satiri,kesin,data/normalized/elections/yerel/1999yerel.json,
TR-D-25-005,Erzurum,Horasan,1953-12-04,6191,25,Erzurum,Horasan,TR-D-25-005,kendi_satiri,kesin,data/normalized/elections/yerel/1999yerel.json,
TR-D-25-006,Erzurum,İspir,,,25,Erzurum,İspir,TR-D-25-006,kendi_satiri,kesin,data/normalized/elections/yerel/1999yerel.json,
TR-D-25-007,Erzurum,Karaçoban,1987-07-04,3392,25,Erzurum,Karaçoban,TR-D-25-007,kendi_satiri,kesin,data/normalized/elections/yerel/1999yerel.json,
TR-D-25-008,Erzurum,Karayazı,1937-06-23,3223,25,Erzurum,Karayazı,TR-D-25-008,kendi_satiri,kesin,data/normalized/elections/yerel/1999yerel.json,
TR-D-25-009,Erzurum,Köprüköy,1990-05-18,3647,25,Erzurum,Köprüköy,TR-D-25-009,kendi_satiri,kesin,data/normalized/elections/yerel/1999yerel.json,
TR-D-25-010,Erzurum,Narman,1954-06-01,6324,25,Erzurum,Narman,TR-D-25-010,kendi_satiri,kesin,data/normalized/elections/yerel/1999yerel.json,
TR-D-25-011,Erzurum,Oltu,,,25,Erzurum,Oltu,TR-D-25-011,kendi_satiri,kesin,data/normalized/elections/yerel/1999yerel.json,
TR-D-25-012,Erzurum,Olur,1958-04-01,7033,25,Erzurum,Olur,TR-D-25-012,kendi_satiri,kesin,data/normalized/elections/yerel/1999yerel.json,
TR-D-25-013,Erzurum,Palandöken,2008-03-22,5747,25,Erzurum,Merkez,HISTY-25-1999yerel-merkez,tarihsel_birlesim,kesin,"geo/historical/district_splits.json (HISTY-25-1999yerel-merkez, repoda doğrulanmış birleşim)",Seçim satırı Merkez poligonu: HISTY-25-1999yerel-merkez
TR-D-25-014,Erzurum,Pasinler,,,25,Erzurum,Pasinler,TR-D-25-014,kendi_satiri,kesin,data/normalized/elections/yerel/1999yerel.json,
TR-D-25-015,Erzurum,Pazaryolu,1989-06-21,3578,25,Erzurum,Pazaryolu,TR-D-25-015,kendi_satiri,kesin,data/normalized/elections/yerel/1999yerel.json,
TR-D-25-016,Erzurum,Şenkaya,1946-04-01,4869,25,Erzurum,Şenkaya,TR-D-25-016,kendi_satiri,kesin,data/normalized/elections/yerel/1999yerel.json,
TR-D-25-017,Erzurum,Tekman,1946-04-01,4869,25,Erzurum,Tekman,TR-D-25-017,kendi_satiri,kesin,data/normalized/elections/yerel/1999yerel.json,
TR-D-25-018,Erzurum,Tortum,,,25,Erzurum,Tortum,TR-D-25-018,kendi_satiri,kesin,data/normalized/elections/yerel/1999yerel.json,
TR-D-25-019,Erzurum,Uzundere,1987-07-04,3392,25,Erzurum,Uzundere,TR-D-25-019,kendi_satiri,kesin,data/normalized/elections/yerel/1999yerel.json,
TR-D-25-020,Erzurum,Yakutiye,2008-03-22,5747,25,Erzurum,Yakutiye,TR-D-25-020,kendi_satiri,şüpheli,data/normalized/elections/yerel/1999yerel.json,"Kuruluşu seçimden sonra; seçim verisindeki satır bu ilçe olamaz (idari/README.md → Bilinen boşluklar). Eşleşme korunuyor, doğrulanmalı"
TR-D-26-001,Eskişehir,Alpu,1987-07-04,3392,26,Eskişehir,Alpu,TR-D-26-001,kendi_satiri,kesin,data/normalized/elections/yerel/1999yerel.json,
TR-D-26-002,Eskişehir,Beylikova,1987-07-04,3392,26,Eskişehir,Beylikova,TR-D-26-002,kendi_satiri,kesin,data/normalized/elections/yerel/1999yerel.json,
TR-D-26-003,Eskişehir,Çifteler,1954-06-01,6321,26,Eskişehir,Çifteler,TR-D-26-003,kendi_satiri,kesin,data/normalized/elections/yerel/1999yerel.json,
TR-D-26-004,Eskişehir,Günyüzü,1990-05-20,3644,26,Eskişehir,Günyüzü,TR-D-26-004,kendi_satiri,kesin,data/normalized/elections/yerel/1999yerel.json,
TR-D-26-005,Eskişehir,Han,1990-05-20,3644,26,Eskişehir,Han,TR-D-26-005,kendi_satiri,kesin,data/normalized/elections/yerel/1999yerel.json,
TR-D-26-006,Eskişehir,İnönü,1987-07-04,3392,26,Eskişehir,İnönü,TR-D-26-006,kendi_satiri,kesin,data/normalized/elections/yerel/1999yerel.json,
TR-D-26-007,Eskişehir,Mahmudiye,1954-06-01,6321,26,Eskişehir,Mahmudiye,TR-D-26-007,kendi_satiri,kesin,data/normalized/elections/yerel/1999yerel.json,
TR-D-26-008,Eskişehir,Mihalgazi,1990-05-20,3644,26,Eskişehir,Mihalgazi,TR-D-26-008,kendi_satiri,kesin,data/normalized/elections/yerel/1999yerel.json,
TR-D-26-009,Eskişehir,Mihalıççık,,,26,Eskişehir,Mihalıççık,TR-D-26-009,kendi_satiri,kesin,data/normalized/elections/yerel/1999yerel.json,
TR-D-26-010,Eskişehir,Odunpazarı,2008-03-22,5747,26,Eskişehir,Odunpazarı,TR-D-26-010,kendi_satiri,şüpheli,data/normalized/elections/yerel/1999yerel.json,"Kuruluşu seçimden sonra; seçim verisindeki satır bu ilçe olamaz (idari/README.md → Bilinen boşluklar). Eşleşme korunuyor, doğrulanmalı"
TR-D-26-011,Eskişehir,Sarıcakaya,1958-04-01,7033,26,Eskişehir,Sarıcakaya,TR-D-26-011,kendi_satiri,kesin,data/normalized/elections/yerel/1999yerel.json,
TR-D-26-012,Eskişehir,Seyitgazi,,,26,Eskişehir,Seyitgazi,TR-D-26-012,kendi_satiri,kesin,data/normalized/elections/yerel/1999yerel.json,
TR-D-26-013,Eskişehir,Sivrihisar,,,26,Eskişehir,Sivrihisar,TR-D-26-013,kendi_satiri,kesin,data/normalized/elections/yerel/1999yerel.json,
TR-D-26-014,Eskişehir,Tepebaşı,2008-03-22,5747,26,Eskişehir,Tepebaşı,TR-D-26-014,kendi_satiri,şüpheli,data/normalized/elections/yerel/1999yerel.json,"Kuruluşu seçimden sonra; seçim verisindeki satır bu ilçe olamaz (idari/README.md → Bilinen boşluklar). Eşleşme korunuyor, doğrulanmalı"
TR-D-27-001,Gaziantep,Araban,1957-09-01,7033,27,Gaziantep,Araban,TR-D-27-001,kendi_satiri,kesin,data/normalized/elections/yerel/1999yerel.json,
TR-D-27-002,Gaziantep,İslahiye,,,27,Gaziantep,İslahiye,TR-D-27-002,kendi_satiri,kesin,data/normalized/elections/yerel/1999yerel.json,
TR-D-27-003,Gaziantep,Karkamış,1990-05-20,3644,27,Gaziantep,Karkamış,TR-D-27-003,kendi_satiri,kesin,data/normalized/elections/yerel/1999yerel.json,
TR-D-27-004,Gaziantep,Nizip,1926-06-26,877,27,Gaziantep,Nizip,TR-D-27-004,kendi_satiri,kesin,data/normalized/elections/yerel/1999yerel.json,
TR-D-27-005,Gaziantep,Nurdağı,1990-05-20,3644,27,Gaziantep,Nurdağı,TR-D-27-005,kendi_satiri,kesin,data/normalized/elections/yerel/1999yerel.json,
TR-D-27-006,Gaziantep,Oğuzeli,1946-04-01,4869,27,Gaziantep,Oğuzeli,TR-D-27-006,kendi_satiri,kesin,data/normalized/elections/yerel/1999yerel.json,
TR-D-27-007,Gaziantep,Şahinbey,1987-06-27,3398,27,Gaziantep,Şahinbey,TR-D-27-007,kendi_satiri,kesin,data/normalized/elections/yerel/1999yerel.json,
TR-D-27-008,Gaziantep,Şehitkamil,1987-06-27,3398,27,Gaziantep,Şehitkamil,TR-D-27-008,kendi_satiri,kesin,data/normalized/elections/yerel/1999yerel.json,
TR-D-27-009,Gaziantep,Yavuzeli,1958-04-01,7033,27,Gaziantep,Yavuzeli,TR-D-27-009,kendi_satiri,kesin,data/normalized/elections/yerel/1999yerel.json,
TR-D-28-001,Giresun,Alucra,,,28,Giresun,Alucra,TR-D-28-001,kendi_satiri,kesin,data/normalized/elections/yerel/1999yerel.json,
TR-D-28-002,Giresun,Bulancak,1934-07-03,2529,28,Giresun,Bulancak,TR-D-28-002,kendi_satiri,kesin,data/normalized/elections/yerel/1999yerel.json,
TR-D-28-003,Giresun,Çamoluk,1990-05-20,3644,28,Giresun,Çamoluk,TR-D-28-003,kendi_satiri,kesin,data/normalized/elections/yerel/1999yerel.json,
TR-D-28-004,Giresun,Çanakçı,1990-05-20,3644,28,Giresun,Çanakçı,TR-D-28-004,kendi_satiri,kesin,data/normalized/elections/yerel/1999yerel.json,
TR-D-28-005,Giresun,Dereli,1958-04-01,7033,28,Giresun,Dereli,TR-D-28-005,kendi_satiri,kesin,data/normalized/elections/yerel/1999yerel.json,
TR-D-28-006,Giresun,Doğankent,1990-05-20,3644,28,Giresun,Doğankent,TR-D-28-006,kendi_satiri,kesin,data/normalized/elections/yerel/1999yerel.json,
TR-D-28-007,Giresun,Espiye,1957-09-01,7033,28,Giresun,Espiye,TR-D-28-007,kendi_satiri,kesin,data/normalized/elections/yerel/1999yerel.json,
TR-D-28-008,Giresun,Eynesil,1960-04-01,7033,28,Giresun,Eynesil,TR-D-28-008,kendi_satiri,kesin,data/normalized/elections/yerel/1999yerel.json,
TR-D-28-009,Giresun,Merkez,,,28,Giresun,Merkez,TR-D-28-009,kendi_satiri,kesin,data/normalized/elections/yerel/1999yerel.json,
TR-D-28-010,Giresun,Görele,,,28,Giresun,Görele,TR-D-28-010,kendi_satiri,kesin,data/normalized/elections/yerel/1999yerel.json,
TR-D-28-011,Giresun,Güce,1990-05-20,3644,28,Giresun,Güce,TR-D-28-011,kendi_satiri,kesin,data/normalized/elections/yerel/1999yerel.json,
TR-D-28-012,Giresun,Keşap,1945-08-01,4769,28,Giresun,Keşap,TR-D-28-012,kendi_satiri,kesin,data/normalized/elections/yerel/1999yerel.json,
TR-D-28-013,Giresun,Piraziz,1987-07-04,3392,28,Giresun,Piraziz,TR-D-28-013,kendi_satiri,kesin,data/normalized/elections/yerel/1999yerel.json,
TR-D-28-014,Giresun,Şebinkarahisar,1933-06-01,2197,28,Giresun,Şebinkarahisar,TR-D-28-014,kendi_satiri,kesin,data/normalized/elections/yerel/1999yerel.json,
TR-D-28-015,Giresun,Tirebolu,,,28,Giresun,Tirebolu,TR-D-28-015,kendi_satiri,kesin,data/normalized/elections/yerel/1999yerel.json,
TR-D-28-016,Giresun,Yağlıdere,1987-07-04,3392,28,Giresun,Yağlıdere,TR-D-28-016,kendi_satiri,kesin,data/normalized/elections/yerel/1999yerel.json,
TR-D-29-001,Gümüşhane,Merkez,,,29,Gümüşhane,Merkez,TR-D-29-001,kendi_satiri,kesin,data/normalized/elections/yerel/1999yerel.json,
TR-D-29-002,Gümüşhane,Kelkit,,,29,Gümüşhane,Kelkit,TR-D-29-002,kendi_satiri,kesin,data/normalized/elections/yerel/1999yerel.json,
TR-D-29-003,Gümüşhane,Köse,1987-07-04,3392,29,Gümüşhane,Köse,TR-D-29-003,kendi_satiri,kesin,data/normalized/elections/yerel/1999yerel.json,
TR-D-29-004,Gümüşhane,Kürtün,1990-05-20,3644,29,Gümüşhane,Kürtün,TR-D-29-004,kendi_satiri,kesin,data/normalized/elections/yerel/1999yerel.json,
TR-D-29-005,Gümüşhane,Şiran,,,29,Gümüşhane,Şiran,TR-D-29-005,kendi_satiri,kesin,data/normalized/elections/yerel/1999yerel.json,
TR-D-29-006,Gümüşhane,Torul,,,29,Gümüşhane,Torul,TR-D-29-006,kendi_satiri,kesin,data/normalized/elections/yerel/1999yerel.json,
TR-D-30-001,Hakkari,Çukurca,1953-03-01,6068,30,Hakkari,Çukurca,TR-D-30-001,kendi_satiri,kesin,data/normalized/elections/yerel/1999yerel.json,
TR-D-30-002,Hakkari,Merkez,,,30,Hakkari,Merkez,TR-D-30-002,kendi_satiri,kesin,data/normalized/elections/yerel/1999yerel.json,
TR-D-30-003,Hakkari,Şemdinli,1936-01-04,2885,30,Hakkari,Şemdinli,TR-D-30-003,kendi_satiri,kesin,data/normalized/elections/yerel/1999yerel.json,
TR-D-30-004,Hakkari,Yüksekova,,,30,Hakkari,Yüksekova,TR-D-30-004,kendi_satiri,kesin,data/normalized/elections/yerel/1999yerel.json,
TR-D-30-005,Hakkari,Derecik,2018-10-25,7148,30,Hakkari,Derecik,TR-D-30-005,kendi_satiri,şüpheli,data/normalized/elections/yerel/1999yerel.json,"Kuruluşu seçimden sonra; seçim verisindeki satır bu ilçe olamaz (idari/README.md → Bilinen boşluklar). Eşleşme korunuyor, doğrulanmalı"
TR-D-31-001,Hatay,Altınözü,1945-08-01,4769,31,Hatay,Altınözü,TR-D-31-001,kendi_satiri,kesin,data/normalized/elections/yerel/1999yerel.json,
TR-D-31-002,Hatay,Antakya,2012-12-06,6360,31,Hatay,Antakya,HISTK-31-002-655ba7,tarihsel_birlesim,kesin,"geo/historical/district_splits.json (TR-D-31-002, repoda doğrulanmış birleşim)",Seçim satırı Antakya poligonu: TR-D-31-002
TR-D-31-003,Hatay,Arsuz,2012-12-06,6360,31,Hatay,Arsuz,TR-D-31-003,kendi_satiri,şüpheli,data/normalized/elections/yerel/1999yerel.json,"Kuruluşu seçimden sonra; seçim verisindeki satır bu ilçe olamaz (idari/README.md → Bilinen boşluklar). Eşleşme korunuyor, doğrulanmalı"
TR-D-31-004,Hatay,Belen,1990-05-20,3644,31,Hatay,Belen,TR-D-31-004,kendi_satiri,kesin,data/normalized/elections/yerel/1999yerel.json,
TR-D-31-005,Hatay,Defne,2012-12-06,6360,31,Hatay,Antakya,HISTK-31-002-655ba7,tarihsel_birlesim,kesin,apply_idari_merges.py: 6360 sayılı Kanun,
TR-D-31-006,Hatay,Dörtyol,,,31,Hatay,Dörtyol,HISTK-31-006-3d8c72,tarihsel_birlesim,kesin,"geo/historical/district_splits.json (TR-D-31-006, repoda doğrulanmış birleşim)",Seçim satırı Dörtyol poligonu: TR-D-31-006
TR-D-31-007,Hatay,Erzin,1987-07-04,3392,31,Hatay,Erzin,TR-D-31-007,kendi_satiri,kesin,data/normalized/elections/yerel/1999yerel.json,
TR-D-31-008,Hatay,Hassa,1939-07-11,3711,31,Hatay,Hassa,TR-D-31-008,kendi_satiri,kesin,data/normalized/elections/yerel/1999yerel.json,
TR-D-31-009,Hatay,İskenderun,1939-07-11,3711,31,Hatay,İskenderun,TR-D-31-009,kendi_satiri,kesin,data/normalized/elections/yerel/1999yerel.json,
TR-D-31-010,Hatay,Kırıkhan,1939-07-11,3711,31,Hatay,Kırıkhan,TR-D-31-010,kendi_satiri,kesin,data/normalized/elections/yerel/1999yerel.json,
TR-D-31-011,Hatay,Kumlu,1990-05-20,3644,31,Hatay,Kumlu,TR-D-31-011,kendi_satiri,kesin,data/normalized/elections/yerel/1999yerel.json,
TR-D-31-012,Hatay,Payaş,2012-12-06,6360,31,Hatay,Dörtyol,HISTK-31-006-3d8c72,tarihsel_birlesim,kesin,6360 sayılı Kanun ek (None) sayılı liste (RG 2012-12-06),Kuruluşta bütün birimleri Dörtyol ilçesinden
TR-D-31-013,Hatay,Reyhanlı,1939-07-11,3711,31,Hatay,Reyhanlı,TR-D-31-013,kendi_satiri,kesin,data/normalized/elections/yerel/1999yerel.json,
TR-D-31-014,Hatay,Samandağ,1948-01-01,5071,31,Hatay,Samandağ,TR-D-31-014,kendi_satiri,kesin,data/normalized/elections/yerel/1999yerel.json,
TR-D-31-015,Hatay,Yayladağı,1939-07-11,3711,31,Hatay,Yayladağı,TR-D-31-015,kendi_satiri,kesin,data/normalized/elections/yerel/1999yerel.json,
TR-D-32-001,Isparta,Aksu,1987-07-04,3392,32,Isparta,Aksu,TR-D-32-001,kendi_satiri,kesin,data/normalized/elections/yerel/1999yerel.json,
TR-D-32-002,Isparta,Atabey,1960-04-01,7033,32,Isparta,Atabey,TR-D-32-002,kendi_satiri,kesin,data/normalized/elections/yerel/1999yerel.json,
TR-D-32-003,Isparta,Eğirdir,,,32,Isparta,Eğirdir,TR-D-32-003,kendi_satiri,kesin,data/normalized/elections/yerel/1999yerel.json,
TR-D-32-004,Isparta,Gelendost,1954-06-01,6324,32,Isparta,Gelendost,TR-D-32-004,kendi_satiri,kesin,data/normalized/elections/yerel/1999yerel.json,
TR-D-32-005,Isparta,Gönen,1990-05-20,3644,32,Isparta,Gönen,TR-D-32-005,kendi_satiri,kesin,data/normalized/elections/yerel/1999yerel.json,
TR-D-32-006,Isparta,Merkez,,,32,Isparta,Merkez,TR-D-32-006,kendi_satiri,kesin,data/normalized/elections/yerel/1999yerel.json,
TR-D-32-007,Isparta,Keçiborlu,1948-01-01,5071,32,Isparta,Keçiborlu,TR-D-32-007,kendi_satiri,kesin,data/normalized/elections/yerel/1999yerel.json,
TR-D-32-008,Isparta,Senirkent,1952-06-30,5959,32,Isparta,Senirkent,TR-D-32-008,kendi_satiri,kesin,data/normalized/elections/yerel/1999yerel.json,
TR-D-32-009,Isparta,Sütçüler,1938-06-01,3393,32,Isparta,Sütçüler,TR-D-32-009,kendi_satiri,kesin,data/normalized/elections/yerel/1999yerel.json,
TR-D-32-010,Isparta,Şarkikaraağaç,,,32,Isparta,Şarkikaraağaç,TR-D-32-010,kendi_satiri,kesin,data/normalized/elections/yerel/1999yerel.json,
TR-D-32-011,Isparta,Uluborlu,,,32,Isparta,Uluborlu,TR-D-32-011,kendi_satiri,kesin,data/normalized/elections/yerel/1999yerel.json,
TR-D-32-012,Isparta,Yalvaç,,,32,Isparta,Yalvaç,TR-D-32-012,kendi_satiri,kesin,data/normalized/elections/yerel/1999yerel.json,
TR-D-32-013,Isparta,Yenişarbademli,1990-05-20,3644,32,Isparta,Yenişarbademli,TR-D-32-013,kendi_satiri,kesin,data/normalized/elections/yerel/1999yerel.json,
TR-D-33-001,Mersin,Akdeniz,2008-03-22,5747,33,Mersin,Akdeniz,TR-D-33-001,kendi_satiri,şüpheli,data/normalized/elections/yerel/1999yerel.json,"Kuruluşu seçimden sonra; seçim verisindeki satır bu ilçe olamaz (idari/README.md → Bilinen boşluklar). Eşleşme korunuyor, doğrulanmalı"
TR-D-33-002,Mersin,Anamur,,,33,Mersin,Anamur,TR-D-33-002,kendi_satiri,kesin,data/normalized/elections/yerel/1999yerel.json,
TR-D-33-003,Mersin,Aydıncık,1987-07-04,3392,33,Mersin,Aydıncık,TR-D-33-003,kendi_satiri,kesin,data/normalized/elections/yerel/1999yerel.json,
TR-D-33-004,Mersin,Bozyazı,1987-07-04,3392,33,Mersin,Bozyazı,TR-D-33-004,kendi_satiri,kesin,data/normalized/elections/yerel/1999yerel.json,
TR-D-33-005,Mersin,Çamlıyayla,1990-05-20,3644,33,Mersin,Çamlıyayla,TR-D-33-005,kendi_satiri,kesin,data/normalized/elections/yerel/1999yerel.json,
TR-D-33-006,Mersin,Erdemli,1954-06-01,6325,33,Mersin,Erdemli,TR-D-33-006,kendi_satiri,kesin,data/normalized/elections/yerel/1999yerel.json,
TR-D-33-007,Mersin,Gülnar,,,33,Mersin,Gülnar,TR-D-33-007,kendi_satiri,kesin,data/normalized/elections/yerel/1999yerel.json,
TR-D-33-008,Mersin,Mezitli,2008-03-22,5747,33,Mersin,Merkez,HISTY-33-1999yerel-merkez,tarihsel_birlesim,kesin,"geo/historical/district_splits.json (HISTY-33-1999yerel-merkez, repoda doğrulanmış birleşim)",Seçim satırı Merkez poligonu: HISTY-33-1999yerel-merkez
TR-D-33-009,Mersin,Mut,,,33,Mersin,Mut,TR-D-33-009,kendi_satiri,kesin,data/normalized/elections/yerel/1999yerel.json,
TR-D-33-010,Mersin,Silifke,1933-06-01,2197,33,Mersin,Silifke,TR-D-33-010,kendi_satiri,kesin,data/normalized/elections/yerel/1999yerel.json,
TR-D-33-011,Mersin,Tarsus,,,33,Mersin,Tarsus,TR-D-33-011,kendi_satiri,kesin,data/normalized/elections/yerel/1999yerel.json,
TR-D-33-012,Mersin,Toroslar,2008-03-22,5747,33,Mersin,Toroslar,TR-D-33-012,kendi_satiri,şüpheli,data/normalized/elections/yerel/1999yerel.json,"Kuruluşu seçimden sonra; seçim verisindeki satır bu ilçe olamaz (idari/README.md → Bilinen boşluklar). Eşleşme korunuyor, doğrulanmalı"
TR-D-33-013,Mersin,Yenişehir,2008-03-22,5747,33,Mersin,Yenişehir,TR-D-33-013,kendi_satiri,şüpheli,data/normalized/elections/yerel/1999yerel.json,"Kuruluşu seçimden sonra; seçim verisindeki satır bu ilçe olamaz (idari/README.md → Bilinen boşluklar). Eşleşme korunuyor, doğrulanmalı"
TR-D-34-001,İstanbul,Adalar,,,34,İstanbul,Adalar,TR-D-34-001,kendi_satiri,kesin,data/normalized/elections/yerel/1999yerel.json,
TR-D-34-002,İstanbul,Arnavutköy,2008-03-22,5747,34,İstanbul,Gaziosmanpaşa + Çatalca,HIST-Istanbul-Gaziosmanpasa-9208 + HIST-Istanbul-Catalca-9208,bolunmus_poligon,kesin,geo/historical/idari/istanbul_1961_1992_mahalle.json,Seçim tarihinde Gaziosmanpaşa ve Çatalca arasında bölünmüş. Mahalle düzeyinde: 
TR-D-34-003,İstanbul,Ataşehir,2008-03-22,5747,34,İstanbul,Kadıköy + Kartal + Ümraniye + Üsküdar,HIST-Istanbul-Kadikoy-9208 + HIST-Istanbul-Kartal-9208 + HIST-Istanbul-Umraniye-9208 + HIST-Istanbul-Uskudar-9208,bolunmus_poligon,kesin,geo/historical/idari/istanbul_1961_1992_mahalle.json,Seçim tarihinde Kadıköy ve Kartal ve Ümraniye ve Üsküdar arasında bölünmüş. Mahalle düzeyinde: 
TR-D-34-004,İstanbul,Avcılar,1992-06-03,3806,34,İstanbul,Avcılar,TR-D-34-004,kendi_satiri,kesin,data/normalized/elections/yerel/1999yerel.json,
TR-D-34-005,İstanbul,Bağcılar,1992-06-03,3806,34,İstanbul,Bağcılar,TR-D-34-005,kendi_satiri,kesin,data/normalized/elections/yerel/1999yerel.json,
TR-D-34-006,İstanbul,Bahçelievler,1992-06-03,3806,34,İstanbul,Bahçelievler,TR-D-34-006,kendi_satiri,kesin,data/normalized/elections/yerel/1999yerel.json,
TR-D-34-007,İstanbul,Bakırköy,,,34,İstanbul,Bakırköy,TR-D-34-007,kendi_satiri,kesin,data/normalized/elections/yerel/1999yerel.json,
TR-D-34-008,İstanbul,Başakşehir,2008-03-22,5747,34,İstanbul,Büyükçekmece + Esenler + Küçükçekmece,HIST-Istanbul-Buyukcekmece-9208 + HIST-Istanbul-Esenler-9208 + HIST-Istanbul-Kucukcekmece-9208,bolunmus_poligon,kesin,geo/historical/idari/istanbul_1961_1992_mahalle.json,Seçim tarihinde Büyükçekmece ve Esenler ve Küçükçekmece arasında bölünmüş. Mahalle düzeyinde: 
TR-D-34-009,İstanbul,Bayrampaşa,1990-05-20,3644,34,İstanbul,Bayrampaşa,TR-D-34-009,kendi_satiri,kesin,data/normalized/elections/yerel/1999yerel.json,
TR-D-34-010,İstanbul,Beşiktaş,1930-09-01,1612,34,İstanbul,Beşiktaş,TR-D-34-010,kendi_satiri,kesin,data/normalized/elections/yerel/1999yerel.json,
TR-D-34-011,İstanbul,Beykoz,1928-06-01,1282,34,İstanbul,Beykoz,TR-D-34-011,kendi_satiri,kesin,data/normalized/elections/yerel/1999yerel.json,
TR-D-34-012,İstanbul,Beylikdüzü,2008-03-22,5747,34,İstanbul,Büyükçekmece,HIST-Istanbul-Buyukcekmece-9208,tarihsel_birlesim,kesin,"geo/historical/district_splits.json (HIST-Istanbul-Buyukcekmece-9208, repoda doğrulanmış birleşim)",Seçim satırı Büyükçekmece poligonu: HIST-Istanbul-Buyukcekmece-9208
TR-D-34-013,İstanbul,Beyoğlu,1926-06-26,877,34,İstanbul,Beyoğlu,TR-D-34-013,kendi_satiri,kesin,data/normalized/elections/yerel/1999yerel.json,
TR-D-34-014,İstanbul,Büyükçekmece,1987-07-04,3392,34,İstanbul,Büyükçekmece,HIST-Istanbul-Buyukcekmece-9208,tarihsel_birlesim,kesin,"geo/historical/district_splits.json (HIST-Istanbul-Buyukcekmece-9208, repoda doğrulanmış birleşim)",Seçim satırı Büyükçekmece poligonu: HIST-Istanbul-Buyukcekmece-9208
TR-D-34-015,İstanbul,Çatalca,1926-06-26,877,34,İstanbul,Çatalca,HIST-Istanbul-Catalca-9208,tarihsel_birlesim,kesin,"geo/historical/district_splits.json (HIST-Istanbul-Catalca-9208, repoda doğrulanmış birleşim)",Seçim satırı Çatalca poligonu: HIST-Istanbul-Catalca-9208
TR-D-34-016,İstanbul,Çekmeköy,2008-03-22,5747,34,İstanbul,Ümraniye,HIST-Istanbul-Umraniye-9208,tarihsel_birlesim,kesin,"geo/historical/district_splits.json (HIST-Istanbul-Umraniye-9208, repoda doğrulanmış birleşim)",Seçim satırı Ümraniye poligonu: HIST-Istanbul-Umraniye-9208
TR-D-34-017,İstanbul,Esenler,1993-12-29,3949,34,İstanbul,Esenler,HIST-Istanbul-Esenler-9208,tarihsel_birlesim,kesin,"geo/historical/district_splits.json (HIST-Istanbul-Esenler-9208, repoda doğrulanmış birleşim)",Seçim satırı Esenler poligonu: HIST-Istanbul-Esenler-9208
TR-D-34-018,İstanbul,Esenyurt,2008-03-22,5747,34,İstanbul,Büyükçekmece,HIST-Istanbul-Buyukcekmece-9208,tarihsel_birlesim,kesin,"geo/historical/district_splits.json (HIST-Istanbul-Buyukcekmece-9208, repoda doğrulanmış birleşim)",Seçim satırı Büyükçekmece poligonu: HIST-Istanbul-Buyukcekmece-9208
TR-D-34-019,İstanbul,Eyüpsultan,1936-06-15,3012,34,İstanbul,Eyüp,HIST-Istanbul-Eyup-9208,tarihsel_birlesim,kesin,"geo/historical/district_splits.json (HIST-Istanbul-Eyup-9208, repoda doğrulanmış birleşim)",Seçim satırı Eyüp poligonu: HIST-Istanbul-Eyup-9208
TR-D-34-020,İstanbul,Fatih,1930-09-01,1612,34,İstanbul,Fatih,TR-D-34-020,kendi_satiri,kesin,data/normalized/elections/yerel/1999yerel.json,
TR-D-34-021,İstanbul,Gaziosmanpaşa,1963-09-04,309,34,İstanbul,Gaziosmanpaşa,HIST-Istanbul-Gaziosmanpasa-9208,tarihsel_birlesim,kesin,"geo/historical/district_splits.json (HIST-Istanbul-Gaziosmanpasa-9208, repoda doğrulanmış birleşim)",Seçim satırı Gaziosmanpaşa poligonu: HIST-Istanbul-Gaziosmanpasa-9208
TR-D-34-022,İstanbul,Güngören,1992-06-03,3806,34,İstanbul,Güngören,TR-D-34-022,kendi_satiri,kesin,data/normalized/elections/yerel/1999yerel.json,
TR-D-34-023,İstanbul,Kadıköy,1930-09-01,1612,34,İstanbul,Kadıköy,HIST-Istanbul-Kadikoy-9208,tarihsel_birlesim,kesin,"geo/historical/district_splits.json (HIST-Istanbul-Kadikoy-9208, repoda doğrulanmış birleşim)",Seçim satırı Kadıköy poligonu: HIST-Istanbul-Kadikoy-9208
TR-D-34-024,İstanbul,Kağıthane,1987-07-04,3392,34,İstanbul,Kağıthane,TR-D-34-024,kendi_satiri,kesin,data/normalized/elections/yerel/1999yerel.json,
TR-D-34-025,İstanbul,Kartal,1928-06-01,1282,34,İstanbul,Kartal,HIST-Istanbul-Kartal-9208,tarihsel_birlesim,kesin,"geo/historical/district_splits.json (HIST-Istanbul-Kartal-9208, repoda doğrulanmış birleşim)",Seçim satırı Kartal poligonu: HIST-Istanbul-Kartal-9208
TR-D-34-026,İstanbul,Küçükçekmece,1987-07-04,3392,34,İstanbul,Küçükçekmece,HIST-Istanbul-Kucukcekmece-9208,tarihsel_birlesim,kesin,"geo/historical/district_splits.json (HIST-Istanbul-Kucukcekmece-9208, repoda doğrulanmış birleşim)",Seçim satırı Küçükçekmece poligonu: HIST-Istanbul-Kucukcekmece-9208
TR-D-34-027,İstanbul,Maltepe,1992-06-03,3806,34,İstanbul,Maltepe,TR-D-34-027,kendi_satiri,kesin,data/normalized/elections/yerel/1999yerel.json,
TR-D-34-028,İstanbul,Pendik,1987-07-04,3392,34,İstanbul,Pendik,TR-D-34-028,kendi_satiri,kesin,data/normalized/elections/yerel/1999yerel.json,
TR-D-34-029,İstanbul,Sancaktepe,2008-03-22,5747,34,İstanbul,Kartal + Ümraniye,HIST-Istanbul-Kartal-9208 + HIST-Istanbul-Umraniye-9208,bolunmus_poligon,kesin,geo/historical/idari/istanbul_1961_1992_mahalle.json,Seçim tarihinde Kartal ve Ümraniye arasında bölünmüş. Mahalle düzeyinde: 
TR-D-34-030,İstanbul,Sarıyer,1930-09-01,1612,34,İstanbul,Sarıyer,TR-D-34-030,kendi_satiri,kesin,data/normalized/elections/yerel/1999yerel.json,
TR-D-34-031,İstanbul,Silivri,1928-06-01,1282,34,İstanbul,Silivri,TR-D-34-031,kendi_satiri,kesin,data/normalized/elections/yerel/1999yerel.json,
TR-D-34-032,İstanbul,Sultanbeyli,1992-06-03,3806,34,İstanbul,Sultanbeyli,TR-D-34-032,kendi_satiri,kesin,data/normalized/elections/yerel/1999yerel.json,
TR-D-34-033,İstanbul,Sultangazi,2008-03-22,5747,34,İstanbul,Eyüp + Gaziosmanpaşa,HIST-Istanbul-Eyup-9208 + HIST-Istanbul-Gaziosmanpasa-9208,bolunmus_poligon,kesin,geo/historical/idari/istanbul_1961_1992_mahalle.json,Seçim tarihinde Eyüp ve Gaziosmanpaşa arasında bölünmüş. Mahalle düzeyinde: 
TR-D-34-034,İstanbul,Şile,,,34,İstanbul,Şile,TR-D-34-034,kendi_satiri,kesin,data/normalized/elections/yerel/1999yerel.json,
TR-D-34-035,İstanbul,Şişli,1954-06-01,6324,34,İstanbul,Şişli,TR-D-34-035,kendi_satiri,kesin,data/normalized/elections/yerel/1999yerel.json,
TR-D-34-036,İstanbul,Tuzla,1992-06-03,3806,34,İstanbul,Tuzla,TR-D-34-036,kendi_satiri,kesin,data/normalized/elections/yerel/1999yerel.json,
TR-D-34-037,İstanbul,Ümraniye,1987-07-04,3392,34,İstanbul,Ümraniye,HIST-Istanbul-Umraniye-9208,tarihsel_birlesim,kesin,"geo/historical/district_splits.json (HIST-Istanbul-Umraniye-9208, repoda doğrulanmış birleşim)",Seçim satırı Ümraniye poligonu: HIST-Istanbul-Umraniye-9208
TR-D-34-038,İstanbul,Üsküdar,1926-06-26,877,34,İstanbul,Üsküdar,HIST-Istanbul-Uskudar-9208,tarihsel_birlesim,kesin,"geo/historical/district_splits.json (HIST-Istanbul-Uskudar-9208, repoda doğrulanmış birleşim)",Seçim satırı Üsküdar poligonu: HIST-Istanbul-Uskudar-9208
TR-D-34-039,İstanbul,Zeytinburnu,1957-09-01,7033,34,İstanbul,Zeytinburnu,TR-D-34-039,kendi_satiri,kesin,data/normalized/elections/yerel/1999yerel.json,
TR-D-35-001,İzmir,Aliağa,1982-01-21,2585,35,İzmir,Aliağa,TR-D-35-001,kendi_satiri,kesin,data/normalized/elections/yerel/1999yerel.json,
TR-D-35-002,İzmir,Balçova,1992-06-03,3806,35,İzmir,Balçova,TR-D-35-002,kendi_satiri,kesin,data/normalized/elections/yerel/1999yerel.json,
TR-D-35-003,İzmir,Bayındır,,,35,İzmir,Bayındır,TR-D-35-003,kendi_satiri,kesin,data/normalized/elections/yerel/1999yerel.json,
TR-D-35-004,İzmir,Bayraklı,2008-03-22,5747,35,İzmir,Karşıyaka,HIST-Izmir-Karsiyaka,tarihsel_birlesim,kesin,"geo/historical/district_splits.json (HIST-Izmir-Karsiyaka, repoda doğrulanmış birleşim)",Seçim satırı Karşıyaka poligonu: HIST-Izmir-Karsiyaka
TR-D-35-005,İzmir,Bergama,,,35,İzmir,Bergama,TR-D-35-005,kendi_satiri,kesin,data/normalized/elections/yerel/1999yerel.json,
TR-D-35-006,İzmir,Beydağ,1987-07-04,3392,35,İzmir,Beydağ,TR-D-35-006,kendi_satiri,kesin,data/normalized/elections/yerel/1999yerel.json,
TR-D-35-007,İzmir,Bornova,1958-04-01,7033,35,İzmir,Bornova,TR-D-35-007,kendi_satiri,kesin,data/normalized/elections/yerel/1999yerel.json,
TR-D-35-008,İzmir,Buca,1987-07-04,3392,35,İzmir,Buca,TR-D-35-008,kendi_satiri,kesin,data/normalized/elections/yerel/1999yerel.json,
TR-D-35-009,İzmir,Çeşme,,,35,İzmir,Çeşme,TR-D-35-009,kendi_satiri,kesin,data/normalized/elections/yerel/1999yerel.json,
TR-D-35-010,İzmir,Çiğli,1992-06-03,3806,35,İzmir,Çiğli,TR-D-35-010,kendi_satiri,kesin,data/normalized/elections/yerel/1999yerel.json,
TR-D-35-011,İzmir,Dikili,1928-06-01,1282,35,İzmir,Dikili,TR-D-35-011,kendi_satiri,kesin,data/normalized/elections/yerel/1999yerel.json,
TR-D-35-012,İzmir,Foça,,,35,İzmir,Foça,TR-D-35-012,kendi_satiri,kesin,data/normalized/elections/yerel/1999yerel.json,
TR-D-35-013,İzmir,Gaziemir,1992-06-03,3806,35,İzmir,Gaziemir,TR-D-35-013,kendi_satiri,kesin,data/normalized/elections/yerel/1999yerel.json,
TR-D-35-014,İzmir,Güzelbahçe,1993-12-29,3949,35,İzmir,Güzelbahçe,TR-D-35-014,kendi_satiri,kesin,data/normalized/elections/yerel/1999yerel.json,
TR-D-35-015,İzmir,Karabağlar,2008-03-22,5747,35,İzmir,Konak,HIST-Izmir-Konak,tarihsel_birlesim,kesin,"geo/historical/district_splits.json (HIST-Izmir-Konak, repoda doğrulanmış birleşim)",Seçim satırı Konak poligonu: HIST-Izmir-Konak
TR-D-35-016,İzmir,Karaburun,,,35,İzmir,Karaburun,TR-D-35-016,kendi_satiri,kesin,data/normalized/elections/yerel/1999yerel.json,
TR-D-35-017,İzmir,Karşıyaka,1954-06-01,6325,35,İzmir,Karşıyaka,HIST-Izmir-Karsiyaka,tarihsel_birlesim,kesin,"geo/historical/district_splits.json (HIST-Izmir-Karsiyaka, repoda doğrulanmış birleşim)",Seçim satırı Karşıyaka poligonu: HIST-Izmir-Karsiyaka
TR-D-35-018,İzmir,Kemalpaşa,,,35,İzmir,Kemalpaşa,TR-D-35-018,kendi_satiri,kesin,data/normalized/elections/yerel/1999yerel.json,
TR-D-35-019,İzmir,Kınık,1948-01-01,5071,35,İzmir,Kınık,TR-D-35-019,kendi_satiri,kesin,data/normalized/elections/yerel/1999yerel.json,
TR-D-35-020,İzmir,Kiraz,1948-01-01,5071,35,İzmir,Kiraz,TR-D-35-020,kendi_satiri,kesin,data/normalized/elections/yerel/1999yerel.json,
TR-D-35-021,İzmir,Konak,1987-07-04,3392,35,İzmir,Konak,HIST-Izmir-Konak,tarihsel_birlesim,kesin,"geo/historical/district_splits.json (HIST-Izmir-Konak, repoda doğrulanmış birleşim)",Seçim satırı Konak poligonu: HIST-Izmir-Konak
TR-D-35-022,İzmir,Menderes,1987-07-04,3392,35,İzmir,Menderes,TR-D-35-022,kendi_satiri,kesin,data/normalized/elections/yerel/1999yerel.json,
TR-D-35-023,İzmir,Menemen,,,35,İzmir,Menemen,TR-D-35-023,kendi_satiri,kesin,data/normalized/elections/yerel/1999yerel.json,
TR-D-35-024,İzmir,Narlıdere,1992-06-03,3806,35,İzmir,Narlıdere,TR-D-35-024,kendi_satiri,kesin,data/normalized/elections/yerel/1999yerel.json,
TR-D-35-025,İzmir,Ödemiş,,,35,İzmir,Ödemiş,TR-D-35-025,kendi_satiri,kesin,data/normalized/elections/yerel/1999yerel.json,
TR-D-35-026,İzmir,Seferihisar,,,35,İzmir,Seferihisar,TR-D-35-026,kendi_satiri,kesin,data/normalized/elections/yerel/1999yerel.json,
TR-D-35-027,İzmir,Selçuk,1957-09-01,7033,35,İzmir,Selçuk,TR-D-35-027,kendi_satiri,kesin,data/normalized/elections/yerel/1999yerel.json,
TR-D-35-028,İzmir,Tire,,,35,İzmir,Tire,TR-D-35-028,kendi_satiri,kesin,data/normalized/elections/yerel/1999yerel.json,
TR-D-35-029,İzmir,Torbalı,1926-06-26,877,35,İzmir,Torbalı,TR-D-35-029,kendi_satiri,kesin,data/normalized/elections/yerel/1999yerel.json,
TR-D-35-030,İzmir,Urla,,,35,İzmir,Urla,TR-D-35-030,kendi_satiri,kesin,data/normalized/elections/yerel/1999yerel.json,
TR-D-36-001,Kars,Akyaka,1987-07-04,3392,36,Kars,Akyaka,TR-D-36-001,kendi_satiri,kesin,data/normalized/elections/yerel/1999yerel.json,
TR-D-36-002,Kars,Arpaçay,,,36,Kars,Arpaçay,TR-D-36-002,kendi_satiri,kesin,data/normalized/elections/yerel/1999yerel.json,
TR-D-36-003,Kars,Digor,1953-03-01,6068,36,Kars,Digor,TR-D-36-003,kendi_satiri,kesin,data/normalized/elections/yerel/1999yerel.json,
TR-D-36-004,Kars,Kağızman,,,36,Kars,Kağızman,TR-D-36-004,kendi_satiri,kesin,data/normalized/elections/yerel/1999yerel.json,
TR-D-36-005,Kars,Merkez,,,36,Kars,Merkez,TR-D-36-005,kendi_satiri,kesin,data/normalized/elections/yerel/1999yerel.json,
TR-D-36-006,Kars,Sarıkamış,,,36,Kars,Sarıkamış,TR-D-36-006,kendi_satiri,kesin,data/normalized/elections/yerel/1999yerel.json,
TR-D-36-007,Kars,Selim,1957-09-01,7033,36,Kars,Selim,TR-D-36-007,kendi_satiri,kesin,data/normalized/elections/yerel/1999yerel.json,
TR-D-36-008,Kars,Susuz,1959-04-01,7033,36,Kars,Susuz,TR-D-36-008,kendi_satiri,kesin,data/normalized/elections/yerel/1999yerel.json,
TR-D-37-001,Kastamonu,Abana,1968-07-17,1055,37,Kastamonu,Abana,TR-D-37-001,kendi_satiri,kesin,data/normalized/elections/yerel/1999yerel.json,
TR-D-37-002,Kastamonu,Ağlı,1990-05-20,3644,37,Kastamonu,Ağlı,TR-D-37-002,kendi_satiri,kesin,data/normalized/elections/yerel/1999yerel.json,
TR-D-37-003,Kastamonu,Araç,,,37,Kastamonu,Araç,TR-D-37-003,kendi_satiri,kesin,data/normalized/elections/yerel/1999yerel.json,
TR-D-37-004,Kastamonu,Azdavay,1946-04-01,4869,37,Kastamonu,Azdavay,TR-D-37-004,kendi_satiri,kesin,data/normalized/elections/yerel/1999yerel.json,
TR-D-37-005,Kastamonu,Bozkurt,1968-07-17,1055,37,Kastamonu,Bozkurt,TR-D-37-005,kendi_satiri,kesin,data/normalized/elections/yerel/1999yerel.json,
TR-D-37-006,Kastamonu,Cide,,,37,Kastamonu,Cide,TR-D-37-006,kendi_satiri,kesin,data/normalized/elections/yerel/1999yerel.json,
TR-D-37-007,Kastamonu,Çatalzeytin,1954-06-01,6324,37,Kastamonu,Çatalzeytin,TR-D-37-007,kendi_satiri,kesin,data/normalized/elections/yerel/1999yerel.json,
TR-D-37-008,Kastamonu,Daday,,,37,Kastamonu,Daday,TR-D-37-008,kendi_satiri,kesin,data/normalized/elections/yerel/1999yerel.json,
TR-D-37-009,Kastamonu,Devrekani,1944-09-01,4642,37,Kastamonu,Devrekani,TR-D-37-009,kendi_satiri,kesin,data/normalized/elections/yerel/1999yerel.json,
TR-D-37-010,Kastamonu,Doğanyurt,1990-05-20,3644,37,Kastamonu,Doğanyurt,TR-D-37-010,kendi_satiri,kesin,data/normalized/elections/yerel/1999yerel.json,
TR-D-37-011,Kastamonu,Hanönü,1990-05-20,3644,37,Kastamonu,Hanönü,TR-D-37-011,kendi_satiri,kesin,data/normalized/elections/yerel/1999yerel.json,
TR-D-37-012,Kastamonu,İhsangazi,1987-07-04,3392,37,Kastamonu,İhsangazi,TR-D-37-012,kendi_satiri,kesin,data/normalized/elections/yerel/1999yerel.json,
TR-D-37-013,Kastamonu,İnebolu,,,37,Kastamonu,İnebolu,TR-D-37-013,kendi_satiri,kesin,data/normalized/elections/yerel/1999yerel.json,
TR-D-37-014,Kastamonu,Merkez,,,37,Kastamonu,Merkez,TR-D-37-014,kendi_satiri,kesin,data/normalized/elections/yerel/1999yerel.json,
TR-D-37-015,Kastamonu,Küre,1926-06-26,877,37,Kastamonu,Küre,TR-D-37-015,kendi_satiri,kesin,data/normalized/elections/yerel/1999yerel.json,
TR-D-37-016,Kastamonu,Pınarbaşı,1987-07-04,3392,37,Kastamonu,Pınarbaşı,TR-D-37-016,kendi_satiri,kesin,data/normalized/elections/yerel/1999yerel.json,
TR-D-37-017,Kastamonu,Seydiler,1990-05-20,3644,37,Kastamonu,Seydiler,TR-D-37-017,kendi_satiri,kesin,data/normalized/elections/yerel/1999yerel.json,
TR-D-37-018,Kastamonu,Şenpazar,1987-07-04,3392,37,Kastamonu,Şenpazar,TR-D-37-018,kendi_satiri,kesin,data/normalized/elections/yerel/1999yerel.json,
TR-D-37-019,Kastamonu,Taşköprü,,,37,Kastamonu,Taşköprü,TR-D-37-019,kendi_satiri,kesin,data/normalized/elections/yerel/1999yerel.json,
TR-D-37-020,Kastamonu,Tosya,,,37,Kastamonu,Tosya,TR-D-37-020,kendi_satiri,kesin,data/normalized/elections/yerel/1999yerel.json,
TR-D-38-001,Kayseri,Akkışla,1987-07-04,3392,38,Kayseri,Akkışla,TR-D-38-001,kendi_satiri,kesin,data/normalized/elections/yerel/1999yerel.json,
TR-D-38-002,Kayseri,Bünyan,,,38,Kayseri,Bünyan,TR-D-38-002,kendi_satiri,kesin,data/normalized/elections/yerel/1999yerel.json,
TR-D-38-003,Kayseri,Develi,,,38,Kayseri,Develi,TR-D-38-003,kendi_satiri,kesin,data/normalized/elections/yerel/1999yerel.json,
TR-D-38-004,Kayseri,Felahiye,1957-09-01,7033,38,Kayseri,Felahiye,TR-D-38-004,kendi_satiri,kesin,data/normalized/elections/yerel/1999yerel.json,
TR-D-38-005,Kayseri,Hacılar,1990-05-18,3647,38,Kayseri,Hacılar,TR-D-38-005,kendi_satiri,kesin,data/normalized/elections/yerel/1999yerel.json,
TR-D-38-006,Kayseri,İncesu,,,38,Kayseri,İncesu,TR-D-38-006,kendi_satiri,kesin,data/normalized/elections/yerel/1999yerel.json,
TR-D-38-007,Kayseri,Kocasinan,1988-12-14,3508,38,Kayseri,Kocasinan,TR-D-38-007,kendi_satiri,kesin,data/normalized/elections/yerel/1999yerel.json,
TR-D-38-008,Kayseri,Melikgazi,1988-12-14,3508,38,Kayseri,Melikgazi,TR-D-38-008,kendi_satiri,kesin,data/normalized/elections/yerel/1999yerel.json,
TR-D-38-009,Kayseri,Özvatan,1990-05-20,3644,38,Kayseri,Özvatan,TR-D-38-009,kendi_satiri,kesin,data/normalized/elections/yerel/1999yerel.json,
TR-D-38-010,Kayseri,Pınarbaşı,,,38,Kayseri,Pınarbaşı,TR-D-38-010,kendi_satiri,kesin,data/normalized/elections/yerel/1999yerel.json,
TR-D-38-011,Kayseri,Sarıoğlan,1960-04-01,7033,38,Kayseri,Sarıoğlan,TR-D-38-011,kendi_satiri,kesin,data/normalized/elections/yerel/1999yerel.json,
TR-D-38-012,Kayseri,Sarız,1946-04-01,4869,38,Kayseri,Sarız,TR-D-38-012,kendi_satiri,kesin,data/normalized/elections/yerel/1999yerel.json,
TR-D-38-013,Kayseri,Talas,1987-07-04,3392,38,Kayseri,Talas,TR-D-38-013,kendi_satiri,kesin,data/normalized/elections/yerel/1999yerel.json,
TR-D-38-014,Kayseri,Tomarza,1953-03-01,6068,38,Kayseri,Tomarza,TR-D-38-014,kendi_satiri,kesin,data/normalized/elections/yerel/1999yerel.json,
TR-D-38-015,Kayseri,Yahyalı,1954-06-01,6324,38,Kayseri,Yahyalı,TR-D-38-015,kendi_satiri,kesin,data/normalized/elections/yerel/1999yerel.json,
TR-D-38-016,Kayseri,Yeşilhisar,1948-01-01,5071,38,Kayseri,Yeşilhisar,TR-D-38-016,kendi_satiri,kesin,data/normalized/elections/yerel/1999yerel.json,
TR-D-39-001,Kırklareli,Babaeski,,,39,Kırklareli,Babaeski,TR-D-39-001,kendi_satiri,kesin,data/normalized/elections/yerel/1999yerel.json,
TR-D-39-002,Kırklareli,Demirköy,,,39,Kırklareli,Demirköy,TR-D-39-002,kendi_satiri,kesin,data/normalized/elections/yerel/1999yerel.json,
TR-D-39-003,Kırklareli,Merkez,,,39,Kırklareli,Merkez,TR-D-39-003,kendi_satiri,kesin,data/normalized/elections/yerel/1999yerel.json,
TR-D-39-004,Kırklareli,Kofçaz,1959-04-01,7033,39,Kırklareli,Kofçaz,TR-D-39-004,kendi_satiri,kesin,data/normalized/elections/yerel/1999yerel.json,
TR-D-39-005,Kırklareli,Lüleburgaz,,,39,Kırklareli,Lüleburgaz,TR-D-39-005,kendi_satiri,kesin,data/normalized/elections/yerel/1999yerel.json,
TR-D-39-006,Kırklareli,Pehlivanköy,1958-04-01,7033,39,Kırklareli,Pehlivanköy,TR-D-39-006,kendi_satiri,kesin,data/normalized/elections/yerel/1999yerel.json,
TR-D-39-007,Kırklareli,Pınarhisar,1953-03-01,6068,39,Kırklareli,Pınarhisar,TR-D-39-007,kendi_satiri,kesin,data/normalized/elections/yerel/1999yerel.json,
TR-D-39-008,Kırklareli,Vize,,,39,Kırklareli,Vize,TR-D-39-008,kendi_satiri,kesin,data/normalized/elections/yerel/1999yerel.json,
TR-D-40-001,Kırşehir,Akçakent,1990-05-20,3644,40,Kırşehir,Akçakent,TR-D-40-001,kendi_satiri,kesin,data/normalized/elections/yerel/1999yerel.json,
TR-D-40-002,Kırşehir,Akpınar,1987-07-04,3392,40,Kırşehir,Akpınar,TR-D-40-002,kendi_satiri,kesin,data/normalized/elections/yerel/1999yerel.json,
TR-D-40-003,Kırşehir,Boztepe,1990-05-20,3644,40,Kırşehir,Boztepe,TR-D-40-003,kendi_satiri,kesin,data/normalized/elections/yerel/1999yerel.json,
TR-D-40-004,Kırşehir,Çiçekdağı,,,40,Kırşehir,Çiçekdağı,TR-D-40-004,kendi_satiri,kesin,data/normalized/elections/yerel/1999yerel.json,
TR-D-40-005,Kırşehir,Kaman,1944-09-01,4642,40,Kırşehir,Kaman,TR-D-40-005,kendi_satiri,kesin,data/normalized/elections/yerel/1999yerel.json,
TR-D-40-006,Kırşehir,Merkez,,,40,Kırşehir,Merkez,TR-D-40-006,kendi_satiri,kesin,data/normalized/elections/yerel/1999yerel.json,
TR-D-40-007,Kırşehir,Mucur,,,40,Kırşehir,Mucur,TR-D-40-007,kendi_satiri,kesin,data/normalized/elections/yerel/1999yerel.json,
TR-D-41-001,Kocaeli,Başiskele,2008-03-22,5747,41,Kocaeli,Merkez,HISTK-41-008-f386a9,tarihsel_birlesim,kesin,5747 sayılı Kanun ek (25) sayılı liste (RG 2008-03-22),Kuruluşta bütün birimleri Merkez ilçesinden
TR-D-41-002,Kocaeli,Çayırova,2008-03-22,5747,41,Kocaeli,Gebze,HISTK-41-006-c17594,tarihsel_birlesim,kesin,5747 sayılı Kanun ek (26) sayılı liste (RG 2008-03-22),Kuruluşta bütün birimleri Gebze ilçesinden
TR-D-41-003,Kocaeli,Darıca,2008-03-22,5747,41,Kocaeli,Gebze,HISTK-41-006-c17594,tarihsel_birlesim,kesin,5747 sayılı Kanun ek (27) sayılı liste (RG 2008-03-22),Kuruluşta bütün birimleri Gebze ilçesinden
TR-D-41-004,Kocaeli,Derince,1999-12-09,KHK 584,41,Kocaeli,Merkez,HISTK-41-008-f386a9,tarihsel_birlesim,kesin,KHK 584 sayılı Kanun ek (2) sayılı liste (RG 1999-12-09),Kuruluşta bütün birimleri Merkez ilçesinden
TR-D-41-005,Kocaeli,Dilovası,2008-03-22,5747,41,Kocaeli,Gebze,HISTK-41-006-c17594,tarihsel_birlesim,kesin,5747 sayılı Kanun ek (28) sayılı liste (RG 2008-03-22),Kuruluşta bütün birimleri Gebze ilçesinden
TR-D-41-006,Kocaeli,Gebze,,,41,Kocaeli,Gebze,HISTK-41-006-c17594,tarihsel_birlesim,kesin,"geo/historical/district_splits.json (TR-D-41-006, repoda doğrulanmış birleşim)",Seçim satırı Gebze poligonu: TR-D-41-006
TR-D-41-007,Kocaeli,Gölcük,1936-06-15,3012,41,Kocaeli,Gölcük,TR-D-41-007,kendi_satiri,kesin,data/normalized/elections/yerel/1999yerel.json,
TR-D-41-008,Kocaeli,İzmit,2008-03-22,5747,41,Kocaeli,Merkez,HISTK-41-008-f386a9,tarihsel_birlesim,kesin,"geo/historical/district_splits.json (TR-D-41-008, repoda doğrulanmış birleşim)",Seçim satırı Merkez poligonu: TR-D-41-008
TR-D-41-009,Kocaeli,Kandıra,,,41,Kocaeli,Kandıra,TR-D-41-009,kendi_satiri,kesin,data/normalized/elections/yerel/1999yerel.json,
TR-D-41-010,Kocaeli,Karamürsel,,,41,Kocaeli,Karamürsel,TR-D-41-010,kendi_satiri,kesin,data/normalized/elections/yerel/1999yerel.json,
TR-D-41-011,Kocaeli,Kartepe,2008-03-22,5747,41,Kocaeli,Merkez,HISTK-41-008-f386a9,tarihsel_birlesim,kesin,5747 sayılı Kanun ek (30) sayılı liste (RG 2008-03-22),Kuruluşta bütün birimleri Merkez ilçesinden
TR-D-41-012,Kocaeli,Körfez,1987-07-04,3392,41,Kocaeli,Körfez,TR-D-41-012,kendi_satiri,kesin,data/normalized/elections/yerel/1999yerel.json,
TR-D-42-001,Konya,Ahırlı,1990-05-20,3644,42,Konya,Ahırlı,TR-D-42-001,kendi_satiri,kesin,data/normalized/elections/yerel/1999yerel.json,
TR-D-42-002,Konya,Akören,1987-07-04,3392,42,Konya,Akören,TR-D-42-002,kendi_satiri,kesin,data/normalized/elections/yerel/1999yerel.json,
TR-D-42-003,Konya,Akşehir,,,42,Konya,Akşehir,TR-D-42-003,kendi_satiri,kesin,data/normalized/elections/yerel/1999yerel.json,
TR-D-42-004,Konya,Altınekin,1987-07-04,3392,42,Konya,Altınekin,TR-D-42-004,kendi_satiri,kesin,data/normalized/elections/yerel/1999yerel.json,
TR-D-42-005,Konya,Beyşehir,,,42,Konya,Beyşehir,TR-D-42-005,kendi_satiri,kesin,data/normalized/elections/yerel/1999yerel.json,
TR-D-42-006,Konya,Bozkır,,,42,Konya,Bozkır,TR-D-42-006,kendi_satiri,kesin,data/normalized/elections/yerel/1999yerel.json,
TR-D-42-007,Konya,Cihanbeyli,1926-06-26,877,42,Konya,Cihanbeyli,TR-D-42-007,kendi_satiri,kesin,data/normalized/elections/yerel/1999yerel.json,
TR-D-42-008,Konya,Çeltik,1990-05-20,3644,42,Konya,Çeltik,TR-D-42-008,kendi_satiri,kesin,data/normalized/elections/yerel/1999yerel.json,
TR-D-42-009,Konya,Çumra,1926-06-26,877,42,Konya,Çumra,TR-D-42-009,kendi_satiri,kesin,data/normalized/elections/yerel/1999yerel.json,
TR-D-42-010,Konya,Derbent,1990-05-20,3644,42,Konya,Derbent,TR-D-42-010,kendi_satiri,kesin,data/normalized/elections/yerel/1999yerel.json,
TR-D-42-011,Konya,Derebucak,1987-07-04,3392,42,Konya,Derebucak,TR-D-42-011,kendi_satiri,kesin,data/normalized/elections/yerel/1999yerel.json,
TR-D-42-012,Konya,Doğanhisar,1957-09-01,7033,42,Konya,Doğanhisar,TR-D-42-012,kendi_satiri,kesin,data/normalized/elections/yerel/1999yerel.json,
TR-D-42-013,Konya,Emirgazi,1990-05-20,3644,42,Konya,Emirgazi,TR-D-42-013,kendi_satiri,kesin,data/normalized/elections/yerel/1999yerel.json,
TR-D-42-014,Konya,Ereğli,,,42,Konya,Ereğli,TR-D-42-014,kendi_satiri,kesin,data/normalized/elections/yerel/1999yerel.json,
TR-D-42-015,Konya,Güneysınır,1990-05-20,3644,42,Konya,Güneysınır,TR-D-42-015,kendi_satiri,kesin,data/normalized/elections/yerel/1999yerel.json,
TR-D-42-016,Konya,Hadim,1926-06-26,877,42,Konya,Hadim,TR-D-42-016,kendi_satiri,kesin,data/normalized/elections/yerel/1999yerel.json,
TR-D-42-017,Konya,Halkapınar,1990-05-20,3644,42,Konya,Halkapınar,TR-D-42-017,kendi_satiri,kesin,data/normalized/elections/yerel/1999yerel.json,
TR-D-42-018,Konya,Hüyük,1987-07-04,3392,42,Konya,Hüyük,TR-D-42-018,kendi_satiri,kesin,data/normalized/elections/yerel/1999yerel.json,
TR-D-42-019,Konya,Ilgın,,,42,Konya,Ilgın,TR-D-42-019,kendi_satiri,kesin,data/normalized/elections/yerel/1999yerel.json,
TR-D-42-020,Konya,Kadınhanı,,,42,Konya,Kadınhanı,TR-D-42-020,kendi_satiri,kesin,data/normalized/elections/yerel/1999yerel.json,
TR-D-42-021,Konya,Karapınar,,,42,Konya,Karapınar,TR-D-42-021,kendi_satiri,kesin,data/normalized/elections/yerel/1999yerel.json,
TR-D-42-022,Konya,Karatay,1987-06-27,3399,42,Konya,Karatay,TR-D-42-022,kendi_satiri,kesin,data/normalized/elections/yerel/1999yerel.json,
TR-D-42-023,Konya,Kulu,1954-06-01,6325,42,Konya,Kulu,TR-D-42-023,kendi_satiri,kesin,data/normalized/elections/yerel/1999yerel.json,
TR-D-42-024,Konya,Meram,1987-06-27,3399,42,Konya,Meram,TR-D-42-024,kendi_satiri,kesin,data/normalized/elections/yerel/1999yerel.json,
TR-D-42-025,Konya,Sarayönü,1959-04-01,7033,42,Konya,Sarayönü,TR-D-42-025,kendi_satiri,kesin,data/normalized/elections/yerel/1999yerel.json,
TR-D-42-026,Konya,Selçuklu,1987-06-27,3399,42,Konya,Selçuklu,TR-D-42-026,kendi_satiri,kesin,data/normalized/elections/yerel/1999yerel.json,
TR-D-42-027,Konya,Seydişehir,,,42,Konya,Seydişehir,TR-D-42-027,kendi_satiri,kesin,data/normalized/elections/yerel/1999yerel.json,
TR-D-42-028,Konya,Taşkent,1987-07-04,3392,42,Konya,Taşkent,TR-D-42-028,kendi_satiri,kesin,data/normalized/elections/yerel/1999yerel.json,
TR-D-42-029,Konya,Tuzlukçu,1990-05-20,3644,42,Konya,Tuzlukçu,TR-D-42-029,kendi_satiri,kesin,data/normalized/elections/yerel/1999yerel.json,
TR-D-42-030,Konya,Yalıhüyük,1990-05-20,3644,42,Konya,Yalıhüyük,TR-D-42-030,kendi_satiri,kesin,data/normalized/elections/yerel/1999yerel.json,
TR-D-42-031,Konya,Yunak,1953-03-01,6068,42,Konya,Yunak,TR-D-42-031,kendi_satiri,kesin,data/normalized/elections/yerel/1999yerel.json,
TR-D-43-001,Kütahya,Altıntaş,1947-01-01,4993,43,Kütahya,Altıntaş,TR-D-43-001,kendi_satiri,kesin,data/normalized/elections/yerel/1999yerel.json,
TR-D-43-002,Kütahya,Aslanapa,1987-07-04,3392,43,Kütahya,Aslanapa,TR-D-43-002,kendi_satiri,kesin,data/normalized/elections/yerel/1999yerel.json,
TR-D-43-003,Kütahya,Çavdarhisar,1990-05-20,3644,43,Kütahya,Çavdarhisar,TR-D-43-003,kendi_satiri,kesin,data/normalized/elections/yerel/1999yerel.json,
TR-D-43-004,Kütahya,Domaniç,1960-04-01,7033,43,Kütahya,Domaniç,TR-D-43-004,kendi_satiri,kesin,data/normalized/elections/yerel/1999yerel.json,
TR-D-43-005,Kütahya,Dumlupınar,1987-07-04,3392,43,Kütahya,Dumlupınar,TR-D-43-005,kendi_satiri,kesin,data/normalized/elections/yerel/1999yerel.json,
TR-D-43-006,Kütahya,Emet,,,43,Kütahya,Emet,TR-D-43-006,kendi_satiri,kesin,data/normalized/elections/yerel/1999yerel.json,
TR-D-43-007,Kütahya,Gediz,,,43,Kütahya,Gediz,TR-D-43-007,kendi_satiri,kesin,data/normalized/elections/yerel/1999yerel.json,
TR-D-43-008,Kütahya,Hisarcık,1987-07-04,3392,43,Kütahya,Hisarcık,TR-D-43-008,kendi_satiri,kesin,data/normalized/elections/yerel/1999yerel.json,
TR-D-43-009,Kütahya,Merkez,,,43,Kütahya,Merkez,TR-D-43-009,kendi_satiri,kesin,data/normalized/elections/yerel/1999yerel.json,
TR-D-43-010,Kütahya,Pazarlar,1990-05-20,3644,43,Kütahya,Pazarlar,TR-D-43-010,kendi_satiri,kesin,data/normalized/elections/yerel/1999yerel.json,
TR-D-43-011,Kütahya,Simav,,,43,Kütahya,Simav,TR-D-43-011,kendi_satiri,kesin,data/normalized/elections/yerel/1999yerel.json,
TR-D-43-012,Kütahya,Şaphane,1987-07-04,3392,43,Kütahya,Şaphane,TR-D-43-012,kendi_satiri,kesin,data/normalized/elections/yerel/1999yerel.json,
TR-D-43-013,Kütahya,Tavşanlı,,,43,Kütahya,Tavşanlı,TR-D-43-013,kendi_satiri,kesin,data/normalized/elections/yerel/1999yerel.json,
TR-D-44-001,Malatya,Akçadağ,,,44,Malatya,Akçadağ,TR-D-44-001,kendi_satiri,kesin,data/normalized/elections/yerel/1999yerel.json,
TR-D-44-002,Malatya,Arapgir,,,44,Malatya,Arapgir,TR-D-44-002,kendi_satiri,kesin,data/normalized/elections/yerel/1999yerel.json,
TR-D-44-003,Malatya,Arguvan,1954-06-01,6325,44,Malatya,Arguvan,TR-D-44-003,kendi_satiri,kesin,data/normalized/elections/yerel/1999yerel.json,
TR-D-44-004,Malatya,Battalgazi,1987-07-04,3392,44,Malatya,Battalgazi,TR-D-44-004,kendi_satiri,kesin,data/normalized/elections/yerel/1999yerel.json,
TR-D-44-005,Malatya,Darende,,,44,Malatya,Darende,TR-D-44-005,kendi_satiri,kesin,data/normalized/elections/yerel/1999yerel.json,
TR-D-44-006,Malatya,Doğanşehir,1946-04-01,4869,44,Malatya,Doğanşehir,TR-D-44-006,kendi_satiri,kesin,data/normalized/elections/yerel/1999yerel.json,
TR-D-44-007,Malatya,Doğanyol,1990-05-20,3644,44,Malatya,Doğanyol,TR-D-44-007,kendi_satiri,kesin,data/normalized/elections/yerel/1999yerel.json,
TR-D-44-008,Malatya,Hekimhan,,,44,Malatya,Hekimhan,TR-D-44-008,kendi_satiri,kesin,data/normalized/elections/yerel/1999yerel.json,
TR-D-44-009,Malatya,Kale,1990-05-20,3644,44,Malatya,Kale,TR-D-44-009,kendi_satiri,kesin,data/normalized/elections/yerel/1999yerel.json,
TR-D-44-010,Malatya,Kuluncak,1990-05-20,3644,44,Malatya,Kuluncak,TR-D-44-010,kendi_satiri,kesin,data/normalized/elections/yerel/1999yerel.json,
TR-D-44-011,Malatya,Pütürge,,,44,Malatya,Pütürge,TR-D-44-011,kendi_satiri,kesin,data/normalized/elections/yerel/1999yerel.json,
TR-D-44-012,Malatya,Yazıhan,1990-05-20,3644,44,Malatya,Yazıhan,TR-D-44-012,kendi_satiri,kesin,data/normalized/elections/yerel/1999yerel.json,
TR-D-44-013,Malatya,Yeşilyurt,1957-09-01,7033,44,Malatya,Yeşilyurt,TR-D-44-013,kendi_satiri,kesin,data/normalized/elections/yerel/1999yerel.json,
TR-D-45-001,Manisa,Ahmetli,1987-07-04,3392,45,Manisa,Ahmetli,TR-D-45-001,kendi_satiri,kesin,data/normalized/elections/yerel/1999yerel.json,
TR-D-45-002,Manisa,Akhisar,,,45,Manisa,Akhisar,TR-D-45-002,kendi_satiri,kesin,data/normalized/elections/yerel/1999yerel.json,
TR-D-45-003,Manisa,Alaşehir,,,45,Manisa,Alaşehir,TR-D-45-003,kendi_satiri,kesin,data/normalized/elections/yerel/1999yerel.json,
TR-D-45-004,Manisa,Demirci,,,45,Manisa,Demirci,TR-D-45-004,kendi_satiri,kesin,data/normalized/elections/yerel/1999yerel.json,
TR-D-45-005,Manisa,Gölmarmara,1987-07-04,3392,45,Manisa,Gölmarmara,TR-D-45-005,kendi_satiri,kesin,data/normalized/elections/yerel/1999yerel.json,
TR-D-45-006,Manisa,Gördes,,,45,Manisa,Gördes,TR-D-45-006,kendi_satiri,kesin,data/normalized/elections/yerel/1999yerel.json,
TR-D-45-007,Manisa,Kırkağaç,,,45,Manisa,Kırkağaç,TR-D-45-007,kendi_satiri,kesin,data/normalized/elections/yerel/1999yerel.json,
TR-D-45-008,Manisa,Köprübaşı,1990-05-20,3644,45,Manisa,Köprübaşı,TR-D-45-008,kendi_satiri,kesin,data/normalized/elections/yerel/1999yerel.json,
TR-D-45-009,Manisa,Kula,,,45,Manisa,Kula,TR-D-45-009,kendi_satiri,kesin,data/normalized/elections/yerel/1999yerel.json,
TR-D-45-010,Manisa,Salihli,,,45,Manisa,Salihli,TR-D-45-010,kendi_satiri,kesin,data/normalized/elections/yerel/1999yerel.json,
TR-D-45-011,Manisa,Sarıgöl,1957-09-01,7033,45,Manisa,Sarıgöl,TR-D-45-011,kendi_satiri,kesin,data/normalized/elections/yerel/1999yerel.json,
TR-D-45-012,Manisa,Saruhanlı,1959-04-01,7033,45,Manisa,Saruhanlı,TR-D-45-012,kendi_satiri,kesin,data/normalized/elections/yerel/1999yerel.json,
TR-D-45-013,Manisa,Selendi,1954-06-01,6324,45,Manisa,Selendi,TR-D-45-013,kendi_satiri,kesin,data/normalized/elections/yerel/1999yerel.json,
TR-D-45-014,Manisa,Soma,,,45,Manisa,Soma,TR-D-45-014,kendi_satiri,kesin,data/normalized/elections/yerel/1999yerel.json,
TR-D-45-015,Manisa,Şehzadeler,2012-12-06,6360,45,Manisa,Merkez,HIST-Manisa-Merkez,tarihsel_birlesim,kesin,"geo/historical/district_splits.json (HIST-Manisa-Merkez, repoda doğrulanmış birleşim)",Seçim satırı Merkez poligonu: HIST-Manisa-Merkez
TR-D-45-016,Manisa,Turgutlu,,,45,Manisa,Turgutlu,TR-D-45-016,kendi_satiri,kesin,data/normalized/elections/yerel/1999yerel.json,
TR-D-45-017,Manisa,Yunusemre,2012-12-06,6360,45,Manisa,Merkez,HIST-Manisa-Merkez,tarihsel_birlesim,kesin,"geo/historical/district_splits.json (HIST-Manisa-Merkez, repoda doğrulanmış birleşim)",Seçim satırı Merkez poligonu: HIST-Manisa-Merkez
TR-D-46-001,Kahramanmaraş,Afşin,1944-09-01,4642,46,Kahramanmaraş,Afşin,TR-D-46-001,kendi_satiri,kesin,data/normalized/elections/yerel/1999yerel.json,
TR-D-46-002,Kahramanmaraş,Andırın,,,46,Kahramanmaraş,Andırın,TR-D-46-002,kendi_satiri,kesin,data/normalized/elections/yerel/1999yerel.json,
TR-D-46-003,Kahramanmaraş,Çağlayancerit,1987-07-04,3392,46,Kahramanmaraş,Çağlayancerit,TR-D-46-003,kendi_satiri,kesin,data/normalized/elections/yerel/1999yerel.json,
TR-D-46-004,Kahramanmaraş,Dülkadiroğlu,2012-12-06,6360,46,Kahramanmaraş,Merkez,HIST-Kahramanmaraş-Merkez,tarihsel_birlesim,kesin,"geo/historical/district_splits.json (HIST-Kahramanmaraş-Merkez, repoda doğrulanmış birleşim)",Seçim satırı Merkez poligonu: HIST-Kahramanmaraş-Merkez
TR-D-46-005,Kahramanmaraş,Ekinözü,1990-05-20,3644,46,Kahramanmaraş,Ekinözü,TR-D-46-005,kendi_satiri,kesin,data/normalized/elections/yerel/1999yerel.json,
TR-D-46-006,Kahramanmaraş,Elbistan,,,46,Kahramanmaraş,Elbistan,TR-D-46-006,kendi_satiri,kesin,data/normalized/elections/yerel/1999yerel.json,
TR-D-46-007,Kahramanmaraş,Göksun,,,46,Kahramanmaraş,Göksun,TR-D-46-007,kendi_satiri,kesin,data/normalized/elections/yerel/1999yerel.json,
TR-D-46-008,Kahramanmaraş,Nurhak,1990-05-20,3644,46,Kahramanmaraş,Nurhak,TR-D-46-008,kendi_satiri,kesin,data/normalized/elections/yerel/1999yerel.json,
TR-D-46-009,Kahramanmaraş,Onikişubat,2012-12-06,6360,46,Kahramanmaraş,Merkez,HIST-Kahramanmaraş-Merkez,tarihsel_birlesim,kesin,"geo/historical/district_splits.json (HIST-Kahramanmaraş-Merkez, repoda doğrulanmış birleşim)",Seçim satırı Merkez poligonu: HIST-Kahramanmaraş-Merkez
TR-D-46-010,Kahramanmaraş,Pazarcık,,,46,Kahramanmaraş,Pazarcık,TR-D-46-010,kendi_satiri,kesin,data/normalized/elections/yerel/1999yerel.json,
TR-D-46-011,Kahramanmaraş,Türkoğlu,1960-04-01,7033,46,Kahramanmaraş,Türkoğlu,TR-D-46-011,kendi_satiri,kesin,data/normalized/elections/yerel/1999yerel.json,
TR-D-47-001,Mardin,Artüklü,2012-12-06,6360,47,Mardin,Merkez,TR-D-47-001,kendi_satiri,kesin,data/normalized/elections/yerel/1999yerel.json,Seçim tarihinde il Merkez ilçesi; bugünkü adı sonradan (merkez ilçe dönüşümü)
TR-D-47-002,Mardin,Dargeçit,1987-07-04,3392,47,Mardin,Dargeçit,TR-D-47-002,kendi_satiri,kesin,data/normalized/elections/yerel/1999yerel.json,
TR-D-47-003,Mardin,Derik,,,47,Mardin,Derik,TR-D-47-003,kendi_satiri,kesin,data/normalized/elections/yerel/1999yerel.json,
TR-D-47-004,Mardin,Kızıltepe,1929-10-13,kararname,47,Mardin,Kızıltepe,TR-D-47-004,kendi_satiri,kesin,data/normalized/elections/yerel/1999yerel.json,
TR-D-47-005,Mardin,Mazıdağı,1937-06-23,3223,47,Mardin,Mazıdağı,TR-D-47-005,kendi_satiri,kesin,data/normalized/elections/yerel/1999yerel.json,
TR-D-47-006,Mardin,Midyat,,,47,Mardin,Midyat,TR-D-47-006,kendi_satiri,kesin,data/normalized/elections/yerel/1999yerel.json,
TR-D-47-007,Mardin,Nusaybin,,,47,Mardin,Nusaybin,TR-D-47-007,kendi_satiri,kesin,data/normalized/elections/yerel/1999yerel.json,
TR-D-47-008,Mardin,Ömerli,1953-03-01,6068,47,Mardin,Ömerli,TR-D-47-008,kendi_satiri,kesin,data/normalized/elections/yerel/1999yerel.json,
TR-D-47-009,Mardin,Savur,,,47,Mardin,Savur,TR-D-47-009,kendi_satiri,kesin,data/normalized/elections/yerel/1999yerel.json,
TR-D-47-010,Mardin,Yeşilli,1990-05-20,3644,47,Mardin,Yeşilli,TR-D-47-010,kendi_satiri,kesin,data/normalized/elections/yerel/1999yerel.json,
TR-D-48-001,Muğla,Bodrum,,,48,Muğla,Bodrum,TR-D-48-001,kendi_satiri,kesin,data/normalized/elections/yerel/1999yerel.json,
TR-D-48-002,Muğla,Dalaman,1983-11-30,2963,48,Muğla,Dalaman,TR-D-48-002,kendi_satiri,kesin,data/normalized/elections/yerel/1999yerel.json,
TR-D-48-003,Muğla,Datça,1928-06-01,1282,48,Muğla,Datça,TR-D-48-003,kendi_satiri,kesin,data/normalized/elections/yerel/1999yerel.json,
TR-D-48-004,Muğla,Fethiye,,,48,Muğla,Fethiye,HISTK-48-004-bc6e5e,tarihsel_birlesim,kesin,"geo/historical/district_splits.json (TR-D-48-004, repoda doğrulanmış birleşim)",Seçim satırı Fethiye poligonu: TR-D-48-004
TR-D-48-005,Muğla,Kavaklıdere,1990-05-20,3644,48,Muğla,Kavaklıdere,TR-D-48-005,kendi_satiri,kesin,data/normalized/elections/yerel/1999yerel.json,
TR-D-48-006,Muğla,Köyceğiz,,,48,Muğla,Köyceğiz,TR-D-48-006,kendi_satiri,kesin,data/normalized/elections/yerel/1999yerel.json,
TR-D-48-007,Muğla,Marmaris,,,48,Muğla,Marmaris,TR-D-48-007,kendi_satiri,kesin,data/normalized/elections/yerel/1999yerel.json,
TR-D-48-008,Muğla,Menteşe,2012-12-06,6360,48,Muğla,Menteşe,TR-D-48-008,kendi_satiri,kesin,data/normalized/elections/yerel/1999yerel.json,Seçim tarihinde il Merkez ilçesi; bugünkü adı sonradan (merkez ilçe dönüşümü)
TR-D-48-009,Muğla,Milas,,,48,Muğla,Milas,TR-D-48-009,kendi_satiri,kesin,data/normalized/elections/yerel/1999yerel.json,
TR-D-48-010,Muğla,Ortaca,1987-07-04,3392,48,Muğla,Ortaca,TR-D-48-010,kendi_satiri,kesin,data/normalized/elections/yerel/1999yerel.json,
TR-D-48-011,Muğla,Seydikemer,2012-12-06,6360,48,Muğla,Fethiye,HISTK-48-004-bc6e5e,tarihsel_birlesim,kesin,6360 sayılı Kanun ek (16) sayılı liste (RG 2012-12-06),Kuruluşta bütün birimleri Fethiye ilçesinden
TR-D-48-012,Muğla,Ula,1954-06-01,6325,48,Muğla,Ula,TR-D-48-012,kendi_satiri,kesin,data/normalized/elections/yerel/1999yerel.json,
TR-D-48-013,Muğla,Yatağan,1944-09-01,4642,48,Muğla,Yatağan,TR-D-48-013,kendi_satiri,kesin,data/normalized/elections/yerel/1999yerel.json,
TR-D-49-001,Muş,Bulanık,,,49,Muş,Bulanık,TR-D-49-001,kendi_satiri,kesin,data/normalized/elections/yerel/1999yerel.json,
TR-D-49-002,Muş,Hasköy,1987-07-04,3392,49,Muş,Hasköy,TR-D-49-002,kendi_satiri,kesin,data/normalized/elections/yerel/1999yerel.json,
TR-D-49-003,Muş,Korkut,1990-05-20,3644,49,Muş,Korkut,TR-D-49-003,kendi_satiri,kesin,data/normalized/elections/yerel/1999yerel.json,
TR-D-49-004,Muş,Malazgirt,,,49,Muş,Malazgirt,TR-D-49-004,kendi_satiri,kesin,data/normalized/elections/yerel/1999yerel.json,
TR-D-49-005,Muş,Merkez,,,49,Muş,Merkez,TR-D-49-005,kendi_satiri,kesin,data/normalized/elections/yerel/1999yerel.json,
TR-D-49-006,Muş,Varto,,,49,Muş,Varto,TR-D-49-006,kendi_satiri,kesin,data/normalized/elections/yerel/1999yerel.json,
TR-D-50-001,Nevşehir,Acıgöl,1987-07-04,3392,50,Nevşehir,Acıgöl,TR-D-50-001,kendi_satiri,kesin,data/normalized/elections/yerel/1999yerel.json,
TR-D-50-002,Nevşehir,Avanos,,,50,Nevşehir,Avanos,TR-D-50-002,kendi_satiri,kesin,data/normalized/elections/yerel/1999yerel.json,
TR-D-50-003,Nevşehir,Derinkuyu,1960-04-01,7033,50,Nevşehir,Derinkuyu,TR-D-50-003,kendi_satiri,kesin,data/normalized/elections/yerel/1999yerel.json,
TR-D-50-004,Nevşehir,Gülşehir,,,50,Nevşehir,Gülşehir,TR-D-50-004,kendi_satiri,kesin,data/normalized/elections/yerel/1999yerel.json,
TR-D-50-005,Nevşehir,Hacıbektaş,1948-01-01,5071,50,Nevşehir,Hacıbektaş,TR-D-50-005,kendi_satiri,kesin,data/normalized/elections/yerel/1999yerel.json,
TR-D-50-006,Nevşehir,Kozaklı,1954-06-01,6324,50,Nevşehir,Kozaklı,TR-D-50-006,kendi_satiri,kesin,data/normalized/elections/yerel/1999yerel.json,
TR-D-50-007,Nevşehir,Merkez,,,50,Nevşehir,Merkez,TR-D-50-007,kendi_satiri,kesin,data/normalized/elections/yerel/1999yerel.json,
TR-D-50-008,Nevşehir,Ürgüp,,,50,Nevşehir,Ürgüp,TR-D-50-008,kendi_satiri,kesin,data/normalized/elections/yerel/1999yerel.json,
TR-D-51-001,Niğde,Altunhisar,1990-05-20,3644,51,Niğde,Altunhisar,TR-D-51-001,kendi_satiri,kesin,data/normalized/elections/yerel/1999yerel.json,
TR-D-51-002,Niğde,Bor,,,51,Niğde,Bor,TR-D-51-002,kendi_satiri,kesin,data/normalized/elections/yerel/1999yerel.json,
TR-D-51-003,Niğde,Çamardı,1948-01-01,5071,51,Niğde,Çamardı,TR-D-51-003,kendi_satiri,kesin,data/normalized/elections/yerel/1999yerel.json,
TR-D-51-004,Niğde,Çiftlik,1990-05-20,3644,51,Niğde,Çiftlik,TR-D-51-004,kendi_satiri,kesin,data/normalized/elections/yerel/1999yerel.json,
TR-D-51-005,Niğde,Merkez,,,51,Niğde,Merkez,TR-D-51-005,kendi_satiri,kesin,data/normalized/elections/yerel/1999yerel.json,
TR-D-51-006,Niğde,Ulukışla,,,51,Niğde,Ulukışla,TR-D-51-006,kendi_satiri,kesin,data/normalized/elections/yerel/1999yerel.json,
TR-D-52-001,Ordu,Akkuş,1954-06-01,6324,52,Ordu,Akkuş,TR-D-52-001,kendi_satiri,kesin,data/normalized/elections/yerel/1999yerel.json,
TR-D-52-002,Ordu,Altınordu,2013-03-22,6447,52,Ordu,Altınordu,TR-D-52-002,kendi_satiri,kesin,data/normalized/elections/yerel/1999yerel.json,Seçim tarihinde il Merkez ilçesi; bugünkü adı sonradan (merkez ilçe dönüşümü)
TR-D-52-003,Ordu,Aybastı,1959-04-01,7033,52,Ordu,Aybastı,TR-D-52-003,kendi_satiri,kesin,data/normalized/elections/yerel/1999yerel.json,
TR-D-52-004,Ordu,Çamaş,1990-05-20,3644,52,Ordu,Çamaş,TR-D-52-004,kendi_satiri,kesin,data/normalized/elections/yerel/1999yerel.json,
TR-D-52-005,Ordu,Çatalpınar,1990-05-20,3644,52,Ordu,Çatalpınar,TR-D-52-005,kendi_satiri,kesin,data/normalized/elections/yerel/1999yerel.json,
TR-D-52-006,Ordu,Çaybaşı,1990-05-20,3644,52,Ordu,Çaybaşı,TR-D-52-006,kendi_satiri,kesin,data/normalized/elections/yerel/1999yerel.json,
TR-D-52-007,Ordu,Fatsa,,,52,Ordu,Fatsa,TR-D-52-007,kendi_satiri,kesin,data/normalized/elections/yerel/1999yerel.json,
TR-D-52-008,Ordu,Gölköy,1936-06-15,3012,52,Ordu,Gölköy,TR-D-52-008,kendi_satiri,kesin,data/normalized/elections/yerel/1999yerel.json,
TR-D-52-009,Ordu,Gülyalı,1987-07-04,3392,52,Ordu,Gülyalı,TR-D-52-009,kendi_satiri,kesin,data/normalized/elections/yerel/1999yerel.json,
TR-D-52-010,Ordu,Gürgentepe,1987-07-04,3392,52,Ordu,Gürgentepe,TR-D-52-010,kendi_satiri,kesin,data/normalized/elections/yerel/1999yerel.json,
TR-D-52-011,Ordu,İkizce,1990-05-20,3644,52,Ordu,İkizce,TR-D-52-011,kendi_satiri,kesin,data/normalized/elections/yerel/1999yerel.json,
TR-D-52-012,Ordu,Kabadüz,1990-05-20,3644,52,Ordu,Kabadüz,TR-D-52-012,kendi_satiri,kesin,data/normalized/elections/yerel/1999yerel.json,
TR-D-52-013,Ordu,Kabataş,1990-05-20,3644,52,Ordu,Kabataş,TR-D-52-013,kendi_satiri,kesin,data/normalized/elections/yerel/1999yerel.json,
TR-D-52-014,Ordu,Korgan,1960-04-01,7033,52,Ordu,Korgan,TR-D-52-014,kendi_satiri,kesin,data/normalized/elections/yerel/1999yerel.json,
TR-D-52-015,Ordu,Kumru,1960-04-01,7033,52,Ordu,Kumru,TR-D-52-015,kendi_satiri,kesin,data/normalized/elections/yerel/1999yerel.json,
TR-D-52-016,Ordu,Mesudiye,,,52,Ordu,Mesudiye,TR-D-52-016,kendi_satiri,kesin,data/normalized/elections/yerel/1999yerel.json,
TR-D-52-017,Ordu,Perşembe,1945-08-01,4769,52,Ordu,Perşembe,TR-D-52-017,kendi_satiri,kesin,data/normalized/elections/yerel/1999yerel.json,
TR-D-52-018,Ordu,Ulubey,1958-04-01,7033,52,Ordu,Ulubey,TR-D-52-018,kendi_satiri,kesin,data/normalized/elections/yerel/1999yerel.json,
TR-D-52-019,Ordu,Ünye,,,52,Ordu,Ünye,TR-D-52-019,kendi_satiri,kesin,data/normalized/elections/yerel/1999yerel.json,
TR-D-53-001,Rize,Ardeşen,1953-03-01,6068,53,Rize,Ardeşen,TR-D-53-001,kendi_satiri,kesin,data/normalized/elections/yerel/1999yerel.json,
TR-D-53-002,Rize,Çamlıhemşin,1960-04-01,7033,53,Rize,Çamlıhemşin,TR-D-53-002,kendi_satiri,kesin,data/normalized/elections/yerel/1999yerel.json,
TR-D-53-003,Rize,Çayeli,1944-09-01,4642,53,Rize,Çayeli,TR-D-53-003,kendi_satiri,kesin,data/normalized/elections/yerel/1999yerel.json,
TR-D-53-004,Rize,Derepazarı,1990-05-20,3644,53,Rize,Derepazarı,TR-D-53-004,kendi_satiri,kesin,data/normalized/elections/yerel/1999yerel.json,
TR-D-53-005,Rize,Fındıklı,1948-01-01,5071,53,Rize,Fındıklı,TR-D-53-005,kendi_satiri,kesin,data/normalized/elections/yerel/1999yerel.json,
TR-D-53-006,Rize,Güneysu,1987-07-04,3392,53,Rize,Güneysu,TR-D-53-006,kendi_satiri,kesin,data/normalized/elections/yerel/1999yerel.json,
TR-D-53-007,Rize,Hemşin,1990-05-20,3644,53,Rize,Hemşin,TR-D-53-007,kendi_satiri,kesin,data/normalized/elections/yerel/1999yerel.json,
TR-D-53-008,Rize,İkizdere,1945-08-01,4769,53,Rize,İkizdere,TR-D-53-008,kendi_satiri,kesin,data/normalized/elections/yerel/1999yerel.json,
TR-D-53-009,Rize,İyidere,1990-05-20,3644,53,Rize,İyidere,TR-D-53-009,kendi_satiri,kesin,data/normalized/elections/yerel/1999yerel.json,
TR-D-53-010,Rize,Kalkandere,1959-04-01,7033,53,Rize,Kalkandere,TR-D-53-010,kendi_satiri,kesin,data/normalized/elections/yerel/1999yerel.json,
TR-D-53-011,Rize,Pazar,,,53,Rize,Pazar,TR-D-53-011,kendi_satiri,kesin,data/normalized/elections/yerel/1999yerel.json,
TR-D-53-012,Rize,Merkez,,,53,Rize,Merkez,TR-D-53-012,kendi_satiri,kesin,data/normalized/elections/yerel/1999yerel.json,
TR-D-54-001,Sakarya,Adapazarı,2008-03-22,5747,54,Sakarya,Adapazarı,TR-D-54-001,kendi_satiri,kesin,data/normalized/elections/yerel/1999yerel.json,Seçim tarihinde il Merkez ilçesi; bugünkü adı sonradan (merkez ilçe dönüşümü)
TR-D-54-002,Sakarya,Akyazı,1944-09-01,4642,54,Sakarya,Akyazı,TR-D-54-002,kendi_satiri,kesin,data/normalized/elections/yerel/1999yerel.json,
TR-D-54-003,Sakarya,Arifiye,2008-03-22,5747,54,Sakarya,Arifiye,TR-D-54-003,kendi_satiri,şüpheli,data/normalized/elections/yerel/1999yerel.json,"Kuruluşu seçimden sonra; seçim verisindeki satır bu ilçe olamaz (idari/README.md → Bilinen boşluklar). Eşleşme korunuyor, doğrulanmalı"
TR-D-54-004,Sakarya,Erenler,2008-03-22,5747,54,Sakarya,Erenler,TR-D-54-004,kendi_satiri,şüpheli,data/normalized/elections/yerel/1999yerel.json,"Kuruluşu seçimden sonra; seçim verisindeki satır bu ilçe olamaz (idari/README.md → Bilinen boşluklar). Eşleşme korunuyor, doğrulanmalı"
TR-D-54-005,Sakarya,Ferizli,1990-05-20,3644,54,Sakarya,Ferizli,TR-D-54-005,kendi_satiri,kesin,data/normalized/elections/yerel/1999yerel.json,
TR-D-54-006,Sakarya,Geyve,,,54,Sakarya,Geyve,TR-D-54-006,kendi_satiri,kesin,data/normalized/elections/yerel/1999yerel.json,
TR-D-54-007,Sakarya,Hendek,,,54,Sakarya,Hendek,TR-D-54-007,kendi_satiri,kesin,data/normalized/elections/yerel/1999yerel.json,
TR-D-54-008,Sakarya,Karapürçek,1990-05-18,3647,54,Sakarya,Karapürçek,TR-D-54-008,kendi_satiri,kesin,data/normalized/elections/yerel/1999yerel.json,
TR-D-54-009,Sakarya,Karasu,1933-06-01,2202,54,Sakarya,Karasu,TR-D-54-009,kendi_satiri,kesin,data/normalized/elections/yerel/1999yerel.json,
TR-D-54-010,Sakarya,Kaynarca,1959-04-01,7033,54,Sakarya,Kaynarca,TR-D-54-010,kendi_satiri,kesin,data/normalized/elections/yerel/1999yerel.json,
TR-D-54-011,Sakarya,Kocaali,1987-07-04,3392,54,Sakarya,Kocaali,TR-D-54-011,kendi_satiri,kesin,data/normalized/elections/yerel/1999yerel.json,
TR-D-54-012,Sakarya,Pamukova,1987-07-04,3392,54,Sakarya,Pamukova,TR-D-54-012,kendi_satiri,kesin,data/normalized/elections/yerel/1999yerel.json,
TR-D-54-013,Sakarya,Sapanca,1957-09-01,7033,54,Sakarya,Sapanca,TR-D-54-013,kendi_satiri,kesin,data/normalized/elections/yerel/1999yerel.json,
TR-D-54-014,Sakarya,Serdivan,2008-03-22,5747,54,Sakarya,Serdivan,TR-D-54-014,kendi_satiri,şüpheli,data/normalized/elections/yerel/1999yerel.json,"Kuruluşu seçimden sonra; seçim verisindeki satır bu ilçe olamaz (idari/README.md → Bilinen boşluklar). Eşleşme korunuyor, doğrulanmalı"
TR-D-54-015,Sakarya,Söğütlü,1990-05-20,3644,54,Sakarya,Söğütlü,TR-D-54-015,kendi_satiri,kesin,data/normalized/elections/yerel/1999yerel.json,
TR-D-54-016,Sakarya,Taraklı,1987-07-04,3392,54,Sakarya,Taraklı,TR-D-54-016,kendi_satiri,kesin,data/normalized/elections/yerel/1999yerel.json,
TR-D-55-001,Samsun,Ondokuzmayıs,1987-07-04,3392,55,Samsun,Ondokuzmayıs,TR-D-55-001,kendi_satiri,kesin,data/normalized/elections/yerel/1999yerel.json,
TR-D-55-002,Samsun,Alaçam,1944-09-01,4642,55,Samsun,Alaçam,TR-D-55-002,kendi_satiri,kesin,data/normalized/elections/yerel/1999yerel.json,
TR-D-55-003,Samsun,Asarcık,1987-07-04,3392,55,Samsun,Asarcık,TR-D-55-003,kendi_satiri,kesin,data/normalized/elections/yerel/1999yerel.json,
TR-D-55-004,Samsun,Atakum,2008-03-22,5747,55,Samsun,Atakum,TR-D-55-004,kendi_satiri,şüpheli,data/normalized/elections/yerel/1999yerel.json,"Kuruluşu seçimden sonra; seçim verisindeki satır bu ilçe olamaz (idari/README.md → Bilinen boşluklar). Eşleşme korunuyor, doğrulanmalı"
TR-D-55-005,Samsun,Ayvacık,1990-05-20,3644,55,Samsun,Ayvacık,TR-D-55-005,kendi_satiri,kesin,data/normalized/elections/yerel/1999yerel.json,
TR-D-55-006,Samsun,Bafra,,,55,Samsun,Bafra,TR-D-55-006,kendi_satiri,kesin,data/normalized/elections/yerel/1999yerel.json,
TR-D-55-007,Samsun,Canik,2008-03-22,5747,55,Samsun,Canik,TR-D-55-007,kendi_satiri,şüpheli,data/normalized/elections/yerel/1999yerel.json,"Kuruluşu seçimden sonra; seçim verisindeki satır bu ilçe olamaz (idari/README.md → Bilinen boşluklar). Eşleşme korunuyor, doğrulanmalı"
TR-D-55-008,Samsun,Çarşamba,,,55,Samsun,Çarşamba,TR-D-55-008,kendi_satiri,kesin,data/normalized/elections/yerel/1999yerel.json,
TR-D-55-009,Samsun,Havza,,,55,Samsun,Havza,TR-D-55-009,kendi_satiri,kesin,data/normalized/elections/yerel/1999yerel.json,
TR-D-55-010,Samsun,İlkadım,2008-03-22,5747,55,Samsun,İlkadım,TR-D-55-010,kendi_satiri,şüpheli,data/normalized/elections/yerel/1999yerel.json,"Kuruluşu seçimden sonra; seçim verisindeki satır bu ilçe olamaz (idari/README.md → Bilinen boşluklar). Eşleşme korunuyor, doğrulanmalı"
TR-D-55-011,Samsun,Kavak,1934-07-03,2529,55,Samsun,Kavak,TR-D-55-011,kendi_satiri,kesin,data/normalized/elections/yerel/1999yerel.json,
TR-D-55-012,Samsun,Ladik,1928-06-01,1282,55,Samsun,Ladik,TR-D-55-012,kendi_satiri,kesin,data/normalized/elections/yerel/1999yerel.json,
TR-D-55-013,Samsun,Salıpazarı,1987-07-04,3392,55,Samsun,Salıpazarı,TR-D-55-013,kendi_satiri,kesin,data/normalized/elections/yerel/1999yerel.json,
TR-D-55-014,Samsun,Tekkeköy,1987-07-04,3392,55,Samsun,Tekkeköy,TR-D-55-014,kendi_satiri,kesin,data/normalized/elections/yerel/1999yerel.json,
TR-D-55-015,Samsun,Terme,,,55,Samsun,Terme,TR-D-55-015,kendi_satiri,kesin,data/normalized/elections/yerel/1999yerel.json,
TR-D-55-016,Samsun,Vezirköprü,,,55,Samsun,Vezirköprü,TR-D-55-016,kendi_satiri,kesin,data/normalized/elections/yerel/1999yerel.json,
TR-D-55-017,Samsun,Yakakent,1990-05-20,3644,55,Samsun,Yakakent,TR-D-55-017,kendi_satiri,kesin,data/normalized/elections/yerel/1999yerel.json,
TR-D-56-001,Siirt,Baykan,1938-06-01,3393,56,Siirt,Baykan,TR-D-56-001,kendi_satiri,kesin,data/normalized/elections/yerel/1999yerel.json,
TR-D-56-002,Siirt,Eruh,,,56,Siirt,Eruh,TR-D-56-002,kendi_satiri,kesin,data/normalized/elections/yerel/1999yerel.json,
TR-D-56-003,Siirt,Kurtalan,,,56,Siirt,Kurtalan,TR-D-56-003,kendi_satiri,kesin,data/normalized/elections/yerel/1999yerel.json,
TR-D-56-004,Siirt,Pervari,,,56,Siirt,Pervari,TR-D-56-004,kendi_satiri,kesin,data/normalized/elections/yerel/1999yerel.json,
TR-D-56-005,Siirt,Merkez,,,56,Siirt,Merkez,TR-D-56-005,kendi_satiri,kesin,data/normalized/elections/yerel/1999yerel.json,
TR-D-56-006,Siirt,Şirvan,,,56,Siirt,Şirvan,TR-D-56-006,kendi_satiri,kesin,data/normalized/elections/yerel/1999yerel.json,
TR-D-56-007,Siirt,Tillo,1990-05-18,3647,56,Siirt,Aydınlar (Tillo),TR-D-56-007,kendi_satiri,kesin,data/normalized/elections/yerel/1999yerel.json,
TR-D-57-001,Sinop,Ayancık,,,57,Sinop,Ayancık,TR-D-57-001,kendi_satiri,kesin,data/normalized/elections/yerel/1999yerel.json,
TR-D-57-002,Sinop,Boyabat,,,57,Sinop,Boyabat,TR-D-57-002,kendi_satiri,kesin,data/normalized/elections/yerel/1999yerel.json,
TR-D-57-003,Sinop,Dikmen,1990-05-20,3644,57,Sinop,Dikmen,TR-D-57-003,kendi_satiri,kesin,data/normalized/elections/yerel/1999yerel.json,
TR-D-57-004,Sinop,Durağan,1954-06-01,6324,57,Sinop,Durağan,TR-D-57-004,kendi_satiri,kesin,data/normalized/elections/yerel/1999yerel.json,
TR-D-57-005,Sinop,Erfelek,1960-04-01,7033,57,Sinop,Erfelek,TR-D-57-005,kendi_satiri,kesin,data/normalized/elections/yerel/1999yerel.json,
TR-D-57-006,Sinop,Gerze,,,57,Sinop,Gerze,TR-D-57-006,kendi_satiri,kesin,data/normalized/elections/yerel/1999yerel.json,
TR-D-57-007,Sinop,Saraydüzü,1990-05-20,3644,57,Sinop,Saraydüzü,TR-D-57-007,kendi_satiri,kesin,data/normalized/elections/yerel/1999yerel.json,
TR-D-57-008,Sinop,Merkez,,,57,Sinop,Merkez,TR-D-57-008,kendi_satiri,kesin,data/normalized/elections/yerel/1999yerel.json,
TR-D-57-009,Sinop,Türkeli,1957-09-01,7033,57,Sinop,Türkeli,TR-D-57-009,kendi_satiri,kesin,data/normalized/elections/yerel/1999yerel.json,
TR-D-58-001,Sivas,Akıncılar,1990-05-20,3644,58,Sivas,Akıncılar,TR-D-58-001,kendi_satiri,kesin,data/normalized/elections/yerel/1999yerel.json,
TR-D-58-002,Sivas,Altınyayla,1990-05-20,3644,58,Sivas,Altınyayla,TR-D-58-002,kendi_satiri,kesin,data/normalized/elections/yerel/1999yerel.json,
TR-D-58-003,Sivas,Divriği,,,58,Sivas,Divriği,TR-D-58-003,kendi_satiri,kesin,data/normalized/elections/yerel/1999yerel.json,
TR-D-58-004,Sivas,Doğanşar,1990-05-20,3644,58,Sivas,Doğanşar,TR-D-58-004,kendi_satiri,kesin,data/normalized/elections/yerel/1999yerel.json,
TR-D-58-005,Sivas,Gemerek,1953-03-01,6068,58,Sivas,Gemerek,TR-D-58-005,kendi_satiri,kesin,data/normalized/elections/yerel/1999yerel.json,
TR-D-58-006,Sivas,Gölova,1990-05-20,3644,58,Sivas,Gölova,TR-D-58-006,kendi_satiri,kesin,data/normalized/elections/yerel/1999yerel.json,
TR-D-58-007,Sivas,Gürün,,,58,Sivas,Gürün,TR-D-58-007,kendi_satiri,kesin,data/normalized/elections/yerel/1999yerel.json,
TR-D-58-008,Sivas,Hafik,,,58,Sivas,Hafik,TR-D-58-008,kendi_satiri,kesin,data/normalized/elections/yerel/1999yerel.json,
TR-D-58-009,Sivas,İmranlı,1948-01-01,5071,58,Sivas,İmranlı,TR-D-58-009,kendi_satiri,kesin,data/normalized/elections/yerel/1999yerel.json,
TR-D-58-010,Sivas,Kangal,,,58,Sivas,Kangal,TR-D-58-010,kendi_satiri,kesin,data/normalized/elections/yerel/1999yerel.json,
TR-D-58-011,Sivas,Koyulhisar,,,58,Sivas,Koyulhisar,TR-D-58-011,kendi_satiri,kesin,data/normalized/elections/yerel/1999yerel.json,
TR-D-58-012,Sivas,Merkez,,,58,Sivas,Merkez,TR-D-58-012,kendi_satiri,kesin,data/normalized/elections/yerel/1999yerel.json,
TR-D-58-013,Sivas,Suşehri,,,58,Sivas,Suşehri,TR-D-58-013,kendi_satiri,kesin,data/normalized/elections/yerel/1999yerel.json,
TR-D-58-014,Sivas,Şarkışla,,,58,Sivas,Şarkışla,TR-D-58-014,kendi_satiri,kesin,data/normalized/elections/yerel/1999yerel.json,
TR-D-58-015,Sivas,Ulaş,1990-05-20,3644,58,Sivas,Ulaş,TR-D-58-015,kendi_satiri,kesin,data/normalized/elections/yerel/1999yerel.json,
TR-D-58-016,Sivas,Yıldızeli,,,58,Sivas,Yıldızeli,TR-D-58-016,kendi_satiri,kesin,data/normalized/elections/yerel/1999yerel.json,
TR-D-58-017,Sivas,Zara,,,58,Sivas,Zara,TR-D-58-017,kendi_satiri,kesin,data/normalized/elections/yerel/1999yerel.json,
TR-D-59-001,Tekirdağ,Çerkezköy,1958-04-01,7033,59,Tekirdağ,Çerkezköy,TR-D-59-001,kendi_satiri,kesin,data/normalized/elections/yerel/1999yerel.json,
TR-D-59-002,Tekirdağ,Çorlu,,,59,Tekirdağ,Çorlu,HISTK-59-002-761baa,tarihsel_birlesim,kesin,"geo/historical/district_splits.json (TR-D-59-002, repoda doğrulanmış birleşim)",Seçim satırı Çorlu poligonu: TR-D-59-002
TR-D-59-003,Tekirdağ,Ergene,2012-12-06,6360,59,Tekirdağ,Çorlu,HISTK-59-002-761baa,tarihsel_birlesim,kesin,6360 sayılı Kanun ek (18) sayılı liste (RG 2012-12-06),Kuruluşta bütün birimleri Çorlu ilçesinden
TR-D-59-004,Tekirdağ,Hayrabolu,,,59,Tekirdağ,Hayrabolu,TR-D-59-004,kendi_satiri,kesin,data/normalized/elections/yerel/1999yerel.json,
TR-D-59-005,Tekirdağ,Kapaklı,2012-12-06,6360,59,Tekirdağ,Kapaklı,TR-D-59-005,kendi_satiri,şüpheli,data/normalized/elections/yerel/1999yerel.json,"Kuruluşu seçimden sonra; seçim verisindeki satır bu ilçe olamaz (idari/README.md → Bilinen boşluklar). Eşleşme korunuyor, doğrulanmalı"
TR-D-59-006,Tekirdağ,Malkara,,,59,Tekirdağ,Malkara,TR-D-59-006,kendi_satiri,kesin,data/normalized/elections/yerel/1999yerel.json,
TR-D-59-007,Tekirdağ,Marmaraereğlisi,1987-07-04,3392,59,Tekirdağ,Marmaraereğlisi,TR-D-59-007,kendi_satiri,kesin,data/normalized/elections/yerel/1999yerel.json,
TR-D-59-008,Tekirdağ,Muratlı,1957-09-01,7033,59,Tekirdağ,Muratlı,TR-D-59-008,kendi_satiri,kesin,data/normalized/elections/yerel/1999yerel.json,
TR-D-59-009,Tekirdağ,Saray,,,59,Tekirdağ,Saray,TR-D-59-009,kendi_satiri,kesin,data/normalized/elections/yerel/1999yerel.json,
TR-D-59-010,Tekirdağ,Süleymanpaşa,2012-12-06,6360,59,Tekirdağ,Süleymanpaşa,TR-D-59-010,kendi_satiri,kesin,data/normalized/elections/yerel/1999yerel.json,Seçim tarihinde il Merkez ilçesi; bugünkü adı sonradan (merkez ilçe dönüşümü)
TR-D-59-011,Tekirdağ,Şarköy,,,59,Tekirdağ,Şarköy,TR-D-59-011,kendi_satiri,kesin,data/normalized/elections/yerel/1999yerel.json,
TR-D-60-001,Tokat,Almus,1954-06-01,6325,60,Tokat,Almus,TR-D-60-001,kendi_satiri,kesin,data/normalized/elections/yerel/1999yerel.json,
TR-D-60-002,Tokat,Artova,1921-04-11,78,60,Tokat,Artova,TR-D-60-002,kendi_satiri,kesin,data/normalized/elections/yerel/1999yerel.json,
TR-D-60-003,Tokat,Başçiftlik,1990-05-20,3644,60,Tokat,Başçiftlik,TR-D-60-003,kendi_satiri,kesin,data/normalized/elections/yerel/1999yerel.json,
TR-D-60-004,Tokat,Erbaa,,,60,Tokat,Erbaa,TR-D-60-004,kendi_satiri,kesin,data/normalized/elections/yerel/1999yerel.json,
TR-D-60-005,Tokat,Niksar,,,60,Tokat,Niksar,TR-D-60-005,kendi_satiri,kesin,data/normalized/elections/yerel/1999yerel.json,
TR-D-60-006,Tokat,Pazar,1987-07-04,3392,60,Tokat,Pazar,TR-D-60-006,kendi_satiri,kesin,data/normalized/elections/yerel/1999yerel.json,
TR-D-60-007,Tokat,Reşadiye,,,60,Tokat,Reşadiye,TR-D-60-007,kendi_satiri,kesin,data/normalized/elections/yerel/1999yerel.json,
TR-D-60-008,Tokat,Sulusaray,1990-05-20,3644,60,Tokat,Sulusaray,TR-D-60-008,kendi_satiri,kesin,data/normalized/elections/yerel/1999yerel.json,
TR-D-60-009,Tokat,Merkez,,,60,Tokat,Merkez,TR-D-60-009,kendi_satiri,kesin,data/normalized/elections/yerel/1999yerel.json,
TR-D-60-010,Tokat,Turhal,1944-09-01,4642,60,Tokat,Turhal,TR-D-60-010,kendi_satiri,kesin,data/normalized/elections/yerel/1999yerel.json,
TR-D-60-011,Tokat,Yeşilyurt,1987-07-04,3392,60,Tokat,Yeşilyurt,TR-D-60-011,kendi_satiri,kesin,data/normalized/elections/yerel/1999yerel.json,
TR-D-60-012,Tokat,Zile,,,60,Tokat,Zile,TR-D-60-012,kendi_satiri,kesin,data/normalized/elections/yerel/1999yerel.json,
TR-D-61-001,Trabzon,Akçaabat,,,61,Trabzon,Akçaabat,TR-D-61-001,kendi_satiri,kesin,data/normalized/elections/yerel/1999yerel.json,
TR-D-61-002,Trabzon,Araklı,1953-03-01,6068,61,Trabzon,Araklı,TR-D-61-002,kendi_satiri,kesin,data/normalized/elections/yerel/1999yerel.json,
TR-D-61-003,Trabzon,Arsin,1959-04-01,7033,61,Trabzon,Arsin,TR-D-61-003,kendi_satiri,kesin,data/normalized/elections/yerel/1999yerel.json,
TR-D-61-004,Trabzon,Beşikdüzü,1987-07-04,3392,61,Trabzon,Beşikdüzü,TR-D-61-004,kendi_satiri,kesin,data/normalized/elections/yerel/1999yerel.json,
TR-D-61-005,Trabzon,Çarşıbaşı,1990-05-20,3644,61,Trabzon,Çarşıbaşı,TR-D-61-005,kendi_satiri,kesin,data/normalized/elections/yerel/1999yerel.json,
TR-D-61-006,Trabzon,Çaykara,1948-01-01,5071,61,Trabzon,Çaykara,TR-D-61-006,kendi_satiri,kesin,data/normalized/elections/yerel/1999yerel.json,
TR-D-61-007,Trabzon,Dernekpazarı,1990-05-20,3644,61,Trabzon,Dernekpazarı,TR-D-61-007,kendi_satiri,kesin,data/normalized/elections/yerel/1999yerel.json,
TR-D-61-008,Trabzon,Düzköy,1990-05-20,3644,61,Trabzon,Düzköy,TR-D-61-008,kendi_satiri,kesin,data/normalized/elections/yerel/1999yerel.json,
TR-D-61-009,Trabzon,Hayrat,1990-05-20,3644,61,Trabzon,Hayrat,TR-D-61-009,kendi_satiri,kesin,data/normalized/elections/yerel/1999yerel.json,
TR-D-61-010,Trabzon,Köprübaşı,1990-05-20,3644,61,Trabzon,Köprübaşı,TR-D-61-010,kendi_satiri,kesin,data/normalized/elections/yerel/1999yerel.json,
TR-D-61-011,Trabzon,Maçka,,,61,Trabzon,Maçka,TR-D-61-011,kendi_satiri,kesin,data/normalized/elections/yerel/1999yerel.json,
TR-D-61-012,Trabzon,Of,,,61,Trabzon,Of,TR-D-61-012,kendi_satiri,kesin,data/normalized/elections/yerel/1999yerel.json,
TR-D-61-013,Trabzon,Ortahisar,2012-12-06,6360,61,Trabzon,Ortahisar,TR-D-61-013,kendi_satiri,kesin,data/normalized/elections/yerel/1999yerel.json,Seçim tarihinde il Merkez ilçesi; bugünkü adı sonradan (merkez ilçe dönüşümü)
TR-D-61-014,Trabzon,Sürmene,,,61,Trabzon,Sürmene,TR-D-61-014,kendi_satiri,kesin,data/normalized/elections/yerel/1999yerel.json,
TR-D-61-015,Trabzon,Şalpazarı,1987-07-04,3392,61,Trabzon,Şalpazarı,TR-D-61-015,kendi_satiri,kesin,data/normalized/elections/yerel/1999yerel.json,
TR-D-61-016,Trabzon,Tonya,1954-06-01,6324,61,Trabzon,Tonya,TR-D-61-016,kendi_satiri,kesin,data/normalized/elections/yerel/1999yerel.json,
TR-D-61-017,Trabzon,Vakfıkebir,,,61,Trabzon,Vakfıkebir,TR-D-61-017,kendi_satiri,kesin,data/normalized/elections/yerel/1999yerel.json,
TR-D-61-018,Trabzon,Yomra,1959-04-01,7033,61,Trabzon,Yomra,TR-D-61-018,kendi_satiri,kesin,data/normalized/elections/yerel/1999yerel.json,
TR-D-62-001,Tunceli,Çemişgezek,,,62,Tunceli,Çemişgezek,TR-D-62-001,kendi_satiri,kesin,data/normalized/elections/yerel/1999yerel.json,
TR-D-62-002,Tunceli,Hozat,,,62,Tunceli,Hozat,TR-D-62-002,kendi_satiri,kesin,data/normalized/elections/yerel/1999yerel.json,
TR-D-62-003,Tunceli,Mazgirt,,,62,Tunceli,Mazgirt,TR-D-62-003,kendi_satiri,kesin,data/normalized/elections/yerel/1999yerel.json,
TR-D-62-004,Tunceli,Nazımiye,,,62,Tunceli,Nazımiye,TR-D-62-004,kendi_satiri,kesin,data/normalized/elections/yerel/1999yerel.json,
TR-D-62-005,Tunceli,Ovacık,,,62,Tunceli,Ovacık,TR-D-62-005,kendi_satiri,kesin,data/normalized/elections/yerel/1999yerel.json,
TR-D-62-006,Tunceli,Pertek,,,62,Tunceli,Pertek,TR-D-62-006,kendi_satiri,kesin,data/normalized/elections/yerel/1999yerel.json,
TR-D-62-007,Tunceli,Pülümür,,,62,Tunceli,Pülümür,TR-D-62-007,kendi_satiri,kesin,data/normalized/elections/yerel/1999yerel.json,
TR-D-62-008,Tunceli,Merkez,,,62,Tunceli,Merkez,TR-D-62-008,kendi_satiri,kesin,data/normalized/elections/yerel/1999yerel.json,
TR-D-63-001,Şanlıurfa,Akçakale,,,63,Şanlıurfa,Akçakale,TR-D-63-001,kendi_satiri,kesin,data/normalized/elections/yerel/1999yerel.json,
TR-D-63-002,Şanlıurfa,Birecik,,,63,Şanlıurfa,Birecik,TR-D-63-002,kendi_satiri,kesin,data/normalized/elections/yerel/1999yerel.json,
TR-D-63-003,Şanlıurfa,Bozova,1926-06-26,877,63,Şanlıurfa,Bozova,TR-D-63-003,kendi_satiri,kesin,data/normalized/elections/yerel/1999yerel.json,
TR-D-63-004,Şanlıurfa,Ceylanpınar,1982-01-21,2585,63,Şanlıurfa,Ceylanpınar,TR-D-63-004,kendi_satiri,kesin,data/normalized/elections/yerel/1999yerel.json,
TR-D-63-005,Şanlıurfa,Eyyubiye,2012-12-06,6360,63,Şanlıurfa,Merkez,HISTY-63-1999yerel-merkez,tarihsel_birlesim,kesin,"geo/historical/district_splits.json (HISTY-63-1999yerel-merkez, repoda doğrulanmış birleşim)",Seçim satırı Merkez poligonu: HISTY-63-1999yerel-merkez
TR-D-63-006,Şanlıurfa,Halfeti,1954-06-01,6324,63,Şanlıurfa,Halfeti,TR-D-63-006,kendi_satiri,kesin,data/normalized/elections/yerel/1999yerel.json,
TR-D-63-007,Şanlıurfa,Haliliye,2012-12-06,6360,63,Şanlıurfa,Merkez,HISTY-63-1999yerel-merkez,tarihsel_birlesim,kesin,"geo/historical/district_splits.json (HISTY-63-1999yerel-merkez, repoda doğrulanmış birleşim)",Seçim satırı Merkez poligonu: HISTY-63-1999yerel-merkez
TR-D-63-008,Şanlıurfa,Harran,1987-07-04,3392,63,Şanlıurfa,Harran,TR-D-63-008,kendi_satiri,kesin,data/normalized/elections/yerel/1999yerel.json,
TR-D-63-009,Şanlıurfa,Hilvan,1926-06-26,877,63,Şanlıurfa,Hilvan,TR-D-63-009,kendi_satiri,kesin,data/normalized/elections/yerel/1999yerel.json,
TR-D-63-010,Şanlıurfa,Karaköprü,2012-12-06,6360,63,Şanlıurfa,Karaköprü,TR-D-63-010,kendi_satiri,şüpheli,data/normalized/elections/yerel/1999yerel.json,"Kuruluşu seçimden sonra; seçim verisindeki satır bu ilçe olamaz (idari/README.md → Bilinen boşluklar). Eşleşme korunuyor, doğrulanmalı"
TR-D-63-011,Şanlıurfa,Siverek,1926-06-26,877,63,Şanlıurfa,Siverek,TR-D-63-011,kendi_satiri,kesin,data/normalized/elections/yerel/1999yerel.json,
TR-D-63-012,Şanlıurfa,Suruç,,,63,Şanlıurfa,Suruç,TR-D-63-012,kendi_satiri,kesin,data/normalized/elections/yerel/1999yerel.json,
TR-D-63-013,Şanlıurfa,Viranşehir,,,63,Şanlıurfa,Viranşehir,TR-D-63-013,kendi_satiri,kesin,data/normalized/elections/yerel/1999yerel.json,
TR-D-64-001,Uşak,Banaz,1953-07-15,6129,64,Uşak,Banaz,TR-D-64-001,kendi_satiri,kesin,data/normalized/elections/yerel/1999yerel.json,
TR-D-64-002,Uşak,Eşme,,,64,Uşak,Eşme,TR-D-64-002,kendi_satiri,kesin,data/normalized/elections/yerel/1999yerel.json,
TR-D-64-003,Uşak,Karahallı,1953-07-15,6129,64,Uşak,Karahallı,TR-D-64-003,kendi_satiri,kesin,data/normalized/elections/yerel/1999yerel.json,
TR-D-64-004,Uşak,Sivaslı,1953-07-15,6129,64,Uşak,Sivaslı,TR-D-64-004,kendi_satiri,kesin,data/normalized/elections/yerel/1999yerel.json,
TR-D-64-005,Uşak,Ulubey,1953-07-15,6129,64,Uşak,Ulubey,TR-D-64-005,kendi_satiri,kesin,data/normalized/elections/yerel/1999yerel.json,
TR-D-64-006,Uşak,Merkez,,,64,Uşak,Merkez,TR-D-64-006,kendi_satiri,kesin,data/normalized/elections/yerel/1999yerel.json,
TR-D-65-001,Van,Bahçesaray,1987-07-04,3392,65,Van,Bahçesaray,TR-D-65-001,kendi_satiri,kesin,data/normalized/elections/yerel/1999yerel.json,
TR-D-65-002,Van,Başkale,,,65,Van,Başkale,TR-D-65-002,kendi_satiri,kesin,data/normalized/elections/yerel/1999yerel.json,
TR-D-65-003,Van,Çaldıran,1987-07-04,3392,65,Van,Çaldıran,TR-D-65-003,kendi_satiri,kesin,data/normalized/elections/yerel/1999yerel.json,
TR-D-65-004,Van,Çatak,,,65,Van,Çatak,TR-D-65-004,kendi_satiri,kesin,data/normalized/elections/yerel/1999yerel.json,
TR-D-65-005,Van,Edremit,1990-05-20,3644,65,Van,Edremit,TR-D-65-005,kendi_satiri,kesin,data/normalized/elections/yerel/1999yerel.json,
TR-D-65-006,Van,Erciş,,,65,Van,Erciş,TR-D-65-006,kendi_satiri,kesin,data/normalized/elections/yerel/1999yerel.json,
TR-D-65-007,Van,Gevaş,,,65,Van,Gevaş,TR-D-65-007,kendi_satiri,kesin,data/normalized/elections/yerel/1999yerel.json,
TR-D-65-008,Van,Gürpınar,1936-01-04,2885,65,Van,Gürpınar,TR-D-65-008,kendi_satiri,kesin,data/normalized/elections/yerel/1999yerel.json,
TR-D-65-009,Van,İpekyolu,2012-12-06,6360,65,Van,Merkez,HIST-Van-Merkez,tarihsel_birlesim,kesin,"geo/historical/district_splits.json (HIST-Van-Merkez, repoda doğrulanmış birleşim)",Seçim satırı Merkez poligonu: HIST-Van-Merkez
TR-D-65-010,Van,Muradiye,,,65,Van,Muradiye,TR-D-65-010,kendi_satiri,kesin,data/normalized/elections/yerel/1999yerel.json,
TR-D-65-011,Van,Özalp,,,65,Van,Özalp,TR-D-65-011,kendi_satiri,kesin,data/normalized/elections/yerel/1999yerel.json,
TR-D-65-012,Van,Saray,1990-05-20,3644,65,Van,Saray,TR-D-65-012,kendi_satiri,kesin,data/normalized/elections/yerel/1999yerel.json,
TR-D-65-013,Van,Tuşba,2012-12-06,6360,65,Van,Merkez,HIST-Van-Merkez,tarihsel_birlesim,kesin,"geo/historical/district_splits.json (HIST-Van-Merkez, repoda doğrulanmış birleşim)",Seçim satırı Merkez poligonu: HIST-Van-Merkez
TR-D-66-001,Yozgat,Akdağmadeni,,,66,Yozgat,Akdağmadeni,TR-D-66-001,kendi_satiri,kesin,data/normalized/elections/yerel/1999yerel.json,
TR-D-66-002,Yozgat,Aydıncık,1990-05-20,3644,66,Yozgat,Aydıncık,TR-D-66-002,kendi_satiri,kesin,data/normalized/elections/yerel/1999yerel.json,
TR-D-66-003,Yozgat,Boğazlıyan,,,66,Yozgat,Boğazlıyan,TR-D-66-003,kendi_satiri,kesin,data/normalized/elections/yerel/1999yerel.json,
TR-D-66-004,Yozgat,Çandır,1990-05-20,3644,66,Yozgat,Çandır,TR-D-66-004,kendi_satiri,kesin,data/normalized/elections/yerel/1999yerel.json,
TR-D-66-005,Yozgat,Çayıralan,1948-01-01,5071,66,Yozgat,Çayıralan,TR-D-66-005,kendi_satiri,kesin,data/normalized/elections/yerel/1999yerel.json,
TR-D-66-006,Yozgat,Çekerek,1944-09-01,4642,66,Yozgat,Çekerek,TR-D-66-006,kendi_satiri,kesin,data/normalized/elections/yerel/1999yerel.json,
TR-D-66-007,Yozgat,Kadışehri,1990-05-20,3644,66,Yozgat,Kadışehri,TR-D-66-007,kendi_satiri,kesin,data/normalized/elections/yerel/1999yerel.json,
TR-D-66-008,Yozgat,Saraykent,1990-05-20,3644,66,Yozgat,Saraykent,TR-D-66-008,kendi_satiri,kesin,data/normalized/elections/yerel/1999yerel.json,
TR-D-66-009,Yozgat,Sarıkaya,1957-09-01,7033,66,Yozgat,Sarıkaya,TR-D-66-009,kendi_satiri,kesin,data/normalized/elections/yerel/1999yerel.json,
TR-D-66-010,Yozgat,Sorgun,1926-06-26,877,66,Yozgat,Sorgun,TR-D-66-010,kendi_satiri,kesin,data/normalized/elections/yerel/1999yerel.json,
TR-D-66-011,Yozgat,Şefaatli,1954-06-01,6324,66,Yozgat,Şefaatli,TR-D-66-011,kendi_satiri,kesin,data/normalized/elections/yerel/1999yerel.json,
TR-D-66-012,Yozgat,Yenifakılı,1990-05-20,3644,66,Yozgat,Yenifakılı,TR-D-66-012,kendi_satiri,kesin,data/normalized/elections/yerel/1999yerel.json,
TR-D-66-013,Yozgat,Yerköy,1945-08-01,4769,66,Yozgat,Yerköy,TR-D-66-013,kendi_satiri,kesin,data/normalized/elections/yerel/1999yerel.json,
TR-D-66-014,Yozgat,Merkez,,,66,Yozgat,Merkez,TR-D-66-014,kendi_satiri,kesin,data/normalized/elections/yerel/1999yerel.json,
TR-D-67-001,Zonguldak,Alaplı,1987-07-04,3392,67,Zonguldak,Alaplı,TR-D-67-001,kendi_satiri,kesin,data/normalized/elections/yerel/1999yerel.json,
TR-D-67-002,Zonguldak,Çaycuma,1944-09-01,4642,67,Zonguldak,Çaycuma,TR-D-67-002,kendi_satiri,kesin,data/normalized/elections/yerel/1999yerel.json,
TR-D-67-003,Zonguldak,Devrek,,,67,Zonguldak,Devrek,TR-D-67-003,kendi_satiri,kesin,data/normalized/elections/yerel/1999yerel.json,
TR-D-67-004,Zonguldak,Ereğli,,,67,Zonguldak,Ereğli,TR-D-67-004,kendi_satiri,kesin,data/normalized/elections/yerel/1999yerel.json,
TR-D-67-005,Zonguldak,Gökçebey,1990-05-20,3644,67,Zonguldak,Gökçebey,TR-D-67-005,kendi_satiri,kesin,data/normalized/elections/yerel/1999yerel.json,
TR-D-67-006,Zonguldak,Kilimli,2012-12-06,6360,67,Zonguldak,Kilimli,TR-D-67-006,kendi_satiri,şüpheli,data/normalized/elections/yerel/1999yerel.json,"Kuruluşu seçimden sonra; seçim verisindeki satır bu ilçe olamaz (idari/README.md → Bilinen boşluklar). Eşleşme korunuyor, doğrulanmalı"
TR-D-67-007,Zonguldak,Kozlu,2012-12-06,6360,67,Zonguldak,Kozlu,TR-D-67-007,kendi_satiri,şüpheli,data/normalized/elections/yerel/1999yerel.json,"Kuruluşu seçimden sonra; seçim verisindeki satır bu ilçe olamaz (idari/README.md → Bilinen boşluklar). Eşleşme korunuyor, doğrulanmalı"
TR-D-67-008,Zonguldak,Merkez,,,67,Zonguldak,Merkez,TR-D-67-008,kendi_satiri,kesin,data/normalized/elections/yerel/1999yerel.json,
TR-D-68-001,Aksaray,Ağaçören,1989-06-21,3578,68,Aksaray,Ağaçören,TR-D-68-001,kendi_satiri,kesin,data/normalized/elections/yerel/1999yerel.json,
TR-D-68-002,Aksaray,Merkez,,,68,Aksaray,Merkez,TR-D-68-002,kendi_satiri,kesin,data/normalized/elections/yerel/1999yerel.json,
TR-D-68-003,Aksaray,Eskil,1990-05-20,3644,68,Aksaray,Eskil,TR-D-68-003,kendi_satiri,kesin,data/normalized/elections/yerel/1999yerel.json,
TR-D-68-004,Aksaray,Gülağaç,1990-05-20,3644,68,Aksaray,Gülağaç,TR-D-68-004,kendi_satiri,kesin,data/normalized/elections/yerel/1999yerel.json,
TR-D-68-005,Aksaray,Güzelyurt,1989-06-21,3578,68,Aksaray,Güzelyurt,TR-D-68-005,kendi_satiri,kesin,data/normalized/elections/yerel/1999yerel.json,
TR-D-68-006,Aksaray,Ortaköy,1957-09-01,7033,68,Aksaray,Ortaköy,TR-D-68-006,kendi_satiri,kesin,data/normalized/elections/yerel/1999yerel.json,
TR-D-68-007,Aksaray,Sarıyahşi,1989-06-21,3578,68,Aksaray,Sarıyahşi,TR-D-68-007,kendi_satiri,kesin,data/normalized/elections/yerel/1999yerel.json,
TR-D-68-008,Aksaray,Sultanhanı,2017-08-25,KHK 694,68,Aksaray,Sultanhanı,TR-D-68-008,kendi_satiri,şüpheli,data/normalized/elections/yerel/1999yerel.json,"Kuruluşu seçimden sonra; seçim verisindeki satır bu ilçe olamaz (idari/README.md → Bilinen boşluklar). Eşleşme korunuyor, doğrulanmalı"
TR-D-69-001,Bayburt,Aydıntepe,1987-07-04,3392,69,Bayburt,Aydıntepe,TR-D-69-001,kendi_satiri,kesin,data/normalized/elections/yerel/1999yerel.json,
TR-D-69-002,Bayburt,Merkez,,,69,Bayburt,Merkez,TR-D-69-002,kendi_satiri,kesin,data/normalized/elections/yerel/1999yerel.json,
TR-D-69-003,Bayburt,Demirözü,1987-07-04,3392,69,Bayburt,Demirözü,TR-D-69-003,kendi_satiri,kesin,data/normalized/elections/yerel/1999yerel.json,
TR-D-70-001,Karaman,Ayrancı,1987-07-04,3392,70,Karaman,Ayrancı,TR-D-70-001,kendi_satiri,kesin,data/normalized/elections/yerel/1999yerel.json,
TR-D-70-002,Karaman,Başyayla,1990-05-20,3644,70,Karaman,Başyayla,TR-D-70-002,kendi_satiri,kesin,data/normalized/elections/yerel/1999yerel.json,
TR-D-70-003,Karaman,Ermenek,,,70,Karaman,Ermenek,TR-D-70-003,kendi_satiri,kesin,data/normalized/elections/yerel/1999yerel.json,
TR-D-70-004,Karaman,Merkez,,,70,Karaman,Merkez,TR-D-70-004,kendi_satiri,kesin,data/normalized/elections/yerel/1999yerel.json,
TR-D-70-005,Karaman,Kazımkarabekir,1989-06-21,3578,70,Karaman,Kazımkarabekir,TR-D-70-005,kendi_satiri,kesin,data/normalized/elections/yerel/1999yerel.json,
TR-D-70-006,Karaman,Sarıveliler,1990-05-20,3644,70,Karaman,Sarıveliler,TR-D-70-006,kendi_satiri,kesin,data/normalized/elections/yerel/1999yerel.json,
TR-D-71-001,Kırıkkale,Bahşili,1990-05-20,3644,71,Kırıkkale,Bahşili,TR-D-71-001,kendi_satiri,kesin,data/normalized/elections/yerel/1999yerel.json,
TR-D-71-002,Kırıkkale,Balışeyh,1990-05-20,3644,71,Kırıkkale,Balışeyh,TR-D-71-002,kendi_satiri,kesin,data/normalized/elections/yerel/1999yerel.json,
TR-D-71-003,Kırıkkale,Çelebi,1990-05-20,3644,71,Kırıkkale,Çelebi,TR-D-71-003,kendi_satiri,kesin,data/normalized/elections/yerel/1999yerel.json,
TR-D-71-004,Kırıkkale,Delice,1960-04-01,7033,71,Kırıkkale,Delice,TR-D-71-004,kendi_satiri,kesin,data/normalized/elections/yerel/1999yerel.json,
TR-D-71-005,Kırıkkale,Karakeçili,1990-05-20,3644,71,Kırıkkale,Karakeçili,TR-D-71-005,kendi_satiri,kesin,data/normalized/elections/yerel/1999yerel.json,
TR-D-71-006,Kırıkkale,Keskin,,,71,Kırıkkale,Keskin,TR-D-71-006,kendi_satiri,kesin,data/normalized/elections/yerel/1999yerel.json,
TR-D-71-007,Kırıkkale,Merkez,,,71,Kırıkkale,Merkez,TR-D-71-007,kendi_satiri,kesin,data/normalized/elections/yerel/1999yerel.json,
TR-D-71-008,Kırıkkale,Sulakyurt,1960-04-01,7033,71,Kırıkkale,Sulakyurt,TR-D-71-008,kendi_satiri,kesin,data/normalized/elections/yerel/1999yerel.json,
TR-D-71-009,Kırıkkale,Yahşihan,1990-05-20,3644,71,Kırıkkale,Yahşihan,TR-D-71-009,kendi_satiri,kesin,data/normalized/elections/yerel/1999yerel.json,
TR-D-72-001,Batman,Merkez,,,72,Batman,Merkez,TR-D-72-001,kendi_satiri,kesin,data/normalized/elections/yerel/1999yerel.json,
TR-D-72-002,Batman,Beşiri,,,72,Batman,Beşiri,TR-D-72-002,kendi_satiri,kesin,data/normalized/elections/yerel/1999yerel.json,
TR-D-72-003,Batman,Gercüş,1926-06-26,877,72,Batman,Gercüş,TR-D-72-003,kendi_satiri,kesin,data/normalized/elections/yerel/1999yerel.json,
TR-D-72-004,Batman,Hasankeyf,1990-05-18,3647,72,Batman,Hasankeyf,TR-D-72-004,kendi_satiri,kesin,data/normalized/elections/yerel/1999yerel.json,
TR-D-72-005,Batman,Kozluk,1938-06-01,3393,72,Batman,Kozluk,TR-D-72-005,kendi_satiri,kesin,data/normalized/elections/yerel/1999yerel.json,
TR-D-72-006,Batman,Sason,,,72,Batman,Sason,TR-D-72-006,kendi_satiri,kesin,data/normalized/elections/yerel/1999yerel.json,
TR-D-73-001,Şırnak,Beytüşşebap,,,73,Şırnak,Beytüşşebap,TR-D-73-001,kendi_satiri,kesin,data/normalized/elections/yerel/1999yerel.json,
TR-D-73-002,Şırnak,Cizre,,,73,Şırnak,Cizre,TR-D-73-002,kendi_satiri,kesin,data/normalized/elections/yerel/1999yerel.json,
TR-D-73-003,Şırnak,Güçlükonak,1990-05-20,3644,73,Şırnak,Güçlükonak,TR-D-73-003,kendi_satiri,kesin,data/normalized/elections/yerel/1999yerel.json,
TR-D-73-004,Şırnak,İdil,1937-06-23,3223,73,Şırnak,İdil,TR-D-73-004,kendi_satiri,kesin,data/normalized/elections/yerel/1999yerel.json,
TR-D-73-005,Şırnak,Silopi,1960-04-01,7033,73,Şırnak,Silopi,TR-D-73-005,kendi_satiri,kesin,data/normalized/elections/yerel/1999yerel.json,
TR-D-73-006,Şırnak,Merkez,,,73,Şırnak,Merkez,TR-D-73-006,kendi_satiri,kesin,data/normalized/elections/yerel/1999yerel.json,
TR-D-73-007,Şırnak,Uludere,1957-09-01,7033,73,Şırnak,Uludere,TR-D-73-007,kendi_satiri,kesin,data/normalized/elections/yerel/1999yerel.json,
TR-D-74-001,Bartın,Amasra,1987-07-04,3392,74,Bartın,Amasra,TR-D-74-001,kendi_satiri,kesin,data/normalized/elections/yerel/1999yerel.json,
TR-D-74-002,Bartın,Merkez,,,74,Bartın,Merkez,TR-D-74-002,kendi_satiri,kesin,data/normalized/elections/yerel/1999yerel.json,
TR-D-74-003,Bartın,Kurucaşile,1957-09-01,7033,74,Bartın,Kurucaşile,TR-D-74-003,kendi_satiri,kesin,data/normalized/elections/yerel/1999yerel.json,
TR-D-74-004,Bartın,Ulus,1944-09-01,4642,74,Bartın,Ulus,TR-D-74-004,kendi_satiri,kesin,data/normalized/elections/yerel/1999yerel.json,
TR-D-75-001,Ardahan,Merkez,,,75,Ardahan,Merkez,TR-D-75-001,kendi_satiri,kesin,data/normalized/elections/yerel/1999yerel.json,
TR-D-75-002,Ardahan,Çıldır,,,75,Ardahan,Çıldır,TR-D-75-002,kendi_satiri,kesin,data/normalized/elections/yerel/1999yerel.json,
TR-D-75-003,Ardahan,Damal,1992-06-03,3806,75,Ardahan,Damal,TR-D-75-003,kendi_satiri,kesin,data/normalized/elections/yerel/1999yerel.json,
TR-D-75-004,Ardahan,Göle,,,75,Ardahan,Göle,TR-D-75-004,kendi_satiri,kesin,data/normalized/elections/yerel/1999yerel.json,
TR-D-75-005,Ardahan,Hanak,1958-04-01,7033,75,Ardahan,Hanak,TR-D-75-005,kendi_satiri,kesin,data/normalized/elections/yerel/1999yerel.json,
TR-D-75-006,Ardahan,Posof,,,75,Ardahan,Posof,TR-D-75-006,kendi_satiri,kesin,data/normalized/elections/yerel/1999yerel.json,
TR-D-76-001,Iğdır,Aralık,1960-04-01,7033,76,Iğdır,Aralık,TR-D-76-001,kendi_satiri,kesin,data/normalized/elections/yerel/1999yerel.json,
TR-D-76-002,Iğdır,Merkez,,,76,Iğdır,Merkez,TR-D-76-002,kendi_satiri,kesin,data/normalized/elections/yerel/1999yerel.json,
TR-D-76-003,Iğdır,Karakoyunlu,1992-06-03,3806,76,Iğdır,Karakoyunlu,TR-D-76-003,kendi_satiri,kesin,data/normalized/elections/yerel/1999yerel.json,
TR-D-76-004,Iğdır,Tuzluca,,,76,Iğdır,Tuzluca,TR-D-76-004,kendi_satiri,kesin,data/normalized/elections/yerel/1999yerel.json,
TR-D-77-001,Yalova,Altınova,1995-06-06,KHK 550,77,Yalova,Altınova,TR-D-77-001,kendi_satiri,kesin,data/normalized/elections/yerel/1999yerel.json,
TR-D-77-002,Yalova,Armutlu,1995-06-06,KHK 550,77,Yalova,Armutlu,TR-D-77-002,kendi_satiri,kesin,data/normalized/elections/yerel/1999yerel.json,
TR-D-77-003,Yalova,Çiftlikköy,1995-06-06,KHK 550,77,Yalova,Çiftlikköy,TR-D-77-003,kendi_satiri,kesin,data/normalized/elections/yerel/1999yerel.json,
TR-D-77-004,Yalova,Çınarcık,1995-06-06,KHK 550,77,Yalova,Çınarcık,TR-D-77-004,kendi_satiri,kesin,data/normalized/elections/yerel/1999yerel.json,
TR-D-77-005,Yalova,Termal,1995-06-06,KHK 550,77,Yalova,Termal,TR-D-77-005,kendi_satiri,kesin,data/normalized/elections/yerel/1999yerel.json,
TR-D-77-006,Yalova,Merkez,,,77,Yalova,Merkez,TR-D-77-006,kendi_satiri,kesin,data/normalized/elections/yerel/1999yerel.json,
TR-D-78-001,Karabük,Eflani,1953-03-01,6068,78,Karabük,Eflani,TR-D-78-001,kendi_satiri,kesin,data/normalized/elections/yerel/1999yerel.json,
TR-D-78-002,Karabük,Eskipazar,1946-04-01,4869,78,Karabük,Eskipazar,TR-D-78-002,kendi_satiri,kesin,data/normalized/elections/yerel/1999yerel.json,
TR-D-78-003,Karabük,Merkez,,,78,Karabük,Merkez,TR-D-78-003,kendi_satiri,kesin,data/normalized/elections/yerel/1999yerel.json,
TR-D-78-004,Karabük,Ovacık,1959-04-01,7033,78,Karabük,Ovacık,TR-D-78-004,kendi_satiri,kesin,data/normalized/elections/yerel/1999yerel.json,
TR-D-78-005,Karabük,Safranbolu,,,78,Karabük,Safranbolu,TR-D-78-005,kendi_satiri,kesin,data/normalized/elections/yerel/1999yerel.json,
TR-D-78-006,Karabük,Yenice,1987-07-04,3392,78,Karabük,Yenice,TR-D-78-006,kendi_satiri,kesin,data/normalized/elections/yerel/1999yerel.json,
TR-D-79-001,Kilis,Elbeyli,1995-06-06,KHK 550,79,Kilis,Elbeyli,TR-D-79-001,kendi_satiri,kesin,data/normalized/elections/yerel/1999yerel.json,
TR-D-79-002,Kilis,Merkez,,,79,Kilis,Merkez,TR-D-79-002,kendi_satiri,kesin,data/normalized/elections/yerel/1999yerel.json,
TR-D-79-003,Kilis,Musabeyli,1995-06-06,KHK 550,79,Kilis,Musabeyli,TR-D-79-003,kendi_satiri,kesin,data/normalized/elections/yerel/1999yerel.json,
TR-D-79-004,Kilis,Polateli,1995-06-06,KHK 550,79,Kilis,Polateli,TR-D-79-004,kendi_satiri,kesin,data/normalized/elections/yerel/1999yerel.json,
TR-D-80-001,Osmaniye,Bahçe,,,80,Osmaniye,Bahçe,TR-D-80-001,kendi_satiri,kesin,data/normalized/elections/yerel/1999yerel.json,
TR-D-80-002,Osmaniye,Düziçi,1983-11-30,2963,80,Osmaniye,Düziçi,TR-D-80-002,kendi_satiri,kesin,data/normalized/elections/yerel/1999yerel.json,
TR-D-80-003,Osmaniye,Hasanbeyli,1996-10-28,4200,80,Osmaniye,Hasanbeyli,TR-D-80-003,kendi_satiri,kesin,data/normalized/elections/yerel/1999yerel.json,
TR-D-80-004,Osmaniye,Kadirli,,,80,Osmaniye,Kadirli,TR-D-80-004,kendi_satiri,kesin,data/normalized/elections/yerel/1999yerel.json,
TR-D-80-005,Osmaniye,Merkez,,,80,Osmaniye,Merkez,TR-D-80-005,kendi_satiri,kesin,data/normalized/elections/yerel/1999yerel.json,
TR-D-80-006,Osmaniye,Sumbas,1996-10-28,4200,80,Osmaniye,Sumbas,TR-D-80-006,kendi_satiri,kesin,data/normalized/elections/yerel/1999yerel.json,
TR-D-80-007,Osmaniye,Toprakkale,1996-10-28,4200,80,Osmaniye,Toprakkale,TR-D-80-007,kendi_satiri,kesin,data/normalized/elections/yerel/1999yerel.json,
TR-D-81-001,Düzce,Akçakoca,1934-07-03,2529,14,Bolu,Akçakoca,TR-D-81-001,kendi_satiri,kesin,data/normalized/elections/yerel/1999yerel.json,
TR-D-81-002,Düzce,Cumayeri,1987-07-04,3392,14,Bolu,Cumayeri,TR-D-81-002,kendi_satiri,kesin,data/normalized/elections/yerel/1999yerel.json,
TR-D-81-003,Düzce,Çilimli,1990-05-20,3644,14,Bolu,Çilimli,TR-D-81-003,kendi_satiri,kesin,data/normalized/elections/yerel/1999yerel.json,
TR-D-81-004,Düzce,Merkez,,,14,Bolu,Düzce,TR-D-81-004,kendi_satiri,kesin,data/normalized/elections/yerel/1999yerel.json,
TR-D-81-005,Düzce,Gölyaka,1987-07-04,3392,14,Bolu,Gölyaka,TR-D-81-005,kendi_satiri,kesin,data/normalized/elections/yerel/1999yerel.json,
TR-D-81-006,Düzce,Gümüşova,1993-12-29,3949,14,Bolu,Gümüşova,TR-D-81-006,kendi_satiri,kesin,data/normalized/elections/yerel/1999yerel.json,
TR-D-81-007,Düzce,Kaynaşlı,1999-12-09,KHK 584,14,Bolu,Kaynaşlı,TR-D-81-007,kendi_satiri,şüpheli,data/normalized/elections/yerel/1999yerel.json,"Kuruluşu seçimden sonra; seçim verisindeki satır bu ilçe olamaz (idari/README.md → Bilinen boşluklar). Eşleşme korunuyor, doğrulanmalı"
TR-D-81-008,Düzce,Yığılca,1954-06-01,6324,14,Bolu,Yığılca,TR-D-81-008,kendi_satiri,kesin,data/normalized/elections/yerel/1999yerel.json,
