{"type":"FeatureCollection","features":[{"type":"Feature","properties":{"plaka":1},"geometry":{"type":"Polygon","coordinates":[[[36.3159,38.3638],[36.3364,38.3782],[36.3498,38.3802],[36.3821,38.3681],[36.391,38.3546],[36.3956,38.3343],[36.3728,38.3084],[36.3701,38.2949],[36.4009,38.2597],[36.3771,38.2325],[36.3726,38.2056],[36.3837,38.1891],[36.3025,38.0738],[36.2638,38.0525],[36.2555,38.0408],[36.2558,38.0285],[36.2339,38.0229],[36.2036,37.9472],[36.2406,37.946],[36.2631,37.9357],[36.2874,37.8845],[36.2927,37.859],[36.2888,37.8367],[36.2635,37.8014],[36.2179,37.7801],[36.187,37.7418],[36.1804,37.7254],[36.1903,37.7079],[36.1663,37.7068],[36.1138,37.689],[36.0941,37.6731],[36.0656,37.6645],[36.043,37.6396],[36.0381,37.6138],[36.0161,37.5965],[36.0088,37.5808],[35.9975,37.5709],[35.9709,37.564],[35.9596,37.5444],[35.9351,37.5252],[35.9439,37.4968],[35.9293,37.4574],[35.9279,37.4105],[35.8972,37.3334],[35.9161,37.2432],[35.8869,37.2051],[35.8797,37.1896],[35.8827,37.176],[35.8985,37.1763],[35.8976,37.1847],[35.9288,37.1942],[35.946,37.2133],[35.959,37.2091],[35.975,37.2208],[35.9857,37.2147],[35.9992,37.2217],[36.0084,37.2117],[36.0374,37.2116],[36.0743,37.2],[36.0745,37.1816],[36.0936,37.1499],[36.0873,37.1349],[36.091,37.0986],[36.0852,37.0693],[36.0584,37.0586],[36.0484,37.0157],[36.0563,36.9996],[35.9639,36.9376],[35.956,36.9106],[35.9629,36.8998],[35.9389,36.8861],[35.8305,36.7889],[35.8043,36.7783],[35.7997,36.7687],[35.7803,36.7574],[35.6728,36.768],[35.6414,36.7568],[35.6169,36.7171],[35.6203,36.7381],[35.6142,36.7409],[35.5925,36.7151],[35.5703,36.7136],[35.5789,36.7056],[35.5795,36.6918],[35.6029,36.7106],[35.6027,36.6961],[35.6119,36.7007],[35.6164,36.6953],[35.6292,36.7211],[35.634,36.7162],[35.6318,36.6939],[35.6481,36.7258],[35.6349,36.7348],[35.6602,36.7424],[35.6553,36.7166],[35.706,36.7246],[35.7219,36.7181],[35.6912,36.7161],[35.6604,36.7041],[35.6235,36.6682],[35.6098,36.6637],[35.612,36.6504],[35.624,36.6496],[35.6783,36.7052],[35.7114,36.7102],[35.6487,36.6647],[35.6375,36.6128],[35.6172,36.5966],[35.5897,36.5883],[35.574,36.5684],[35.5559,36.5803],[35.4339,36.5948],[35.4173,36.5899],[35.4138,36.5742],[35.3487,36.5429],[35.3458,36.5509],[35.2998,36.5771],[35.2932,36.5729],[35.2827,36.5779],[35.2867,36.5837],[35.1859,36.6322],[35.1561,36.6373],[35.1082,36.6578],[35.025,36.7098],[34.9481,36.7273],[34.9073,36.7189],[34.9293,36.7408],[34.9577,36.7407],[34.9706,36.7587],[34.9948,36.7597],[35.0075,36.751],[35.0065,36.7673],[35.0272,36.757],[35.0265,36.7769],[35.0348,36.777],[35.0434,36.7647],[35.0755,36.7977],[35.095,36.7833],[35.1227,36.7918],[35.1376,36.7881],[35.151,36.7964],[35.1514,36.8139],[35.139,36.9086],[35.097,36.9443],[35.0973,36.9811],[35.1189,37.0145],[35.1232,37.0434],[35.0535,37.0734],[35.0124,37.0654],[35.0128,37.1267],[34.957,37.1375],[34.9198,37.1868],[34.9319,37.2071],[34.9674,37.2172],[34.9626,37.2551],[34.9674,37.2738],[34.9104,37.2944],[34.814,37.292],[34.7985,37.2966],[34.7598,37.3322],[34.7506,37.3499],[34.7513,37.3612],[34.7778,37.3945],[34.7765,37.4599],[34.8153,37.477],[34.8251,37.4891],[34.8306,37.5288],[34.8465,37.5487],[34.8386,37.5968],[34.8752,37.6713],[34.9013,37.6933],[34.9509,37.6828],[34.9699,37.6516],[34.9853,37.6545],[35.0392,37.6835],[35.0786,37.6878],[35.1035,37.7121],[35.2196,37.7594],[35.2595,37.7601],[35.3099,37.7461],[35.325,37.7362],[35.3241,37.7219],[35.3419,37.7094],[35.3637,37.7193],[35.4061,37.7047],[35.4187,37.7225],[35.4322,37.7208],[35.4331,37.7307],[35.4639,37.7301],[35.4965,37.6936],[35.5246,37.6862],[35.5403,37.7035],[35.5477,37.7306],[35.5141,37.7529],[35.5085,37.7629],[35.5463,37.7933],[35.5835,37.7928],[35.5988,37.8069],[35.602,37.8621],[35.5862,37.8858],[35.595,37.9056],[35.5753,37.9387],[35.5981,37.9653],[35.6686,37.9833],[35.6861,37.979],[35.6953,38.0002],[35.7139,38.0204],[35.752,38.0415],[35.7696,38.0441],[35.7899,38.0805],[35.8092,38.0873],[35.8516,38.0772],[35.8879,38.0857],[35.9893,38.1495],[35.9924,38.1697],[36.0059,38.1908],[35.99,38.2148],[35.9915,38.2252],[36.0282,38.2471],[36.1243,38.34],[36.2368,38.3738],[36.2679,38.3985],[36.2819,38.4025],[36.2899,38.4001],[36.3002,38.3757],[36.3159,38.3638]]]}},{"type":"Feature","properties":{"plaka":2},"geometry":{"type":"Polygon","coordinates":[[[39.253,38.1819],[39.2619,38.1444],[39.2357,38.1182],[39.2225,38.0724],[39.2011,38.0617],[39.1775,38.0287],[39.1593,38.0169],[39.1185,38.0197],[39.0635,37.9895],[39.0561,37.9622],[39.0274,37.9165],[38.999,37.9123],[38.9724,37.8969],[38.992,37.884],[38.9739,37.8591],[38.9763,37.8269],[38.9287,37.8266],[38.9006,37.8049],[38.9023,37.7944],[38.9392,37.8058],[38.9523,37.8033],[38.9612,37.755],[38.9117,37.7477],[38.9065,37.7372],[38.9142,37.7133],[38.8926,37.7084],[38.8711,37.6946],[38.8196,37.6976],[38.8099,37.6931],[38.8112,37.6715],[38.8537,37.6573],[38.8544,37.6483],[38.743,37.6278],[38.6837,37.6256],[38.6627,37.6181],[38.5987,37.5808],[38.526,37.5149],[38.4864,37.4935],[38.3451,37.4778],[38.3202,37.4829],[38.3059,37.4724],[38.2739,37.4758],[38.2461,37.4428],[38.2147,37.4517],[38.1975,37.4493],[38.19,37.4371],[38.1906,37.4175],[38.1725,37.4088],[38.1671,37.4201],[38.1465,37.4181],[38.1171,37.4281],[38.0975,37.4453],[38.0812,37.4474],[38.0583,37.4695],[37.9773,37.4832],[37.9472,37.495],[37.8916,37.4736],[37.8455,37.4744],[37.762,37.5078],[37.7394,37.5318],[37.6701,37.5362],[37.638,37.5161],[37.6331,37.4883],[37.6209,37.4782],[37.596,37.4712],[37.5522,37.4724],[37.5779,37.4934],[37.5728,37.5215],[37.5857,37.5468],[37.5876,37.5825],[37.5482,37.5916],[37.4839,37.5652],[37.455,37.5767],[37.4504,37.5853],[37.4528,37.6071],[37.4719,37.6117],[37.4753,37.621],[37.468,37.637],[37.4396,37.6443],[37.4727,37.6741],[37.4595,37.6877],[37.4659,37.7071],[37.4613,37.7202],[37.4648,37.7346],[37.484,37.7519],[37.494,37.7755],[37.5252,37.8054],[37.6029,37.8638],[37.6287,37.8969],[37.6439,37.9437],[37.6707,37.9309],[37.6866,37.9153],[37.762,37.9202],[37.7851,37.9006],[37.8097,37.8912],[37.893,37.8954],[37.9387,37.9099],[37.9751,37.8938],[38.0312,37.909],[38.0651,37.937],[38.0955,37.9402],[38.1319,37.9556],[38.1666,37.9889],[38.1586,38.0057],[38.082,38.0533],[38.0732,38.0721],[38.0813,38.0935],[38.1183,38.1102],[38.1524,38.1091],[38.1742,38.1161],[38.1997,38.1438],[38.2928,38.1385],[38.329,38.1182],[38.3453,38.1146],[38.3672,38.1198],[38.3885,38.1065],[38.4155,38.114],[38.4574,38.1675],[38.4774,38.1812],[38.4906,38.1824],[38.5161,38.1568],[38.5665,38.144],[38.5923,38.1439],[38.5863,38.1385],[38.6013,38.1035],[38.6203,38.0889],[38.6372,38.0635],[38.684,38.0491],[38.7235,38.05],[38.747,38.0411],[38.7614,38.0145],[38.79,38.0001],[38.8234,38.0086],[38.8425,38.0285],[38.8884,38.0494],[38.9214,38.0512],[38.9647,38.07],[39.0068,38.0735],[39.0398,38.0874],[39.0525,38.1017],[39.0546,38.1345],[39.1239,38.1732],[39.1293,38.1862],[39.1602,38.1822],[39.196,38.2052],[39.2195,38.2063],[39.253,38.1819]]]}},{"type":"Feature","properties":{"plaka":3},"geometry":{"type":"Polygon","coordinates":[[[31.148,39.2625],[31.1977,39.2575],[31.237,39.2383],[31.2912,39.2314],[31.3516,39.164],[31.3986,39.161],[31.4227,39.1463],[31.4384,39.1051],[31.5022,39.0994],[31.5559,39.0867],[31.586,39.0675],[31.5954,39.0416],[31.6101,39.0271],[31.7093,39.0047],[31.7277,38.9885],[31.7337,38.9762],[31.7254,38.9677],[31.7008,38.9569],[31.6653,38.9582],[31.6501,38.9523],[31.6387,38.9444],[31.6263,38.9202],[31.6164,38.9168],[31.6337,38.863],[31.6295,38.8238],[31.6024,38.7781],[31.5713,38.7579],[31.5559,38.7315],[31.5742,38.6843],[31.6352,38.6635],[31.6263,38.6356],[31.564,38.6145],[31.2475,38.4269],[31.1802,38.4492],[31.1486,38.4766],[31.1237,38.4882],[31.1116,38.5043],[31.0673,38.5099],[31.0408,38.5053],[30.9793,38.4594],[30.9595,38.4178],[30.9117,38.4075],[30.8639,38.3888],[30.8271,38.3298],[30.7803,38.3005],[30.7443,38.2893],[30.7219,38.2686],[30.6628,38.2512],[30.6147,38.2253],[30.5623,38.184],[30.5517,38.1654],[30.5301,38.166],[30.5102,38.1774],[30.4682,38.1876],[30.4108,38.1356],[30.3931,38.1117],[30.3527,38.0845],[30.3383,38.0551],[30.2749,38.0414],[30.2508,38.0303],[30.2391,38.019],[30.2327,37.9999],[30.1907,37.9792],[30.1703,37.9402],[30.1511,37.9226],[30.1506,37.8695],[30.1168,37.8187],[30.0726,37.7934],[30.0348,37.7901],[30.0057,37.8019],[29.9169,37.7883],[29.9087,37.8072],[29.8848,37.8232],[29.8295,37.8209],[29.7656,37.8537],[29.718,37.8544],[29.6931,37.8682],[29.6727,37.9102],[29.6875,37.9853],[29.6965,38.0027],[29.7805,38.0323],[29.7863,38.0625],[29.7949,38.0719],[29.8851,38.1244],[29.9282,38.1396],[29.9699,38.1269],[29.9787,38.1295],[30.0257,38.1823],[30.0679,38.1977],[30.0783,38.2108],[30.1039,38.225],[30.1158,38.256],[30.0966,38.2775],[30.0713,38.3406],[30.0508,38.3612],[30.0135,38.3751],[29.9933,38.4036],[29.9671,38.4107],[29.9134,38.4052],[29.9013,38.419],[29.9006,38.4491],[29.8695,38.467],[29.8288,38.4787],[29.783,38.4744],[29.7605,38.4536],[29.7473,38.456],[29.7433,38.487],[29.7619,38.5148],[29.8152,38.5524],[29.843,38.5868],[29.8759,38.6011],[29.9022,38.6239],[29.8941,38.6793],[29.9083,38.7126],[29.9949,38.7526],[30.0078,38.7636],[30.0172,38.8104],[30.0638,38.8285],[30.0851,38.848],[30.1097,38.8577],[30.1171,38.8694],[30.1179,38.8877],[30.1551,38.8893],[30.1823,38.9075],[30.2023,38.9259],[30.2152,38.9494],[30.2544,38.9787],[30.257,38.9922],[30.2309,39.0233],[30.2306,39.0344],[30.2788,39.1298],[30.3064,39.1478],[30.369,39.1534],[30.432,39.2003],[30.4345,39.2232],[30.4504,39.227],[30.4936,39.2185],[30.5105,39.1853],[30.54,39.1558],[30.5402,39.1362],[30.5705,39.1071],[30.5945,39.0964],[30.6432,39.0971],[30.6647,39.0908],[30.681,39.0682],[30.7122,39.0539],[30.7958,39.0745],[30.8066,39.0832],[30.813,39.1012],[30.84,39.1195],[30.8885,39.1177],[30.9126,39.1238],[30.9161,39.1432],[30.9089,39.1575],[30.8799,39.1668],[30.8809,39.1823],[30.8916,39.1996],[30.9259,39.2038],[30.9521,39.1823],[30.969,39.1953],[30.995,39.1947],[31.0128,39.1818],[31.0258,39.1572],[31.0399,39.1534],[31.0506,39.1617],[31.0365,39.1857],[31.0417,39.1957],[31.0619,39.2027],[31.085,39.1865],[31.1042,39.1874],[31.0947,39.241],[31.1083,39.269],[31.1187,39.272],[31.148,39.2625]]]}},{"type":"Feature","properties":{"plaka":4},"geometry":{"type":"Polygon","coordinates":[[[43.2871,40.0128],[43.2996,39.9794],[43.3256,39.9785],[43.3246,39.9735],[43.3907,39.9112],[43.4096,39.8724],[43.4185,39.8131],[43.4547,39.7819],[43.4848,39.7951],[43.4963,39.8361],[43.5354,39.8443],[43.564,39.8314],[43.5963,39.7909],[43.6374,39.7832],[43.6777,39.7881],[43.7104,39.7762],[43.7536,39.7701],[43.8164,39.7832],[43.8515,39.7719],[43.8819,39.7526],[43.9566,39.733],[44.0263,39.7257],[44.0443,39.7339],[44.0658,39.7319],[44.0857,39.713],[44.1071,39.7036],[44.2954,39.7056],[44.3232,39.6743],[44.4848,39.6303],[44.4804,39.6107],[44.4451,39.5755],[44.4235,39.5681],[44.4238,39.5327],[44.4348,39.5215],[44.431,39.5105],[44.4395,39.5053],[44.407,39.4713],[44.4201,39.4654],[44.4252,39.4471],[44.4327,39.4425],[44.4221,39.4116],[44.3777,39.4119],[44.3553,39.3945],[44.3304,39.3868],[44.317,39.3907],[44.2945,39.3735],[44.2848,39.3833],[44.2759,39.3835],[44.2648,39.399],[44.244,39.3986],[44.2336,39.4156],[44.2144,39.4176],[44.1943,39.4109],[44.1917,39.403],[44.1601,39.4029],[44.1353,39.3933],[44.1404,39.4035],[44.1339,39.407],[44.1136,39.402],[44.0985,39.4122],[44.0845,39.4073],[44.0728,39.4124],[44.0491,39.4009],[44.0583,39.386],[44.0336,39.3765],[44.0395,39.3593],[44.0587,39.3559],[44.06,39.351],[44.0536,39.3501],[43.9513,39.3658],[43.8662,39.3545],[43.8201,39.3832],[43.7895,39.3823],[43.7692,39.3646],[43.7812,39.2657],[43.7592,39.2461],[43.7395,39.1993],[43.7036,39.1917],[43.654,39.1999],[43.6505,39.212],[43.6133,39.2334],[43.5641,39.278],[43.5314,39.2931],[43.503,39.3176],[43.4519,39.338],[43.3813,39.3799],[43.2826,39.3811],[43.2401,39.3547],[43.1915,39.3383],[43.1452,39.3508],[43.1203,39.3378],[43.1173,39.326],[43.1262,39.3021],[43.1683,39.2495],[43.1498,39.1802],[43.1004,39.1506],[43.0589,39.1158],[43.0224,39.1031],[42.9962,39.0812],[42.9943,39.0622],[43.0117,39.0421],[43.0126,39.0256],[42.9569,39.0224],[42.9548,38.9857],[42.9417,38.9471],[42.9218,38.9422],[42.8949,38.9551],[42.8421,38.9595],[42.8089,38.9805],[42.7338,38.9656],[42.7145,38.9549],[42.699,38.9841],[42.696,39.0151],[42.717,39.0675],[42.7156,39.1221],[42.6874,39.1622],[42.6833,39.2018],[42.6412,39.2546],[42.6199,39.3109],[42.5644,39.3601],[42.5289,39.3671],[42.524,39.3632],[42.5065,39.4077],[42.503,39.4381],[42.43,39.5123],[42.4773,39.5711],[42.5114,39.5964],[42.501,39.6482],[42.4806,39.6686],[42.4397,39.6822],[42.404,39.726],[42.2909,39.775],[42.2867,39.8235],[42.3334,39.857],[42.3953,39.8732],[42.4342,39.9062],[42.4629,39.9163],[42.4944,39.9119],[42.5406,39.9267],[42.565,39.921],[42.8608,39.9653],[42.9438,39.9945],[42.9983,39.9924],[43.0345,39.9781],[43.0663,39.9915],[43.1113,39.9894],[43.161,40.0098],[43.2722,40.0205],[43.2871,40.0128]]]}},{"type":"Feature","properties":{"plaka":5},"geometry":{"type":"Polygon","coordinates":[[[35.246,41.0225],[35.3294,41.0407],[35.3397,41.0384],[35.3669,41.0052],[35.4028,41.002],[35.4411,41.0141],[35.4678,41.0121],[35.4719,40.9978],[35.4617,40.9873],[35.4626,40.9734],[35.4871,40.9471],[35.5255,40.931],[35.5454,40.9299],[35.5727,40.941],[35.6228,40.9371],[35.6343,40.9021],[35.6947,40.865],[35.7806,40.8731],[35.8221,40.8644],[35.8342,40.8732],[35.8698,40.8745],[35.9477,40.8623],[36.0197,40.8401],[36.0371,40.8408],[36.0632,40.8282],[36.1123,40.8392],[36.1426,40.8619],[36.1614,40.8902],[36.1905,40.9594],[36.1747,40.9718],[36.1752,40.9787],[36.2396,40.9802],[36.2967,40.9903],[36.3084,40.9756],[36.3309,40.9679],[36.3497,40.9469],[36.3759,40.9391],[36.398,40.9181],[36.4108,40.8919],[36.4005,40.8739],[36.4108,40.8634],[36.4275,40.8653],[36.4267,40.8586],[36.4144,40.8523],[36.4136,40.8153],[36.4407,40.7971],[36.503,40.7761],[36.5083,40.7643],[36.4727,40.7569],[36.4409,40.759],[36.4044,40.7082],[36.3801,40.6189],[36.3665,40.599],[36.2745,40.5832],[36.2703,40.5654],[36.2867,40.5259],[36.2734,40.514],[36.2506,40.5181],[36.2373,40.5016],[36.1364,40.4719],[36.099,40.4492],[36.061,40.466],[36.0224,40.474],[36.0245,40.4859],[36.0121,40.496],[35.9846,40.5044],[35.9365,40.4755],[35.919,40.4761],[35.9065,40.4864],[35.8896,40.486],[35.8437,40.453],[35.7928,40.437],[35.733,40.4406],[35.7258,40.4326],[35.7221,40.381],[35.7121,40.3698],[35.6505,40.3601],[35.627,40.3362],[35.5262,40.3127],[35.4671,40.2692],[35.4653,40.2508],[35.451,40.2338],[35.3865,40.2467],[35.3699,40.2546],[35.3865,40.3064],[35.3861,40.3224],[35.3638,40.3396],[35.3626,40.3641],[35.3758,40.3838],[35.3966,40.3957],[35.4122,40.4517],[35.4717,40.5074],[35.5226,40.5353],[35.5338,40.5625],[35.4655,40.5681],[35.4511,40.5845],[35.4501,40.6102],[35.4395,40.6207],[35.3831,40.6414],[35.3431,40.6419],[35.3332,40.6534],[35.3314,40.6789],[35.321,40.6894],[35.2724,40.6859],[35.2302,40.7172],[35.1994,40.7125],[35.1449,40.6887],[35.0575,40.6971],[35.0231,40.733],[34.9929,40.778],[34.9954,40.8032],[35.0119,40.8485],[35.0117,40.8691],[35.0539,40.8992],[35.0711,40.9194],[35.0652,40.9454],[35.0467,40.9614],[35.028,40.992],[35.0376,41.0114],[35.0777,41.0233],[35.0949,41.0398],[35.086,41.0784],[35.1149,41.082],[35.1403,41.0776],[35.216,41.0268],[35.246,41.0225]]]}},{"type":"Feature","properties":{"plaka":6},"geometry":{"type":"Polygon","coordinates":[[[32.5939,40.7523],[32.6839,40.744],[32.7088,40.7254],[32.7247,40.6933],[32.7423,40.677],[32.8892,40.6266],[32.9058,40.6018],[32.9027,40.5888],[32.8895,40.5774],[32.8979,40.5397],[32.9252,40.5242],[32.9571,40.5196],[32.9684,40.5022],[32.9885,40.4884],[33.0382,40.4794],[33.0985,40.4901],[33.1343,40.4842],[33.2021,40.4086],[33.2153,40.3737],[33.2453,40.329],[33.2984,40.3411],[33.3169,40.3662],[33.3247,40.3907],[33.336,40.3977],[33.3759,40.3985],[33.417,40.3932],[33.4655,40.3637],[33.5067,40.3487],[33.5378,40.3435],[33.5943,40.3467],[33.6593,40.3242],[33.6591,40.2964],[33.6115,40.2586],[33.6178,40.2482],[33.6053,40.2334],[33.6007,40.19],[33.5727,40.1353],[33.5846,40.0888],[33.5831,40.0623],[33.5235,40.0129],[33.4463,39.9981],[33.3729,39.9622],[33.3553,39.935],[33.3322,39.9221],[33.3196,39.9067],[33.3055,39.8751],[33.3046,39.8549],[33.2815,39.8152],[33.3092,39.7854],[33.3138,39.7649],[33.2842,39.7369],[33.2381,39.7071],[33.233,39.6911],[33.2484,39.6718],[33.3011,39.6557],[33.3124,39.6465],[33.3458,39.4872],[33.3581,39.473],[33.3919,39.4656],[33.3858,39.4373],[33.3954,39.4257],[33.3837,39.413],[33.4035,39.3976],[33.4188,39.3965],[33.4318,39.3685],[33.4632,39.3433],[33.4624,39.3312],[33.448,39.3291],[33.4434,39.3221],[33.4572,39.3123],[33.4599,39.303],[33.5038,39.2916],[33.5503,39.2165],[33.6382,39.1695],[33.7177,39.1125],[33.7476,39.0994],[33.7624,39.0736],[33.8503,39.0696],[33.876,39.045],[33.8951,39.0378],[33.8141,38.989],[33.7491,38.9913],[33.7203,38.9802],[33.7202,38.9663],[33.783,38.9145],[33.8018,38.8887],[33.7842,38.8507],[33.7771,38.7801],[33.7593,38.742],[33.6745,38.6854],[33.5775,38.6534],[33.4875,38.6491],[33.4035,38.7026],[33.3554,38.7657],[33.3954,38.9828],[33.3873,39.0368],[33.362,39.0749],[33.2676,39.087],[33.2245,39.1124],[33.1891,39.124],[33.1449,39.1562],[33.1329,39.1804],[33.1282,39.2283],[33.1398,39.2427],[33.1723,39.2483],[33.1852,39.2647],[33.1832,39.2752],[33.1382,39.2843],[33.1137,39.2539],[33.0841,39.2387],[33.0573,39.2065],[33.0383,39.1982],[33.0185,39.2031],[33.0108,39.2167],[33.0061,39.2333],[33.0115,39.2785],[32.9959,39.2907],[32.952,39.2844],[32.9418,39.2563],[32.919,39.2461],[32.8687,39.2676],[32.8242,39.2734],[32.7988,39.2435],[32.7954,39.2142],[32.8247,39.1682],[32.8227,39.1577],[32.7977,39.1399],[32.7193,39.1247],[32.7041,39.1295],[32.6775,39.1249],[32.5829,39.0518],[32.5329,39.0316],[32.5003,38.9939],[32.4723,38.9739],[32.4235,38.9812],[32.3743,39.0131],[32.3689,39.0286],[32.3365,39.0253],[32.3043,39.0051],[32.2704,38.9972],[32.1928,39.0188],[32.1785,39.0059],[32.1754,38.9796],[32.1599,38.9628],[32.1156,38.9515],[32.0685,38.9608],[32.0132,38.9988],[31.9812,39.0299],[31.9564,39.0401],[31.9411,39.0752],[31.9045,39.1094],[31.8642,39.1331],[31.8438,39.1355],[31.8386,39.1427],[31.8483,39.1733],[31.8723,39.1856],[31.8868,39.1839],[31.9219,39.2125],[31.9307,39.2273],[31.9685,39.2437],[32.0044,39.2215],[32.0193,39.2808],[32.0159,39.3249],[32.0038,39.3335],[32.0018,39.3429],[31.9724,39.3564],[31.9919,39.3752],[31.9709,39.3986],[31.999,39.4053],[32.0076,39.4176],[31.9913,39.431],[31.9954,39.4558],[31.9877,39.4796],[31.997,39.4957],[31.9711,39.5099],[31.9295,39.5149],[31.9156,39.5242],[31.9017,39.5574],[31.8859,39.5742],[31.8845,39.5921],[31.8714,39.6182],[31.8194,39.692],[31.7999,39.7324],[31.7977,39.7784],[31.8403,39.8083],[31.872,39.8205],[31.8971,39.8555],[31.8533,39.85],[31.8481,39.8586],[31.8702,39.871],[31.8584,39.8825],[31.8106,39.8761],[31.7896,39.884],[31.7394,39.9351],[31.7384,39.9655],[31.7135,39.9674],[31.6988,39.9801],[31.6954,39.9921],[31.7089,40.0084],[31.7098,40.0234],[31.6778,40.0088],[31.6597,40.011],[31.6744,40.049],[31.6676,40.0587],[31.6605,40.0563],[31.6495,40.0353],[31.6326,40.0272],[31.5308,40.0383],[31.5039,40.0193],[31.4649,40.0435],[31.4368,40.0209],[31.4138,40.0231],[31.4029,40.0173],[31.3884,40.035],[31.4187,40.0391],[31.431,40.0477],[31.393,40.0619],[31.34,40.0467],[31.3087,40.0595],[31.2658,40.0626],[31.214,40.0571],[31.2018,40.0484],[31.187,40.0477],[31.1625,40.0526],[31.1487,40.0665],[31.1178,40.0709],[31.0998,40.0537],[31.0479,40.0544],[31.022,40.0451],[31.0129,40.0261],[30.9553,40.0336],[30.9383,40.0293],[30.8564,40.0639],[30.8546,40.0826],[30.8377,40.096],[30.8174,40.1345],[30.8223,40.1445],[30.8714,40.1755],[30.9201,40.1871],[30.9521,40.2156],[31.0111,40.2148],[31.0529,40.2224],[31.0604,40.2329],[31.0508,40.2587],[31.053,40.2875],[31.0696,40.334],[31.0878,40.3531],[31.1102,40.3616],[31.238,40.3349],[31.2644,40.3483],[31.327,40.3643],[31.4147,40.3704],[31.4333,40.3607],[31.4525,40.3268],[31.5294,40.281],[31.5773,40.2666],[31.6046,40.2735],[31.6596,40.301],[31.7228,40.315],[31.7524,40.3335],[31.7947,40.3202],[31.8597,40.3134],[31.9271,40.3497],[32.0033,40.3766],[32.0392,40.4171],[32.0974,40.4294],[32.1139,40.4486],[32.1224,40.4888],[32.1754,40.5137],[32.1941,40.5436],[32.2066,40.5517],[32.3314,40.5843],[32.3819,40.5589],[32.4275,40.5694],[32.4374,40.5824],[32.4403,40.6114],[32.4279,40.6381],[32.4314,40.6501],[32.4515,40.6698],[32.4854,40.6802],[32.5143,40.6993],[32.5321,40.7236],[32.5659,40.7418],[32.5716,40.751],[32.5939,40.7523]]]}},{"type":"Feature","properties":{"plaka":7},"geometry":{"type":"MultiPolygon","coordinates":[[[[31.3355,37.4257],[31.3501,37.4202],[31.3613,37.4247],[31.3706,37.384],[31.3957,37.3656],[31.5508,37.3278],[31.6298,37.3313],[31.6614,37.3391],[31.6985,37.3695],[31.7229,37.3746],[31.803,37.3456],[31.8178,37.3058],[31.8588,37.2611],[31.8805,37.2139],[31.9048,37.1849],[31.9332,37.1746],[31.9421,37.145],[31.9889,37.0945],[32.02,37.0784],[32.053,37.0296],[32.0791,37.0086],[32.1096,36.9945],[32.1768,36.9795],[32.2456,36.9294],[32.2571,36.9065],[32.2808,36.8852],[32.2964,36.8473],[32.3407,36.8076],[32.3731,36.789],[32.3979,36.7653],[32.4085,36.7449],[32.4244,36.6985],[32.4103,36.6813],[32.4204,36.6451],[32.4074,36.5826],[32.428,36.5726],[32.436,36.558],[32.4579,36.5484],[32.4704,36.5314],[32.5418,36.4906],[32.6016,36.4673],[32.6121,36.4549],[32.6435,36.443],[32.6513,36.4307],[32.6603,36.3819],[32.6403,36.3066],[32.6185,36.2673],[32.5614,36.2296],[32.5604,36.1417],[32.5736,36.1314],[32.5756,36.1153],[32.5924,36.1018],[32.5853,36.0896],[32.5648,36.1016],[32.5341,36.0927],[32.5172,36.0971],[32.511,36.1059],[32.4889,36.1089],[32.4617,36.1334],[32.4161,36.1531],[32.413,36.1631],[32.3892,36.1635],[32.3596,36.2018],[32.2954,36.2351],[32.277,36.2613],[32.2743,36.2903],[32.2134,36.3389],[32.1706,36.4119],[32.1347,36.4379],[32.117,36.4662],[32.078,36.503],[32.0212,36.5409],[32.0044,36.5426],[31.9988,36.5394],[32.0046,36.5388],[31.998,36.5357],[32.0,36.5308],[31.9856,36.5273],[31.9885,36.5411],[31.9612,36.5587],[31.9189,36.5637],[31.8535,36.5891],[31.8084,36.5959],[31.7871,36.6071],[31.7773,36.6036],[31.7721,36.6059],[31.7737,36.615],[31.7356,36.6416],[31.7256,36.6379],[31.6867,36.6493],[31.672,36.6442],[31.6732,36.6485],[31.6643,36.649],[31.6355,36.6722],[31.5389,36.7203],[31.386,36.7648],[31.3919,36.7728],[31.3853,36.7809],[31.3618,36.7971],[31.3249,36.8097],[31.0807,36.8403],[31.0063,36.8577],[30.7993,36.8454],[30.7886,36.8528],[30.7578,36.8454],[30.7306,36.8578],[30.7023,36.8852],[30.6705,36.8803],[30.6156,36.8445],[30.6127,36.8345],[30.6055,36.8391],[30.6094,36.8357],[30.6051,36.8302],[30.6168,36.8338],[30.604,36.8293],[30.5761,36.7984],[30.5639,36.7241],[30.5748,36.7021],[30.5706,36.6762],[30.5546,36.647],[30.5602,36.6442],[30.5562,36.6326],[30.5609,36.6109],[30.5775,36.5961],[30.5894,36.5989],[30.5926,36.5915],[30.5577,36.5414],[30.557,36.5349],[30.5655,36.5336],[30.5516,36.5282],[30.5523,36.5201],[30.5478,36.5242],[30.5389,36.5197],[30.544,36.511],[30.523,36.4791],[30.5166,36.4798],[30.5212,36.4739],[30.5063,36.4674],[30.5169,36.4571],[30.5085,36.4407],[30.4795,36.4346],[30.4912,36.4217],[30.4755,36.3975],[30.4856,36.3926],[30.4853,36.3809],[30.4953,36.3674],[30.5006,36.3639],[30.5051,36.3693],[30.5021,36.3537],[30.508,36.3555],[30.5102,36.3448],[30.5275,36.3439],[30.5285,36.335],[30.5082,36.3327],[30.5058,36.3241],[30.4931,36.3266],[30.4874,36.3171],[30.4676,36.3152],[30.4706,36.2975],[30.4881,36.2984],[30.4866,36.2791],[30.4624,36.2662],[30.4604,36.2566],[30.4498,36.2581],[30.4507,36.2522],[30.4339,36.2419],[30.4332,36.2335],[30.4223,36.2304],[30.4042,36.2111],[30.4023,36.2323],[30.408,36.2398],[30.3983,36.2477],[30.4144,36.2665],[30.4084,36.2751],[30.3959,36.2741],[30.3934,36.2798],[30.3698,36.2696],[30.3206,36.3004],[30.2762,36.3155],[30.182,36.3139],[30.1494,36.3014],[30.1523,36.2749],[30.1417,36.2666],[30.1439,36.2762],[30.1389,36.2785],[30.1283,36.2627],[30.1215,36.2633],[30.1142,36.247],[30.0634,36.2587],[29.9796,36.215],[29.9751,36.2212],[29.9457,36.2197],[29.94,36.2293],[29.9224,36.2341],[29.9029,36.2253],[29.9073,36.2162],[29.8881,36.2123],[29.894,36.2071],[29.8898,36.2047],[29.8977,36.2023],[29.888,36.2003],[29.8869,36.1939],[29.8577,36.189],[29.8539,36.1924],[29.8642,36.1968],[29.8486,36.1972],[29.8279,36.1886],[29.85,36.1921],[29.8315,36.1777],[29.8217,36.1832],[29.8232,36.1758],[29.8009,36.1659],[29.8293,36.1677],[29.793,36.1432],[29.777,36.1371],[29.7568,36.1425],[29.7875,36.159],[29.7553,36.1545],[29.7462,36.1624],[29.7363,36.1564],[29.7209,36.1633],[29.7097,36.1485],[29.7003,36.1444],[29.6938,36.1486],[29.6837,36.131],[29.6782,36.1535],[29.6551,36.1478],[29.6519,36.1606],[29.6443,36.1593],[29.6312,36.1695],[29.6413,36.1833],[29.6436,36.1741],[29.6514,36.1747],[29.6516,36.1916],[29.6411,36.199],[29.6127,36.1973],[29.6093,36.1879],[29.584,36.187],[29.6118,36.2038],[29.6316,36.201],[29.6316,36.2051],[29.6116,36.2084],[29.5857,36.2011],[29.5647,36.2102],[29.4777,36.2118],[29.454,36.2206],[29.4511,36.2279],[29.4305,36.2325],[29.4128,36.2243],[29.4048,36.2436],[29.4153,36.2519],[29.414,36.2631],[29.4012,36.2584],[29.3923,36.265],[29.3691,36.263],[29.3737,36.248],[29.3676,36.2363],[29.3534,36.23],[29.3306,36.2477],[29.3139,36.2469],[29.2697,36.2921],[29.2728,36.2979],[29.2829,36.2961],[29.2821,36.3091],[29.3041,36.3082],[29.3152,36.3205],[29.3115,36.3407],[29.3161,36.3624],[29.311,36.372],[29.3156,36.3842],[29.3336,36.3947],[29.3256,36.4198],[29.3151,36.4293],[29.3228,36.4409],[29.3388,36.4379],[29.3627,36.4611],[29.3881,36.4709],[29.4601,36.4738],[29.5206,36.4909],[29.5403,36.5211],[29.5592,36.5278],[29.5694,36.5415],[29.6132,36.5698],[29.6276,36.5999],[29.6439,36.6134],[29.6586,36.6221],[29.7275,36.6361],[29.7357,36.646],[29.7445,36.6775],[29.7411,36.7007],[29.7466,36.7529],[29.7575,36.7598],[29.7605,36.7834],[29.7547,36.7973],[29.7768,36.8099],[29.7784,36.8235],[29.8096,36.858],[29.8119,36.8732],[29.7874,36.9319],[29.734,36.9624],[29.8603,37.0283],[29.8724,37.0743],[29.8629,37.0917],[29.8372,37.1097],[29.8344,37.1197],[29.8719,37.1555],[29.9039,37.1759],[29.9857,37.2113],[30.0421,37.2843],[30.1231,37.2914],[30.1419,37.2983],[30.15,37.3122],[30.1959,37.3385],[30.2324,37.3474],[30.2808,37.314],[30.3556,37.3058],[30.3708,37.2924],[30.4086,37.2807],[30.4362,37.2618],[30.4903,37.241],[30.5467,37.2359],[30.622,37.2459],[30.716,37.2394],[30.743,37.2433],[30.7514,37.233],[30.7671,37.2311],[30.7851,37.2384],[30.8051,37.2373],[30.8256,37.25],[30.8595,37.2565],[30.872,37.2718],[30.8816,37.2732],[30.8829,37.2874],[30.9072,37.3072],[30.9085,37.3329],[30.9458,37.3505],[30.9449,37.3605],[31.0038,37.3344],[31.035,37.3447],[31.0594,37.3666],[31.0833,37.3678],[31.1082,37.3905],[31.1344,37.3893],[31.3017,37.4376],[31.3355,37.4257]]],[[[29.9138,36.1978],[29.8975,36.1834],[29.887,36.1833],[29.8934,36.179],[29.8808,36.1701],[29.8818,36.1777],[29.8414,36.1684],[29.8695,36.1845],[29.9138,36.1978]]],[[[31.9882,36.5308],[31.9882,36.5308],[31.9882,36.5309],[31.9882,36.5309],[31.9882,36.5308]]],[[[31.9881,36.5309],[31.9881,36.5309],[31.9881,36.5309],[31.9881,36.5309],[31.9881,36.5309]]],[[[31.9889,36.5316],[31.9888,36.5316],[31.9888,36.5316],[31.9888,36.5316],[31.9888,36.5316],[31.9888,36.5316],[31.9889,36.5316]]],[[[31.9888,36.5316],[31.9888,36.5316],[31.9888,36.5316],[31.9888,36.5316],[31.9888,36.5316]]],[[[31.9887,36.5323],[31.9887,36.5323],[31.9887,36.5323],[31.9887,36.5323],[31.9887,36.5323]]],[[[32.0364,36.5327],[32.0362,36.5328],[32.0362,36.5328],[32.0364,36.5328],[32.0364,36.5327],[32.0364,36.5327]]],[[[32.0361,36.5329],[32.0359,36.5327],[32.0359,36.5328],[32.0361,36.533],[32.0361,36.5329]]],[[[32.0233,36.5397],[32.0232,36.5397],[32.0233,36.5398],[32.0233,36.5398],[32.0233,36.5397]]],[[[32.0006,36.5402],[32.0005,36.5402],[32.0005,36.5402],[32.0006,36.5402],[32.0006,36.5402]]],[[[31.9623,36.5582],[31.9623,36.5582],[31.9623,36.5582],[31.9623,36.5582],[31.9623,36.5582]]],[[[31.9622,36.5583],[31.9622,36.5583],[31.9622,36.5583],[31.9622,36.5583],[31.9622,36.5583]]],[[[31.9613,36.5583],[31.9613,36.5583],[31.9613,36.5584],[31.9614,36.5583],[31.9613,36.5583]]],[[[31.9614,36.5583],[31.9614,36.5583],[31.9614,36.5583],[31.9615,36.5584],[31.9614,36.5583]]],[[[31.9615,36.5585],[31.9615,36.5585],[31.9615,36.5585],[31.9615,36.5585],[31.9615,36.5585],[31.9615,36.5585]]],[[[31.9611,36.5587],[31.9611,36.5587],[31.9611,36.5587],[31.9611,36.5587],[31.9611,36.5587],[31.9611,36.5587],[31.9611,36.5587]]],[[[31.9573,36.5589],[31.9572,36.5588],[31.9572,36.5589],[31.9573,36.5589],[31.9573,36.5589]]],[[[31.9422,36.5589],[31.9421,36.5589],[31.9421,36.5589],[31.9421,36.5589],[31.9421,36.5589],[31.9422,36.5589]]],[[[31.9452,36.5591],[31.9451,36.559],[31.9451,36.5591],[31.9451,36.5591],[31.9452,36.5591],[31.9452,36.5591]]],[[[31.9451,36.5591],[31.945,36.5591],[31.945,36.5592],[31.9451,36.5591],[31.9451,36.5591]]],[[[31.9441,36.5592],[31.9442,36.5591],[31.9441,36.5592],[31.9441,36.5592],[31.9441,36.5592],[31.9441,36.5592]]],[[[31.9428,36.5592],[31.9428,36.5592],[31.9428,36.5592],[31.9428,36.5592],[31.9428,36.5592]]],[[[31.9435,36.5593],[31.9435,36.5593],[31.9435,36.5594],[31.9435,36.5593],[31.9435,36.5593],[31.9435,36.5593]]],[[[31.929,36.5615],[31.9284,36.5616],[31.9287,36.5618],[31.929,36.5616],[31.929,36.5615]]],[[[31.9263,36.5617],[31.926,36.5617],[31.926,36.5619],[31.9263,36.562],[31.9264,36.5618],[31.9263,36.5617]]],[[[31.8948,36.5721],[31.8945,36.5721],[31.8945,36.5722],[31.8946,36.5723],[31.8947,36.5723],[31.8948,36.5722],[31.8948,36.5721]]],[[[31.8816,36.5781],[31.8814,36.5781],[31.8815,36.5785],[31.8818,36.5783],[31.8818,36.5781],[31.8816,36.5781]]],[[[31.7517,36.6269],[31.7513,36.6273],[31.7523,36.6278],[31.7524,36.6274],[31.7517,36.6269]]],[[[31.7485,36.6285],[31.7478,36.6291],[31.7489,36.63],[31.749,36.6294],[31.7485,36.6285]]],[[[31.7337,36.6342],[31.7332,36.6343],[31.7333,36.6347],[31.7339,36.6344],[31.7337,36.6342]]],[[[31.7289,36.6386],[31.7288,36.639],[31.7291,36.6392],[31.7293,36.639],[31.7291,36.6387],[31.7289,36.6386]]],[[[31.6873,36.645],[31.6869,36.645],[31.6869,36.6451],[31.6874,36.6451],[31.6873,36.645]]],[[[31.6883,36.6463],[31.688,36.6463],[31.6881,36.6466],[31.6884,36.6465],[31.6884,36.6463],[31.6883,36.6463]]],[[[31.6637,36.6464],[31.6617,36.6472],[31.6611,36.6477],[31.6631,36.6475],[31.6642,36.6467],[31.6637,36.6464]]]]}},{"type":"Feature","properties":{"plaka":8},"geometry":{"type":"Polygon","coordinates":[[[41.9693,41.5229],[41.9857,41.5215],[41.9946,41.5045],[42.0392,41.4941],[42.0908,41.5133],[42.1266,41.5051],[42.1572,41.5061],[42.1782,41.5145],[42.1942,41.5075],[42.2049,41.4912],[42.2253,41.4987],[42.2841,41.4932],[42.3137,41.4822],[42.3293,41.4681],[42.4009,41.4665],[42.4485,41.4382],[42.4715,41.4355],[42.4909,41.445],[42.5201,41.4365],[42.5261,41.4434],[42.5424,41.4318],[42.5494,41.3697],[42.6124,41.3142],[42.615,41.299],[42.5894,41.2564],[42.5761,41.2459],[42.5307,41.2294],[42.5074,41.1985],[42.445,41.152],[42.3958,41.0974],[42.372,41.0491],[42.3852,41.0022],[42.3814,40.9761],[42.3634,40.94],[42.3416,40.9211],[42.2665,40.9324],[42.2064,40.9586],[42.1792,40.9637],[42.1396,40.96],[42.1205,40.9659],[42.0541,40.9664],[41.9701,40.9582],[41.9213,40.9176],[41.8823,40.8961],[41.8572,40.8649],[41.8608,40.8423],[41.881,40.8251],[41.8806,40.8037],[41.8748,40.7956],[41.8494,40.7856],[41.8262,40.7378],[41.8205,40.7028],[41.8302,40.682],[41.7974,40.6545],[41.7879,40.6528],[41.7618,40.6645],[41.7288,40.6639],[41.6595,40.6927],[41.6236,40.6997],[41.5614,40.6797],[41.5442,40.6622],[41.4422,40.6069],[41.4384,40.5935],[41.4117,40.5702],[41.3637,40.5621],[41.3351,40.5654],[41.3167,40.6182],[41.3154,40.6483],[41.3082,40.6575],[41.3221,40.6843],[41.3601,40.7046],[41.3635,40.728],[41.3129,40.7563],[41.2675,40.7676],[41.2482,40.7826],[41.1532,40.811],[41.1648,40.8487],[41.2033,40.8845],[41.2152,40.9179],[41.2265,40.9302],[41.2296,40.952],[41.2656,40.98],[41.3473,41.0273],[41.3647,41.0467],[41.3861,41.058],[41.3941,41.0775],[41.3861,41.1379],[41.3658,41.1634],[41.3488,41.1997],[41.319,41.2281],[41.3083,41.2551],[41.2726,41.2834],[41.2497,41.3275],[41.2729,41.3459],[41.3069,41.3543],[41.3424,41.373],[41.402,41.3829],[41.4238,41.4],[41.4743,41.4612],[41.5219,41.4826],[41.5474,41.5197],[41.5744,41.5182],[41.584,41.5083],[41.6178,41.5011],[41.6339,41.487],[41.6655,41.4824],[41.7103,41.4967],[41.7171,41.489],[41.7082,41.4742],[41.7859,41.4615],[41.789,41.4502],[41.8053,41.4465],[41.8234,41.4308],[41.8455,41.4409],[41.8464,41.4483],[41.8817,41.4608],[41.9115,41.4991],[41.9551,41.5234],[41.9693,41.5229]]]}},{"type":"Feature","properties":{"plaka":9},"geometry":{"type":"Polygon","coordinates":[[[28.366,38.123],[28.4346,38.0875],[28.4855,38.1224],[28.5003,38.1236],[28.5328,38.1013],[28.5572,38.105],[28.602,38.0986],[28.6291,38.086],[28.6365,38.0708],[28.6561,38.063],[28.7198,38.0615],[28.7442,37.9897],[28.8249,37.9742],[28.8206,37.9303],[28.7606,37.9483],[28.7286,37.9198],[28.7307,37.903],[28.7433,37.8921],[28.7307,37.8812],[28.7282,37.8639],[28.739,37.8488],[28.7439,37.8206],[28.7793,37.7982],[28.7832,37.7849],[28.8427,37.7666],[28.8651,37.7522],[28.8669,37.7387],[28.8278,37.7094],[28.7964,37.7047],[28.7915,37.6593],[28.7556,37.64],[28.7576,37.6155],[28.7511,37.5918],[28.7296,37.5855],[28.7182,37.5705],[28.6646,37.5486],[28.6208,37.544],[28.6044,37.536],[28.5983,37.5132],[28.6179,37.4794],[28.6036,37.4725],[28.5292,37.4752],[28.4652,37.4858],[28.452,37.505],[28.3941,37.4948],[28.3431,37.5257],[28.2889,37.5157],[28.2819,37.5229],[28.2932,37.5521],[28.2783,37.5579],[28.2479,37.5441],[28.2206,37.4948],[28.1994,37.4869],[28.1829,37.4938],[28.1568,37.492],[28.1438,37.4556],[28.135,37.4502],[28.0491,37.4738],[28.0028,37.4737],[27.9922,37.4671],[27.9516,37.4621],[27.9413,37.4671],[27.9423,37.4811],[27.932,37.4946],[27.8633,37.4895],[27.8455,37.4751],[27.7952,37.4684],[27.7704,37.4821],[27.7696,37.506],[27.7474,37.5261],[27.6494,37.5243],[27.6099,37.5426],[27.5876,37.5344],[27.5604,37.5391],[27.5573,37.5457],[27.53,37.548],[27.5116,37.5455],[27.507,37.5381],[27.4772,37.5374],[27.4716,37.529],[27.4711,37.4584],[27.4636,37.4512],[27.4717,37.4371],[27.4638,37.422],[27.4639,37.3844],[27.4539,37.3761],[27.3962,37.3608],[27.3915,37.3654],[27.408,37.3716],[27.4149,37.3862],[27.4282,37.3854],[27.4271,37.4019],[27.4133,37.4145],[27.405,37.4146],[27.3685,37.3991],[27.3595,37.3729],[27.3427,37.369],[27.3309,37.3785],[27.3306,37.3717],[27.3182,37.3692],[27.3338,37.3481],[27.3305,37.3426],[27.3145,37.3456],[27.3129,37.341],[27.3086,37.3529],[27.2963,37.3495],[27.2853,37.3563],[27.2626,37.3427],[27.2619,37.3366],[27.2502,37.3361],[27.2302,37.3424],[27.2334,37.3499],[27.2135,37.3467],[27.2215,37.354],[27.192,37.3539],[27.2123,37.3764],[27.2089,37.381],[27.2183,37.3922],[27.2103,37.3934],[27.2103,37.3986],[27.2324,37.4065],[27.2208,37.4121],[27.2188,37.4197],[27.2186,37.4529],[27.229,37.465],[27.2302,37.4769],[27.2247,37.4815],[27.2286,37.487],[27.2178,37.4858],[27.2057,37.4741],[27.2084,37.4874],[27.182,37.4723],[27.1748,37.4748],[27.1877,37.501],[27.1888,37.5271],[27.1823,37.5519],[27.1743,37.5569],[27.1846,37.5539],[27.2072,37.5647],[27.2185,37.5592],[27.2115,37.5724],[27.222,37.5901],[27.1893,37.6115],[27.1792,37.6086],[27.1657,37.6183],[27.0963,37.64],[27.0213,37.6515],[27.0084,37.6595],[27.0125,37.6669],[27.0056,37.6685],[27.0202,37.6883],[27.1071,37.6841],[27.1863,37.7039],[27.2332,37.7246],[27.2531,37.7492],[27.2677,37.7946],[27.2676,37.8162],[27.258,37.8247],[27.2432,37.825],[27.2361,37.8391],[27.2432,37.846],[27.2414,37.8601],[27.2635,37.8669],[27.263,37.8728],[27.2593,37.8675],[27.266,37.8774],[27.264,37.8902],[27.2727,37.8981],[27.271,37.9099],[27.2671,37.9051],[27.2614,37.91],[27.2667,37.9246],[27.2833,37.9196],[27.2887,37.9032],[27.3019,37.8899],[27.3525,37.8698],[27.3662,37.8413],[27.3941,37.8255],[27.4365,37.8518],[27.4239,37.9205],[27.474,37.9391],[27.4813,37.9705],[27.4979,37.9969],[27.5312,37.9963],[27.5479,38.0069],[27.5747,38.0111],[27.6149,37.992],[27.6371,37.9971],[27.6592,37.9831],[27.7021,37.9868],[27.812,37.9631],[27.87,37.9879],[27.8796,38.011],[27.9114,38.0156],[27.9345,37.9987],[27.9664,37.9982],[28.0017,37.9747],[28.0332,38.0016],[28.037,38.0219],[28.0462,38.0308],[28.0815,38.0238],[28.1015,38.0316],[28.1304,38.0256],[28.14,38.042],[28.2147,38.0266],[28.2441,38.0361],[28.2776,38.0343],[28.3013,38.0644],[28.3047,38.0863],[28.3306,38.1016],[28.3309,38.1212],[28.366,38.123]]]}},{"type":"Feature","properties":{"plaka":10},"geometry":{"type":"MultiPolygon","coordinates":[[[[27.7519,40.5264],[27.776,40.5241],[27.7757,40.5111],[27.7815,40.5066],[27.7879,40.5058],[27.7919,40.5155],[27.8135,40.5184],[27.8357,40.5095],[27.8449,40.5154],[27.8824,40.5147],[28.0322,40.4808],[28.0245,40.4534],[28.0058,40.4398],[27.9707,40.4229],[27.9522,40.4228],[27.9461,40.4134],[27.9265,40.4119],[27.897,40.391],[27.9004,40.3802],[27.9401,40.3576],[27.9633,40.3511],[27.968,40.3567],[27.9573,40.3599],[27.969,40.3574],[27.9903,40.3669],[28.1805,40.3972],[28.1922,40.3363],[28.1778,40.311],[28.1741,40.2657],[28.1647,40.2604],[28.1009,40.2664],[28.0955,40.2546],[28.1,40.2363],[28.1311,40.2002],[28.1529,40.117],[28.2059,40.064],[28.1879,40.0479],[28.2011,40.0334],[28.1918,40.0272],[28.1946,40.0078],[28.2675,39.9576],[28.2652,39.9161],[28.2909,39.8935],[28.3495,39.8678],[28.3834,39.8588],[28.4398,39.8549],[28.4512,39.8422],[28.4598,39.8051],[28.5256,39.7546],[28.6311,39.7344],[28.66,39.7494],[28.6864,39.7753],[28.7102,39.7808],[28.7215,39.7765],[28.7306,39.7668],[28.7262,39.7224],[28.7306,39.7014],[28.7584,39.6841],[28.769,39.6489],[28.7929,39.6319],[28.8295,39.618],[28.9406,39.6241],[28.9854,39.6096],[28.998,39.5828],[28.9873,39.5772],[28.9847,39.5684],[28.9534,39.5587],[28.9541,39.5401],[28.9255,39.5168],[28.9245,39.4907],[28.951,39.4599],[28.9446,39.4403],[28.9514,39.4275],[28.9503,39.4125],[28.9011,39.4028],[28.8803,39.3914],[28.8691,39.3664],[28.8332,39.3347],[28.8123,39.3019],[28.7553,39.2728],[28.7308,39.2696],[28.6846,39.2787],[28.6644,39.2931],[28.6525,39.3115],[28.6154,39.2926],[28.6123,39.2809],[28.6182,39.2585],[28.6414,39.2227],[28.6647,39.2115],[28.6644,39.1801],[28.6242,39.1845],[28.6047,39.1666],[28.5519,39.1576],[28.427,39.0993],[28.3659,39.0972],[28.3346,39.0737],[28.2966,39.0614],[28.2577,39.0709],[28.2413,39.0885],[28.2294,39.0915],[28.1915,39.0748],[28.1511,39.0777],[28.1268,39.1079],[28.1212,39.1284],[28.1005,39.156],[28.0464,39.1835],[27.9793,39.2033],[27.9691,39.2192],[27.975,39.2331],[27.9719,39.2406],[27.9437,39.2502],[27.9329,39.2639],[27.9339,39.2695],[27.9629,39.283],[27.9723,39.2974],[27.9547,39.3112],[27.9369,39.3385],[27.9184,39.3447],[27.8834,39.3444],[27.8645,39.3251],[27.8213,39.3149],[27.774,39.328],[27.7633,39.3431],[27.7324,39.3601],[27.6711,39.3346],[27.6411,39.3355],[27.5967,39.3501],[27.5665,39.3449],[27.5531,39.3761],[27.5249,39.3786],[27.4989,39.4039],[27.457,39.4098],[27.4289,39.4086],[27.4081,39.3823],[27.3767,39.3643],[27.3689,39.3845],[27.3235,39.3936],[27.3031,39.3886],[27.275,39.3647],[27.2406,39.3601],[27.2103,39.3668],[27.1139,39.3596],[27.0992,39.3442],[27.0607,39.3326],[27.0422,39.3171],[26.9075,39.2688],[26.8873,39.2531],[26.8867,39.2434],[26.8769,39.2349],[26.8302,39.2308],[26.8192,39.213],[26.7963,39.1997],[26.77,39.1664],[26.7279,39.2101],[26.7278,39.2198],[26.7341,39.2125],[26.733,39.2417],[26.7212,39.2569],[26.7042,39.2641],[26.6091,39.2732],[26.6266,39.2988],[26.6265,39.3124],[26.6522,39.3232],[26.6566,39.3037],[26.6443,39.3075],[26.6307,39.297],[26.6387,39.2921],[26.6519,39.2979],[26.659,39.2918],[26.6548,39.2857],[26.6709,39.2789],[26.6738,39.2844],[26.6666,39.295],[26.6608,39.2924],[26.6618,39.3027],[26.675,39.3123],[26.6897,39.3134],[26.7027,39.337],[26.6855,39.3442],[26.6833,39.3388],[26.6912,39.333],[26.6228,39.3266],[26.6131,39.3408],[26.616,39.353],[26.6083,39.3516],[26.6112,39.3573],[26.6239,39.3565],[26.6135,39.3696],[26.6173,39.3799],[26.6001,39.3876],[26.6142,39.3958],[26.6458,39.3888],[26.6458,39.3837],[26.6702,39.3898],[26.6615,39.3753],[26.6231,39.3805],[26.6236,39.3697],[26.634,39.3571],[26.6535,39.3633],[26.6524,39.3529],[26.6648,39.339],[26.6952,39.349],[26.7015,39.341],[26.7138,39.3409],[26.735,39.3523],[26.7369,39.3596],[26.7473,39.3576],[26.769,39.3681],[26.7988,39.3929],[26.8054,39.4043],[26.7979,39.407],[26.7934,39.4278],[26.7985,39.4368],[26.8099,39.4398],[26.8305,39.4329],[26.8474,39.4379],[26.8519,39.4468],[26.8489,39.4669],[26.8556,39.4782],[26.9026,39.4769],[26.93,39.4849],[26.9351,39.4937],[26.9291,39.4919],[26.931,39.5176],[26.9387,39.5376],[26.9528,39.5496],[26.9467,39.5651],[26.9268,39.5816],[26.8803,39.5853],[26.8669,39.5651],[26.8526,39.5666],[26.8382,39.5574],[26.8187,39.5681],[26.7732,39.5712],[26.7596,39.5634],[26.7281,39.5672],[26.6908,39.555],[26.6702,39.5578],[26.6575,39.5521],[26.649,39.5772],[26.6594,39.601],[26.6555,39.6132],[26.7036,39.6961],[26.7267,39.7152],[26.7517,39.7223],[26.7811,39.7035],[26.8115,39.6984],[26.9186,39.7347],[26.945,39.7577],[26.9827,39.7699],[27.0488,39.7445],[27.1509,39.7489],[27.1872,39.7358],[27.2429,39.7001],[27.2925,39.695],[27.3422,39.7099],[27.3665,39.7315],[27.4137,39.7548],[27.4426,39.7576],[27.4567,39.7668],[27.4726,39.8025],[27.485,39.8159],[27.4917,39.8696],[27.5237,39.9151],[27.5243,39.9447],[27.5129,39.9655],[27.4444,39.9902],[27.4511,40.0469],[27.4185,40.1007],[27.3933,40.1269],[27.3974,40.157],[27.4218,40.1783],[27.4366,40.2016],[27.4971,40.2433],[27.511,40.2835],[27.5054,40.2954],[27.5086,40.3066],[27.5473,40.3021],[27.5934,40.3229],[27.6223,40.3266],[27.6262,40.3237],[27.6203,40.3161],[27.6339,40.3237],[27.6686,40.3098],[27.7705,40.3121],[27.8078,40.3386],[27.8782,40.374],[27.8698,40.3836],[27.8194,40.4004],[27.7951,40.3837],[27.7967,40.3909],[27.7874,40.3942],[27.7837,40.409],[27.7468,40.4326],[27.7552,40.4422],[27.7505,40.45],[27.7402,40.4562],[27.7164,40.4553],[27.6878,40.4744],[27.6799,40.5005],[27.7166,40.5206],[27.7373,40.5247],[27.7478,40.5178],[27.7519,40.5264]]],[[[26.6363,39.2992],[26.6357,39.2993],[26.6359,39.2997],[26.6364,39.2994],[26.6363,39.2992]]],[[[26.6,39.3022],[26.5961,39.292],[26.6034,39.2831],[26.5766,39.278],[26.5924,39.2925],[26.5912,39.3015],[26.6,39.3022]]],[[[26.6586,39.3245],[26.6594,39.3232],[26.6577,39.3234],[26.6567,39.3242],[26.6586,39.3245]]],[[[26.6154,39.3248],[26.6152,39.3249],[26.6155,39.3251],[26.6156,39.3251],[26.6154,39.3248]]],[[[26.6198,39.3295],[26.6195,39.3295],[26.6195,39.3298],[26.6197,39.3298],[26.6198,39.3296],[26.6198,39.3295]]],[[[26.5949,39.3306],[26.5946,39.3308],[26.5945,39.331],[26.5948,39.3311],[26.595,39.3307],[26.5949,39.3306]]],[[[26.5332,39.3244],[26.5283,39.3271],[26.5311,39.3332],[26.5395,39.3291],[26.5332,39.3244]]],[[[26.5831,39.334],[26.5827,39.334],[26.5827,39.3344],[26.583,39.3345],[26.5832,39.3341],[26.5831,39.334]]],[[[26.5687,39.3339],[26.5683,39.3341],[26.5687,39.3344],[26.569,39.3344],[26.5689,39.334],[26.5687,39.3339]]],[[[26.5617,39.336],[26.5602,39.3367],[26.5611,39.3374],[26.562,39.337],[26.562,39.3361],[26.5617,39.336]]],[[[26.5953,39.3374],[26.5948,39.3374],[26.5949,39.3377],[26.5953,39.3378],[26.5955,39.3375],[26.5953,39.3374]]],[[[26.6887,39.3385],[26.6885,39.3386],[26.6885,39.3387],[26.6889,39.3388],[26.6889,39.3386],[26.6887,39.3385]]],[[[26.6138,39.3349],[26.5958,39.3368],[26.6025,39.3429],[26.6138,39.3349]]],[[[26.6762,39.3439],[26.6758,39.344],[26.6761,39.3443],[26.6765,39.3443],[26.6762,39.3439]]],[[[26.5789,39.3439],[26.5778,39.3376],[26.573,39.3344],[26.5752,39.3415],[26.5789,39.3439]]],[[[26.6799,39.3495],[26.6796,39.3494],[26.6796,39.3497],[26.68,39.3497],[26.68,39.3496],[26.6799,39.3495]]],[[[26.7136,39.3494],[26.7131,39.3496],[26.713,39.35],[26.7137,39.3501],[26.714,39.3497],[26.7136,39.3494]]],[[[26.5969,39.3495],[26.6016,39.344],[26.5862,39.3435],[26.5868,39.3493],[26.5969,39.3495]]],[[[26.6823,39.3514],[26.6821,39.3514],[26.6824,39.3517],[26.6825,39.3516],[26.6823,39.3514]]],[[[26.5983,39.3527],[26.5999,39.3527],[26.6006,39.3515],[26.5991,39.3515],[26.598,39.3529],[26.5983,39.3527]]],[[[26.5904,39.3523],[26.5892,39.3529],[26.5901,39.3533],[26.5907,39.353],[26.5904,39.3523]]],[[[26.6736,39.3539],[26.6701,39.3523],[26.6639,39.3511],[26.6673,39.3534],[26.6736,39.3539]]],[[[26.7006,39.3583],[26.7,39.3583],[26.7001,39.3586],[26.7006,39.3585],[26.7006,39.3584],[26.7006,39.3583]]],[[[26.5913,39.3581],[26.5905,39.3584],[26.5918,39.3589],[26.5921,39.3586],[26.5913,39.3581]]],[[[26.7219,39.3585],[26.7209,39.3592],[26.7218,39.3599],[26.7219,39.3591],[26.7219,39.3585]]],[[[26.6336,39.3676],[26.6324,39.3681],[26.6313,39.3686],[26.6324,39.3692],[26.6336,39.3676]]],[[[26.6977,39.3721],[26.6985,39.3698],[26.6968,39.3682],[26.6942,39.3705],[26.6977,39.3721]]],[[[26.7276,39.3771],[26.725,39.3764],[26.7245,39.3782],[26.7279,39.3785],[26.7276,39.3771]]],[[[26.7616,39.3715],[26.7633,39.3767],[26.77,39.3786],[26.7657,39.3741],[26.7618,39.3716],[26.7616,39.3715]]],[[[26.7083,39.3822],[26.7093,39.3734],[26.7033,39.3737],[26.7083,39.3822]]],[[[26.5705,39.3783],[26.5717,39.385],[26.5752,39.3813],[26.5705,39.3783]]],[[[26.5921,39.3963],[26.603,39.3946],[26.5888,39.3679],[26.5843,39.3722],[26.5893,39.3755],[26.5774,39.3815],[26.5762,39.3904],[26.5851,39.3868],[26.5921,39.3963]]],[[[26.7123,39.4098],[26.7116,39.408],[26.7066,39.4051],[26.7082,39.4085],[26.7123,39.4099],[26.7123,39.4098]]],[[[26.9376,39.5372],[26.9376,39.5376],[26.9399,39.5388],[26.9395,39.5382],[26.9378,39.5373],[26.9376,39.5372]]],[[[27.7877,40.3931],[27.7879,40.394],[27.7886,40.3946],[27.7887,40.3937],[27.7877,40.3931]]],[[[27.5649,40.47],[27.5691,40.4672],[27.5602,40.4685],[27.5649,40.47]]],[[[27.6012,40.5106],[27.6482,40.4929],[27.6326,40.4691],[27.6467,40.4554],[27.6619,40.4648],[27.6601,40.4463],[27.6261,40.4617],[27.5764,40.4656],[27.5814,40.4825],[27.6076,40.4807],[27.6012,40.5106]]],[[[27.5772,40.4963],[27.5704,40.5004],[27.5815,40.5217],[27.5832,40.507],[27.5772,40.4963]]],[[[27.5865,40.5265],[27.5812,40.5253],[27.5786,40.5284],[27.5825,40.5284],[27.5865,40.5265]]],[[[27.5405,40.5218],[27.5494,40.5216],[27.5239,40.5034],[27.5352,40.4894],[27.5018,40.4799],[27.4874,40.4693],[27.4784,40.4977],[27.4957,40.5122],[27.4973,40.5215],[27.5147,40.5375],[27.5405,40.5218]]],[[[27.4665,40.5414],[27.4636,40.5481],[27.4682,40.5497],[27.4933,40.5546],[27.5038,40.5504],[27.4665,40.5414]]],[[[27.4876,40.6407],[27.4773,40.6448],[27.4869,40.6482],[27.4876,40.6407]]],[[[27.678,40.6631],[27.6766,40.6601],[27.6742,40.6613],[27.6752,40.6639],[27.6767,40.6656],[27.678,40.6631]]],[[[27.6386,40.665],[27.6414,40.6595],[27.6581,40.6606],[27.6582,40.6557],[27.6705,40.6605],[27.6795,40.6511],[27.706,40.6504],[27.7351,40.6331],[27.7138,40.6169],[27.6616,40.6025],[27.6634,40.5942],[27.6302,40.5807],[27.5733,40.5757],[27.5283,40.6029],[27.5333,40.6182],[27.5262,40.6373],[27.5313,40.6464],[27.5502,40.6537],[27.5501,40.6442],[27.5691,40.6455],[27.5813,40.6555],[27.6386,40.665]]]]}},{"type":"Feature","properties":{"plaka":11},"geometry":{"type":"Polygon","coordinates":[[[30.023,40.4292],[30.0693,40.4514],[30.0875,40.4122],[30.1167,40.3737],[30.1543,40.356],[30.1816,40.3568],[30.2189,40.3362],[30.2347,40.357],[30.3115,40.3799],[30.3439,40.3854],[30.3755,40.3784],[30.4298,40.396],[30.4442,40.3941],[30.4476,40.3782],[30.4641,40.3683],[30.4793,40.3442],[30.4835,40.3151],[30.5238,40.2943],[30.5599,40.2943],[30.5795,40.2588],[30.6087,40.2461],[30.6058,40.2157],[30.627,40.2076],[30.6314,40.1701],[30.6529,40.1494],[30.5907,40.1455],[30.5579,40.1294],[30.5379,40.1135],[30.4835,40.0232],[30.4425,40.0119],[30.3799,40.0106],[30.3743,39.9569],[30.354,39.9402],[30.3064,39.9367],[30.2944,39.9094],[30.2986,39.8762],[30.2887,39.8592],[30.2617,39.8413],[30.1736,39.8563],[30.1402,39.8546],[30.0602,39.8237],[30.0463,39.7984],[30.0142,39.7839],[30.0065,39.7698],[29.9896,39.6954],[30.0224,39.6748],[30.0265,39.6665],[30.0193,39.6571],[30.0018,39.6538],[29.9518,39.6631],[29.9196,39.7009],[29.8747,39.7187],[29.8479,39.7202],[29.8091,39.7097],[29.7511,39.7199],[29.7435,39.7424],[29.7467,39.7879],[29.7092,39.8261],[29.6991,39.8472],[29.7038,39.8606],[29.7336,39.8801],[29.7529,39.9108],[29.759,39.9369],[29.7506,39.9874],[29.7583,40.0225],[29.7464,40.0516],[29.7536,40.0784],[29.7169,40.1],[29.7104,40.143],[29.7304,40.1753],[29.7752,40.1793],[29.7863,40.1961],[29.7939,40.228],[29.8229,40.2563],[29.8356,40.3386],[29.8282,40.3509],[29.811,40.3579],[29.8071,40.3728],[29.8626,40.4093],[29.8858,40.4161],[29.8947,40.4276],[29.8924,40.4405],[29.8685,40.4618],[29.8676,40.4872],[29.9363,40.5196],[29.9685,40.517],[29.9946,40.5],[29.9974,40.4637],[30.0103,40.4364],[30.023,40.4292]]]}},{"type":"Feature","properties":{"plaka":12},"geometry":{"type":"Polygon","coordinates":[[[40.6074,39.5175],[40.5975,39.4866],[40.5985,39.4665],[40.5857,39.445],[40.6308,39.4135],[40.6579,39.4168],[40.7117,39.4086],[40.7959,39.4129],[40.8622,39.4474],[40.9156,39.4412],[40.9522,39.4508],[41.0215,39.4384],[41.139,39.4296],[41.1726,39.3806],[41.1547,39.367],[41.1476,39.3275],[41.1505,39.2882],[41.1764,39.24],[41.1745,39.1763],[41.2127,39.1448],[41.2396,39.1037],[41.2798,39.0749],[41.287,39.0583],[41.2731,39.0392],[41.2198,39.0261],[41.1869,39.0025],[41.1732,38.967],[41.1444,38.9476],[41.113,38.9054],[41.1142,38.8766],[41.1329,38.8223],[41.1332,38.7883],[41.1234,38.7609],[41.1554,38.7482],[41.1587,38.6972],[41.1043,38.7108],[41.0176,38.676],[40.9554,38.6699],[40.9208,38.6523],[40.897,38.6252],[40.8637,38.623],[40.8459,38.5951],[40.8095,38.5657],[40.7674,38.588],[40.7512,38.6154],[40.7206,38.6005],[40.7049,38.6076],[40.6896,38.6014],[40.6667,38.6264],[40.6479,38.632],[40.6373,38.6195],[40.6442,38.5974],[40.623,38.5858],[40.5326,38.5938],[40.4645,38.633],[40.4444,38.6349],[40.4355,38.6288],[40.4412,38.6022],[40.4315,38.5704],[40.3783,38.5528],[40.3497,38.5318],[40.3571,38.4915],[40.3051,38.4893],[40.2981,38.4973],[40.2747,38.5038],[40.2751,38.5238],[40.2468,38.5291],[40.2248,38.5688],[40.2075,38.5709],[40.1914,38.5867],[40.173,38.592],[40.154,38.6121],[40.1477,38.6336],[40.1555,38.6633],[40.1728,38.6799],[40.2083,38.6728],[40.2546,38.7243],[40.3379,38.7679],[40.3392,38.8026],[40.3309,38.8228],[40.3095,38.8356],[40.2532,38.8433],[40.2257,38.9182],[40.2282,38.9675],[40.2409,38.993],[40.2443,39.0414],[40.3005,39.1226],[40.2933,39.1581],[40.2842,39.1647],[40.2062,39.1773],[40.1578,39.1693],[40.1191,39.1587],[40.0865,39.1364],[40.0512,39.1257],[40.0048,39.1008],[39.953,39.0991],[39.9376,39.1073],[39.9576,39.1209],[39.9574,39.1329],[39.9381,39.1471],[39.9278,39.1867],[39.9428,39.2173],[39.9505,39.2526],[39.9662,39.2655],[40.0017,39.268],[40.0247,39.2826],[40.0245,39.2956],[39.9979,39.3149],[39.9962,39.3249],[40.0196,39.3322],[40.1155,39.3033],[40.1279,39.3271],[40.1468,39.3358],[40.1941,39.3398],[40.2248,39.3657],[40.2918,39.3643],[40.3178,39.4088],[40.2741,39.4677],[40.2745,39.4811],[40.2902,39.4985],[40.3321,39.5136],[40.3957,39.5122],[40.4218,39.5297],[40.4493,39.5135],[40.51,39.5154],[40.5469,39.5329],[40.6109,39.5222],[40.6074,39.5175]]]}},{"type":"Feature","properties":{"plaka":13},"geometry":{"type":"Polygon","coordinates":[[[42.9998,39.0227],[43.0101,39.0228],[43.0413,38.9966],[43.074,38.9202],[43.0908,38.9139],[43.1715,38.9201],[43.2172,38.9148],[43.2423,38.8968],[43.2432,38.8646],[43.2343,38.8439],[43.2074,38.8153],[43.0639,38.7131],[43.0075,38.6844],[42.786,38.5938],[42.7618,38.5526],[42.7573,38.5158],[42.7591,38.4603],[42.7774,38.3945],[42.7508,38.3432],[42.6825,38.3109],[42.6751,38.2877],[42.6877,38.2577],[42.7034,38.2555],[42.7398,38.2161],[42.7312,38.1886],[42.7042,38.1821],[42.6882,38.1526],[42.672,38.1426],[42.6645,38.1081],[42.6906,38.0863],[42.6736,38.0365],[42.6568,38.0212],[42.6542,37.9997],[42.6281,37.9771],[42.5555,37.9683],[42.4985,37.9826],[42.4839,37.9983],[42.4841,38.0254],[42.4396,38.038],[42.4148,38.0611],[42.3881,38.0754],[42.3607,38.1042],[42.3077,38.1157],[42.2917,38.1267],[42.2675,38.1647],[42.2429,38.1773],[42.24,38.2079],[42.2309,38.2248],[42.2169,38.2332],[42.1701,38.2383],[42.1276,38.233],[42.1107,38.225],[42.0823,38.1859],[42.064,38.1807],[42.0294,38.183],[41.9687,38.1546],[41.9536,38.1602],[41.9439,38.1807],[41.9322,38.1897],[41.9002,38.1844],[41.8768,38.1949],[41.8503,38.1957],[41.8222,38.2078],[41.8128,38.226],[41.7149,38.2379],[41.6612,38.2611],[41.6453,38.2982],[41.6376,38.3421],[41.635,38.3936],[41.6431,38.4201],[41.6433,38.4634],[41.6313,38.4996],[41.5583,38.5187],[41.5084,38.5552],[41.5269,38.5726],[41.5619,38.5899],[41.6927,38.6088],[41.8126,38.6009],[41.895,38.5818],[41.9405,38.5865],[41.9411,38.6217],[42.0135,38.6606],[42.0272,38.6901],[42.1163,38.7448],[42.1144,38.7542],[42.0872,38.766],[42.082,38.7779],[42.1163,38.8066],[42.1676,38.8176],[42.166,38.849],[42.1904,38.8706],[42.2066,38.8963],[42.2781,38.8983],[42.425,38.9567],[42.4883,38.9413],[42.5425,38.941],[42.5571,38.9226],[42.5687,38.8903],[42.5787,38.8851],[42.5944,38.8945],[42.597,38.9232],[42.6096,38.933],[42.6694,38.9364],[42.7338,38.9656],[42.7946,38.9795],[42.8151,38.9791],[42.8421,38.9595],[42.8949,38.9551],[42.9168,38.9433],[42.9328,38.9423],[42.9417,38.9471],[42.9548,38.9857],[42.9569,39.0224],[42.9998,39.0227]]]}},{"type":"Feature","properties":{"plaka":14},"geometry":{"type":"Polygon","coordinates":[[[32.269,41.0332],[32.2818,41.0304],[32.3012,41.0117],[32.3237,40.984],[32.3298,40.9605],[32.3641,40.9619],[32.3652,40.9485],[32.3402,40.8849],[32.3428,40.8738],[32.3699,40.8608],[32.3996,40.8618],[32.4369,40.8659],[32.4823,40.8858],[32.5128,40.8857],[32.5305,40.8529],[32.5684,40.8158],[32.5656,40.757],[32.57,40.7475],[32.5321,40.7236],[32.5143,40.6993],[32.4854,40.6802],[32.4515,40.6698],[32.4314,40.6501],[32.4279,40.6381],[32.4403,40.6114],[32.4374,40.5824],[32.4275,40.5694],[32.3819,40.5589],[32.3314,40.5843],[32.2066,40.5517],[32.1941,40.5436],[32.1754,40.5137],[32.1224,40.4888],[32.1139,40.4486],[32.0974,40.4294],[32.0392,40.4171],[32.0033,40.3766],[31.9271,40.3497],[31.8709,40.3177],[31.8521,40.3119],[31.7947,40.3202],[31.7524,40.3335],[31.7228,40.315],[31.6596,40.301],[31.6046,40.2735],[31.5773,40.2666],[31.5294,40.281],[31.4525,40.3268],[31.4333,40.3607],[31.4147,40.3704],[31.327,40.3643],[31.2644,40.3483],[31.238,40.3349],[31.1102,40.3616],[31.0878,40.3531],[31.0696,40.334],[31.053,40.2875],[31.0508,40.2587],[31.0604,40.2329],[31.0529,40.2224],[31.0111,40.2148],[30.9572,40.2174],[30.9201,40.1871],[30.8714,40.1755],[30.8208,40.1444],[30.7492,40.155],[30.6913,40.1469],[30.6643,40.1527],[30.6529,40.1494],[30.6314,40.1701],[30.627,40.2076],[30.6058,40.2157],[30.6087,40.2461],[30.5795,40.2588],[30.5634,40.2837],[30.5607,40.3006],[30.5747,40.3199],[30.5764,40.3436],[30.5599,40.3734],[30.5689,40.3869],[30.5685,40.4149],[30.5832,40.4363],[30.5921,40.4753],[30.6312,40.5051],[30.7326,40.4968],[30.7966,40.5075],[30.828,40.5008],[30.8531,40.5047],[30.8824,40.5357],[30.8713,40.5478],[30.874,40.5674],[30.8862,40.5731],[30.8741,40.5853],[30.8732,40.5961],[30.8965,40.6277],[30.9005,40.6464],[30.9108,40.6493],[30.9168,40.6397],[30.9359,40.6357],[30.9583,40.6369],[31.051,40.6622],[31.0815,40.6635],[31.1615,40.6544],[31.1992,40.6223],[31.2233,40.6224],[31.2496,40.6333],[31.3033,40.631],[31.3426,40.646],[31.3729,40.6766],[31.393,40.7161],[31.4051,40.7669],[31.4367,40.824],[31.5009,40.8464],[31.5204,40.8758],[31.5793,40.8909],[31.5894,40.9021],[31.6032,40.905],[31.6096,40.9288],[31.6353,40.9505],[31.6647,40.9559],[31.7511,40.9886],[31.7693,41.0192],[31.8231,41.0066],[31.8747,41.0045],[31.998,41.032],[32.0891,41.0096],[32.1348,41.009],[32.1536,41.0162],[32.1956,41.0125],[32.2401,41.0317],[32.269,41.0332]]]}},{"type":"Feature","properties":{"plaka":15},"geometry":{"type":"Polygon","coordinates":[[[30.4308,37.7763],[30.4351,37.7453],[30.4443,37.7283],[30.4875,37.7056],[30.5601,37.6869],[30.5867,37.6864],[30.6099,37.6619],[30.6721,37.6611],[30.7016,37.6515],[30.7252,37.6612],[30.724,37.6471],[30.7435,37.6143],[30.7415,37.5988],[30.7523,37.5877],[30.7597,37.556],[30.7827,37.5338],[30.7839,37.5174],[30.8408,37.4581],[30.848,37.4023],[30.8815,37.3977],[30.9289,37.3802],[30.9449,37.3605],[30.9458,37.3505],[30.9085,37.3329],[30.9079,37.3085],[30.8829,37.2874],[30.8816,37.2732],[30.872,37.2718],[30.8595,37.2565],[30.8256,37.25],[30.8051,37.2373],[30.7851,37.2384],[30.7671,37.2311],[30.7514,37.233],[30.743,37.2433],[30.716,37.2394],[30.622,37.2459],[30.5467,37.2359],[30.4903,37.241],[30.4362,37.2618],[30.4086,37.2807],[30.3708,37.2924],[30.3556,37.3058],[30.2808,37.314],[30.2324,37.3474],[30.2128,37.3456],[30.1231,37.2914],[30.0421,37.2843],[29.9857,37.2113],[29.945,37.1973],[29.8719,37.1555],[29.833,37.1175],[29.8629,37.0917],[29.8724,37.0743],[29.8626,37.0322],[29.7844,36.9866],[29.7643,36.9821],[29.734,36.9624],[29.7017,36.9873],[29.6012,36.9969],[29.589,36.9891],[29.5858,36.9707],[29.5393,36.942],[29.5255,36.9139],[29.507,36.9002],[29.5034,36.8763],[29.495,36.867],[29.4689,36.8471],[29.4541,36.849],[29.4382,36.84],[29.4161,36.8434],[29.4152,36.8538],[29.3997,36.8583],[29.3825,36.8817],[29.3482,36.8781],[29.328,36.8889],[29.3571,36.9466],[29.3793,36.9667],[29.3802,36.983],[29.3693,37.0014],[29.3485,37.0066],[29.3497,37.0318],[29.3824,37.0517],[29.4218,37.054],[29.4394,37.0639],[29.433,37.0952],[29.4439,37.1237],[29.4614,37.1446],[29.4656,37.1812],[29.4862,37.249],[29.5175,37.2806],[29.579,37.319],[29.5931,37.34],[29.6395,37.3722],[29.6347,37.3976],[29.618,37.4071],[29.6127,37.4193],[29.5719,37.4295],[29.5499,37.4455],[29.5376,37.4759],[29.5384,37.5146],[29.546,37.5365],[29.5171,37.5566],[29.5176,37.5748],[29.5274,37.5909],[29.5972,37.6287],[29.6297,37.6283],[29.6628,37.6152],[29.6866,37.6159],[29.6983,37.6346],[29.6964,37.6486],[29.6937,37.6557],[29.6722,37.6629],[29.6734,37.6783],[29.7272,37.7046],[29.8097,37.7022],[29.8305,37.7082],[29.8669,37.7333],[29.8802,37.7556],[29.9053,37.7724],[29.9169,37.7883],[30.0057,37.8019],[30.0285,37.7912],[30.0596,37.7902],[30.1108,37.8133],[30.1416,37.7889],[30.1634,37.7898],[30.1858,37.7792],[30.2176,37.7748],[30.2994,37.795],[30.3818,37.8329],[30.4253,37.7964],[30.4308,37.7763]]]}},{"type":"Feature","properties":{"plaka":16},"geometry":{"type":"MultiPolygon","coordinates":[[[[29.7879,40.5922],[29.8498,40.5976],[29.8914,40.5816],[29.9143,40.5663],[29.9176,40.5337],[29.9382,40.52],[29.8676,40.4872],[29.8685,40.4618],[29.8924,40.4405],[29.8947,40.4276],[29.8858,40.4161],[29.8626,40.4093],[29.8071,40.3728],[29.811,40.3579],[29.8282,40.3509],[29.8356,40.3386],[29.8229,40.2563],[29.7939,40.228],[29.7863,40.1961],[29.7752,40.1793],[29.7304,40.1753],[29.7104,40.143],[29.7169,40.1],[29.7536,40.0784],[29.7464,40.0516],[29.7583,40.0225],[29.7506,39.9874],[29.759,39.9369],[29.748,39.9025],[29.7276,39.8723],[29.7045,39.8612],[29.6086,39.8755],[29.5724,39.864],[29.5269,39.8705],[29.4565,39.867],[29.4171,39.8173],[29.3912,39.8048],[29.2572,39.7006],[29.2274,39.6511],[29.2133,39.6133],[29.1743,39.5823],[29.0028,39.6059],[28.9406,39.6241],[28.8295,39.618],[28.7929,39.6319],[28.769,39.6489],[28.7584,39.6841],[28.7306,39.7014],[28.7262,39.7224],[28.7306,39.7668],[28.721,39.7768],[28.7102,39.7808],[28.6864,39.7753],[28.66,39.7494],[28.6311,39.7344],[28.5256,39.7546],[28.4598,39.8051],[28.4512,39.8422],[28.4398,39.8549],[28.3633,39.8639],[28.2909,39.8935],[28.2652,39.9161],[28.2675,39.9576],[28.1946,40.0078],[28.1918,40.0272],[28.2011,40.0334],[28.1879,40.0479],[28.2059,40.064],[28.1529,40.117],[28.1311,40.2002],[28.1,40.2363],[28.0955,40.2546],[28.1009,40.2664],[28.1647,40.2604],[28.1741,40.2657],[28.1778,40.311],[28.1922,40.3363],[28.1805,40.3972],[28.2509,40.4019],[28.2894,40.3975],[28.2859,40.4017],[28.2966,40.3959],[28.3356,40.4016],[28.3715,40.3988],[28.3666,40.4019],[28.4125,40.3937],[28.5108,40.3956],[28.5888,40.3718],[28.6577,40.3613],[28.676,40.3651],[28.6752,40.3748],[28.7224,40.3778],[28.7703,40.3941],[28.7964,40.3943],[28.8421,40.3816],[28.8773,40.3825],[28.9262,40.3558],[29.0514,40.3624],[29.0681,40.3745],[29.067,40.3899],[29.086,40.4173],[29.1067,40.4153],[29.1555,40.4247],[29.1512,40.4367],[29.0833,40.4774],[29.0256,40.4792],[29.0168,40.4704],[28.9898,40.4662],[28.9846,40.4841],[29.0168,40.5588],[29.0413,40.5654],[29.1074,40.5627],[29.1681,40.5411],[29.1851,40.5274],[29.2117,40.5248],[29.2448,40.5282],[29.3722,40.5653],[29.4216,40.544],[29.4484,40.5561],[29.4791,40.5561],[29.4949,40.5435],[29.4981,40.5301],[29.5067,40.5279],[29.6309,40.5504],[29.6744,40.5803],[29.6841,40.6044],[29.7066,40.6164],[29.7489,40.6083],[29.7879,40.5922]]],[[[28.536,40.5141],[28.5345,40.514],[28.5347,40.514],[28.5356,40.5143],[28.5365,40.5145],[28.5369,40.5145],[28.536,40.5141]]],[[[28.5378,40.5441],[28.5367,40.5461],[28.536,40.5478],[28.5358,40.5491],[28.5378,40.5441]]],[[[28.549,40.5654],[28.5353,40.5509],[28.5422,40.5208],[28.5369,40.5146],[28.5207,40.5129],[28.5146,40.5215],[28.5264,40.5514],[28.52,40.5654],[28.549,40.5654]]]]}},{"type":"Feature","properties":{"plaka":17},"geometry":{"type":"MultiPolygon","coordinates":[[[[27.3153,40.4381],[27.3257,40.412],[27.3045,40.3997],[27.3206,40.3751],[27.4048,40.3351],[27.5086,40.3066],[27.5054,40.2954],[27.511,40.2835],[27.4971,40.2433],[27.4315,40.1972],[27.4218,40.1783],[27.3974,40.157],[27.3919,40.1359],[27.4489,40.0534],[27.452,40.0353],[27.4444,39.9902],[27.5129,39.9655],[27.5243,39.9447],[27.5237,39.9151],[27.4895,39.8638],[27.485,39.8159],[27.4513,39.7624],[27.4137,39.7548],[27.3665,39.7315],[27.3422,39.7099],[27.2925,39.695],[27.2429,39.7001],[27.1872,39.7358],[27.1509,39.7489],[27.0488,39.7445],[26.9827,39.7699],[26.945,39.7577],[26.9186,39.7347],[26.8115,39.6984],[26.7811,39.7035],[26.7571,39.7209],[26.7438,39.7221],[26.7036,39.6961],[26.6561,39.6145],[26.6592,39.6002],[26.649,39.5772],[26.6573,39.552],[26.6345,39.5551],[26.6076,39.5431],[26.4471,39.5183],[26.4173,39.5014],[26.3768,39.4965],[26.3695,39.481],[26.3491,39.4881],[26.3264,39.4814],[26.2648,39.4835],[26.242,39.4643],[26.2312,39.4742],[26.2218,39.4739],[26.2047,39.4614],[26.1319,39.4533],[26.0637,39.4768],[26.0631,39.4889],[26.0799,39.5116],[26.0788,39.5219],[26.1038,39.5888],[26.1282,39.6001],[26.146,39.6189],[26.1603,39.6605],[26.1529,39.7206],[26.1397,39.7583],[26.1542,39.7778],[26.1561,39.8244],[26.1379,39.8412],[26.1435,39.8666],[26.1562,39.8867],[26.1569,39.8997],[26.1478,39.914],[26.1645,39.9653],[26.1769,39.99],[26.201,40.0112],[26.2322,40.0019],[26.2713,40.0027],[26.3289,40.0248],[26.3561,40.0642],[26.367,40.1036],[26.397,40.1073],[26.407,40.1196],[26.4083,40.1288],[26.3973,40.1451],[26.4093,40.1559],[26.4033,40.1631],[26.4091,40.1972],[26.4044,40.1991],[26.4844,40.2019],[26.5231,40.2214],[26.5453,40.236],[26.5423,40.2432],[26.5582,40.2571],[26.5562,40.2618],[26.5837,40.273],[26.567,40.2756],[26.57,40.2797],[26.6076,40.2851],[26.6259,40.2983],[26.6392,40.3194],[26.6922,40.3531],[26.691,40.3691],[26.7507,40.4054],[26.7824,40.4081],[26.8218,40.3992],[26.8526,40.4038],[26.8849,40.3977],[26.9129,40.4102],[26.9564,40.3858],[26.9786,40.3914],[26.9931,40.3876],[27.0367,40.3971],[27.0568,40.413],[27.06,40.4296],[27.0885,40.4428],[27.1493,40.4521],[27.1878,40.4353],[27.1994,40.4362],[27.278,40.4759],[27.3153,40.4381]]],[[[26.0523,39.85],[26.0769,39.8356],[26.0722,39.8344],[26.08,39.8214],[26.0738,39.8206],[26.0737,39.8132],[26.0832,39.8012],[26.0613,39.7875],[26.0516,39.7875],[26.0461,39.7965],[25.9956,39.8209],[25.9857,39.819],[25.9639,39.8403],[25.9743,39.8459],[26.0523,39.85]]],[[[26.0673,39.939],[26.0747,39.9387],[26.0688,39.9331],[26.0551,39.9367],[26.0673,39.939]]],[[[25.9499,40.2457],[25.9535,40.2302],[25.9792,40.2227],[25.9786,40.1918],[25.9704,40.1833],[25.9746,40.1783],[25.9677,40.1649],[25.9715,40.1531],[25.9832,40.147],[26.0144,40.1675],[26.0178,40.1593],[25.9937,40.1323],[25.958,40.1233],[25.9349,40.1275],[25.838,40.1],[25.7995,40.1046],[25.7924,40.0963],[25.7648,40.1002],[25.7388,40.0914],[25.7305,40.0939],[25.7236,40.1078],[25.6685,40.13],[25.6791,40.16],[25.6934,40.1618],[25.7191,40.1832],[25.7872,40.2167],[25.8459,40.2167],[25.8899,40.238],[25.9499,40.2457]]],[[[26.9715,40.7282],[27.006,40.7141],[27.0182,40.6918],[26.9998,40.6604],[26.9647,40.6252],[26.9565,40.5835],[26.9649,40.5674],[26.9566,40.5504],[26.8994,40.5413],[26.8254,40.503],[26.7402,40.4794],[26.7169,40.4585],[26.6951,40.4521],[26.6976,40.4205],[26.6837,40.4173],[26.6755,40.4039],[26.6586,40.4078],[26.6282,40.3902],[26.6247,40.3857],[26.6315,40.362],[26.5883,40.3205],[26.5759,40.3202],[26.5615,40.3055],[26.5124,40.2894],[26.4955,40.2792],[26.4908,40.2661],[26.4641,40.2441],[26.428,40.2297],[26.4236,40.2211],[26.3991,40.2167],[26.3751,40.2037],[26.3584,40.2034],[26.3616,40.1794],[26.3811,40.1439],[26.3471,40.1265],[26.3325,40.1095],[26.2959,40.085],[26.2318,40.06],[26.2253,40.0508],[26.204,40.0528],[26.1892,40.041],[26.1707,40.0462],[26.1662,40.0536],[26.2096,40.1034],[26.2359,40.1547],[26.2704,40.1931],[26.2674,40.2067],[26.2785,40.2165],[26.2785,40.254],[26.2587,40.2732],[26.2292,40.2889],[26.2465,40.2993],[26.246,40.309],[26.2356,40.3171],[26.2154,40.3163],[26.2636,40.346],[26.2953,40.3517],[26.3126,40.3667],[26.332,40.3635],[26.3673,40.3922],[26.3966,40.409],[26.411,40.4106],[26.4363,40.4329],[26.5091,40.4586],[26.5948,40.5038],[26.6319,40.5151],[26.6487,40.51],[26.6963,40.5129],[26.7122,40.5235],[26.7163,40.5415],[26.7383,40.5511],[26.7469,40.562],[26.7513,40.5509],[26.7745,40.5499],[26.8182,40.5718],[26.8367,40.5903],[26.8374,40.6024],[26.846,40.6113],[26.8327,40.6108],[26.8336,40.6227],[26.8219,40.6427],[26.7962,40.6629],[26.7832,40.666],[26.7414,40.6462],[26.7322,40.6665],[26.7353,40.6863],[26.7667,40.7072],[26.8096,40.7252],[26.8477,40.7257],[26.8702,40.7376],[26.9715,40.7282]]]]}},{"type":"Feature","properties":{"plaka":18},"geometry":{"type":"Polygon","coordinates":[[[33.2274,41.0549],[33.3025,41.0318],[33.3328,40.9856],[33.3633,40.9763],[33.4181,40.9839],[33.4248,40.9907],[33.424,41.0078],[33.4446,41.0347],[33.4874,41.0555],[33.5143,41.0505],[33.5541,41.0316],[33.6956,41.0565],[33.7676,41.0523],[33.8191,41.0323],[33.8238,41.0264],[33.8201,41.0072],[33.7928,40.981],[33.7887,40.961],[33.7973,40.9278],[33.7963,40.9023],[33.7697,40.8607],[33.7738,40.8416],[33.7953,40.8332],[33.835,40.8332],[33.9094,40.8515],[33.9601,40.8548],[34.0329,40.8282],[34.0871,40.8269],[34.1041,40.7759],[34.1013,40.7655],[34.0453,40.7367],[34.0633,40.7215],[34.0712,40.7055],[34.1183,40.6716],[34.1177,40.6427],[34.0999,40.6227],[34.0926,40.5858],[34.0985,40.5729],[34.1303,40.5607],[34.123,40.5328],[34.1635,40.495],[34.1604,40.4792],[34.1408,40.4733],[34.1395,40.4515],[34.1446,40.434],[34.1612,40.4199],[34.1638,40.3976],[34.1361,40.3912],[34.1134,40.3611],[34.0896,40.3505],[34.0495,40.314],[33.9847,40.2784],[33.9708,40.248],[33.9269,40.2696],[33.8351,40.2679],[33.8217,40.2801],[33.8138,40.3155],[33.7841,40.3277],[33.748,40.3246],[33.6933,40.3328],[33.6593,40.3242],[33.5881,40.3477],[33.521,40.3451],[33.4655,40.3637],[33.417,40.3932],[33.3873,40.3978],[33.336,40.3977],[33.3247,40.3907],[33.3169,40.3662],[33.2984,40.3411],[33.2476,40.3284],[33.2153,40.3737],[33.2021,40.4086],[33.1343,40.4842],[33.0985,40.4901],[33.0382,40.4794],[32.9885,40.4884],[32.9684,40.5022],[32.9571,40.5196],[32.9252,40.5242],[32.9005,40.5362],[32.8892,40.5747],[32.9027,40.5888],[32.9053,40.606],[32.8831,40.6304],[32.7929,40.6559],[32.7423,40.677],[32.7247,40.6933],[32.7088,40.7254],[32.6839,40.744],[32.5662,40.7547],[32.5703,40.7974],[32.5917,40.8073],[32.601,40.826],[32.6405,40.8379],[32.659,40.8512],[32.733,40.8732],[32.7701,40.9074],[32.7908,40.9553],[32.8142,40.9599],[32.864,40.9538],[33.0002,40.9779],[33.0384,40.9963],[33.0487,41.0185],[33.074,41.0375],[33.087,41.0607],[33.116,41.0526],[33.1402,41.0651],[33.1805,41.0746],[33.2274,41.0549]]]}},{"type":"Feature","properties":{"plaka":19},"geometry":{"type":"Polygon","coordinates":[[[34.5544,41.2928],[34.5757,41.2933],[34.5983,41.2833],[34.6237,41.2915],[34.6552,41.2869],[34.6884,41.292],[34.6934,41.2865],[34.6909,41.268],[34.7099,41.2525],[34.8461,41.2083],[34.8713,41.2218],[34.876,41.2479],[34.8944,41.2556],[34.9123,41.254],[34.9098,41.2441],[34.9271,41.2279],[34.931,41.1978],[34.9556,41.1867],[34.9628,41.1768],[34.9558,41.1294],[34.9345,41.1091],[34.9434,41.0921],[34.9858,41.0806],[35.086,41.0784],[35.0924,41.0619],[35.0954,41.041],[35.0872,41.0308],[35.0754,41.0223],[35.0465,41.017],[35.0282,40.9943],[35.0467,40.9614],[35.0652,40.9454],[35.0711,40.9194],[35.0366,40.8845],[35.0128,40.8709],[35.0119,40.8485],[34.9925,40.787],[34.9929,40.778],[35.02,40.7368],[35.0487,40.7029],[35.0787,40.6928],[35.1449,40.6887],[35.1994,40.7125],[35.2302,40.7172],[35.2724,40.6859],[35.321,40.6894],[35.3314,40.6789],[35.3332,40.6534],[35.3431,40.6419],[35.3831,40.6414],[35.4395,40.6207],[35.4501,40.6102],[35.4511,40.5845],[35.4655,40.5681],[35.5338,40.5625],[35.5226,40.5353],[35.4717,40.5074],[35.4122,40.4517],[35.3966,40.3957],[35.3758,40.3838],[35.3626,40.3641],[35.3638,40.3396],[35.3794,40.3315],[35.3867,40.3183],[35.3699,40.2546],[35.3206,40.2396],[35.2427,40.1949],[35.2234,40.1984],[35.172,40.2289],[35.1563,40.2273],[35.1485,40.2197],[35.1463,40.1934],[35.1545,40.1665],[35.1635,40.1599],[35.1988,40.1597],[35.2078,40.1517],[35.2038,40.1443],[35.1666,40.1365],[35.1315,40.1119],[35.1315,40.1017],[35.1721,40.0531],[35.1737,40.0404],[35.1665,40.031],[35.149,40.0254],[35.0973,40.0249],[35.0359,40.0023],[34.981,40.0011],[34.9569,40.007],[34.9148,39.9976],[34.8997,40.0067],[34.8964,40.0372],[34.8788,40.046],[34.8674,40.0432],[34.8348,40.0165],[34.7933,40.0055],[34.6718,40.0246],[34.6495,40.0042],[34.6519,39.9883],[34.641,39.9656],[34.6139,39.9478],[34.5556,39.9605],[34.5029,39.9871],[34.4258,40.0021],[34.3706,39.9782],[34.3272,39.9395],[34.2758,39.9375],[34.2448,39.9279],[34.217,39.9692],[34.1477,40.0454],[34.1304,40.0587],[34.0917,40.0698],[34.0769,40.122],[34.0547,40.138],[34.0515,40.1621],[34.0611,40.1759],[34.0497,40.1952],[34.0323,40.209],[33.9748,40.2302],[33.9716,40.2521],[33.9847,40.2784],[34.0495,40.314],[34.0896,40.3505],[34.1134,40.3611],[34.1361,40.3912],[34.1641,40.3985],[34.161,40.4203],[34.1446,40.434],[34.1395,40.4515],[34.1408,40.4733],[34.1604,40.4792],[34.1635,40.495],[34.123,40.5328],[34.1303,40.5607],[34.0985,40.5729],[34.0926,40.5858],[34.0999,40.6227],[34.1177,40.6427],[34.1183,40.6716],[34.0712,40.7055],[34.0457,40.738],[34.1013,40.7655],[34.1041,40.7759],[34.0871,40.8269],[34.1357,40.8438],[34.1927,40.8444],[34.2332,40.874],[34.2496,40.9281],[34.2603,40.9434],[34.2602,40.9666],[34.3081,40.9958],[34.3271,41.0156],[34.3101,41.0527],[34.2805,41.0589],[34.2272,41.0881],[34.2243,41.1156],[34.2313,41.1425],[34.2187,41.1829],[34.2804,41.2045],[34.3068,41.2433],[34.3192,41.2514],[34.344,41.2934],[34.3688,41.2914],[34.4155,41.2729],[34.4561,41.323],[34.4957,41.3318],[34.5104,41.3254],[34.5364,41.2994],[34.5544,41.2928]]]}},{"type":"Feature","properties":{"plaka":20},"geometry":{"type":"Polygon","coordinates":[[[29.8878,38.4564],[29.9006,38.4491],[29.9013,38.419],[29.9134,38.4052],[29.9671,38.4107],[29.9898,38.4061],[30.0135,38.3751],[30.0548,38.3583],[30.0713,38.3406],[30.0966,38.2775],[30.1158,38.2539],[30.1027,38.2232],[30.0783,38.2108],[30.0679,38.1977],[30.0257,38.1823],[29.9787,38.1295],[29.9699,38.1269],[29.9282,38.1396],[29.8851,38.1244],[29.7949,38.0719],[29.7863,38.0625],[29.7805,38.0323],[29.7431,38.0152],[29.6986,38.0045],[29.6875,37.9853],[29.6727,37.9102],[29.6831,37.88],[29.6996,37.8627],[29.725,37.8533],[29.7591,37.8559],[29.8295,37.8209],[29.8848,37.8232],[29.9087,37.8072],[29.9165,37.7866],[29.8802,37.7556],[29.8669,37.7333],[29.8305,37.7082],[29.8097,37.7022],[29.7272,37.7046],[29.6734,37.6783],[29.6722,37.6629],[29.6937,37.6557],[29.6964,37.6486],[29.6983,37.6346],[29.6866,37.6159],[29.6628,37.6152],[29.6297,37.6283],[29.5972,37.6287],[29.5261,37.5896],[29.5176,37.5748],[29.5171,37.5566],[29.546,37.5365],[29.5384,37.5146],[29.5376,37.4759],[29.5499,37.4455],[29.5719,37.4295],[29.6127,37.4193],[29.6161,37.409],[29.6305,37.4021],[29.6403,37.3876],[29.6381,37.3693],[29.5931,37.34],[29.579,37.319],[29.5175,37.2806],[29.4862,37.249],[29.4656,37.1812],[29.4614,37.1446],[29.4439,37.1237],[29.433,37.0952],[29.4394,37.0639],[29.4218,37.054],[29.3824,37.0517],[29.3497,37.0318],[29.3485,37.0066],[29.3693,37.0014],[29.3802,36.983],[29.3793,36.9667],[29.3571,36.9466],[29.328,36.8889],[29.2998,36.8875],[29.2741,36.8633],[29.2168,36.8515],[29.1804,36.8672],[29.1428,36.8609],[29.1251,36.8639],[29.0889,36.9019],[29.0868,36.915],[29.094,36.9298],[29.0736,36.9548],[29.0747,36.9666],[29.1054,37.0099],[29.0984,37.0336],[29.0785,37.0464],[29.0581,37.0435],[29.0351,37.0603],[29.0209,37.0622],[28.9962,37.0937],[28.9756,37.1016],[28.972,37.1155],[28.9452,37.1377],[28.9047,37.1449],[28.8852,37.1358],[28.8704,37.1422],[28.8467,37.1317],[28.8348,37.1357],[28.8361,37.1524],[28.8174,37.1844],[28.7955,37.1843],[28.7854,37.1939],[28.7805,37.2271],[28.7844,37.2403],[28.754,37.2669],[28.7379,37.2717],[28.7401,37.2789],[28.7309,37.2908],[28.7371,37.2962],[28.7419,37.3251],[28.7199,37.3376],[28.7031,37.366],[28.6574,37.3743],[28.6451,37.3687],[28.6271,37.401],[28.6303,37.4152],[28.6148,37.4289],[28.6309,37.4616],[28.5983,37.5132],[28.6044,37.536],[28.6208,37.544],[28.6646,37.5486],[28.7182,37.5705],[28.7296,37.5855],[28.7511,37.5918],[28.7576,37.6155],[28.7556,37.64],[28.7915,37.6593],[28.7964,37.7047],[28.8312,37.7114],[28.866,37.7367],[28.8674,37.7474],[28.8427,37.7666],[28.7832,37.7849],[28.7793,37.7982],[28.7439,37.8206],[28.739,37.8488],[28.7282,37.8639],[28.7307,37.8812],[28.7433,37.8921],[28.7307,37.903],[28.7286,37.9198],[28.7606,37.9483],[28.8206,37.9303],[28.8249,37.9742],[28.7442,37.9897],[28.7219,38.0603],[28.6561,38.063],[28.6365,38.0708],[28.6296,38.0857],[28.6582,38.0934],[28.6733,38.107],[28.7012,38.1076],[28.72,38.1313],[28.7374,38.1744],[28.7651,38.1729],[28.7965,38.1975],[28.8592,38.2208],[28.874,38.2474],[28.8888,38.2415],[28.9209,38.2426],[28.9553,38.2316],[29.0075,38.2378],[29.0246,38.2271],[29.047,38.229],[29.0821,38.245],[29.1177,38.2408],[29.1192,38.2335],[29.1365,38.2247],[29.181,38.2129],[29.1865,38.1783],[29.208,38.162],[29.2227,38.2025],[29.2209,38.211],[29.2106,38.2128],[29.2041,38.2246],[29.2119,38.2291],[29.2139,38.2397],[29.2262,38.238],[29.2503,38.247],[29.2842,38.2913],[29.38,38.3238],[29.4153,38.3184],[29.4329,38.2959],[29.4638,38.2753],[29.5478,38.2731],[29.5772,38.2438],[29.6429,38.2839],[29.6286,38.325],[29.624,38.3829],[29.6119,38.4007],[29.6186,38.4138],[29.722,38.4504],[29.7605,38.4536],[29.7798,38.4729],[29.806,38.4802],[29.8695,38.467],[29.8878,38.4564]]]}},{"type":"Feature","properties":{"plaka":21},"geometry":{"type":"Polygon","coordinates":[[[41.1587,38.6972],[41.1521,38.66],[41.1553,38.614],[41.1749,38.5711],[41.2071,38.5604],[41.2356,38.5376],[41.3006,38.5261],[41.338,38.4977],[41.3619,38.4905],[41.3721,38.4785],[41.3614,38.4742],[41.3546,38.4591],[41.3306,38.463],[41.3171,38.4512],[41.2858,38.4427],[41.2643,38.4158],[41.242,38.4085],[41.2332,38.3871],[41.2401,38.3704],[41.2195,38.3607],[41.1957,38.3167],[41.1776,38.3122],[41.1864,38.2874],[41.1645,38.1887],[41.2026,38.1694],[41.2024,38.1505],[41.2171,38.1412],[41.2211,38.1174],[41.2024,38.0702],[41.1741,38.0558],[41.1693,38.0359],[41.1445,38.0092],[41.1551,37.9869],[41.1361,37.9653],[41.1288,37.9449],[41.106,37.9338],[41.0959,37.9106],[41.0812,37.9068],[41.0692,37.894],[41.0372,37.8844],[40.999,37.8462],[40.9994,37.8181],[40.9866,37.8067],[40.9911,37.7874],[41.0113,37.7815],[41.0295,37.7927],[41.0315,37.784],[41.0179,37.7741],[41.0244,37.7703],[41.0523,37.7781],[41.0444,37.7344],[40.9867,37.7089],[40.9736,37.6877],[40.9588,37.6777],[40.8842,37.6421],[40.7742,37.6684],[40.7115,37.6937],[40.6981,37.7016],[40.6816,37.7377],[40.6644,37.7444],[40.6509,37.7396],[40.6382,37.7127],[40.6399,37.6364],[40.6312,37.6248],[40.5955,37.6068],[40.5316,37.5974],[40.4478,37.6035],[40.4299,37.5958],[40.4036,37.561],[40.3229,37.5301],[40.2887,37.5252],[40.2558,37.5079],[40.2404,37.5085],[40.1954,37.5387],[40.1258,37.5539],[40.0896,37.5387],[40.0459,37.54],[40.0223,37.5215],[39.9946,37.5106],[39.9462,37.514],[39.8944,37.5301],[39.8591,37.5336],[39.8702,37.5656],[39.8382,37.6253],[39.8276,37.7247],[39.8061,37.7629],[39.8152,37.8319],[39.8001,37.858],[39.7555,37.8611],[39.7104,37.8372],[39.6839,37.8093],[39.6681,37.8068],[39.5949,37.8415],[39.569,37.8613],[39.5415,37.8666],[39.5226,37.8878],[39.4739,37.9221],[39.4414,37.93],[39.3919,37.957],[39.3251,37.9642],[39.276,37.9458],[39.2553,37.9454],[39.235,37.9555],[39.2006,38.0003],[39.187,38.0032],[39.1535,37.9951],[39.1363,38.003],[39.1317,38.0118],[39.1323,38.0203],[39.1534,38.015],[39.1756,38.0272],[39.2004,38.061],[39.2222,38.072],[39.2357,38.1182],[39.2555,38.1326],[39.2626,38.1482],[39.2561,38.1787],[39.2226,38.2058],[39.196,38.2052],[39.158,38.1819],[39.1225,38.1868],[39.1092,38.1967],[39.1087,38.2052],[39.1367,38.227],[39.1515,38.2977],[39.1589,38.3017],[39.1942,38.3091],[39.2376,38.305],[39.2583,38.3146],[39.2904,38.3434],[39.3303,38.3458],[39.3696,38.3225],[39.473,38.2968],[39.4999,38.2637],[39.5326,38.2613],[39.5732,38.2821],[39.6219,38.322],[39.6633,38.3314],[39.6818,38.3493],[39.7029,38.3394],[39.7125,38.3468],[39.7493,38.3536],[39.8036,38.3801],[39.8576,38.3673],[39.8867,38.3996],[39.8942,38.4187],[39.9355,38.4545],[39.9676,38.4547],[39.9961,38.4677],[40.0481,38.4776],[40.1099,38.4769],[40.1658,38.4591],[40.2069,38.466],[40.2549,38.4614],[40.2969,38.4786],[40.3051,38.4893],[40.3543,38.4892],[40.3586,38.4945],[40.3483,38.518],[40.3497,38.5318],[40.3783,38.5528],[40.4315,38.5704],[40.4412,38.6022],[40.4355,38.6288],[40.4444,38.6349],[40.4645,38.633],[40.5326,38.5938],[40.623,38.5858],[40.6442,38.5974],[40.6373,38.6195],[40.6479,38.632],[40.6667,38.6264],[40.6896,38.6014],[40.7049,38.6076],[40.7206,38.6005],[40.7512,38.6154],[40.7674,38.588],[40.8095,38.5657],[40.8459,38.5951],[40.8637,38.623],[40.897,38.6252],[40.9208,38.6523],[40.9554,38.6699],[41.0176,38.676],[41.1043,38.7108],[41.1587,38.6972]]]}},{"type":"Feature","properties":{"plaka":22},"geometry":{"type":"Polygon","coordinates":[[[26.9336,42.0013],[26.9395,42.0001],[26.9583,41.9334],[26.9684,41.9188],[26.9723,41.8877],[26.9913,41.8418],[26.9986,41.7874],[26.9967,41.7676],[26.9571,41.6772],[26.9001,41.6574],[26.8905,41.6371],[26.8964,41.6185],[26.9256,41.6055],[26.9633,41.6296],[26.9833,41.6139],[26.9646,41.5727],[26.9592,41.5213],[26.9247,41.4859],[26.8806,41.3956],[26.8947,41.3757],[26.9034,41.3421],[26.9257,41.3106],[26.9577,41.234],[26.9504,41.1825],[26.9417,41.1655],[26.922,41.1484],[26.8332,41.1076],[26.8012,41.075],[26.7724,41.0714],[26.7198,41.0769],[26.7011,41.0639],[26.6835,41.0383],[26.6891,41.0299],[26.7249,41.0322],[26.7399,41.0222],[26.7416,41.0082],[26.7255,40.9688],[26.7364,40.9152],[26.7188,40.8504],[26.7331,40.8293],[26.7956,40.7768],[26.8046,40.7562],[26.8015,40.7255],[26.7353,40.6863],[26.7322,40.6665],[26.7414,40.6462],[26.7217,40.6483],[26.696,40.6376],[26.6069,40.6401],[26.5871,40.633],[26.571,40.6159],[26.5495,40.6121],[26.5359,40.5925],[26.5052,40.5975],[26.4785,40.6157],[26.4601,40.6196],[26.4475,40.6191],[26.418,40.6027],[26.3968,40.6082],[26.3908,40.6045],[26.3823,40.612],[26.3484,40.6069],[26.3348,40.596],[26.2874,40.5911],[26.2187,40.6011],[26.1408,40.5907],[26.0795,40.6126],[26.0613,40.6381],[26.0651,40.6731],[26.0487,40.699],[26.0548,40.6957],[26.0511,40.6982],[26.0677,40.7057],[26.0549,40.7104],[26.0544,40.699],[26.0527,40.7107],[26.0352,40.7295],[26.0731,40.7269],[26.1237,40.7426],[26.1269,40.7715],[26.1501,40.8022],[26.1746,40.8177],[26.1793,40.8127],[26.1799,40.82],[26.1899,40.8208],[26.1916,40.8265],[26.2025,40.8206],[26.2014,40.8294],[26.2087,40.8285],[26.2103,40.8368],[26.2196,40.8342],[26.2123,40.8396],[26.216,40.8466],[26.2034,40.8505],[26.2144,40.8541],[26.2064,40.8655],[26.2234,40.8668],[26.2228,40.8899],[26.2292,40.8911],[26.2269,40.8821],[26.2502,40.8814],[26.2545,40.9049],[26.2624,40.9148],[26.2693,40.899],[26.2908,40.8933],[26.3022,40.904],[26.2852,40.9226],[26.2881,40.9305],[26.3052,40.9268],[26.3254,40.942],[26.3601,40.9465],[26.326,40.9839],[26.3296,40.9896],[26.3494,40.9921],[26.3643,41.0213],[26.3265,41.0424],[26.3299,41.0517],[26.311,41.0769],[26.336,41.107],[26.304,41.1132],[26.3236,41.1249],[26.3216,41.1354],[26.3361,41.1441],[26.3132,41.1602],[26.3076,41.1738],[26.3097,41.1812],[26.3244,41.1861],[26.3206,41.2038],[26.3305,41.2192],[26.3176,41.2448],[26.327,41.256],[26.3431,41.2604],[26.3594,41.2499],[26.4034,41.2535],[26.4373,41.2798],[26.4601,41.2849],[26.4654,41.3013],[26.4873,41.306],[26.497,41.327],[26.5127,41.3282],[26.5201,41.3402],[26.5291,41.3366],[26.5504,41.3415],[26.5718,41.3248],[26.5879,41.3226],[26.6235,41.3429],[26.63,41.3548],[26.6352,41.3849],[26.63,41.4161],[26.6131,41.4248],[26.6129,41.4637],[26.6,41.4807],[26.6046,41.4944],[26.5915,41.5262],[26.5979,41.5478],[26.5867,41.5741],[26.5989,41.5884],[26.5917,41.6103],[26.5684,41.6104],[26.5309,41.6219],[26.4882,41.6545],[26.4962,41.6621],[26.4897,41.6728],[26.4674,41.6704],[26.4456,41.6852],[26.4217,41.6849],[26.3785,41.6983],[26.3674,41.7112],[26.3589,41.7093],[26.329,41.7363],[26.3319,41.7581],[26.3461,41.7868],[26.3693,41.82],[26.379,41.8225],[26.5388,41.8235],[26.5523,41.8479],[26.5642,41.8544],[26.5655,41.8665],[26.5805,41.8718],[26.5671,41.886],[26.5843,41.9036],[26.5624,41.926],[26.6183,41.9653],[26.6235,41.9799],[26.6676,41.9651],[26.7127,41.9683],[26.7513,41.9585],[26.7874,41.9897],[26.8111,41.9749],[26.8422,41.9692],[26.8472,41.9701],[26.848,41.9808],[26.8713,41.9908],[26.9016,41.9873],[26.9336,42.0013]]]}},{"type":"Feature","properties":{"plaka":23},"geometry":{"type":"Polygon","coordinates":[[[40.2314,39.1722],[40.2875,39.1634],[40.2984,39.1473],[40.3011,39.1291],[40.2966,39.1129],[40.2443,39.0414],[40.2409,38.993],[40.2313,38.9817],[40.2277,38.9631],[40.2272,38.9089],[40.2532,38.8433],[40.3095,38.8356],[40.3309,38.8228],[40.3392,38.8026],[40.3388,38.773],[40.3305,38.7604],[40.2546,38.7243],[40.2083,38.6728],[40.1728,38.6799],[40.1555,38.6633],[40.1477,38.6336],[40.154,38.6121],[40.173,38.592],[40.1914,38.5867],[40.2075,38.5709],[40.2248,38.5688],[40.2468,38.5291],[40.2751,38.5238],[40.2747,38.5038],[40.2981,38.4973],[40.3051,38.4893],[40.2978,38.4791],[40.2618,38.4627],[40.2069,38.466],[40.1658,38.4591],[40.1099,38.4769],[40.0481,38.4776],[39.9961,38.4677],[39.9676,38.4547],[39.9355,38.4545],[39.8942,38.4187],[39.8867,38.3996],[39.8576,38.3673],[39.8036,38.3801],[39.7493,38.3536],[39.7125,38.3468],[39.7029,38.3394],[39.6854,38.3505],[39.6633,38.3314],[39.6219,38.322],[39.5732,38.2821],[39.5546,38.2754],[39.5495,38.2663],[39.5205,38.2603],[39.4957,38.2668],[39.473,38.2968],[39.3696,38.3225],[39.3303,38.3458],[39.2904,38.3434],[39.2583,38.3146],[39.2376,38.305],[39.1936,38.3091],[39.1506,38.2972],[39.1067,38.3462],[39.093,38.34],[39.009,38.3322],[38.9912,38.32],[38.9697,38.3173],[38.9229,38.3519],[38.8878,38.3591],[38.8703,38.3912],[38.8326,38.4089],[38.8326,38.4311],[38.8194,38.4394],[38.7087,38.4199],[38.5436,38.4573],[38.4835,38.4632],[38.4416,38.477],[38.4203,38.4951],[38.4113,38.5137],[38.371,38.5334],[38.3616,38.5468],[38.355,38.5835],[38.3559,38.6111],[38.3641,38.6319],[38.414,38.6801],[38.4749,38.6981],[38.4795,38.7082],[38.4668,38.7432],[38.4707,38.7503],[38.4833,38.7532],[38.508,38.7465],[38.5311,38.7644],[38.5727,38.7519],[38.6043,38.7533],[38.6239,38.7436],[38.6442,38.756],[38.6267,38.7752],[38.6426,38.7805],[38.6458,38.8286],[38.614,38.8559],[38.6034,38.8821],[38.5534,38.8976],[38.5485,38.9155],[38.5576,38.9298],[38.5801,38.9365],[38.6105,38.9625],[38.6239,39.0084],[38.6455,39.0167],[38.6547,39.0356],[38.6727,39.0487],[38.6908,39.029],[38.7139,39.0157],[38.7794,39.0058],[38.789,38.9795],[38.764,38.9383],[38.7545,38.9023],[38.7586,38.8889],[38.7865,38.8713],[38.8313,38.8847],[38.9326,38.8981],[39.0111,38.8874],[39.0628,38.8904],[39.0974,38.8778],[39.1255,38.8811],[39.195,38.8623],[39.2507,38.8637],[39.3052,38.8205],[39.37,38.8061],[39.3897,38.7888],[39.3903,38.7683],[39.4342,38.786],[39.4548,38.7663],[39.4813,38.7631],[39.5084,38.77],[39.5076,38.7892],[39.5201,38.797],[39.5276,38.8143],[39.5508,38.8096],[39.5838,38.8296],[39.5889,38.8184],[39.6079,38.8141],[39.6305,38.8224],[39.6639,38.8091],[39.7136,38.8087],[39.7576,38.8445],[39.7765,38.8269],[39.7974,38.8222],[39.8001,38.8589],[39.8165,38.8586],[39.8281,38.8777],[39.8479,38.8816],[39.8444,38.8977],[39.8736,38.9161],[39.8679,38.9388],[39.8868,38.973],[39.8886,38.9952],[39.9027,39.0065],[39.8749,39.0273],[39.8655,39.0506],[39.8682,39.0641],[39.891,39.0882],[39.9186,39.1076],[39.9319,39.1102],[39.953,39.0991],[40.0048,39.1008],[40.0512,39.1257],[40.0865,39.1364],[40.1191,39.1587],[40.2062,39.1773],[40.2314,39.1722]]]}},{"type":"Feature","properties":{"plaka":24},"geometry":{"type":"Polygon","coordinates":[[[40.0954,40.0534],[40.1115,40.0522],[40.1463,40.0281],[40.1729,40.0378],[40.2066,40.0383],[40.2491,40.0497],[40.308,40.0144],[40.251,39.9619],[40.2492,39.9348],[40.2545,39.9225],[40.2757,39.9319],[40.2905,39.9275],[40.3076,39.9349],[40.3329,39.9319],[40.3515,39.9145],[40.3807,39.8998],[40.4173,39.912],[40.4547,39.9062],[40.546,39.8652],[40.5605,39.849],[40.564,39.8257],[40.5625,39.791],[40.543,39.7664],[40.5444,39.7588],[40.6015,39.6964],[40.6329,39.6775],[40.6637,39.672],[40.6827,39.6592],[40.6777,39.6281],[40.6644,39.6098],[40.6652,39.5886],[40.7096,39.5523],[40.7337,39.5494],[40.7522,39.5379],[40.7527,39.5248],[40.6379,39.5169],[40.5469,39.5329],[40.51,39.5154],[40.4459,39.514],[40.4196,39.5351],[40.413,39.5631],[40.4218,39.5931],[40.4127,39.603],[40.3437,39.5983],[40.2962,39.5841],[40.2416,39.5857],[40.193,39.5728],[40.1546,39.578],[40.1331,39.5639],[40.0641,39.5504],[40.0135,39.5681],[39.9882,39.5647],[39.9211,39.5832],[39.8737,39.589],[39.8468,39.607],[39.8264,39.6041],[39.795,39.6169],[39.7814,39.586],[39.7895,39.5404],[39.784,39.5254],[39.7763,39.5193],[39.7474,39.5169],[39.7367,39.5045],[39.685,39.4734],[39.631,39.4488],[39.5941,39.4395],[39.5576,39.4478],[39.547,39.4777],[39.5473,39.5048],[39.5352,39.515],[39.4513,39.4923],[39.4158,39.4917],[39.3082,39.4539],[39.2594,39.477],[39.1977,39.467],[39.1595,39.4749],[39.09,39.4554],[39.0395,39.4058],[39.0276,39.3865],[39.0085,39.3739],[38.9972,39.3524],[38.9513,39.3284],[38.9057,39.3328],[38.8594,39.3647],[38.8288,39.3628],[38.7973,39.3407],[38.7958,39.321],[38.8044,39.3087],[38.8215,39.2972],[38.8722,39.2913],[38.8945,39.2785],[38.9416,39.2764],[38.9598,39.2506],[38.9416,39.2262],[38.9069,39.205],[38.8096,39.2074],[38.7621,39.1978],[38.7603,39.189],[38.7733,39.1771],[38.763,39.1509],[38.7298,39.1369],[38.7341,39.1149],[38.7441,39.1044],[38.7404,39.0742],[38.7481,39.0326],[38.7792,39.0062],[38.7016,39.022],[38.6666,39.0536],[38.651,39.0594],[38.6093,39.1082],[38.5573,39.1156],[38.5397,39.1249],[38.5291,39.1429],[38.5141,39.1534],[38.4865,39.154],[38.4138,39.1207],[38.3758,39.1172],[38.3475,39.1252],[38.3126,39.15],[38.3102,39.1654],[38.323,39.1749],[38.3335,39.216],[38.3508,39.2302],[38.3628,39.2573],[38.349,39.3111],[38.3302,39.3501],[38.3572,39.3674],[38.3763,39.3903],[38.406,39.4056],[38.409,39.4184],[38.3943,39.4482],[38.3415,39.4614],[38.3217,39.4734],[38.2815,39.5323],[38.2769,39.5485],[38.2843,39.5669],[38.3188,39.5741],[38.3352,39.5712],[38.3471,39.5873],[38.3153,39.6463],[38.3274,39.6638],[38.323,39.6718],[38.3432,39.6866],[38.3514,39.7025],[38.3618,39.7319],[38.3551,39.7543],[38.358,39.7641],[38.4114,39.7891],[38.4574,39.8364],[38.455,39.8543],[38.4454,39.8661],[38.411,39.8767],[38.3865,39.8999],[38.3589,39.9149],[38.3557,39.9228],[38.3668,39.9378],[38.3969,39.9373],[38.4572,39.9804],[38.4925,39.983],[38.5306,39.9703],[38.5622,39.9754],[38.5843,39.9715],[38.6321,39.999],[38.6676,40.0035],[38.6853,40.0231],[38.7232,40.0224],[38.7571,40.0124],[38.7722,40.0675],[38.7636,40.071],[38.7729,40.0777],[38.8346,40.0594],[38.8762,40.0607],[38.9205,40.0452],[38.9592,40.0601],[38.9894,40.0581],[39.0785,40.0053],[39.1536,39.9979],[39.1816,39.9706],[39.2014,39.938],[39.2641,39.9291],[39.3069,39.9138],[39.3651,39.9027],[39.3989,39.8867],[39.4476,39.8747],[39.4593,39.8655],[39.5167,39.8767],[39.586,39.8438],[39.6165,39.8552],[39.6363,39.8707],[39.6986,39.8912],[39.7147,39.9034],[39.7517,39.9055],[39.7784,39.9215],[39.798,39.9256],[39.8261,39.9576],[39.8459,39.9651],[39.8696,39.9922],[39.9011,40.0026],[39.9318,40.0351],[39.961,40.0467],[39.9786,40.0642],[40.045,40.0807],[40.0594,40.0659],[40.0954,40.0534]]]}},{"type":"Feature","properties":{"plaka":25},"geometry":{"type":"Polygon","coordinates":[[[42.1263,40.9644],[42.1917,40.9624],[42.2665,40.9324],[42.3416,40.9211],[42.3448,40.8884],[42.3778,40.8308],[42.4903,40.8063],[42.5481,40.7574],[42.5605,40.7363],[42.562,40.7019],[42.5729,40.6698],[42.5501,40.5844],[42.5294,40.5636],[42.5264,40.5185],[42.5388,40.48],[42.5279,40.4297],[42.5188,40.4172],[42.4505,40.4005],[42.4084,40.3738],[42.3397,40.3796],[42.3123,40.368],[42.2928,40.3683],[42.249,40.3726],[42.2127,40.3907],[42.1771,40.3944],[42.1655,40.3869],[42.1459,40.357],[42.1301,40.312],[42.1347,40.2746],[42.1625,40.2362],[42.2355,40.1998],[42.2831,40.1881],[42.303,40.1734],[42.3935,40.1454],[42.4682,40.0588],[42.4969,40.0395],[42.5321,40.0262],[42.5561,40.0042],[42.5669,39.9844],[42.5729,39.9596],[42.565,39.921],[42.5406,39.9267],[42.4944,39.9119],[42.4692,39.9174],[42.4455,39.9106],[42.3983,39.8746],[42.3334,39.857],[42.3,39.837],[42.2858,39.8212],[42.2909,39.775],[42.404,39.726],[42.4397,39.6822],[42.4806,39.6686],[42.501,39.6482],[42.5114,39.5964],[42.4773,39.5711],[42.43,39.5123],[42.4045,39.4977],[42.3277,39.4992],[42.2727,39.4617],[42.2289,39.4406],[42.1866,39.3884],[42.1875,39.3754],[42.2038,39.3651],[42.2142,39.344],[42.2169,39.3265],[42.2122,39.3185],[42.1859,39.299],[42.1679,39.2939],[42.1116,39.284],[42.0722,39.2854],[42.0592,39.2548],[42.0472,39.2424],[41.9778,39.2015],[41.935,39.1914],[41.913,39.1979],[41.8838,39.1838],[41.8325,39.184],[41.8042,39.1784],[41.7939,39.1701],[41.742,39.1615],[41.6493,39.1542],[41.6195,39.1556],[41.6088,39.1671],[41.6043,39.217],[41.6278,39.2409],[41.6183,39.2564],[41.5576,39.2702],[41.4751,39.3116],[41.4332,39.3242],[41.3302,39.3386],[41.2331,39.3412],[41.1726,39.3806],[41.135,39.4316],[41.0215,39.4384],[40.963,39.4504],[40.9156,39.4412],[40.8622,39.4474],[40.8047,39.4145],[40.7117,39.4086],[40.6579,39.4168],[40.6308,39.4135],[40.6174,39.4273],[40.589,39.4393],[40.5858,39.4458],[40.5985,39.4665],[40.5987,39.493],[40.6109,39.5222],[40.6379,39.5169],[40.7401,39.5213],[40.7527,39.5248],[40.7553,39.5342],[40.7337,39.5494],[40.7096,39.5523],[40.6652,39.5886],[40.6644,39.6098],[40.6777,39.6281],[40.6827,39.6592],[40.6637,39.672],[40.6329,39.6775],[40.6015,39.6964],[40.5444,39.7588],[40.543,39.7664],[40.5625,39.791],[40.5605,39.849],[40.5386,39.8702],[40.4627,39.9042],[40.4173,39.912],[40.3849,39.8991],[40.3515,39.9145],[40.3329,39.9319],[40.3076,39.9349],[40.2905,39.9275],[40.2757,39.9319],[40.2545,39.9225],[40.2492,39.9348],[40.2521,39.9635],[40.308,40.0144],[40.3308,40.0133],[40.339,40.0186],[40.4111,40.0019],[40.4496,40.0083],[40.4915,40.0321],[40.5116,40.063],[40.5747,40.0813],[40.6431,40.1138],[40.664,40.118],[40.6871,40.1407],[40.7125,40.2031],[40.7077,40.223],[40.688,40.2321],[40.6591,40.221],[40.6358,40.222],[40.5466,40.2865],[40.5259,40.3292],[40.5321,40.3428],[40.5708,40.3517],[40.5822,40.3615],[40.5805,40.394],[40.5553,40.4259],[40.5644,40.4614],[40.5819,40.4907],[40.5864,40.5354],[40.644,40.5768],[40.6753,40.5918],[40.7093,40.6031],[40.7563,40.6075],[40.7772,40.6429],[40.8243,40.6604],[40.8292,40.6886],[40.8209,40.7272],[40.8266,40.7413],[40.9292,40.7325],[40.9544,40.7362],[40.9934,40.7567],[41.0543,40.7614],[41.0947,40.7734],[41.1532,40.811],[41.2482,40.7826],[41.2675,40.7676],[41.3129,40.7563],[41.3635,40.728],[41.3601,40.7046],[41.3221,40.6843],[41.3082,40.6575],[41.3154,40.6483],[41.3167,40.6182],[41.3392,40.5642],[41.3637,40.5621],[41.4117,40.5702],[41.4384,40.5935],[41.4422,40.6069],[41.5442,40.6622],[41.5614,40.6797],[41.6236,40.6997],[41.6595,40.6927],[41.7235,40.6653],[41.7674,40.6636],[41.7917,40.6518],[41.8302,40.682],[41.8205,40.7028],[41.8267,40.7395],[41.8494,40.7856],[41.8748,40.7956],[41.8806,40.8037],[41.881,40.8251],[41.8608,40.8423],[41.8562,40.8628],[41.8823,40.8961],[41.9213,40.9176],[41.9701,40.9582],[42.0541,40.9664],[42.1263,40.9644]]]}},{"type":"Feature","properties":{"plaka":26},"geometry":{"type":"Polygon","coordinates":[[[30.7643,40.1533],[30.8223,40.1445],[30.8185,40.1312],[30.8377,40.096],[30.8546,40.0826],[30.8561,40.0642],[30.9378,40.0294],[30.9553,40.0336],[31.0129,40.0261],[31.022,40.0451],[31.0479,40.0544],[31.0998,40.0537],[31.1178,40.0709],[31.1487,40.0665],[31.1625,40.0526],[31.187,40.0477],[31.2018,40.0484],[31.214,40.0571],[31.2658,40.0626],[31.3087,40.0595],[31.34,40.0467],[31.393,40.0619],[31.431,40.0477],[31.4187,40.0391],[31.3884,40.035],[31.4029,40.0173],[31.4138,40.0231],[31.4368,40.0209],[31.4649,40.0435],[31.5039,40.0193],[31.5308,40.0383],[31.632,40.0271],[31.6502,40.036],[31.6622,40.0579],[31.6714,40.0569],[31.6743,40.0486],[31.6597,40.011],[31.6778,40.0088],[31.7098,40.0234],[31.7089,40.0084],[31.6954,39.9921],[31.6988,39.9801],[31.7135,39.9674],[31.7384,39.9655],[31.7394,39.9351],[31.7896,39.884],[31.8111,39.8761],[31.857,39.8831],[31.8701,39.8706],[31.8519,39.8624],[31.8488,39.8522],[31.8979,39.8546],[31.872,39.8205],[31.8403,39.8083],[31.7977,39.7784],[31.7999,39.7324],[31.8194,39.692],[31.8714,39.6182],[31.8845,39.5921],[31.8859,39.5742],[31.9017,39.5574],[31.9156,39.5242],[31.9295,39.5149],[31.9711,39.5099],[31.9971,39.4953],[31.9877,39.4796],[31.9954,39.4558],[31.9913,39.431],[32.0076,39.4176],[31.999,39.4053],[31.9749,39.4015],[31.9705,39.3951],[31.9919,39.3752],[31.9729,39.3555],[32.0018,39.3429],[32.0183,39.3206],[32.0193,39.2808],[32.0053,39.2225],[31.9965,39.2219],[31.968,39.2437],[31.9302,39.2271],[31.9223,39.2129],[31.8868,39.1839],[31.8723,39.1856],[31.8483,39.1733],[31.8377,39.1474],[31.8438,39.1355],[31.795,39.1325],[31.7762,39.1117],[31.7233,39.0761],[31.7088,39.0724],[31.6479,39.0852],[31.586,39.0675],[31.5559,39.0867],[31.5149,39.0974],[31.4384,39.1051],[31.4227,39.1463],[31.3986,39.161],[31.3516,39.164],[31.2912,39.2314],[31.237,39.2383],[31.2059,39.2553],[31.1582,39.2575],[31.1137,39.2723],[31.0947,39.241],[31.1043,39.2057],[31.1052,39.1901],[31.0999,39.1845],[31.085,39.1865],[31.0658,39.202],[31.0417,39.1957],[31.0365,39.1857],[31.0506,39.1617],[31.0335,39.1532],[31.0219,39.1609],[31.0128,39.1818],[30.995,39.1947],[30.969,39.1953],[30.9521,39.1823],[30.9259,39.2038],[30.8916,39.1996],[30.8809,39.1823],[30.8799,39.1668],[30.9089,39.1575],[30.9158,39.1272],[30.8885,39.1177],[30.84,39.1195],[30.813,39.1012],[30.8066,39.0832],[30.7916,39.0729],[30.706,39.0541],[30.681,39.0682],[30.6687,39.0893],[30.6432,39.0971],[30.5945,39.0964],[30.5634,39.1119],[30.5402,39.1362],[30.54,39.1558],[30.5105,39.1853],[30.4936,39.2185],[30.4384,39.2255],[30.3836,39.2827],[30.375,39.3284],[30.3349,39.3634],[30.3344,39.3913],[30.3763,39.4072],[30.3862,39.4303],[30.3658,39.4495],[30.3601,39.4648],[30.3774,39.4986],[30.3709,39.5147],[30.323,39.5424],[30.281,39.5569],[30.2225,39.6139],[30.2141,39.642],[30.2023,39.6572],[30.1765,39.6642],[30.171,39.6819],[30.0265,39.6665],[30.0155,39.68],[29.9902,39.6938],[29.9907,39.7039],[30.0128,39.7825],[30.0446,39.7967],[30.0602,39.8237],[30.1402,39.8546],[30.2259,39.8501],[30.2533,39.8397],[30.2686,39.8453],[30.2887,39.8592],[30.2986,39.8762],[30.2944,39.9094],[30.3064,39.9367],[30.354,39.9402],[30.3743,39.9569],[30.3799,40.0106],[30.4425,40.0119],[30.4876,40.0256],[30.5379,40.1135],[30.5758,40.1411],[30.6585,40.1528],[30.6913,40.1469],[30.7276,40.1545],[30.7643,40.1533]]]}},{"type":"Feature","properties":{"plaka":27},"geometry":{"type":"Polygon","coordinates":[[[37.704,37.531],[37.7406,37.5314],[37.762,37.5078],[37.8372,37.4761],[37.8916,37.4736],[37.9472,37.495],[37.9773,37.4832],[38.0583,37.4695],[38.0807,37.4497],[38.0648,37.4294],[38.0313,37.4414],[37.9758,37.4352],[37.9645,37.4158],[37.9407,37.4012],[37.9315,37.3842],[37.8746,37.3432],[37.8737,37.3351],[37.8865,37.3245],[37.8624,37.3152],[37.8398,37.2662],[37.8468,37.2513],[37.8665,37.2404],[37.8826,37.2174],[37.871,37.2116],[37.8456,37.2245],[37.8347,37.2106],[37.8398,37.1861],[37.8763,37.1366],[37.8622,37.0773],[37.8764,37.0601],[37.9136,37.0408],[37.9378,37.0414],[37.959,37.0553],[37.9731,37.0556],[37.98,37.0487],[37.9613,36.9965],[37.9737,36.9768],[37.9979,36.9644],[38.0123,36.9088],[38.0354,36.8837],[38.037,36.8685],[38.0219,36.8472],[38.0269,36.8316],[38.0193,36.8261],[37.9946,36.8319],[37.9416,36.8186],[37.9035,36.7915],[37.8012,36.7636],[37.7827,36.7492],[37.703,36.7574],[37.6828,36.7438],[37.6587,36.7492],[37.6222,36.7249],[37.5671,36.703],[37.5489,36.7279],[37.5051,36.7445],[37.5032,36.7675],[37.4941,36.7833],[37.4639,36.7904],[37.4342,36.8263],[37.4128,36.8308],[37.3861,36.792],[37.3956,36.7521],[37.3857,36.7341],[37.3671,36.7281],[37.32,36.7529],[37.296,36.7883],[37.2952,36.8003],[37.3125,36.8284],[37.2966,36.8591],[37.2075,36.8872],[37.16,36.8905],[37.1216,36.9109],[37.0892,36.9129],[37.0647,36.9412],[37.0635,36.9895],[37.0181,36.9953],[37.004,37.017],[36.9873,37.0209],[36.9486,37.0129],[36.9202,36.9541],[36.9029,36.9398],[36.8834,36.9013],[36.8576,36.8953],[36.8261,36.9089],[36.8148,36.9205],[36.7863,36.9217],[36.7736,36.8914],[36.7171,36.8555],[36.7137,36.8486],[36.7197,36.8329],[36.7112,36.8258],[36.6794,36.8261],[36.6402,36.8367],[36.6238,36.8638],[36.6013,36.8785],[36.5311,36.8729],[36.508,36.8836],[36.4826,36.8859],[36.4656,36.8987],[36.4622,36.9067],[36.4714,36.9236],[36.4676,36.9591],[36.4941,36.9818],[36.4984,37.0089],[36.5342,37.025],[36.5508,37.045],[36.5676,37.0528],[36.5804,37.0795],[36.5984,37.0912],[36.6147,37.1178],[36.6265,37.1541],[36.6794,37.183],[36.7187,37.224],[36.7653,37.2265],[36.7919,37.2396],[36.8396,37.2466],[36.8714,37.2752],[36.8775,37.3052],[36.8946,37.3191],[36.9544,37.3074],[36.9752,37.2962],[36.9831,37.2781],[36.9839,37.2549],[37.0299,37.2507],[37.0439,37.191],[37.055,37.1805],[37.0744,37.1803],[37.109,37.2073],[37.1151,37.2382],[37.1524,37.2685],[37.1834,37.2785],[37.2209,37.3275],[37.2592,37.3355],[37.3333,37.3096],[37.3536,37.3245],[37.3784,37.3242],[37.3922,37.3421],[37.4449,37.3424],[37.4544,37.3545],[37.4546,37.3832],[37.5188,37.4073],[37.5404,37.4338],[37.5522,37.4724],[37.6118,37.4745],[37.6331,37.4883],[37.6353,37.511],[37.6452,37.5228],[37.6724,37.5365],[37.704,37.531]]]}},{"type":"Feature","properties":{"plaka":28},"geometry":{"type":"Polygon","coordinates":[[[37.9971,40.6369],[38.0132,40.6375],[38.0477,40.6541],[38.0368,40.7151],[38.0238,40.7207],[38.0226,40.7287],[37.9803,40.7354],[37.9702,40.7558],[38.012,40.761],[38.0163,40.7662],[38.0109,40.8207],[38.0138,40.8429],[38.0215,40.8499],[38.0218,40.8872],[38.0415,40.8978],[38.0695,40.8974],[38.0907,40.9156],[38.1162,40.9204],[38.1145,40.9326],[38.1014,40.939],[38.1163,40.9582],[38.19,40.9389],[38.2851,40.945],[38.3235,40.92],[38.3588,40.9087],[38.3902,40.9246],[38.3999,40.9163],[38.4304,40.912],[38.4356,40.9166],[38.521,40.9179],[38.5885,40.9451],[38.6231,40.9728],[38.6494,40.9701],[38.6787,40.9501],[38.7044,40.9514],[38.7368,40.9628],[38.8147,41.0109],[38.8273,41.0063],[38.8453,41.0139],[38.8798,41.0158],[38.9283,41.0447],[39.0225,41.0357],[39.1134,41.054],[39.1659,41.0812],[39.1749,41.0803],[39.1728,41.0705],[39.164,41.0652],[39.1699,41.0575],[39.1601,41.0523],[39.162,41.0441],[39.1541,41.0366],[39.1549,41.0173],[39.1435,41.0066],[39.1467,40.9978],[39.1405,40.9833],[39.1459,40.9613],[39.1352,40.944],[39.1336,40.9254],[39.136,40.8936],[39.1474,40.8787],[39.1468,40.8643],[39.1259,40.8293],[39.1358,40.81],[39.1095,40.7995],[39.0561,40.8001],[39.0351,40.7736],[39.0056,40.76],[38.9662,40.764],[38.9209,40.7599],[38.914,40.7482],[38.8955,40.7375],[38.8983,40.6955],[38.8631,40.6817],[38.8322,40.644],[38.8444,40.6303],[38.8444,40.6204],[38.798,40.5932],[38.7997,40.5768],[38.7899,40.5444],[38.8003,40.5195],[38.8293,40.505],[38.851,40.509],[38.8909,40.502],[38.9128,40.4826],[38.9327,40.4835],[38.9769,40.4674],[39.0201,40.4318],[39.0493,40.3941],[39.0701,40.384],[39.0805,40.3602],[39.0692,40.3491],[39.0111,40.3381],[38.9308,40.2505],[38.9018,40.2327],[38.8882,40.1979],[38.8648,40.1774],[38.8654,40.1647],[38.8874,40.146],[38.9503,40.1254],[38.9637,40.113],[38.9621,40.0605],[38.9394,40.0483],[38.919,40.0454],[38.8718,40.0612],[38.8346,40.0594],[38.759,40.0844],[38.7099,40.0821],[38.6562,40.1078],[38.5493,40.1103],[38.5281,40.1217],[38.5279,40.1528],[38.486,40.1715],[38.4665,40.1683],[38.4406,40.1337],[38.4226,40.1314],[38.4031,40.1434],[38.3725,40.1484],[38.3432,40.1663],[38.323,40.1675],[38.319,40.1809],[38.2812,40.1975],[38.229,40.2029],[38.1745,40.2178],[38.171,40.2305],[38.1836,40.2628],[38.1844,40.2926],[38.1717,40.3017],[38.1734,40.3202],[38.1547,40.3404],[38.1508,40.4008],[38.124,40.4619],[38.1291,40.4885],[38.1062,40.4983],[38.0589,40.4983],[38.0431,40.5066],[38.0369,40.5303],[38.0497,40.58],[38.0348,40.5946],[38.0296,40.6154],[37.9971,40.6369]]]}},{"type":"Feature","properties":{"plaka":29},"geometry":{"type":"Polygon","coordinates":[[[39.1675,40.7998],[39.1866,40.7984],[39.2222,40.7826],[39.2727,40.7255],[39.2957,40.7148],[39.317,40.6942],[39.4167,40.6615],[39.4414,40.6331],[39.4904,40.6136],[39.5528,40.6187],[39.6177,40.605],[39.6841,40.6176],[39.7187,40.6408],[39.7696,40.7059],[39.8331,40.7248],[39.8515,40.7142],[39.8496,40.6684],[39.8409,40.651],[39.8453,40.6168],[39.8642,40.606],[39.894,40.6222],[39.9055,40.6194],[39.9144,40.6052],[39.9218,40.5673],[39.9473,40.5483],[39.9794,40.5398],[40.0188,40.5546],[40.0393,40.5701],[40.0361,40.5871],[39.9989,40.6095],[39.985,40.6264],[39.9832,40.6409],[39.9958,40.6478],[40.0392,40.6518],[40.0478,40.6423],[40.0562,40.6091],[40.1033,40.5977],[40.1288,40.5738],[40.1189,40.5469],[40.099,40.5373],[40.0936,40.5233],[40.079,40.5133],[40.0451,40.5055],[40.0311,40.4956],[39.9771,40.4932],[39.9326,40.4797],[39.9175,40.4644],[39.9013,40.461],[39.871,40.4388],[39.8649,40.4165],[39.8721,40.3923],[39.8695,40.3783],[39.8422,40.3465],[39.8268,40.3404],[39.8181,40.3239],[39.8331,40.2461],[39.8317,40.216],[39.8218,40.1907],[39.7994,40.1606],[39.6863,40.145],[39.6626,40.1173],[39.6515,40.0744],[39.6657,40.0543],[39.6722,40.0195],[39.7069,39.9948],[39.7484,39.9821],[39.771,39.9666],[39.7876,39.9431],[39.7917,39.923],[39.7517,39.9055],[39.7147,39.9034],[39.6986,39.8912],[39.6363,39.8707],[39.5905,39.8444],[39.5167,39.8767],[39.4593,39.8655],[39.4476,39.8747],[39.3989,39.8867],[39.3651,39.9027],[39.3069,39.9138],[39.2641,39.9291],[39.2014,39.938],[39.1816,39.9706],[39.1536,39.9979],[39.0785,40.0053],[38.9945,40.056],[38.9621,40.0605],[38.965,40.1103],[38.9571,40.1215],[38.8874,40.146],[38.8654,40.1647],[38.8648,40.1774],[38.8882,40.1979],[38.8992,40.2297],[38.9308,40.2505],[39.0111,40.3381],[39.0692,40.3491],[39.0805,40.3602],[39.0701,40.384],[39.0493,40.3941],[39.0201,40.4318],[38.9769,40.4674],[38.9327,40.4835],[38.9128,40.4826],[38.8909,40.502],[38.851,40.509],[38.8293,40.505],[38.8003,40.5195],[38.7899,40.5444],[38.7997,40.5768],[38.798,40.5932],[38.8444,40.6204],[38.8444,40.6303],[38.8322,40.644],[38.8631,40.6817],[38.8983,40.6955],[38.8955,40.7375],[38.914,40.7482],[38.9209,40.7599],[38.9662,40.764],[39.0056,40.76],[39.0351,40.7736],[39.0614,40.802],[39.1056,40.799],[39.1358,40.81],[39.1675,40.7998]]]}},{"type":"Feature","properties":{"plaka":30},"geometry":{"type":"Polygon","coordinates":[[[44.0732,37.7975],[44.0886,37.796],[44.0907,37.7774],[44.0838,37.7542],[44.0974,37.7609],[44.1242,37.7565],[44.1417,37.7381],[44.1613,37.7322],[44.2103,37.732],[44.2444,37.7423],[44.2912,37.7737],[44.348,37.7839],[44.3872,37.7709],[44.4459,37.7707],[44.4706,37.7624],[44.48,37.7709],[44.4924,37.7693],[44.5235,37.7812],[44.5605,37.7799],[44.5652,37.7784],[44.5627,37.7689],[44.5918,37.7608],[44.5957,37.746],[44.6207,37.726],[44.629,37.7035],[44.603,37.6794],[44.5743,37.6647],[44.5679,37.6429],[44.6143,37.6018],[44.6116,37.5872],[44.5986,37.58],[44.6126,37.5704],[44.6081,37.5692],[44.6127,37.5608],[44.6011,37.5553],[44.6134,37.5445],[44.6018,37.5132],[44.5865,37.5082],[44.6064,37.4832],[44.5973,37.4737],[44.5868,37.4733],[44.5871,37.4512],[44.5806,37.446],[44.5877,37.4385],[44.6189,37.4369],[44.6336,37.4282],[44.6357,37.4165],[44.6575,37.3994],[44.6561,37.3847],[44.722,37.3752],[44.732,37.3414],[44.7503,37.3311],[44.7727,37.332],[44.8075,37.3056],[44.8169,37.2797],[44.8014,37.2616],[44.7774,37.2534],[44.758,37.2275],[44.7669,37.1819],[44.7883,37.1596],[44.7828,37.1555],[44.7847,37.1445],[44.7706,37.1544],[44.7658,37.1666],[44.7576,37.168],[44.7532,37.1618],[44.6938,37.1761],[44.6742,37.1699],[44.6477,37.1889],[44.6265,37.1888],[44.6009,37.1659],[44.5763,37.1624],[44.564,37.1527],[44.5587,37.1386],[44.5502,37.1344],[44.5519,37.1232],[44.5249,37.1204],[44.5241,37.1146],[44.5139,37.1115],[44.5174,37.1016],[44.4826,37.0871],[44.4655,37.0728],[44.4315,37.0656],[44.4142,37.0521],[44.4014,37.0509],[44.3996,37.0564],[44.3939,37.0497],[44.3835,37.0587],[44.3588,37.0514],[44.3488,37.0398],[44.3676,37.0238],[44.3383,37.0076],[44.3293,36.9884],[44.3149,36.9849],[44.3148,36.9646],[44.3082,36.9638],[44.288,36.9771],[44.2846,36.9911],[44.25,36.9982],[44.2428,37.0109],[44.2362,37.0108],[44.2223,37.033],[44.2331,37.0385],[44.2288,37.0529],[44.1963,37.0753],[44.1951,37.0918],[44.1835,37.1008],[44.2014,37.1194],[44.2046,37.1321],[44.2132,37.1352],[44.2223,37.1576],[44.2506,37.1564],[44.278,37.1661],[44.2808,37.1897],[44.2642,37.2011],[44.2708,37.212],[44.2676,37.2441],[44.2506,37.2493],[44.2418,37.2692],[44.228,37.2816],[44.21,37.2798],[44.1638,37.3029],[44.1533,37.3005],[44.1258,37.3219],[44.0684,37.3123],[44.0619,37.3199],[44.0399,37.3246],[44.0315,37.325],[44.024,37.316],[44.0181,37.3266],[43.9925,37.2974],[43.9539,37.2915],[43.9574,37.2702],[43.9439,37.2672],[43.9474,37.2567],[43.9429,37.2488],[43.9298,37.2455],[43.9388,37.2412],[43.9263,37.2367],[43.9194,37.223],[43.8947,37.2179],[43.8528,37.2228],[43.8302,37.1924],[43.8041,37.2259],[43.7493,37.2337],[43.7407,37.2274],[43.6882,37.2339],[43.6804,37.2263],[43.6513,37.2244],[43.6421,37.2165],[43.6204,37.2199],[43.6095,37.2376],[43.5948,37.2317],[43.5652,37.257],[43.5574,37.2508],[43.5298,37.2485],[43.5139,37.2383],[43.4959,37.2425],[43.4741,37.2521],[43.4762,37.2618],[43.4163,37.2812],[43.4079,37.292],[43.3885,37.2984],[43.3888,37.3047],[43.3724,37.3066],[43.3714,37.3166],[43.3602,37.3272],[43.3402,37.3259],[43.3454,37.3411],[43.3425,37.3769],[43.3078,37.4561],[43.3137,37.4931],[43.3119,37.5509],[43.3305,37.5625],[43.4013,37.583],[43.4441,37.611],[43.4923,37.6689],[43.4939,37.738],[43.5642,37.7355],[43.6369,37.7745],[43.73,37.7591],[43.8263,37.7705],[43.9096,37.7704],[44.026,37.8059],[44.0732,37.7975]]]}},{"type":"Feature","properties":{"plaka":31},"geometry":{"type":"Polygon","coordinates":[[[36.2262,36.999],[36.2363,36.9882],[36.2756,36.9767],[36.2769,36.954],[36.3446,36.9302],[36.4399,36.9264],[36.4815,36.8864],[36.508,36.8836],[36.5311,36.8729],[36.6057,36.8771],[36.6238,36.8638],[36.6402,36.8367],[36.659,36.8332],[36.6716,36.8209],[36.6662,36.8163],[36.6706,36.8005],[36.6451,36.7856],[36.64,36.7693],[36.6277,36.7664],[36.6131,36.7451],[36.6189,36.7284],[36.6305,36.7199],[36.6291,36.7059],[36.6131,36.691],[36.6089,36.6779],[36.5895,36.669],[36.588,36.6621],[36.5735,36.6591],[36.5789,36.6082],[36.5907,36.5852],[36.575,36.529],[36.544,36.5017],[36.5492,36.4898],[36.543,36.4862],[36.5616,36.4638],[36.5548,36.4434],[36.5659,36.4381],[36.5657,36.4188],[36.5749,36.4164],[36.5862,36.3917],[36.6076,36.3942],[36.6053,36.3761],[36.5966,36.3726],[36.6187,36.3573],[36.599,36.3495],[36.606,36.326],[36.6098,36.3365],[36.6272,36.3376],[36.6273,36.3443],[36.6423,36.3358],[36.6576,36.3389],[36.6659,36.3264],[36.6589,36.3113],[36.6538,36.3116],[36.6559,36.2982],[36.6956,36.2962],[36.6959,36.2885],[36.684,36.2826],[36.6801,36.2713],[36.6979,36.2511],[36.6811,36.2331],[36.6642,36.2358],[36.6669,36.2291],[36.6209,36.2374],[36.6288,36.2333],[36.6234,36.2152],[36.5628,36.2371],[36.5528,36.224],[36.5345,36.2445],[36.5012,36.2423],[36.5033,36.226],[36.4836,36.2326],[36.4879,36.2185],[36.4769,36.214],[36.474,36.2014],[36.4653,36.1969],[36.4566,36.2076],[36.432,36.2067],[36.3964,36.2245],[36.3823,36.2172],[36.3967,36.2035],[36.3913,36.1965],[36.396,36.1995],[36.4004,36.1925],[36.3682,36.1799],[36.3744,36.1716],[36.3656,36.1673],[36.3679,36.1592],[36.3806,36.1548],[36.3787,36.1474],[36.3891,36.1459],[36.3836,36.1304],[36.3714,36.1223],[36.3798,36.1163],[36.3701,36.1168],[36.3814,36.109],[36.3748,36.1033],[36.3857,36.1024],[36.3857,36.0947],[36.3769,36.0984],[36.3898,36.0816],[36.3786,36.072],[36.3788,36.0565],[36.3872,36.0524],[36.3802,36.0442],[36.3897,36.0414],[36.3718,36.0247],[36.3764,36.0113],[36.3377,35.9882],[36.3026,36.01],[36.2888,36.01],[36.2856,35.9828],[36.2987,35.9629],[36.2933,35.956],[36.2777,35.9498],[36.2505,35.9632],[36.2048,35.952],[36.1894,35.9412],[36.1746,35.9148],[36.1694,35.8853],[36.1756,35.8694],[36.168,35.8294],[36.1612,35.8137],[36.1509,35.8084],[36.1422,35.8165],[36.1343,35.8427],[36.1085,35.8659],[36.0687,35.8691],[36.0481,35.8805],[35.9988,35.8824],[36.0181,35.9206],[36.0065,35.9405],[35.9775,35.9391],[35.9634,35.9281],[35.948,35.9293],[35.932,35.9192],[35.9179,35.9284],[35.9233,35.9565],[35.9804,36.0076],[35.9788,36.0227],[35.8997,36.1596],[35.8535,36.2207],[35.7853,36.2939],[35.7823,36.3183],[35.8221,36.3629],[35.8553,36.3741],[35.8612,36.3993],[35.8787,36.4168],[35.8957,36.4191],[35.908,36.4459],[35.9863,36.48],[36.0287,36.5202],[36.0355,36.5338],[36.1622,36.5958],[36.1894,36.5932],[36.1977,36.631],[36.2112,36.64],[36.215,36.6587],[36.1944,36.7042],[36.204,36.7312],[36.1945,36.7516],[36.206,36.767],[36.2056,36.7786],[36.1751,36.8209],[36.1692,36.8204],[36.1739,36.8221],[36.166,36.8377],[36.1345,36.8742],[36.0355,36.9285],[36.006,36.9329],[35.964,36.9014],[35.956,36.9106],[35.9654,36.9389],[36.0657,37.0031],[36.1425,36.9973],[36.202,37.0067],[36.2262,36.999]]]}},{"type":"Feature","properties":{"plaka":32},"geometry":{"type":"Polygon","coordinates":[[[31.0849,38.5066],[31.1116,38.5043],[31.1237,38.4882],[31.1486,38.4766],[31.1802,38.4492],[31.2414,38.4279],[31.2407,38.4075],[31.2784,38.3686],[31.2855,38.3409],[31.3124,38.292],[31.3603,38.2585],[31.4379,38.2266],[31.4763,38.1966],[31.5394,38.1681],[31.5728,38.1155],[31.5687,38.097],[31.5551,38.0858],[31.5297,38.0447],[31.5144,38.0347],[31.5043,38.0133],[31.5059,37.9837],[31.4996,37.9663],[31.4845,37.9497],[31.4535,37.9312],[31.4343,37.9081],[31.4351,37.8837],[31.4619,37.852],[31.4681,37.8348],[31.4684,37.8117],[31.4627,37.7953],[31.4296,37.753],[31.4317,37.7002],[31.422,37.6954],[31.4011,37.7],[31.3725,37.6968],[31.336,37.6632],[31.3348,37.6317],[31.3702,37.551],[31.3749,37.4872],[31.3607,37.4242],[31.3501,37.4202],[31.3142,37.4359],[31.2981,37.4367],[31.1344,37.3893],[31.1082,37.3905],[31.0833,37.3678],[31.0522,37.3632],[31.035,37.3447],[30.9911,37.3359],[30.9449,37.3605],[30.9289,37.3802],[30.8815,37.3977],[30.848,37.4023],[30.8408,37.4581],[30.7839,37.5174],[30.7827,37.5338],[30.7597,37.556],[30.7523,37.5877],[30.7415,37.5988],[30.7435,37.6143],[30.724,37.6471],[30.7252,37.6612],[30.7016,37.6515],[30.6721,37.6611],[30.6099,37.6619],[30.5867,37.6864],[30.5601,37.6869],[30.4875,37.7056],[30.4443,37.7283],[30.4351,37.7453],[30.4253,37.7964],[30.3818,37.8329],[30.2994,37.795],[30.2176,37.7748],[30.1858,37.7792],[30.1634,37.7898],[30.1416,37.7889],[30.1128,37.8101],[30.1506,37.8695],[30.1499,37.9202],[30.1703,37.9402],[30.1907,37.9792],[30.2327,37.9999],[30.2391,38.019],[30.2568,38.034],[30.3383,38.0551],[30.3527,38.0845],[30.3931,38.1117],[30.4108,38.1356],[30.4682,38.1876],[30.5102,38.1774],[30.5301,38.166],[30.5517,38.1654],[30.5623,38.184],[30.6147,38.2253],[30.6628,38.2512],[30.7219,38.2686],[30.7443,38.2893],[30.7742,38.2969],[30.8271,38.3298],[30.8639,38.3888],[30.9117,38.4075],[30.9595,38.4178],[30.9793,38.4594],[31.0408,38.5053],[31.0849,38.5066]]]}},{"type":"Feature","properties":{"plaka":33},"geometry":{"type":"MultiPolygon","coordinates":[[[[34.7483,37.4272],[34.7753,37.4213],[34.7778,37.3945],[34.7486,37.3562],[34.7567,37.3357],[34.7878,37.3034],[34.814,37.292],[34.9104,37.2944],[34.9674,37.2738],[34.9626,37.2551],[34.9674,37.2172],[34.9319,37.2071],[34.9198,37.1868],[34.957,37.1375],[35.0128,37.1267],[35.0124,37.0654],[35.0535,37.0734],[35.1232,37.0434],[35.1189,37.0145],[35.0973,36.9811],[35.097,36.9443],[35.139,36.9086],[35.1514,36.8139],[35.151,36.7964],[35.1453,36.792],[35.0954,36.7832],[35.0755,36.7977],[35.0434,36.7647],[35.0348,36.777],[35.0265,36.7769],[35.0268,36.7568],[35.0065,36.7673],[35.0075,36.751],[34.9948,36.7597],[34.971,36.7588],[34.9577,36.7407],[34.9298,36.741],[34.9049,36.7218],[34.8931,36.7459],[34.8656,36.7712],[34.8148,36.7967],[34.7641,36.8093],[34.6922,36.8076],[34.6963,36.8045],[34.6749,36.8083],[34.6586,36.8008],[34.661,36.8051],[34.6552,36.8032],[34.6538,36.8082],[34.6487,36.7992],[34.6441,36.8041],[34.6243,36.7898],[34.6421,36.7846],[34.624,36.7874],[34.5673,36.7708],[34.5754,36.7708],[34.5507,36.7593],[34.5414,36.7382],[34.4753,36.7103],[34.4454,36.6865],[34.4296,36.6645],[34.3609,36.6367],[34.3191,36.6038],[34.2686,36.5782],[34.2416,36.5511],[34.2289,36.5273],[34.2057,36.5169],[34.1832,36.4957],[34.1684,36.468],[34.1436,36.4579],[34.1337,36.4601],[34.1348,36.454],[34.1276,36.4539],[34.126,36.4468],[34.1163,36.4474],[34.1196,36.4406],[34.111,36.438],[34.1149,36.4315],[34.11,36.4263],[34.084,36.4151],[34.0758,36.3605],[34.0794,36.3309],[34.0733,36.3172],[34.0386,36.3114],[34.0332,36.3042],[34.0167,36.3017],[34.0065,36.3081],[33.9973,36.3019],[33.9797,36.2816],[34.0102,36.2972],[33.98,36.2715],[33.9597,36.2375],[33.952,36.2337],[33.9378,36.2851],[33.8989,36.3141],[33.8688,36.3159],[33.8351,36.2874],[33.8361,36.2762],[33.8149,36.2719],[33.8186,36.2607],[33.8004,36.2361],[33.7538,36.2153],[33.7037,36.1822],[33.6901,36.1643],[33.6987,36.1459],[33.6939,36.1377],[33.6763,36.1389],[33.6724,36.1499],[33.6811,36.1594],[33.6602,36.1616],[33.659,36.187],[33.6478,36.1942],[33.6022,36.1832],[33.5728,36.156],[33.5723,36.1434],[33.5574,36.1282],[33.5385,36.1278],[33.5376,36.1366],[33.5473,36.1389],[33.5434,36.1459],[33.5189,36.1455],[33.4631,36.1614],[33.4352,36.1487],[33.4288,36.1519],[33.3931,36.1272],[33.3899,36.1396],[33.3596,36.1405],[33.3507,36.1533],[33.289,36.1295],[33.2539,36.134],[33.1989,36.1274],[33.1476,36.1376],[33.1199,36.1271],[33.107,36.1049],[33.0935,36.0974],[33.0873,36.074],[33.0804,36.0705],[33.0805,36.0833],[33.0621,36.0925],[33.0337,36.0967],[33.0231,36.0907],[33.0031,36.1],[32.9478,36.1041],[32.9285,36.089],[32.8706,36.0787],[32.88,36.0739],[32.866,36.0689],[32.8405,36.0452],[32.8149,36.0352],[32.8012,36.0201],[32.7899,36.0276],[32.6802,36.041],[32.5853,36.0896],[32.5924,36.1018],[32.5756,36.1153],[32.5736,36.1314],[32.5604,36.1417],[32.5614,36.2296],[32.6185,36.2673],[32.6439,36.3149],[32.6603,36.3878],[32.6435,36.443],[32.5686,36.4801],[32.6146,36.5096],[32.6374,36.5094],[32.674,36.5028],[32.7116,36.4861],[32.8485,36.4795],[32.9773,36.4369],[33.0345,36.436],[33.047,36.4473],[33.0531,36.4851],[33.033,36.5354],[33.0692,36.567],[33.1224,36.5815],[33.185,36.5315],[33.2086,36.5254],[33.2221,36.5295],[33.2098,36.5586],[33.1768,36.5951],[33.1462,36.6116],[33.1071,36.6198],[33.083,36.6597],[33.0715,36.6675],[33.0587,36.7017],[32.9781,36.6877],[32.9823,36.7483],[32.943,36.8045],[32.9557,36.8504],[32.9994,36.8547],[33.0372,36.8692],[33.0992,36.8728],[33.1114,36.8642],[33.1159,36.8491],[33.1474,36.8445],[33.1645,36.8656],[33.1739,36.9018],[33.2009,36.9085],[33.2162,36.9281],[33.2776,36.9241],[33.3275,36.9412],[33.3569,36.96],[33.398,36.96],[33.4608,36.9762],[33.5736,36.9775],[33.5892,36.9862],[33.6177,37.0259],[33.638,37.037],[33.6722,37.0359],[33.7775,37.008],[33.8271,37.0143],[33.8611,37.0335],[33.9014,37.0791],[33.9868,37.1189],[34.0069,37.1643],[34.0618,37.1822],[34.1115,37.19],[34.1339,37.1918],[34.1745,37.1832],[34.2106,37.1881],[34.2329,37.2015],[34.2919,37.2155],[34.3961,37.258],[34.449,37.2986],[34.4466,37.3153],[34.4209,37.3402],[34.445,37.3463],[34.4726,37.3763],[34.4998,37.3812],[34.5123,37.3755],[34.5428,37.3866],[34.5858,37.3913],[34.6118,37.3981],[34.6271,37.4156],[34.7063,37.4354],[34.7483,37.4272]]],[[[34.614,36.7827],[34.614,36.7826],[34.614,36.7826],[34.614,36.7827]]]]}},{"type":"Feature","properties":{"plaka":34},"geometry":{"type":"MultiPolygon","coordinates":[[[[28.1521,41.5799],[28.1828,41.5711],[28.1857,41.5552],[28.2226,41.5292],[28.2207,41.5248],[28.2323,41.524],[28.2724,41.4964],[28.6259,41.3547],[28.6735,41.3429],[28.6831,41.3485],[28.6862,41.3415],[28.7258,41.3261],[28.7367,41.3289],[28.7822,41.3136],[28.7936,41.3022],[28.8117,41.305],[28.838,41.2874],[28.8741,41.2845],[28.8753,41.2768],[28.9034,41.2713],[28.9217,41.2722],[28.9676,41.2539],[29.0238,41.2452],[29.034,41.2469],[29.038,41.2566],[29.0675,41.2536],[29.0723,41.2479],[29.0781,41.254],[29.0846,41.2457],[29.1113,41.2384],[29.1161,41.234],[29.1064,41.2212],[29.1114,41.2142],[29.1057,41.2067],[29.0914,41.2004],[29.0727,41.175],[29.036,41.1559],[29.0523,41.147],[29.0541,41.1387],[29.0716,41.1245],[29.0617,41.1132],[29.0543,41.1138],[29.0593,41.1094],[29.0535,41.099],[29.0564,41.0826],[29.0441,41.0777],[29.0463,41.0679],[29.0327,41.0498],[28.9967,41.0375],[28.9766,41.0211],[28.9405,41.0467],[28.9484,41.0572],[28.9438,41.0649],[28.9467,41.0571],[28.9353,41.0515],[28.9396,41.0426],[28.9662,41.0196],[28.9866,41.0174],[28.9855,41.0061],[28.9783,41.0011],[28.9367,41.0012],[28.9251,40.9884],[28.8911,40.9812],[28.8752,40.9689],[28.8473,40.9735],[28.8388,40.957],[28.8298,40.9547],[28.8107,40.9561],[28.7823,40.9722],[28.7722,40.9879],[28.7747,40.982],[28.7674,40.9847],[28.7399,40.9714],[28.6977,40.9739],[28.6842,40.9688],[28.6842,40.9634],[28.6779,40.9679],[28.6764,40.9618],[28.6731,40.9667],[28.6708,40.9617],[28.6214,40.9606],[28.5955,40.9734],[28.5998,41.0084],[28.5884,41.0168],[28.5633,41.0167],[28.5412,40.9846],[28.4666,41.0244],[28.4186,41.0419],[28.3463,41.0576],[28.26,41.0628],[28.2356,41.0776],[28.2183,41.0769],[28.211,41.0706],[28.1663,41.0729],[28.1281,41.0657],[28.1229,41.0598],[28.0745,41.0567],[28.0089,41.0314],[27.9788,41.0576],[27.9758,41.0661],[27.9833,41.0722],[27.9743,41.0779],[27.9782,41.0981],[27.9846,41.1029],[27.9827,41.1154],[28.0318,41.1931],[27.9987,41.2205],[27.9998,41.2402],[28.0184,41.2537],[28.0646,41.2688],[28.078,41.3227],[28.0904,41.3479],[28.0898,41.3717],[28.1243,41.4172],[28.1113,41.4648],[28.0745,41.5079],[28.1112,41.5279],[28.1246,41.5544],[28.1185,41.5622],[28.1371,41.5809],[28.1521,41.5799]]],[[[29.1438,40.8556],[29.1476,40.8469],[29.1404,40.8506],[29.1438,40.8556]]],[[[28.9922,40.8659],[28.9958,40.8645],[28.9925,40.8635],[28.9912,40.865],[28.9922,40.8659]]],[[[29.1282,40.8753],[29.1388,40.87],[29.1258,40.8569],[29.124,40.8378],[29.1141,40.8384],[29.1098,40.8419],[29.113,40.8597],[29.1073,40.8614],[29.1282,40.8753]]],[[[29.0931,40.885],[29.1039,40.8735],[29.0748,40.8689],[29.0931,40.885]]],[[[29.0564,40.8869],[29.0723,40.8791],[29.054,40.876],[29.0564,40.8869]]],[[[29.0496,40.9144],[29.0572,40.9067],[29.0468,40.9024],[29.0391,40.912],[29.0496,40.9144]]],[[[28.7715,40.981],[28.7746,40.9776],[28.7671,40.9821],[28.7715,40.981]]],[[[29.2569,41.2325],[29.3563,41.2112],[29.3893,41.2157],[29.4452,41.1985],[29.5764,41.1719],[29.5999,41.1724],[29.6093,41.1782],[29.5999,41.1787],[29.6073,41.1823],[29.6591,41.1654],[29.6994,41.1643],[29.732,41.1554],[29.7677,41.1606],[29.8464,41.1391],[29.9107,41.1435],[29.9217,41.0953],[29.8953,41.0835],[29.8669,41.0267],[29.847,41.0125],[29.8135,41.0069],[29.7464,41.032],[29.7274,41.0295],[29.7161,41.0234],[29.7091,41.0005],[29.6938,40.9828],[29.6668,40.9668],[29.6307,40.9692],[29.5816,41.0215],[29.5496,41.032],[29.5285,41.0311],[29.5174,41.0443],[29.509,41.0419],[29.4997,41.0191],[29.5045,40.9923],[29.4815,40.9607],[29.4604,40.9446],[29.4562,40.9121],[29.4337,40.8869],[29.3632,40.8521],[29.3712,40.8378],[29.3623,40.8164],[29.35,40.8244],[29.3399,40.8106],[29.3188,40.8195],[29.3097,40.8115],[29.2978,40.8167],[29.2651,40.8115],[29.2571,40.8027],[29.2546,40.8145],[29.2673,40.8151],[29.2797,40.8265],[29.2641,40.8401],[29.2707,40.8481],[29.2705,40.838],[29.2814,40.8349],[29.2817,40.8424],[29.2916,40.8458],[29.287,40.8549],[29.2609,40.8553],[29.2524,40.8592],[29.265,40.86],[29.2574,40.8657],[29.2559,40.8596],[29.2581,40.867],[29.2397,40.8745],[29.2336,40.8708],[29.2396,40.8677],[29.2035,40.8834],[29.1787,40.886],[29.1421,40.903],[29.0945,40.9522],[29.0487,40.9693],[29.0321,40.9668],[29.0336,40.9739],[29.0382,40.971],[29.0346,40.9766],[29.0396,40.9763],[29.0344,40.9829],[29.0201,40.9804],[29.0147,40.9927],[29.0239,40.9946],[29.0067,41.0074],[29.0111,41.0132],[29.0063,41.0224],[29.052,41.0483],[29.0553,41.0735],[29.0676,41.0819],[29.0662,41.1028],[29.0965,41.1185],[29.0915,41.1343],[29.0712,41.1432],[29.0779,41.1544],[29.073,41.1634],[29.0868,41.1703],[29.087,41.1787],[29.1125,41.183],[29.1198,41.1901],[29.1184,41.2003],[29.1538,41.2196],[29.1618,41.217],[29.165,41.2245],[29.1987,41.2205],[29.2165,41.2246],[29.215,41.2311],[29.2413,41.2279],[29.2569,41.2325]]]]}},{"type":"Feature","properties":{"plaka":35},"geometry":{"type":"MultiPolygon","coordinates":[[[[27.3401,39.3877],[27.3689,39.3845],[27.3809,39.3569],[27.411,39.3454],[27.4216,39.3102],[27.4352,39.2932],[27.4867,39.2568],[27.4587,39.161],[27.462,39.1494],[27.5032,39.1242],[27.5021,39.0845],[27.5321,39.0365],[27.4682,38.988],[27.4663,38.9465],[27.4537,38.9306],[27.407,38.9234],[27.3922,38.9285],[27.3701,38.9258],[27.3474,38.9346],[27.3289,38.9174],[27.264,38.9153],[27.216,38.8723],[27.1944,38.8704],[27.18,38.8778],[27.1526,38.8655],[27.1563,38.8351],[27.1364,38.8309],[27.1073,38.8074],[27.1002,38.7782],[27.1287,38.7676],[27.1436,38.7341],[27.1836,38.7326],[27.2218,38.7059],[27.2226,38.6976],[27.2088,38.6836],[27.2388,38.6596],[27.2364,38.632],[27.2419,38.6086],[27.2364,38.5932],[27.2443,38.5776],[27.2741,38.5539],[27.288,38.5578],[27.305,38.543],[27.3275,38.5429],[27.3488,38.534],[27.3742,38.5392],[27.3849,38.5546],[27.3974,38.5597],[27.4329,38.5385],[27.4507,38.5426],[27.4677,38.5339],[27.4843,38.4979],[27.5597,38.46],[27.572,38.4606],[27.6083,38.4846],[27.663,38.4706],[27.6982,38.4465],[27.7106,38.4205],[27.7063,38.4091],[27.7165,38.3827],[27.7014,38.3498],[27.7433,38.3299],[27.7862,38.3414],[27.7971,38.3345],[27.8895,38.319],[27.8949,38.3324],[27.8876,38.3741],[27.893,38.4007],[27.9055,38.4107],[27.9272,38.409],[27.9571,38.3936],[27.986,38.3943],[27.998,38.4044],[28.0513,38.3976],[28.0809,38.3789],[28.1678,38.3655],[28.1972,38.3456],[28.2412,38.3284],[28.2704,38.325],[28.2901,38.3135],[28.316,38.3209],[28.3522,38.2964],[28.3629,38.2791],[28.3638,38.2599],[28.3703,38.2555],[28.3871,38.2567],[28.4035,38.2665],[28.4627,38.2597],[28.5016,38.2336],[28.4954,38.1935],[28.4623,38.1871],[28.449,38.1687],[28.4847,38.1218],[28.4346,38.0875],[28.3606,38.1257],[28.3327,38.1219],[28.3306,38.1016],[28.3047,38.0863],[28.3013,38.0644],[28.2776,38.0343],[28.2441,38.0361],[28.2147,38.0266],[28.14,38.042],[28.1304,38.0256],[28.1015,38.0316],[28.0815,38.0238],[28.0462,38.0308],[28.037,38.0219],[28.0332,38.0016],[28.0017,37.9747],[27.9664,37.9982],[27.9345,37.9987],[27.9114,38.0156],[27.8796,38.011],[27.87,37.9879],[27.812,37.9631],[27.7021,37.9868],[27.6592,37.9831],[27.6371,37.9971],[27.6149,37.992],[27.5747,38.0111],[27.5479,38.0069],[27.5312,37.9963],[27.4979,37.9969],[27.4813,37.9705],[27.474,37.9391],[27.4239,37.9205],[27.4359,37.8502],[27.3924,37.8253],[27.3662,37.8413],[27.3525,37.8698],[27.3033,37.889],[27.2887,37.9032],[27.2833,37.9196],[27.2639,37.9235],[27.2772,37.9277],[27.2728,37.9476],[27.2524,37.9766],[27.2385,37.9858],[27.2054,37.9929],[27.1669,37.9815],[27.1192,37.9924],[27.098,38.0163],[27.0759,38.0125],[27.068,38.0341],[27.0464,38.05],[27.0172,38.0546],[26.9787,38.0751],[26.9454,38.075],[26.9047,38.0638],[26.8837,38.0516],[26.8719,38.03],[26.8651,38.0326],[26.8679,38.0401],[26.8576,38.0462],[26.8459,38.0721],[26.8515,38.1014],[26.8333,38.125],[26.8363,38.1324],[26.8196,38.144],[26.8244,38.1585],[26.7969,38.173],[26.7749,38.1617],[26.7747,38.1747],[26.7678,38.1759],[26.7727,38.1969],[26.7766,38.1993],[26.783,38.1906],[26.7903,38.199],[26.7573,38.222],[26.7452,38.2191],[26.7447,38.2128],[26.7361,38.2164],[26.7327,38.2074],[26.697,38.2116],[26.6864,38.2026],[26.6781,38.2118],[26.6751,38.2048],[26.6533,38.2103],[26.6455,38.2022],[26.6359,38.2078],[26.6392,38.2006],[26.6283,38.1863],[26.633,38.167],[26.6236,38.1387],[26.6097,38.1383],[26.6011,38.1465],[26.607,38.135],[26.6128,38.1349],[26.6142,38.1116],[26.6042,38.1033],[26.5917,38.1031],[26.5816,38.1104],[26.5843,38.125],[26.5712,38.1438],[26.5623,38.1439],[26.5666,38.1266],[26.5602,38.1179],[26.543,38.1205],[26.5412,38.1304],[26.5321,38.1274],[26.5328,38.1392],[26.521,38.1423],[26.5237,38.1548],[26.5123,38.1658],[26.5156,38.1703],[26.52,38.1647],[26.5167,38.1761],[26.523,38.1828],[26.5183,38.1877],[26.5071,38.176],[26.5011,38.1838],[26.4966,38.1779],[26.4863,38.1858],[26.4903,38.1956],[26.4581,38.192],[26.462,38.2041],[26.4526,38.2016],[26.4508,38.2097],[26.4391,38.2133],[26.4422,38.2188],[26.4194,38.2208],[26.4304,38.1985],[26.3893,38.2238],[26.3897,38.237],[26.4022,38.2445],[26.3916,38.2603],[26.379,38.2604],[26.3863,38.2463],[26.3785,38.2449],[26.3652,38.2269],[26.3382,38.2267],[26.3073,38.2412],[26.2875,38.2633],[26.266,38.2686],[26.2326,38.2666],[26.2344,38.2945],[26.2448,38.2932],[26.2488,38.2855],[26.2725,38.2904],[26.2827,38.3009],[26.2811,38.3227],[26.2873,38.3173],[26.3033,38.3202],[26.285,38.3453],[26.285,38.3769],[26.3027,38.3553],[26.3024,38.3641],[26.3161,38.3767],[26.3142,38.3646],[26.3187,38.362],[26.3115,38.353],[26.3196,38.3582],[26.3246,38.3532],[26.3124,38.3395],[26.3186,38.3303],[26.3357,38.3244],[26.3445,38.3334],[26.344,38.3206],[26.3632,38.3085],[26.3755,38.3094],[26.3852,38.3165],[26.3854,38.3495],[26.3873,38.3373],[26.3957,38.3428],[26.4011,38.3355],[26.3967,38.3207],[26.4093,38.3323],[26.4229,38.3326],[26.4201,38.3394],[26.4515,38.3477],[26.4817,38.3764],[26.4731,38.3875],[26.4757,38.402],[26.467,38.4128],[26.4593,38.4098],[26.4616,38.4187],[26.4528,38.4203],[26.4509,38.4279],[26.4697,38.4268],[26.4902,38.4009],[26.5017,38.4048],[26.5013,38.4154],[26.5064,38.4142],[26.5158,38.428],[26.4953,38.4481],[26.4375,38.4772],[26.4188,38.4759],[26.4127,38.4577],[26.4049,38.4569],[26.4017,38.4473],[26.3931,38.4473],[26.3915,38.464],[26.4122,38.4937],[26.4008,38.5054],[26.389,38.5058],[26.3949,38.5084],[26.3907,38.5208],[26.3813,38.5191],[26.3716,38.5303],[26.3761,38.5408],[26.3813,38.5233],[26.3802,38.5445],[26.3599,38.5663],[26.3628,38.5898],[26.3529,38.6375],[26.3609,38.6592],[26.3976,38.6675],[26.4175,38.6807],[26.4352,38.6714],[26.4649,38.6696],[26.4749,38.675],[26.5015,38.6531],[26.5141,38.6471],[26.5226,38.6501],[26.528,38.6442],[26.5216,38.6404],[26.5236,38.6297],[26.5331,38.6259],[26.5485,38.6017],[26.5617,38.602],[26.5691,38.5591],[26.6058,38.5325],[26.6247,38.5314],[26.6415,38.4701],[26.6311,38.463],[26.62,38.4728],[26.5865,38.4693],[26.5971,38.4676],[26.5878,38.4623],[26.6011,38.4597],[26.6038,38.4518],[26.5981,38.4462],[26.6028,38.4413],[26.5991,38.4335],[26.584,38.4264],[26.6004,38.4159],[26.6108,38.4227],[26.6299,38.3807],[26.6443,38.3722],[26.6438,38.3402],[26.6755,38.3109],[26.6993,38.3139],[26.7038,38.3199],[26.6924,38.3441],[26.6746,38.3477],[26.6783,38.3603],[26.6889,38.3514],[26.6751,38.388],[26.6864,38.4027],[26.6862,38.4148],[26.7069,38.4343],[26.7205,38.4265],[26.7196,38.4366],[26.725,38.4358],[26.7327,38.4221],[26.7356,38.4293],[26.7405,38.4213],[26.7362,38.4128],[26.7423,38.4021],[26.7556,38.3989],[26.7482,38.3985],[26.7493,38.3934],[26.7625,38.3841],[26.7648,38.3682],[26.7781,38.3629],[26.7837,38.3788],[26.7897,38.3786],[26.7799,38.3639],[26.8036,38.3552],[26.8351,38.3707],[26.9331,38.3834],[26.9807,38.3966],[27.0103,38.409],[27.0173,38.4182],[27.0353,38.4109],[27.0516,38.4128],[27.0458,38.4092],[27.0529,38.4057],[27.0579,38.4103],[27.0518,38.4132],[27.0594,38.4153],[27.0868,38.3987],[27.1195,38.4113],[27.1487,38.4474],[27.1474,38.4424],[27.1546,38.4476],[27.1679,38.4405],[27.1662,38.4483],[27.1705,38.4485],[27.1557,38.4676],[27.1331,38.4647],[27.112,38.4488],[27.0934,38.4535],[27.0781,38.4676],[27.0622,38.4587],[27.0531,38.4683],[27.0394,38.4638],[27.027,38.4683],[27.0224,38.4665],[27.0317,38.4639],[27.0169,38.4614],[27.0147,38.4666],[27.0104,38.458],[27.0099,38.4631],[26.9991,38.4575],[26.9951,38.4619],[26.9923,38.4542],[26.9887,38.4605],[26.9801,38.4485],[26.9762,38.4554],[26.9704,38.4536],[26.9768,38.4397],[26.9722,38.4335],[26.9656,38.448],[26.9689,38.4523],[26.9628,38.4431],[26.9549,38.4452],[26.944,38.428],[26.9522,38.443],[26.9196,38.4603],[26.9228,38.4678],[26.9112,38.4838],[26.8838,38.5041],[26.8887,38.5141],[26.8777,38.5174],[26.8799,38.5273],[26.8752,38.529],[26.8826,38.5346],[26.85,38.5423],[26.8459,38.5505],[26.8305,38.5566],[26.8471,38.5605],[26.8418,38.5679],[26.848,38.5769],[26.8401,38.5803],[26.8382,38.5897],[26.8305,38.5776],[26.8249,38.5906],[26.8168,38.5872],[26.8079,38.6017],[26.8007,38.5987],[26.7992,38.6109],[26.7791,38.6177],[26.7743,38.6126],[26.7568,38.6158],[26.7544,38.6284],[26.7705,38.6355],[26.7661,38.641],[26.7493,38.6344],[26.7429,38.6453],[26.7332,38.6477],[26.7332,38.6543],[26.7228,38.652],[26.7346,38.6602],[26.7341,38.6671],[26.7407,38.6635],[26.7457,38.6686],[26.7488,38.6637],[26.7548,38.6692],[26.7464,38.6785],[26.7332,38.6754],[26.7413,38.6814],[26.7287,38.6949],[26.7325,38.7193],[26.7267,38.7211],[26.743,38.7326],[26.7396,38.7416],[26.7577,38.7361],[26.7682,38.7423],[26.7699,38.7348],[26.7808,38.7366],[26.7874,38.7471],[26.8133,38.7518],[26.8238,38.7624],[26.8379,38.7529],[26.8323,38.7488],[26.8371,38.7421],[26.8576,38.7531],[26.877,38.7352],[26.8946,38.734],[26.9011,38.7452],[26.8966,38.7491],[26.907,38.7533],[26.9073,38.7665],[26.9196,38.7655],[26.929,38.7563],[26.9394,38.7644],[26.9302,38.7733],[26.9328,38.7806],[26.9253,38.7768],[26.8974,38.8102],[26.8927,38.8245],[26.9145,38.8176],[26.9444,38.8362],[26.9421,38.8128],[26.9568,38.8029],[26.9737,38.8056],[26.9839,38.8257],[26.962,38.8311],[26.97,38.847],[26.9864,38.8471],[26.9907,38.8566],[27.0022,38.8571],[27.0073,38.8668],[27.0259,38.8729],[27.0197,38.8626],[27.027,38.8596],[27.0253,38.8682],[27.0346,38.8613],[27.0287,38.8625],[27.0329,38.8551],[27.0442,38.8687],[27.0593,38.8662],[27.0659,38.879],[27.0566,38.8913],[27.0376,38.8936],[27.0444,38.9096],[27.0573,38.9137],[27.0451,38.9406],[27.033,38.9413],[27.0247,38.9292],[27.0073,38.9225],[27.0189,38.9168],[27.0059,38.915],[26.9658,38.9353],[26.9645,38.9418],[26.9789,38.9515],[26.9713,38.9556],[26.9478,38.9378],[26.9361,38.9372],[26.9391,38.926],[26.9243,38.9387],[26.8856,38.9254],[26.8813,38.9182],[26.8552,38.9163],[26.8521,38.9326],[26.8328,38.9348],[26.8046,38.9522],[26.7963,38.986],[26.8157,39.0257],[26.8023,39.0248],[26.8008,39.0356],[26.8088,39.0421],[26.8312,39.0442],[26.8679,39.0646],[26.8809,39.0647],[26.8868,39.0739],[26.8753,39.1004],[26.8081,39.1648],[26.7698,39.1668],[26.7963,39.1997],[26.8192,39.213],[26.8302,39.2308],[26.8769,39.2349],[26.8867,39.2434],[26.8873,39.2531],[26.9075,39.2688],[27.0422,39.3171],[27.0607,39.3326],[27.0992,39.3442],[27.1139,39.3596],[27.2103,39.3668],[27.2406,39.3601],[27.2785,39.3655],[27.3109,39.3928],[27.3401,39.3877]]],[[[26.8835,38.0232],[26.8793,38.0227],[26.8798,38.0262],[26.8839,38.0261],[26.8835,38.0232]]],[[[26.8019,38.1577],[26.8015,38.1615],[26.8055,38.1641],[26.8043,38.1606],[26.8019,38.1577]]],[[[26.4398,38.1829],[26.4373,38.1837],[26.4373,38.188],[26.4395,38.1871],[26.4402,38.1835],[26.4398,38.1829]]],[[[26.4336,38.198],[26.4342,38.1935],[26.428,38.1953],[26.4336,38.198]]],[[[26.4526,38.2012],[26.4499,38.1975],[26.4458,38.1986],[26.4423,38.1995],[26.4526,38.2012]]],[[[26.212,38.2938],[26.2071,38.2926],[26.2085,38.2996],[26.2116,38.2957],[26.212,38.2938]]],[[[26.6803,38.3317],[26.6786,38.33],[26.6753,38.3309],[26.6751,38.3336],[26.6787,38.3354],[26.6803,38.3317]]],[[[26.4542,38.3677],[26.4558,38.3598],[26.4461,38.3645],[26.4542,38.3677]]],[[[26.4665,38.3797],[26.4637,38.3753],[26.4626,38.3769],[26.4659,38.3814],[26.4665,38.3797]]],[[[26.7918,38.396],[26.784,38.395],[26.7892,38.3998],[26.7918,38.396]]],[[[26.7717,38.4095],[26.7724,38.4073],[26.7705,38.4045],[26.7681,38.4097],[26.7717,38.4095]]],[[[26.7986,38.4081],[26.7932,38.4069],[26.7948,38.4151],[26.7986,38.4081]]],[[[26.784,38.4163],[26.7855,38.4156],[26.7818,38.4154],[26.7816,38.4181],[26.784,38.4163]]],[[[26.3168,38.4167],[26.3139,38.4158],[26.3116,38.4167],[26.3092,38.4198],[26.3152,38.4187],[26.3168,38.4167]]],[[[26.3883,38.4334],[26.3886,38.4225],[26.3727,38.4275],[26.382,38.4353],[26.3883,38.4334]]],[[[26.3684,38.4282],[26.3687,38.4381],[26.3734,38.4348],[26.3684,38.4282]]],[[[26.7681,38.4543],[26.7759,38.4407],[26.7642,38.4355],[26.7582,38.4408],[26.7599,38.4537],[26.7681,38.4543]]],[[[26.3605,38.4546],[26.3575,38.429],[26.342,38.4308],[26.3387,38.4236],[26.3352,38.4293],[26.3309,38.4238],[26.3254,38.4409],[26.3503,38.4549],[26.3605,38.4546]]],[[[26.7038,38.5412],[26.7146,38.5413],[26.7287,38.5288],[26.7342,38.5146],[26.7308,38.4967],[26.7449,38.4925],[26.7407,38.4906],[26.7492,38.4811],[26.7413,38.4588],[26.7231,38.4609],[26.7264,38.4731],[26.695,38.4794],[26.6938,38.5129],[26.7063,38.5365],[26.6974,38.5472],[26.7038,38.5412]]],[[[26.733,38.6754],[26.7321,38.6745],[26.7309,38.6749],[26.7317,38.6755],[26.7322,38.6755],[26.733,38.6754]]],[[[26.7251,38.6769],[26.7282,38.6747],[26.7286,38.6718],[26.7254,38.6726],[26.725,38.6765],[26.7251,38.6769]]],[[[26.7181,38.6781],[26.7153,38.6749],[26.7115,38.6757],[26.7146,38.6773],[26.7174,38.678],[26.7181,38.6781]]],[[[26.7083,38.7029],[26.7252,38.6928],[26.7221,38.6866],[26.7272,38.6839],[26.7095,38.6927],[26.7083,38.7029]]],[[[26.7266,38.7029],[26.7252,38.7032],[26.7259,38.7039],[26.7269,38.7038],[26.727,38.7031],[26.7266,38.7029]]],[[[26.7088,38.7121],[26.708,38.713],[26.709,38.7161],[26.7099,38.7149],[26.7088,38.7121]]],[[[26.7337,38.7323],[26.7325,38.7328],[26.7326,38.7337],[26.7344,38.7333],[26.7337,38.7323]]],[[[26.8851,38.8547],[26.8863,38.847],[26.8766,38.8481],[26.8851,38.8547]]],[[[26.8378,38.9043],[26.832,38.9053],[26.8316,38.9085],[26.8356,38.9075],[26.8378,38.9043]]],[[[26.8197,38.9136],[26.8068,38.9163],[26.8076,38.9276],[26.8223,38.9233],[26.8197,38.9136]]]]}},{"type":"Feature","properties":{"plaka":36},"geometry":{"type":"Polygon","coordinates":[[[43.4575,41.0028],[43.4811,41.0025],[43.4891,41.0167],[43.523,41.0134],[43.5576,40.9946],[43.5932,40.9859],[43.672,40.9374],[43.6704,40.9119],[43.6809,40.9025],[43.6737,40.8871],[43.6812,40.8659],[43.6773,40.8468],[43.7067,40.8205],[43.7484,40.7312],[43.7354,40.7129],[43.7465,40.7037],[43.7392,40.6902],[43.7496,40.6765],[43.7409,40.6765],[43.7425,40.6674],[43.719,40.6573],[43.7168,40.642],[43.7217,40.6356],[43.706,40.6262],[43.706,40.61],[43.6953,40.6061],[43.6802,40.5774],[43.6689,40.5748],[43.6713,40.5672],[43.6435,40.5617],[43.6502,40.5316],[43.6279,40.5376],[43.6387,40.525],[43.6341,40.519],[43.6195,40.5251],[43.6109,40.5136],[43.6044,40.5162],[43.5716,40.5041],[43.5702,40.4951],[43.5572,40.4941],[43.5578,40.4813],[43.5423,40.4767],[43.5587,40.46],[43.5725,40.4589],[43.5854,40.4455],[43.6085,40.436],[43.6197,40.4219],[43.6135,40.4138],[43.6181,40.3907],[43.5993,40.3719],[43.5908,40.3451],[43.6353,40.2941],[43.6316,40.2834],[43.641,40.2724],[43.6639,40.27],[43.6828,40.2573],[43.6769,40.2482],[43.6843,40.2401],[43.677,40.2318],[43.6837,40.2266],[43.6531,40.225],[43.6955,40.1923],[43.7146,40.1624],[43.6617,40.1542],[43.6508,40.1456],[43.6486,40.1315],[43.6312,40.1252],[43.5947,40.1357],[43.5624,40.1179],[43.5288,40.1213],[43.4753,40.109],[43.4054,40.135],[43.3723,40.1283],[43.3427,40.1384],[43.3427,40.1003],[43.3542,40.0633],[43.2813,40.0175],[43.1497,40.0081],[43.1113,39.9894],[43.0663,39.9915],[43.0345,39.9781],[42.9983,39.9924],[42.9438,39.9945],[42.8608,39.9653],[42.565,39.921],[42.5729,39.9625],[42.5561,40.0042],[42.5308,40.0271],[42.4969,40.0395],[42.4682,40.0588],[42.3935,40.1454],[42.303,40.1734],[42.2831,40.1881],[42.2355,40.1998],[42.1723,40.2299],[42.1489,40.2499],[42.1378,40.2681],[42.1295,40.2999],[42.1352,40.3316],[42.1459,40.357],[42.1734,40.393],[42.2002,40.3941],[42.249,40.3726],[42.2928,40.3683],[42.3123,40.368],[42.3397,40.3796],[42.4084,40.3738],[42.4505,40.4005],[42.5188,40.4172],[42.5279,40.4297],[42.5388,40.48],[42.5264,40.5185],[42.5294,40.5636],[42.5501,40.5844],[42.5708,40.6599],[42.5964,40.6435],[42.6435,40.6413],[42.8462,40.7295],[42.8519,40.7358],[42.8658,40.8187],[42.8939,40.8245],[42.9401,40.8034],[42.9469,40.8202],[42.9338,40.8482],[42.9401,40.8701],[42.995,40.9348],[43.0291,40.9611],[43.0777,40.9745],[43.1146,41.004],[43.1585,41.0012],[43.1887,41.0146],[43.2482,41.0244],[43.2826,41.05],[43.3143,41.088],[43.3464,41.095],[43.3692,41.0882],[43.4101,41.0598],[43.4575,41.0028]]]}},{"type":"Feature","properties":{"plaka":37},"geometry":{"type":"Polygon","coordinates":[[[33.345,42.0196],[33.3908,42.0164],[33.4126,42.0087],[33.4565,42.011],[33.584,41.9889],[33.6798,41.9805],[33.7774,41.9818],[33.7647,41.981],[33.7832,41.9731],[33.8922,41.9759],[33.8891,41.9733],[33.8976,41.9716],[34.0251,41.9826],[34.0194,41.9802],[34.1042,41.9783],[34.1691,41.9661],[34.1717,41.9603],[34.2277,41.955],[34.2248,41.9365],[34.2615,41.9165],[34.2577,41.8911],[34.2989,41.8531],[34.2826,41.8317],[34.2863,41.8116],[34.2426,41.7653],[34.2394,41.7559],[34.2535,41.7405],[34.3159,41.7446],[34.3417,41.7334],[34.3627,41.7157],[34.3902,41.7254],[34.4137,41.7259],[34.5101,41.7139],[34.5411,41.7024],[34.5819,41.7041],[34.5989,41.6874],[34.608,41.6615],[34.6038,41.634],[34.5915,41.6065],[34.5682,41.5979],[34.5679,41.5672],[34.5582,41.5528],[34.5019,41.5409],[34.4457,41.5161],[34.4247,41.4947],[34.4473,41.4678],[34.4506,41.4201],[34.4666,41.3951],[34.4501,41.3517],[34.4559,41.3256],[34.4503,41.3112],[34.4351,41.301],[34.4155,41.2729],[34.3688,41.2914],[34.3424,41.2926],[34.3192,41.2514],[34.3068,41.2433],[34.2804,41.2045],[34.2187,41.1829],[34.2313,41.1425],[34.2243,41.1156],[34.2272,41.0881],[34.2805,41.0589],[34.3101,41.0527],[34.3271,41.0156],[34.3081,40.9958],[34.2602,40.9666],[34.2603,40.9434],[34.2496,40.9281],[34.2363,40.8784],[34.1996,40.8466],[34.1357,40.8438],[34.0845,40.8266],[34.0277,40.8293],[33.9601,40.8548],[33.9094,40.8515],[33.835,40.8332],[33.7832,40.8353],[33.7678,40.854],[33.7963,40.9023],[33.7892,40.9657],[33.7949,40.9839],[33.8191,41.0054],[33.8238,41.0264],[33.7972,41.042],[33.7676,41.0523],[33.6956,41.0565],[33.5541,41.0316],[33.5026,41.0543],[33.4816,41.0547],[33.4446,41.0347],[33.424,41.0078],[33.4243,40.9895],[33.4122,40.9804],[33.3459,40.9784],[33.3215,40.9971],[33.3247,41.0035],[33.3025,41.0318],[33.2188,41.0573],[33.1905,41.0727],[33.1413,41.0655],[33.1155,41.0525],[33.0722,41.063],[33.0536,41.0783],[33.057,41.107],[33.0444,41.1108],[33.0096,41.1455],[32.9851,41.1462],[32.9831,41.1641],[32.9617,41.1687],[32.9378,41.1832],[32.9228,41.2066],[32.9275,41.2582],[32.9342,41.273],[32.9901,41.2875],[33.0457,41.3209],[33.072,41.3161],[33.0946,41.3246],[33.1043,41.3379],[33.0964,41.3752],[33.1421,41.3816],[33.1582,41.4258],[33.1534,41.433],[33.1038,41.453],[33.0931,41.4811],[33.0654,41.4981],[33.0653,41.554],[33.057,41.5711],[33.0265,41.575],[33.001,41.5685],[32.9595,41.583],[32.9156,41.5612],[32.8473,41.5717],[32.8954,41.6225],[32.897,41.6588],[32.9254,41.7003],[32.9339,41.7364],[32.9178,41.7519],[32.8926,41.7387],[32.8577,41.7344],[32.8463,41.7395],[32.8217,41.772],[32.7944,41.7827],[32.7729,41.7789],[32.7691,41.7999],[32.7542,41.8127],[32.747,41.8297],[32.7554,41.8396],[32.7521,41.8442],[32.7758,41.8591],[32.8592,41.8585],[32.873,41.8679],[32.9588,41.8868],[32.9814,41.8957],[32.9854,41.902],[32.9772,41.9004],[32.9856,41.9093],[33.0206,41.9169],[33.0274,41.927],[33.1662,41.9546],[33.1791,41.9667],[33.2128,41.9796],[33.2614,41.9893],[33.3199,42.0158],[33.345,42.0196]]]}},{"type":"Feature","properties":{"plaka":38},"geometry":{"type":"Polygon","coordinates":[[[35.9653,39.1888],[36.0295,39.1543],[36.0409,39.1409],[36.0416,39.1224],[36.0706,39.101],[36.08,39.0834],[36.0984,39.0756],[36.2649,39.1045],[36.3167,39.0917],[36.348,39.0934],[36.3882,39.1047],[36.4094,39.122],[36.4238,39.1202],[36.4448,39.1065],[36.5322,39.0994],[36.5804,39.1085],[36.6018,39.1325],[36.6349,39.1471],[36.7134,39.1559],[36.7337,39.1524],[36.7461,39.1431],[36.7842,39.0855],[36.8258,39.0646],[36.8408,39.047],[36.8861,39.0633],[36.9284,39.0542],[36.943,39.0259],[36.9637,39.0053],[36.9716,38.9799],[36.9469,38.9372],[36.9193,38.9328],[36.9075,38.9259],[36.9032,38.9149],[36.8744,38.9102],[36.8622,38.8896],[36.8677,38.8689],[36.8539,38.8412],[36.773,38.7879],[36.7264,38.773],[36.7115,38.7449],[36.7327,38.7141],[36.7317,38.6865],[36.7559,38.6606],[36.7706,38.62],[36.79,38.5976],[36.7741,38.5424],[36.7032,38.5172],[36.695,38.5082],[36.6923,38.4891],[36.6982,38.467],[36.7272,38.4517],[36.7274,38.4326],[36.7087,38.403],[36.6818,38.3955],[36.6465,38.4128],[36.6316,38.412],[36.5151,38.2909],[36.4803,38.2874],[36.4009,38.2597],[36.3701,38.2949],[36.3728,38.3084],[36.3956,38.3343],[36.3883,38.3606],[36.3793,38.3697],[36.3498,38.3802],[36.3364,38.3782],[36.3159,38.3638],[36.3002,38.3757],[36.2845,38.4022],[36.2679,38.3985],[36.2368,38.3738],[36.1224,38.3389],[36.0282,38.2471],[35.9915,38.2252],[35.99,38.2148],[36.0059,38.1908],[35.9924,38.1697],[35.9893,38.1495],[35.8879,38.0857],[35.8516,38.0772],[35.8227,38.0864],[35.7921,38.0817],[35.7696,38.0441],[35.752,38.0415],[35.7139,38.0204],[35.6953,38.0002],[35.6861,37.979],[35.6686,37.9833],[35.605,37.9679],[35.5758,37.9419],[35.5771,37.9285],[35.595,37.9056],[35.5862,37.8858],[35.602,37.8621],[35.5988,37.8069],[35.5835,37.7928],[35.5463,37.7933],[35.5085,37.7629],[35.5141,37.7529],[35.5477,37.7306],[35.5403,37.7035],[35.5246,37.6862],[35.4965,37.6936],[35.4789,37.7099],[35.4777,37.7203],[35.4629,37.7303],[35.4331,37.7307],[35.4307,37.7195],[35.4187,37.7225],[35.4131,37.7088],[35.4025,37.7046],[35.3637,37.7193],[35.338,37.7106],[35.3241,37.7219],[35.3224,37.7396],[35.2595,37.7601],[35.2126,37.7584],[35.1872,37.7426],[35.1815,37.7704],[35.1515,37.8098],[35.154,37.8363],[35.2276,37.8298],[35.2907,37.8422],[35.3026,37.8513],[35.3232,37.9056],[35.3211,37.9288],[35.2775,37.9702],[35.2582,38.0308],[35.26,38.0453],[35.243,38.0628],[35.245,38.0874],[35.2301,38.1365],[35.2165,38.1443],[35.1902,38.1465],[35.1742,38.1676],[35.0795,38.1604],[35.0398,38.1729],[35.0304,38.1844],[35.0289,38.2036],[35.0035,38.2286],[34.9817,38.3009],[34.9427,38.334],[34.9052,38.3533],[34.8947,38.3755],[34.8986,38.4158],[34.908,38.4246],[34.9389,38.439],[34.9833,38.4422],[35.0045,38.4527],[35.0151,38.4623],[35.0338,38.5119],[35.0515,38.523],[35.103,38.5243],[35.1086,38.5342],[35.0955,38.5787],[35.0454,38.6102],[35.0245,38.6438],[35.0248,38.6665],[35.0559,38.7181],[35.057,38.7421],[35.003,38.7791],[34.9819,38.8122],[34.9821,38.8514],[34.992,38.8745],[35.01,38.892],[35.0137,38.9119],[35.0296,38.9319],[35.0606,38.9538],[35.0656,38.9721],[35.0597,39.0108],[35.0924,39.0254],[35.1622,39.0235],[35.248,38.9822],[35.3578,38.9542],[35.3684,38.9919],[35.3827,39.0105],[35.4569,39.0752],[35.4576,39.0909],[35.4435,39.1262],[35.4666,39.1726],[35.4901,39.1909],[35.4995,39.1949],[35.5272,39.189],[35.6104,39.188],[35.6801,39.2019],[35.7158,39.223],[35.748,39.2332],[35.7542,39.2463],[35.8076,39.2781],[35.8191,39.2979],[35.8368,39.3099],[35.8523,39.3071],[35.8574,39.2909],[35.896,39.2651],[35.9067,39.2397],[35.9405,39.205],[35.9653,39.1888]]]}},{"type":"Feature","properties":{"plaka":39},"geometry":{"type":"Polygon","coordinates":[[[27.2497,42.0993],[27.2706,42.104],[27.2726,42.0971],[27.2936,42.0974],[27.2999,42.0866],[27.3265,42.0799],[27.3359,42.0602],[27.3648,42.0579],[27.3773,42.046],[27.3945,42.0049],[27.4121,42.0005],[27.416,41.9899],[27.4329,41.9909],[27.4479,41.9671],[27.4638,41.9689],[27.4685,41.9587],[27.4903,41.952],[27.5106,41.9587],[27.5413,41.916],[27.5607,41.9047],[27.5727,41.9053],[27.5714,41.9128],[27.5616,41.915],[27.5768,41.92],[27.5659,41.9238],[27.5743,41.9372],[27.5876,41.9365],[27.588,41.9315],[27.6048,41.9473],[27.614,41.9389],[27.6294,41.9503],[27.6245,41.9589],[27.6423,41.9542],[27.652,41.9623],[27.6587,41.9569],[27.6676,41.9623],[27.6725,41.9565],[27.6838,41.9714],[27.7041,41.9706],[27.6973,41.9784],[27.7324,41.9736],[27.7379,41.98],[27.7488,41.9724],[27.7444,41.9683],[27.7657,41.968],[27.7697,41.9602],[27.7759,41.966],[27.7839,41.964],[27.7782,41.9541],[27.7897,41.9543],[27.7924,41.9479],[27.8017,41.9531],[27.8157,41.9429],[27.8135,41.9541],[27.8353,41.9477],[27.8336,41.9612],[27.8197,41.9626],[27.8255,41.9739],[27.8186,41.9756],[27.818,41.9867],[27.8275,41.9982],[27.8443,41.9912],[27.8525,42.002],[27.8552,41.991],[27.86,42.0064],[27.8793,41.9949],[27.8998,41.9924],[27.8998,41.9821],[27.9121,41.9736],[27.9204,41.9829],[27.9287,41.9763],[27.933,41.9854],[27.9421,41.9781],[27.9538,41.9818],[27.9599,41.9773],[27.9758,41.9842],[27.9763,41.9901],[27.9928,41.9807],[28.0294,41.9832],[28.028,41.975],[28.0428,41.9621],[28.0495,41.9453],[28.0422,41.9343],[28.0442,41.9137],[28.0574,41.8846],[28.0427,41.8807],[28.0204,41.8865],[28.0291,41.8868],[28.0148,41.8947],[27.9965,41.8862],[27.9818,41.8622],[27.9869,41.8226],[28.0016,41.7973],[28.0413,41.7543],[28.0464,41.7298],[28.0715,41.6994],[28.1021,41.6752],[28.1062,41.6679],[28.0904,41.6566],[28.0954,41.6412],[28.1403,41.5989],[28.1463,41.5835],[28.1185,41.5622],[28.1248,41.556],[28.1208,41.5424],[28.0986,41.5466],[28.0624,41.5756],[28.0034,41.5511],[27.9717,41.5565],[27.9328,41.5204],[27.8979,41.5015],[27.8271,41.4951],[27.7677,41.4737],[27.7069,41.4632],[27.651,41.4375],[27.6245,41.4204],[27.5976,41.3906],[27.5824,41.3213],[27.5501,41.2715],[27.5068,41.2428],[27.4112,41.2234],[27.3749,41.2255],[27.3128,41.2532],[27.2917,41.2866],[27.2389,41.3223],[27.2016,41.332],[27.1481,41.3233],[27.0761,41.3425],[27.0363,41.341],[27.009,41.3473],[27.0014,41.3616],[26.9905,41.3637],[26.9705,41.3574],[26.9722,41.3515],[26.9509,41.3302],[26.9312,41.2889],[26.9257,41.3106],[26.9034,41.3421],[26.8812,41.4045],[26.9247,41.4859],[26.9592,41.5213],[26.9646,41.5727],[26.9833,41.6139],[26.9633,41.6296],[26.9256,41.6055],[26.8964,41.6185],[26.8905,41.6371],[26.9001,41.6574],[26.9571,41.6772],[26.9967,41.7676],[26.9986,41.7874],[26.9913,41.8418],[26.9395,42.0001],[26.9661,41.9973],[26.985,42.02],[26.9817,42.0375],[27.0076,42.0387],[27.0257,42.0561],[27.0247,42.0813],[27.0502,42.0836],[27.0667,42.0932],[27.11,42.0863],[27.1341,42.0663],[27.1529,42.072],[27.1643,42.0649],[27.1828,42.0702],[27.1911,42.0603],[27.2028,42.0596],[27.2069,42.061],[27.1979,42.0734],[27.1997,42.0804],[27.2156,42.0842],[27.2194,42.0965],[27.2394,42.1047],[27.2497,42.0993]]]}},{"type":"Feature","properties":{"plaka":40},"geometry":{"type":"Polygon","coordinates":[[[34.1286,39.7911],[34.1768,39.7914],[34.2224,39.7464],[34.248,39.729],[34.2845,39.7158],[34.4678,39.6697],[34.4692,39.6509],[34.4527,39.6364],[34.4639,39.6316],[34.4657,39.6154],[34.5224,39.5971],[34.5411,39.5788],[34.5216,39.5353],[34.5166,39.4954],[34.5296,39.4818],[34.5936,39.4518],[34.6177,39.4221],[34.6208,39.412],[34.6066,39.4017],[34.5838,39.3526],[34.5836,39.3276],[34.6033,39.3142],[34.6565,39.3042],[34.6923,39.2677],[34.6905,39.2596],[34.6297,39.2219],[34.6175,39.1969],[34.6291,39.1731],[34.6248,39.1576],[34.5765,39.1384],[34.5634,39.1252],[34.5429,39.0745],[34.5622,39.0683],[34.589,39.078],[34.5969,39.0552],[34.5932,39.0394],[34.5221,39.0513],[34.5058,39.0157],[34.4299,38.9684],[34.4101,38.9184],[34.3691,38.8596],[34.3484,38.8526],[34.3024,38.8921],[34.2632,38.9033],[34.2537,38.887],[34.2545,38.8583],[34.2443,38.8351],[34.2084,38.8103],[34.1686,38.7991],[34.1457,38.813],[34.1409,38.844],[34.1334,38.8555],[34.0749,38.8894],[34.0674,38.8994],[34.0582,38.945],[34.0217,38.9615],[34.0023,38.9774],[33.978,39.0231],[33.9651,39.035],[33.9617,39.0516],[33.8951,39.0378],[33.876,39.045],[33.8503,39.0696],[33.7624,39.0736],[33.7476,39.0994],[33.7177,39.1125],[33.6382,39.1695],[33.55,39.2168],[33.5121,39.2839],[33.5015,39.2927],[33.4615,39.3019],[33.4569,39.3126],[33.4437,39.3201],[33.4476,39.3289],[33.4624,39.3312],[33.4638,39.3421],[33.4318,39.3685],[33.4195,39.3958],[33.4294,39.4176],[33.4778,39.4387],[33.5528,39.418],[33.5738,39.4389],[33.639,39.4733],[33.6539,39.4916],[33.6717,39.5002],[33.6879,39.4986],[33.7173,39.4774],[33.7506,39.4717],[33.759,39.4929],[33.7322,39.5167],[33.7318,39.5267],[33.7858,39.5428],[33.8564,39.5748],[33.869,39.6153],[33.9051,39.635],[33.9181,39.6517],[33.9398,39.655],[33.9611,39.6684],[33.9607,39.7109],[33.9746,39.7213],[33.9802,39.7359],[34.0169,39.7466],[34.0481,39.7752],[34.0894,39.7758],[34.1286,39.7911]]]}},{"type":"Feature","properties":{"plaka":41},"geometry":{"type":"Polygon","coordinates":[[[30.271,41.2097],[30.2967,41.2004],[30.33,41.201],[30.3674,41.1794],[30.3622,41.174],[30.3653,41.1682],[30.3394,41.1618],[30.3251,41.1472],[30.3228,41.1223],[30.281,41.0943],[30.2437,41.0824],[30.26,41.0419],[30.2285,41.0138],[30.2409,40.9816],[30.2622,40.9804],[30.2774,40.9648],[30.2828,40.954],[30.2789,40.9391],[30.2861,40.9307],[30.2715,40.9155],[30.2462,40.9035],[30.2536,40.8825],[30.2433,40.8546],[30.2172,40.8465],[30.2138,40.8402],[30.2183,40.7921],[30.2251,40.7835],[30.2397,40.7821],[30.247,40.7645],[30.2487,40.7195],[30.1634,40.7145],[30.156,40.6956],[30.1555,40.6687],[30.1242,40.6443],[30.1121,40.6103],[30.0856,40.5885],[30.0039,40.5564],[29.996,40.5479],[29.9946,40.5],[29.9685,40.517],[29.9382,40.52],[29.9216,40.5282],[29.9143,40.5663],[29.8914,40.5816],[29.8498,40.5976],[29.7879,40.5922],[29.7098,40.6164],[29.6841,40.6044],[29.6788,40.5842],[29.6615,40.5702],[29.61,40.5431],[29.5299,40.5355],[29.5067,40.5279],[29.4981,40.5301],[29.4949,40.5435],[29.4815,40.5494],[29.4796,40.5591],[29.4973,40.6003],[29.4925,40.6378],[29.5147,40.6476],[29.5259,40.6623],[29.5498,40.6754],[29.5567,40.6876],[29.644,40.6957],[29.6654,40.7051],[29.7734,40.7186],[29.8128,40.7304],[29.8073,40.7255],[29.8321,40.7219],[29.856,40.7308],[29.8616,40.7239],[29.8719,40.7252],[29.8722,40.7158],[29.9164,40.7142],[29.9364,40.7193],[29.9425,40.747],[29.9355,40.7563],[29.9441,40.7571],[29.8811,40.7598],[29.8559,40.7496],[29.8115,40.7495],[29.7831,40.7407],[29.7578,40.7464],[29.7617,40.7476],[29.7568,40.7567],[29.7326,40.7721],[29.7245,40.7687],[29.7094,40.7768],[29.6846,40.7786],[29.6374,40.7754],[29.6172,40.7838],[29.5717,40.7666],[29.5526,40.7724],[29.5227,40.7641],[29.523,40.769],[29.5157,40.7669],[29.5034,40.7794],[29.4908,40.7804],[29.4684,40.7714],[29.4269,40.7689],[29.3909,40.7533],[29.3537,40.7557],[29.3488,40.7842],[29.3336,40.7862],[29.3369,40.7929],[29.3497,40.794],[29.3398,40.8105],[29.35,40.8244],[29.3641,40.819],[29.3712,40.8378],[29.3632,40.8521],[29.4337,40.8869],[29.4562,40.9121],[29.4604,40.9446],[29.4815,40.9607],[29.5045,40.9923],[29.4997,41.0191],[29.5082,41.0415],[29.5174,41.0443],[29.5274,41.0315],[29.5496,41.032],[29.5816,41.0215],[29.6307,40.9692],[29.67,40.9674],[29.6992,40.9886],[29.711,41.0042],[29.7125,41.0183],[29.7274,41.0295],[29.7464,41.032],[29.8135,41.0069],[29.843,41.0113],[29.8612,41.0208],[29.8953,41.0835],[29.9213,41.0935],[29.9126,41.1423],[29.97,41.1408],[29.9902,41.1345],[30.0305,41.1401],[30.0466,41.134],[30.054,41.1386],[30.0735,41.134],[30.0841,41.1402],[30.0991,41.1406],[30.1013,41.1355],[30.1179,41.1436],[30.1558,41.1393],[30.1766,41.146],[30.1783,41.1536],[30.1912,41.1463],[30.197,41.1529],[30.1929,41.1617],[30.2217,41.1593],[30.2274,41.1654],[30.22,41.1755],[30.2333,41.1781],[30.2246,41.1868],[30.2537,41.1902],[30.2635,41.2078],[30.271,41.2097]]]}},{"type":"Feature","properties":{"plaka":42},"geometry":{"type":"Polygon","coordinates":[[[33.0077,39.2861],[33.0129,39.2686],[33.0082,39.2232],[33.0185,39.2031],[33.0383,39.1982],[33.0573,39.2065],[33.0841,39.2387],[33.1137,39.2539],[33.1369,39.2845],[33.1832,39.2752],[33.1818,39.256],[33.1723,39.2483],[33.1398,39.2427],[33.1282,39.2283],[33.1329,39.1804],[33.1412,39.1604],[33.1891,39.124],[33.2245,39.1124],[33.2567,39.0911],[33.2816,39.0823],[33.3275,39.0832],[33.362,39.0749],[33.3739,39.0616],[33.392,39.0196],[33.3954,38.9828],[33.3554,38.7657],[33.4097,38.6969],[33.2365,38.4192],[33.2282,38.3911],[33.2315,38.367],[33.2268,38.3501],[33.1756,38.2909],[33.18,38.2694],[33.1928,38.2528],[33.2632,38.2514],[33.2833,38.2372],[33.3052,38.1768],[33.2935,38.1575],[33.2659,38.1356],[33.2652,38.1247],[33.3095,38.0889],[33.3424,38.0512],[33.4062,38.0181],[33.4376,37.9796],[33.457,37.9695],[33.5116,37.9794],[33.5439,37.9934],[33.5673,38.0179],[33.5853,38.0623],[33.6211,38.0934],[33.6456,38.1019],[33.6979,38.1138],[33.71,38.111],[33.7585,38.063],[33.8013,38.0513],[33.9096,38.117],[33.9394,38.1288],[33.9812,38.1239],[34.0122,38.0789],[34.0694,38.0358],[34.0618,38.0212],[34.0043,38.0144],[33.9922,38.0006],[33.992,37.9882],[34.0199,37.9729],[34.0369,37.9529],[34.0442,37.9256],[34.2305,37.8706],[34.3471,37.7763],[34.366,37.7535],[34.3838,37.7121],[34.384,37.6777],[34.363,37.6503],[34.301,37.5961],[34.2976,37.5858],[34.3061,37.5742],[34.3654,37.5415],[34.3493,37.5245],[34.3242,37.5197],[34.3103,37.4927],[34.3987,37.4424],[34.4207,37.4444],[34.4214,37.4005],[34.4058,37.3621],[34.4466,37.3153],[34.4505,37.3036],[34.4435,37.2918],[34.3961,37.258],[34.2919,37.2155],[34.2151,37.2723],[34.1131,37.3269],[34.0641,37.3661],[33.9912,37.3974],[33.8793,37.4299],[33.8502,37.4777],[33.7913,37.53],[33.6971,37.5857],[33.6176,37.61],[33.5631,37.6126],[33.5442,37.6065],[33.5257,37.528],[33.5053,37.4996],[33.3914,37.4707],[33.3079,37.464],[33.3012,37.4699],[33.2936,37.4992],[33.2002,37.5561],[33.1754,37.5576],[33.1619,37.5429],[33.1527,37.5124],[33.1307,37.5014],[33.0676,37.4911],[33.0249,37.498],[33.0074,37.4944],[32.974,37.4347],[32.8979,37.3874],[32.8902,37.3466],[32.8543,37.3305],[32.7974,37.3351],[32.7779,37.3126],[32.7783,37.2587],[32.7895,37.2386],[32.7921,37.2093],[32.8013,37.1979],[32.7954,37.1852],[32.7773,37.1729],[32.7742,37.1586],[32.7932,37.1164],[32.7888,37.0844],[32.8009,37.034],[32.7957,36.9862],[32.8197,36.9688],[32.8254,36.9564],[32.8213,36.9121],[32.809,36.8753],[32.6999,36.8177],[32.6519,36.7713],[32.6231,36.755],[32.5768,36.7478],[32.444,36.7452],[32.412,36.734],[32.3948,36.7686],[32.2964,36.8473],[32.2808,36.8852],[32.2571,36.9065],[32.2456,36.9294],[32.1768,36.9795],[32.1096,36.9945],[32.0791,37.0086],[32.053,37.0296],[32.02,37.0784],[31.9889,37.0945],[31.9421,37.145],[31.9332,37.1746],[31.9048,37.1849],[31.8805,37.2139],[31.8588,37.2611],[31.8178,37.3058],[31.8066,37.3435],[31.7565,37.3667],[31.7229,37.3746],[31.6985,37.3695],[31.6614,37.3391],[31.6298,37.3313],[31.5508,37.3278],[31.4092,37.3606],[31.3706,37.384],[31.3613,37.4247],[31.3749,37.4872],[31.3702,37.551],[31.3348,37.6317],[31.336,37.6632],[31.3725,37.6968],[31.4011,37.7],[31.422,37.6954],[31.4317,37.7002],[31.4296,37.753],[31.4627,37.7953],[31.4684,37.8117],[31.4681,37.8348],[31.4619,37.852],[31.4351,37.8837],[31.4343,37.9081],[31.4535,37.9312],[31.4845,37.9497],[31.4996,37.9663],[31.5059,37.9837],[31.5043,38.0133],[31.5144,38.0347],[31.5297,38.0447],[31.5551,38.0858],[31.5687,38.097],[31.5728,38.1155],[31.5394,38.1681],[31.4763,38.1966],[31.4379,38.2266],[31.3603,38.2585],[31.3124,38.292],[31.2855,38.3409],[31.2784,38.3686],[31.2469,38.396],[31.2397,38.4231],[31.2741,38.4387],[31.2874,38.4546],[31.564,38.6145],[31.6263,38.6356],[31.6352,38.6635],[31.5742,38.6843],[31.5559,38.7315],[31.5713,38.7579],[31.6024,38.7781],[31.6295,38.8238],[31.6337,38.863],[31.6164,38.9168],[31.6263,38.9202],[31.6429,38.9488],[31.6653,38.9582],[31.7008,38.9569],[31.7254,38.9677],[31.7339,38.9779],[31.7093,39.0047],[31.6101,39.0271],[31.5954,39.0416],[31.586,39.0675],[31.6479,39.0852],[31.7134,39.0731],[31.7762,39.1117],[31.795,39.1325],[31.8516,39.1354],[31.9045,39.1094],[31.9411,39.0752],[31.9564,39.0401],[31.9812,39.0299],[32.0132,38.9988],[32.0772,38.9577],[32.1223,38.9519],[32.1599,38.9628],[32.1754,38.9796],[32.1785,39.0059],[32.1928,39.0188],[32.2704,38.9972],[32.3043,39.0051],[32.3365,39.0253],[32.3689,39.0286],[32.3743,39.0131],[32.4235,38.9812],[32.4677,38.973],[32.5003,38.9939],[32.5329,39.0316],[32.5829,39.0518],[32.6775,39.1249],[32.7041,39.1295],[32.7193,39.1247],[32.7977,39.1399],[32.8227,39.1577],[32.8247,39.1682],[32.7954,39.2142],[32.7988,39.2435],[32.8242,39.2734],[32.8687,39.2676],[32.919,39.2461],[32.9418,39.2563],[32.952,39.2844],[32.9925,39.2915],[33.0077,39.2861]]]}},{"type":"Feature","properties":{"plaka":43},"geometry":{"type":"Polygon","coordinates":[[[29.6866,39.8644],[29.7045,39.8612],[29.6991,39.8472],[29.7033,39.8352],[29.7441,39.7941],[29.7485,39.7774],[29.7435,39.7424],[29.7511,39.7199],[29.8091,39.7097],[29.8479,39.7202],[29.8747,39.7187],[29.9196,39.7009],[29.9518,39.6631],[30.0018,39.6538],[30.0193,39.6571],[30.0265,39.6665],[30.1706,39.6821],[30.1765,39.6642],[30.2023,39.6572],[30.2141,39.642],[30.2225,39.6139],[30.281,39.5569],[30.3381,39.5353],[30.3754,39.5085],[30.3774,39.4986],[30.3601,39.4648],[30.3658,39.4495],[30.386,39.4331],[30.3826,39.4165],[30.37,39.4036],[30.3344,39.3913],[30.3322,39.3716],[30.3415,39.3557],[30.375,39.3284],[30.3836,39.2827],[30.4384,39.2255],[30.4335,39.221],[30.4352,39.2054],[30.4048,39.1839],[30.4009,39.1733],[30.369,39.1534],[30.3064,39.1478],[30.2788,39.1298],[30.2306,39.0344],[30.2309,39.0233],[30.257,38.9922],[30.2544,38.9787],[30.2152,38.9494],[30.2023,38.9259],[30.1823,38.9075],[30.1551,38.8893],[30.1179,38.8877],[30.1171,38.8694],[30.1097,38.8577],[30.0851,38.848],[30.0638,38.8285],[30.0133,38.8064],[30.0066,38.8241],[29.9585,38.8404],[29.9565,38.8697],[29.9386,38.8877],[29.9289,38.911],[29.8691,38.8947],[29.8496,38.9059],[29.8057,38.9104],[29.6501,38.9514],[29.6146,38.9354],[29.5917,38.9005],[29.521,38.893],[29.4941,38.8707],[29.4756,38.8637],[29.4513,38.8794],[29.4189,38.8843],[29.3916,38.8679],[29.3711,38.8635],[29.3636,38.8501],[29.366,38.8357],[29.3381,38.8237],[29.3225,38.8089],[29.2771,38.7997],[29.2436,38.7812],[29.2275,38.7823],[29.2313,38.8102],[29.2528,38.818],[29.2457,38.8349],[29.2097,38.8332],[29.1948,38.8499],[29.1733,38.8401],[29.1508,38.8696],[29.14,38.8686],[29.1139,38.8397],[29.0945,38.8565],[29.0954,38.8648],[29.0769,38.8843],[29.0621,38.8822],[29.0387,38.8906],[29.0226,38.8558],[28.9925,38.8653],[28.9824,38.8873],[28.9579,38.8985],[28.9447,38.9509],[28.9121,38.9666],[28.9371,39.0136],[28.9189,39.0309],[28.9114,39.0629],[28.8765,39.0866],[28.8072,39.1086],[28.759,39.1048],[28.7146,39.1161],[28.6668,39.1161],[28.6617,39.1206],[28.6575,39.1406],[28.668,39.186],[28.6656,39.2089],[28.6368,39.2287],[28.6165,39.2614],[28.6136,39.2911],[28.6525,39.3115],[28.6644,39.2931],[28.6846,39.2787],[28.7308,39.2696],[28.7553,39.2728],[28.8123,39.3019],[28.8332,39.3347],[28.8691,39.3664],[28.8803,39.3914],[28.9011,39.4028],[28.9503,39.4125],[28.9514,39.4275],[28.9446,39.4403],[28.951,39.4599],[28.9245,39.4907],[28.9255,39.5168],[28.9541,39.5401],[28.9534,39.5587],[28.9847,39.5684],[28.9873,39.5772],[28.998,39.5828],[28.9854,39.6096],[29.1743,39.5823],[29.2133,39.6133],[29.2274,39.6511],[29.2572,39.7006],[29.3912,39.8048],[29.4171,39.8173],[29.4565,39.867],[29.5269,39.8705],[29.5724,39.864],[29.6086,39.8755],[29.6866,39.8644]]]}},{"type":"Feature","properties":{"plaka":44},"geometry":{"type":"Polygon","coordinates":[[[38.5542,39.1171],[38.6077,39.1092],[38.651,39.0594],[38.6727,39.0487],[38.6547,39.0356],[38.6455,39.0167],[38.6239,39.0084],[38.6105,38.9625],[38.5801,38.9365],[38.5576,38.9298],[38.5485,38.9155],[38.5534,38.8976],[38.6034,38.8821],[38.614,38.8559],[38.6458,38.8286],[38.6426,38.7805],[38.6267,38.7752],[38.6448,38.757],[38.625,38.7436],[38.6043,38.7533],[38.5727,38.7519],[38.5338,38.7644],[38.5239,38.7625],[38.508,38.7465],[38.4828,38.7532],[38.4704,38.75],[38.4669,38.7428],[38.4795,38.7082],[38.4749,38.6981],[38.414,38.6801],[38.3639,38.6315],[38.3559,38.6111],[38.355,38.5826],[38.3653,38.5399],[38.4105,38.5144],[38.4206,38.4947],[38.442,38.4767],[38.4845,38.4629],[38.5436,38.4573],[38.7087,38.4199],[38.8184,38.4397],[38.8326,38.4311],[38.8326,38.4089],[38.8703,38.3912],[38.8878,38.3591],[38.9229,38.3519],[38.9697,38.3173],[38.9912,38.32],[39.009,38.3322],[39.1092,38.3454],[39.1515,38.2977],[39.1367,38.227],[39.1074,38.2031],[39.1152,38.1915],[39.1293,38.1862],[39.1268,38.1765],[39.0546,38.1345],[39.0525,38.1017],[39.0398,38.0874],[39.0068,38.0735],[38.9647,38.07],[38.9214,38.0512],[38.8884,38.0494],[38.8425,38.0285],[38.8234,38.0086],[38.7956,38.0004],[38.7699,38.0072],[38.747,38.0411],[38.7235,38.05],[38.684,38.0491],[38.6372,38.0635],[38.6203,38.0889],[38.6013,38.1035],[38.5863,38.1385],[38.5923,38.1439],[38.5665,38.144],[38.5161,38.1568],[38.4876,38.1829],[38.4574,38.1675],[38.4182,38.1161],[38.3924,38.1074],[38.3624,38.1206],[38.3453,38.1146],[38.329,38.1182],[38.2928,38.1385],[38.2031,38.1443],[38.1742,38.1161],[38.1524,38.1091],[38.1183,38.1102],[38.0813,38.0935],[38.0732,38.0721],[38.082,38.0533],[38.1586,38.0057],[38.1652,37.9851],[38.124,37.951],[38.0651,37.937],[38.0312,37.909],[37.9787,37.8942],[37.9387,37.9099],[37.893,37.8954],[37.8097,37.8912],[37.7851,37.9006],[37.762,37.9202],[37.6917,37.9141],[37.6587,37.9382],[37.5914,37.9698],[37.5813,38.0072],[37.607,38.0479],[37.6446,38.073],[37.667,38.0805],[37.708,38.1114],[37.7258,38.1315],[37.7461,38.1787],[37.7465,38.1924],[37.7057,38.2229],[37.6651,38.2725],[37.6554,38.3044],[37.6392,38.3194],[37.5675,38.3527],[37.531,38.3607],[37.5196,38.3704],[37.4844,38.3814],[37.477,38.4083],[37.4679,38.4151],[37.4547,38.4162],[37.4365,38.4081],[37.3472,38.4231],[37.3153,38.4442],[37.2909,38.4491],[37.2789,38.4761],[37.2621,38.4895],[37.2748,38.5159],[37.3291,38.565],[37.3393,38.5828],[37.3861,38.6102],[37.4019,38.6319],[37.4023,38.6458],[37.4194,38.6546],[37.4388,38.7132],[37.4696,38.7253],[37.4949,38.75],[37.5168,38.7572],[37.5402,38.7502],[37.5511,38.7587],[37.5612,38.798],[37.5078,38.8628],[37.5103,38.8798],[37.5434,38.9225],[37.5071,38.9654],[37.4973,38.9883],[37.4989,39.0088],[37.5118,39.0136],[37.5452,39.0046],[37.6051,39.0148],[37.6296,39.0127],[37.6744,38.9992],[37.7031,38.9728],[37.742,38.9569],[37.7482,38.9695],[37.7333,38.9921],[37.7348,39.0065],[37.7444,39.0097],[37.7669,39.0001],[37.7746,39.0055],[37.7506,39.0449],[37.7489,39.0685],[37.8198,39.0926],[37.8346,39.0934],[37.8529,39.0793],[37.9094,39.0655],[37.9463,39.0664],[37.9997,39.081],[38.0401,39.0712],[38.0602,39.0933],[38.0909,39.1017],[38.1467,39.0822],[38.1703,39.0982],[38.1953,39.0998],[38.2179,39.1232],[38.2685,39.1399],[38.3143,39.1475],[38.3511,39.1235],[38.3837,39.1175],[38.4138,39.1207],[38.4659,39.1475],[38.5,39.1562],[38.5255,39.1461],[38.539,39.1256],[38.5542,39.1171]]]}},{"type":"Feature","properties":{"plaka":45},"geometry":{"type":"Polygon","coordinates":[[[27.4391,39.4103],[27.5043,39.4017],[27.5249,39.3786],[27.5442,39.3803],[27.5589,39.3715],[27.5665,39.3449],[27.5967,39.3501],[27.6411,39.3355],[27.6711,39.3346],[27.7324,39.3601],[27.7633,39.3431],[27.774,39.328],[27.8213,39.3149],[27.8645,39.3251],[27.8834,39.3444],[27.9184,39.3447],[27.9369,39.3385],[27.9547,39.3112],[27.9723,39.2974],[27.9629,39.283],[27.9339,39.2695],[27.9329,39.2639],[27.9437,39.2502],[27.9719,39.2406],[27.975,39.2331],[27.9691,39.2192],[27.9759,39.2067],[27.9881,39.1977],[28.0464,39.1835],[28.1005,39.156],[28.1212,39.1284],[28.1268,39.1079],[28.1511,39.0777],[28.1915,39.0748],[28.2294,39.0915],[28.2413,39.0885],[28.2577,39.0709],[28.2966,39.0614],[28.3346,39.0737],[28.3659,39.0972],[28.4241,39.0983],[28.5519,39.1576],[28.6047,39.1666],[28.6218,39.1832],[28.6348,39.185],[28.6644,39.1801],[28.6575,39.1406],[28.6668,39.1161],[28.7012,39.1179],[28.759,39.1048],[28.8072,39.1086],[28.8765,39.0866],[28.9114,39.0629],[28.9189,39.0309],[28.9371,39.0136],[28.9121,38.9666],[28.9447,38.9509],[28.9491,38.9175],[28.96,38.8957],[28.9824,38.8873],[28.9985,38.8605],[29.0201,38.8555],[29.0278,38.8604],[29.0387,38.8906],[29.0621,38.8822],[29.0769,38.8843],[29.0954,38.8648],[29.0945,38.8565],[29.1139,38.8401],[29.1114,38.8309],[29.0773,38.8007],[29.0601,38.763],[29.0326,38.745],[29.0185,38.7211],[28.9562,38.7067],[28.9457,38.6967],[28.85,38.6615],[28.838,38.6322],[28.8226,38.6178],[28.8225,38.5827],[28.8,38.5521],[28.8196,38.5343],[28.8108,38.4976],[28.8241,38.4669],[28.8102,38.4274],[28.7799,38.4017],[28.7768,38.3608],[28.7946,38.3428],[28.8007,38.3218],[28.8271,38.309],[28.8296,38.279],[28.8707,38.2499],[28.8644,38.2254],[28.7965,38.1975],[28.7651,38.1729],[28.7374,38.1744],[28.72,38.1313],[28.7012,38.1076],[28.6733,38.107],[28.6582,38.0934],[28.6296,38.0857],[28.602,38.0986],[28.5572,38.105],[28.5328,38.1013],[28.5003,38.1236],[28.4847,38.1218],[28.4493,38.1645],[28.4623,38.1871],[28.4954,38.1935],[28.5016,38.2336],[28.4627,38.2597],[28.4035,38.2665],[28.3871,38.2567],[28.3703,38.2555],[28.3638,38.2599],[28.3629,38.2791],[28.3522,38.2964],[28.316,38.3209],[28.2901,38.3135],[28.2704,38.325],[28.2412,38.3284],[28.1972,38.3456],[28.1678,38.3655],[28.0809,38.3789],[28.0513,38.3976],[27.998,38.4044],[27.986,38.3943],[27.9571,38.3936],[27.9272,38.409],[27.9055,38.4107],[27.893,38.4007],[27.8876,38.3741],[27.8949,38.3324],[27.8895,38.319],[27.7971,38.3345],[27.7862,38.3414],[27.7433,38.3299],[27.7014,38.3498],[27.7165,38.3827],[27.7063,38.4091],[27.7106,38.4205],[27.6982,38.4465],[27.663,38.4706],[27.6083,38.4846],[27.572,38.4606],[27.5597,38.46],[27.4843,38.4979],[27.4639,38.5367],[27.4507,38.5426],[27.4329,38.5385],[27.4057,38.5584],[27.3907,38.5578],[27.3766,38.5405],[27.3488,38.534],[27.3275,38.5429],[27.305,38.543],[27.2904,38.5568],[27.2741,38.5539],[27.2627,38.5615],[27.2373,38.5896],[27.2419,38.6086],[27.2378,38.6626],[27.2088,38.6836],[27.2226,38.6976],[27.2218,38.7059],[27.1836,38.7326],[27.1436,38.7341],[27.1333,38.7477],[27.1305,38.7657],[27.1002,38.7782],[27.1004,38.7895],[27.1132,38.814],[27.1364,38.8309],[27.1563,38.8351],[27.1514,38.8646],[27.18,38.8778],[27.1944,38.8704],[27.216,38.8723],[27.2611,38.9142],[27.3289,38.9174],[27.3474,38.9346],[27.3701,38.9258],[27.3922,38.9285],[27.407,38.9234],[27.4537,38.9306],[27.4663,38.9465],[27.4682,38.988],[27.5301,39.0317],[27.532,39.0381],[27.5021,39.0845],[27.5032,39.1242],[27.462,39.1494],[27.4587,39.161],[27.4867,39.2568],[27.4352,39.2932],[27.4216,39.3102],[27.411,39.3454],[27.3875,39.3521],[27.3767,39.3643],[27.4081,39.3823],[27.4289,39.4086],[27.4391,39.4103]]]}},{"type":"Feature","properties":{"plaka":46},"geometry":{"type":"Polygon","coordinates":[[[37.1468,38.5722],[37.2641,38.5741],[37.3127,38.561],[37.3134,38.5528],[37.2748,38.5159],[37.262,38.491],[37.2789,38.4761],[37.2879,38.4516],[37.3153,38.4442],[37.3648,38.4178],[37.4365,38.4081],[37.4547,38.4162],[37.4679,38.4151],[37.477,38.4083],[37.4844,38.3814],[37.5196,38.3704],[37.531,38.3607],[37.5675,38.3527],[37.637,38.3207],[37.6522,38.3089],[37.6651,38.2725],[37.7057,38.2229],[37.7465,38.1924],[37.7461,38.1787],[37.7258,38.1315],[37.708,38.1114],[37.667,38.0805],[37.6098,38.0503],[37.5816,38.0085],[37.5914,37.9698],[37.6439,37.9437],[37.6295,37.8988],[37.5989,37.8595],[37.494,37.7755],[37.484,37.7519],[37.4658,37.7362],[37.4613,37.7202],[37.4659,37.7071],[37.4597,37.6868],[37.4727,37.6741],[37.4399,37.6462],[37.4732,37.6306],[37.4719,37.6117],[37.4543,37.6084],[37.4496,37.5997],[37.4531,37.5778],[37.4736,37.5671],[37.4897,37.5659],[37.5523,37.5921],[37.5824,37.587],[37.5898,37.5792],[37.5857,37.5468],[37.5728,37.5215],[37.5779,37.4934],[37.5484,37.4681],[37.5367,37.4274],[37.5133,37.4032],[37.4556,37.3842],[37.4544,37.3545],[37.4417,37.3411],[37.3922,37.3421],[37.3784,37.3242],[37.3536,37.3245],[37.3333,37.3096],[37.2592,37.3355],[37.2253,37.3299],[37.1834,37.2785],[37.1524,37.2685],[37.1151,37.2382],[37.109,37.2073],[37.0706,37.1795],[37.055,37.1805],[37.0439,37.191],[37.0299,37.2507],[36.9839,37.2549],[36.9774,37.2945],[36.9544,37.3074],[36.8988,37.3198],[36.8808,37.3109],[36.8714,37.2752],[36.8396,37.2466],[36.7919,37.2396],[36.7653,37.2265],[36.728,37.2272],[36.7166,37.2228],[36.7054,37.2073],[36.6935,37.2168],[36.6897,37.2393],[36.6743,37.2434],[36.678,37.2567],[36.6697,37.2663],[36.6293,37.2956],[36.6315,37.3171],[36.6414,37.3238],[36.6477,37.3479],[36.6258,37.3429],[36.5898,37.3544],[36.5714,37.3803],[36.5719,37.3946],[36.5548,37.407],[36.5491,37.4282],[36.4752,37.4054],[36.4753,37.3854],[36.4688,37.3749],[36.4153,37.3637],[36.4033,37.3522],[36.3727,37.3481],[36.3558,37.3624],[36.3438,37.3584],[36.2936,37.3649],[36.2779,37.3459],[36.2623,37.3827],[36.2628,37.4127],[36.255,37.4202],[36.2577,37.4591],[36.2476,37.4766],[36.25,37.495],[36.2376,37.5239],[36.2715,37.6422],[36.2656,37.6531],[36.2241,37.6625],[36.2217,37.6694],[36.2329,37.6905],[36.2299,37.7021],[36.1903,37.7079],[36.1804,37.7302],[36.2179,37.7801],[36.2655,37.8035],[36.2888,37.8367],[36.2927,37.859],[36.2845,37.8952],[36.2631,37.9357],[36.2406,37.946],[36.2049,37.9453],[36.2041,37.9526],[36.2339,38.0229],[36.2558,38.0285],[36.2555,38.0408],[36.2638,38.0525],[36.3025,38.0738],[36.3238,38.0995],[36.3458,38.1418],[36.3788,38.179],[36.3839,38.192],[36.3725,38.2104],[36.3803,38.2395],[36.4065,38.2635],[36.4803,38.2874],[36.5151,38.2909],[36.6316,38.412],[36.6465,38.4128],[36.6818,38.3955],[36.7087,38.403],[36.7291,38.444],[36.7272,38.4517],[36.6982,38.467],[36.6927,38.4996],[36.7032,38.5172],[36.8441,38.5612],[37.0134,38.5751],[37.0516,38.5874],[37.1468,38.5722]]]}},{"type":"Feature","properties":{"plaka":47},"geometry":{"type":"Polygon","coordinates":[[[40.8673,37.6434],[40.8842,37.6421],[40.9588,37.6777],[40.9736,37.6877],[40.9867,37.7089],[41.0444,37.7344],[41.0577,37.7082],[41.0828,37.6803],[41.0803,37.6497],[41.1141,37.6195],[41.124,37.5393],[41.1903,37.5012],[41.2419,37.5105],[41.2642,37.5052],[41.2953,37.5116],[41.4558,37.5039],[41.4889,37.5254],[41.519,37.5234],[41.5485,37.5301],[41.5698,37.5392],[41.6036,37.5704],[41.6318,37.5836],[41.66,37.6324],[41.6796,37.6107],[41.6928,37.6152],[41.7034,37.6565],[41.7245,37.6735],[41.7463,37.6666],[41.8202,37.6766],[41.8243,37.6453],[41.8357,37.6363],[41.8304,37.623],[41.867,37.6085],[41.8763,37.5908],[41.8974,37.5747],[41.8874,37.5523],[41.867,37.5441],[41.8519,37.5488],[41.8544,37.5297],[41.8384,37.5189],[41.8536,37.4981],[41.8562,37.4779],[41.8491,37.467],[41.86,37.4563],[41.8461,37.4422],[41.8642,37.4189],[41.8424,37.4058],[41.7988,37.4047],[41.741,37.4184],[41.703,37.4344],[41.6419,37.4155],[41.6168,37.4378],[41.6067,37.4351],[41.6048,37.4183],[41.5904,37.3984],[41.588,37.3674],[41.5744,37.3515],[41.5747,37.3226],[41.5591,37.3047],[41.5552,37.2767],[41.5687,37.2559],[41.6146,37.245],[41.6673,37.2111],[41.6729,37.1962],[41.6662,37.1725],[41.6648,37.118],[41.604,37.1077],[41.5545,37.0867],[41.5238,37.084],[41.5145,37.0776],[41.2668,37.0794],[41.2352,37.0751],[41.2228,37.07],[41.2198,37.0618],[41.1984,37.0639],[41.1985,37.0797],[41.1682,37.0878],[41.1637,37.0945],[41.106,37.0948],[40.9134,37.1315],[40.8486,37.1221],[40.8339,37.1064],[40.8201,37.1121],[40.8115,37.1256],[40.7978,37.119],[40.7667,37.1276],[40.7533,37.1097],[40.6953,37.1033],[40.6175,37.0637],[40.5889,37.0617],[40.5301,37.0279],[40.4133,37.0154],[40.3991,37.0084],[40.3785,36.9792],[40.3575,36.9629],[40.2351,36.9125],[40.2182,36.9219],[40.2137,36.9333],[40.2339,36.9446],[40.2365,36.9556],[40.1766,36.9784],[40.1773,36.9887],[40.1866,36.994],[40.1591,37.0172],[40.1575,37.0279],[40.165,37.0394],[40.1578,37.0482],[40.1634,37.0546],[40.1543,37.0615],[40.1604,37.0702],[40.151,37.0704],[40.1514,37.0796],[40.1433,37.0863],[40.1276,37.0884],[40.1362,37.1114],[40.1169,37.1169],[40.1068,37.132],[40.1094,37.1382],[40.0958,37.1364],[40.0804,37.1689],[40.0473,37.1803],[40.0508,37.1884],[40.0444,37.1925],[40.0316,37.1862],[40.0198,37.2019],[40.0229,37.2164],[40.0114,37.2246],[40.0198,37.2285],[40.0043,37.2515],[40.0118,37.2578],[40.0086,37.2701],[39.9839,37.3005],[39.9842,37.3167],[39.9669,37.3479],[39.968,37.3633],[39.9488,37.3878],[39.9523,37.4137],[39.9188,37.4387],[39.8738,37.4903],[39.8591,37.5336],[39.9832,37.5096],[40.0121,37.5157],[40.0459,37.54],[40.0896,37.5387],[40.1348,37.5536],[40.1954,37.5387],[40.2404,37.5085],[40.2558,37.5079],[40.2887,37.5252],[40.3229,37.5301],[40.4036,37.561],[40.4299,37.5958],[40.4478,37.6035],[40.5393,37.5982],[40.5955,37.6068],[40.6312,37.6248],[40.641,37.6425],[40.6382,37.7127],[40.6509,37.7396],[40.6644,37.7444],[40.6816,37.7377],[40.6981,37.7016],[40.7115,37.6937],[40.7742,37.6684],[40.8673,37.6434]]]}},{"type":"Feature","properties":{"plaka":48},"geometry":{"type":"MultiPolygon","coordinates":[[[[28.2849,37.5172],[28.3431,37.5257],[28.3941,37.4948],[28.452,37.505],[28.4652,37.4858],[28.5292,37.4752],[28.625,37.4759],[28.6304,37.4582],[28.6146,37.4296],[28.6303,37.4152],[28.627,37.4014],[28.6446,37.3776],[28.6426,37.3714],[28.6477,37.3676],[28.6591,37.3741],[28.7031,37.366],[28.7199,37.3376],[28.7419,37.3251],[28.7371,37.2962],[28.7309,37.2908],[28.7401,37.2789],[28.7379,37.2717],[28.754,37.2669],[28.7844,37.2403],[28.7805,37.2271],[28.7854,37.1939],[28.7955,37.1843],[28.8174,37.1844],[28.8361,37.1524],[28.8348,37.1357],[28.8467,37.1317],[28.8704,37.1422],[28.8852,37.1358],[28.9047,37.1449],[28.9452,37.1377],[28.972,37.1155],[28.9756,37.1016],[28.9962,37.0937],[29.0209,37.0622],[29.0351,37.0603],[29.0581,37.0435],[29.0785,37.0464],[29.0984,37.0336],[29.1054,37.0099],[29.0747,36.9666],[29.0736,36.9548],[29.094,36.9298],[29.0868,36.915],[29.0889,36.9019],[29.1276,36.8629],[29.1804,36.8672],[29.2168,36.8515],[29.2741,36.8633],[29.2969,36.8862],[29.3268,36.8891],[29.3482,36.8781],[29.3825,36.8817],[29.3997,36.8583],[29.4152,36.8538],[29.4161,36.8434],[29.4382,36.84],[29.4541,36.849],[29.4689,36.8471],[29.495,36.867],[29.5034,36.8763],[29.507,36.9002],[29.5255,36.9139],[29.5393,36.942],[29.5858,36.9707],[29.589,36.9891],[29.6012,36.9969],[29.7039,36.9862],[29.7347,36.9619],[29.7786,36.941],[29.7959,36.9195],[29.8117,36.876],[29.8096,36.858],[29.7784,36.8235],[29.7768,36.8099],[29.7547,36.7973],[29.7605,36.7834],[29.7575,36.7598],[29.7466,36.7529],[29.7411,36.7007],[29.7445,36.6775],[29.7368,36.6477],[29.7275,36.6361],[29.6586,36.6221],[29.6439,36.6134],[29.6276,36.5999],[29.6132,36.5698],[29.5694,36.5415],[29.5592,36.5278],[29.5403,36.5211],[29.5206,36.4909],[29.4601,36.4738],[29.3881,36.4709],[29.3627,36.4611],[29.3388,36.4379],[29.3228,36.4409],[29.3151,36.4293],[29.3256,36.4198],[29.3336,36.3947],[29.3156,36.3842],[29.311,36.372],[29.3161,36.3624],[29.3115,36.3407],[29.3153,36.3208],[29.3041,36.3082],[29.2814,36.3086],[29.281,36.2952],[29.2679,36.2962],[29.2633,36.3068],[29.2598,36.3025],[29.2399,36.3236],[29.226,36.3292],[29.2301,36.3294],[29.2066,36.3298],[29.1745,36.3483],[29.1691,36.343],[29.1647,36.3587],[29.1403,36.3651],[29.1454,36.377],[29.1411,36.3825],[29.124,36.3815],[29.1173,36.3957],[29.1026,36.3935],[29.1069,36.4126],[29.1309,36.4221],[29.1213,36.4326],[29.1345,36.4355],[29.1208,36.4499],[29.1212,36.4677],[29.1006,36.4748],[29.1154,36.497],[29.1379,36.498],[29.1262,36.4973],[29.1186,36.5052],[29.1273,36.529],[29.1247,36.5435],[29.1106,36.5492],[29.1177,36.5514],[29.1042,36.5553],[29.1107,36.5438],[29.0973,36.5458],[29.0863,36.5662],[29.0812,36.5582],[29.0493,36.5588],[29.0538,36.5396],[29.0084,36.544],[29.0475,36.5587],[29.0465,36.5657],[29.0306,36.5693],[29.0347,36.5785],[29.023,36.5824],[29.0402,36.6195],[29.0748,36.6143],[29.0723,36.6215],[29.0797,36.6219],[29.0739,36.6283],[29.079,36.6322],[29.0774,36.646],[29.1013,36.6412],[29.0885,36.6203],[29.1156,36.6254],[29.1221,36.6474],[29.1115,36.6567],[29.11,36.6525],[29.0961,36.6763],[29.0554,36.6818],[29.0333,36.6952],[29.0331,36.7083],[29.014,36.7042],[29.0212,36.7103],[29.0195,36.7161],[29.0092,36.7105],[28.9986,36.7152],[28.9965,36.7086],[28.971,36.7316],[28.9648,36.7299],[28.9645,36.7225],[28.96,36.7331],[28.9407,36.7476],[28.9411,36.7538],[28.929,36.7558],[28.9212,36.7515],[28.9304,36.7511],[28.9243,36.7419],[28.9297,36.7351],[28.914,36.7301],[28.9091,36.7133],[28.8914,36.7095],[28.9088,36.7081],[28.8972,36.7022],[28.9012,36.6989],[28.8635,36.6962],[28.8685,36.6923],[28.8659,36.681],[28.8571,36.676],[28.8678,36.6703],[28.8505,36.6625],[28.8661,36.6543],[28.8498,36.6433],[28.8642,36.645],[28.8718,36.6335],[28.8815,36.6355],[28.8769,36.6381],[28.879,36.6486],[28.8927,36.6428],[28.8984,36.6496],[28.9082,36.648],[28.9061,36.6397],[28.8871,36.6365],[28.8914,36.6304],[28.8798,36.6308],[28.8754,36.6214],[28.867,36.6223],[28.8651,36.6178],[28.8715,36.6171],[28.8667,36.6161],[28.8679,36.6057],[28.8756,36.6021],[28.861,36.6013],[28.8458,36.5889],[28.8447,36.5975],[28.825,36.6128],[28.8242,36.6259],[28.852,36.6381],[28.8426,36.6428],[28.8304,36.6391],[28.8307,36.6475],[28.8183,36.6595],[28.7942,36.6511],[28.7984,36.6662],[28.8067,36.6689],[28.7869,36.6867],[28.7249,36.7057],[28.6701,36.6917],[28.672,36.7113],[28.6419,36.717],[28.6345,36.7062],[28.6231,36.7057],[28.6164,36.7143],[28.6232,36.7234],[28.6222,36.7341],[28.6083,36.7411],[28.6343,36.7595],[28.6134,36.7642],[28.6143,36.7744],[28.6291,36.7821],[28.6063,36.8043],[28.6418,36.789],[28.6572,36.7891],[28.6307,36.8056],[28.6339,36.8141],[28.6183,36.8045],[28.6065,36.8126],[28.5975,36.7991],[28.5899,36.8152],[28.556,36.8354],[28.5506,36.8181],[28.5296,36.8108],[28.5445,36.7991],[28.5401,36.7905],[28.5252,36.7929],[28.5161,36.8056],[28.4988,36.7949],[28.4908,36.8041],[28.5006,36.8167],[28.4622,36.8122],[28.4517,36.8242],[28.4552,36.8292],[28.4502,36.8374],[28.4569,36.8404],[28.4513,36.8474],[28.466,36.8527],[28.4697,36.8622],[28.4557,36.8679],[28.4626,36.8723],[28.4548,36.8802],[28.4451,36.88],[28.4454,36.8677],[28.4329,36.8593],[28.4081,36.8542],[28.4034,36.8675],[28.3955,36.8535],[28.3786,36.8475],[28.3875,36.8345],[28.4076,36.8404],[28.4268,36.8358],[28.4243,36.8181],[28.4142,36.8102],[28.4071,36.7889],[28.3982,36.7855],[28.3821,36.7884],[28.3779,36.7986],[28.3659,36.7962],[28.354,36.8071],[28.3103,36.8177],[28.3013,36.8041],[28.3132,36.7952],[28.2936,36.7968],[28.2861,36.7914],[28.2713,36.7978],[28.2738,36.8053],[28.2658,36.8146],[28.3128,36.818],[28.3161,36.8264],[28.296,36.8335],[28.2807,36.8526],[28.2652,36.851],[28.2446,36.8323],[28.2433,36.8163],[28.2332,36.805],[28.2563,36.7921],[28.2487,36.7735],[28.271,36.7653],[28.2705,36.7479],[28.2925,36.7468],[28.2996,36.7398],[28.296,36.7319],[28.3034,36.7304],[28.2898,36.7191],[28.283,36.7209],[28.2771,36.7341],[28.2553,36.7303],[28.2498,36.7192],[28.2272,36.7042],[28.2316,36.7021],[28.2221,36.6874],[28.2053,36.6897],[28.1795,36.6782],[28.1628,36.6806],[28.1561,36.6724],[28.1614,36.6677],[28.1431,36.6498],[28.1452,36.6407],[28.1329,36.6209],[28.0997,36.5873],[28.088,36.5844],[28.0802,36.5943],[28.0564,36.5817],[28.0525,36.5853],[28.045,36.5796],[28.0503,36.5722],[28.0336,36.5629],[28.0124,36.5759],[28.0182,36.5656],[27.9992,36.5649],[27.9823,36.5535],[27.98,36.5701],[27.9667,36.5808],[27.9777,36.5875],[27.9615,36.5992],[27.9631,36.6043],[27.9749,36.6119],[28.0259,36.6027],[28.0598,36.6055],[28.0967,36.6419],[28.0852,36.6567],[28.074,36.659],[28.0678,36.6487],[28.0667,36.6558],[28.0557,36.6566],[28.0719,36.673],[28.0511,36.6754],[28.0521,36.6839],[28.0429,36.6925],[28.0363,36.6861],[28.0398,36.673],[28.027,36.6688],[27.9639,36.6757],[27.9669,36.6842],[27.9798,36.6918],[27.9834,36.683],[27.9855,36.6941],[28.0065,36.7055],[28.0082,36.6998],[28.02,36.7079],[28.0403,36.7045],[28.047,36.7176],[28.0857,36.7294],[28.0901,36.7235],[28.0969,36.7273],[28.0857,36.7184],[28.0891,36.7084],[28.1016,36.7062],[28.1153,36.7212],[28.1131,36.7279],[28.13,36.7294],[28.0901,36.7404],[28.0841,36.7475],[28.0971,36.7664],[28.1101,36.7646],[28.115,36.7742],[28.132,36.7562],[28.1324,36.7675],[28.1234,36.7804],[28.1291,36.7977],[28.1151,36.8043],[28.0854,36.7968],[28.0761,36.7884],[28.0772,36.7755],[28.0659,36.7736],[28.0643,36.7647],[28.0516,36.7601],[28.0412,36.7727],[28.0474,36.7864],[28.0366,36.7701],[28.0196,36.7611],[27.9868,36.7574],[27.9772,36.762],[27.9667,36.7496],[27.9664,36.7594],[27.9538,36.7599],[27.931,36.7415],[27.9234,36.7419],[27.9185,36.7533],[27.9001,36.7553],[27.8952,36.7432],[27.8813,36.7574],[27.8585,36.7416],[27.8389,36.7456],[27.8314,36.7572],[27.8124,36.7632],[27.7802,36.7565],[27.7501,36.762],[27.7228,36.7585],[27.6865,36.7253],[27.6969,36.7134],[27.6906,36.7019],[27.6774,36.6994],[27.6734,36.6797],[27.6781,36.657],[27.609,36.6814],[27.5786,36.6836],[27.5643,36.6731],[27.5562,36.6803],[27.5317,36.6729],[27.5174,36.6771],[27.4776,36.6476],[27.4678,36.6615],[27.4436,36.6609],[27.4282,36.669],[27.4105,36.6634],[27.4057,36.679],[27.3638,36.6842],[27.3757,36.6978],[27.3632,36.7047],[27.363,36.7107],[27.4078,36.7032],[27.4243,36.7155],[27.4186,36.7325],[27.4324,36.7477],[27.4521,36.746],[27.4683,36.7613],[27.4789,36.7509],[27.5075,36.7493],[27.5895,36.7679],[27.6142,36.7659],[27.6281,36.7798],[27.6258,36.7968],[27.643,36.8021],[27.6433,36.8113],[27.6793,36.8011],[27.6895,36.7892],[27.7009,36.7873],[27.766,36.7889],[27.7804,36.7927],[27.7844,36.8011],[27.8247,36.8134],[27.8553,36.8062],[27.9041,36.8113],[27.922,36.7998],[27.9729,36.7976],[27.9876,36.8024],[28.0324,36.7883],[28.0391,36.798],[28.0456,36.7951],[28.0514,36.8008],[28.0646,36.8247],[28.053,36.8269],[28.0572,36.834],[28.0263,36.8275],[28.0049,36.8356],[28.0217,36.8425],[28.0058,36.8535],[28.0198,36.8642],[28.0326,36.8594],[28.0592,36.8694],[28.049,36.8724],[28.0561,36.8732],[28.0578,36.882],[28.041,36.8857],[28.0505,36.8974],[28.0176,36.9046],[28.0428,36.9092],[28.0221,36.926],[28.0497,36.9216],[28.0719,36.9312],[28.0462,36.9359],[28.075,36.9432],[28.0904,36.9391],[28.0935,36.9314],[28.1014,36.9411],[28.1168,36.9324],[28.125,36.9385],[28.1354,36.93],[28.1414,36.9344],[28.1466,36.9216],[28.1489,36.9301],[28.1592,36.9266],[28.1557,36.9229],[28.1654,36.9074],[28.1728,36.9292],[28.1621,36.9362],[28.1708,36.9415],[28.1612,36.9478],[28.1671,36.9512],[28.1737,36.9451],[28.1753,36.9531],[28.1947,36.944],[28.2066,36.9579],[28.202,36.9722],[28.2122,36.9786],[28.1983,36.9822],[28.2145,36.9864],[28.2115,36.9962],[28.2172,37.0014],[28.2565,36.9922],[28.2467,37.0036],[28.2684,37.0183],[28.3196,37.0245],[28.3289,37.0309],[28.3265,37.0427],[28.1989,37.0397],[28.1656,37.0295],[28.1003,37.0373],[28.0979,37.0309],[28.1145,37.0245],[28.1136,37.0155],[28.1056,37.0141],[28.0889,37.0284],[28.0292,37.0227],[27.9801,37.0329],[27.9682,37.0217],[27.949,37.0192],[27.9266,37.0315],[27.8259,37.0136],[27.799,36.9978],[27.7915,37.0063],[27.7856,36.9955],[27.76,36.9905],[27.7581,36.9974],[27.7362,36.9939],[27.7253,37.0039],[27.711,36.996],[27.6885,37.0043],[27.6698,36.9937],[27.6487,36.9975],[27.6425,36.989],[27.6483,36.9815],[27.639,36.9783],[27.6173,36.9809],[27.5994,36.9934],[27.5802,36.9939],[27.5644,36.9885],[27.5755,36.9843],[27.5648,36.9828],[27.5653,36.975],[27.5586,36.9857],[27.5452,36.9832],[27.549,36.9879],[27.5181,36.9951],[27.5022,36.9838],[27.4896,36.9897],[27.4824,36.9864],[27.4811,36.9934],[27.4533,37.0078],[27.4378,37.0319],[27.4244,37.031],[27.4296,37.0343],[27.4241,37.0361],[27.4122,37.0171],[27.4091,37.0234],[27.3999,37.0188],[27.4075,37.0299],[27.3958,37.0294],[27.3882,37.0188],[27.389,37.0066],[27.3838,37.0091],[27.3761,36.9989],[27.3821,37.0266],[27.3328,37.0154],[27.3299,37.0046],[27.3408,36.9981],[27.3311,36.9995],[27.3324,36.9887],[27.3188,36.9775],[27.3006,36.9731],[27.3069,36.9617],[27.3032,36.9569],[27.2939,36.9681],[27.2844,36.9657],[27.2866,36.9573],[27.2797,36.966],[27.264,36.9643],[27.255,36.9773],[27.2595,37.0004],[27.2494,37.0314],[27.2302,37.0401],[27.2371,37.0519],[27.2255,37.0584],[27.239,37.0669],[27.2389,37.0828],[27.2515,37.0816],[27.2546,37.0941],[27.2642,37.0924],[27.2933,37.1115],[27.2893,37.12],[27.2805,37.1207],[27.2543,37.1116],[27.2533,37.1291],[27.2645,37.1203],[27.2639,37.134],[27.2715,37.1342],[27.274,37.1406],[27.2904,37.1217],[27.2976,37.1238],[27.303,37.1158],[27.3062,37.1239],[27.3133,37.1158],[27.3193,37.1218],[27.3095,37.1321],[27.3121,37.1386],[27.3293,37.146],[27.3229,37.1589],[27.3438,37.1506],[27.3406,37.1326],[27.3471,37.1306],[27.351,37.1441],[27.3562,37.1471],[27.3597,37.1412],[27.3666,37.1565],[27.3777,37.1504],[27.378,37.1418],[27.3901,37.1451],[27.3767,37.1328],[27.3865,37.1209],[27.3959,37.1196],[27.4003,37.131],[27.4106,37.1349],[27.41,37.1282],[27.42,37.1281],[27.4133,37.1174],[27.4218,37.1178],[27.4306,37.1282],[27.4354,37.1238],[27.4301,37.1177],[27.44,37.1174],[27.4449,37.1004],[27.4598,37.0962],[27.4573,37.0827],[27.4706,37.0806],[27.4904,37.0945],[27.4884,37.1009],[27.4984,37.1006],[27.5033,37.1086],[27.5296,37.1189],[27.5381,37.1306],[27.5719,37.1274],[27.5813,37.1358],[27.5766,37.1407],[27.5539,37.1378],[27.5611,37.1538],[27.5435,37.1541],[27.5417,37.1601],[27.5514,37.1677],[27.5408,37.1748],[27.5498,37.186],[27.5258,37.1962],[27.5448,37.1913],[27.5586,37.1947],[27.6111,37.2575],[27.6228,37.2587],[27.6462,37.243],[27.6464,37.2519],[27.6306,37.2639],[27.6126,37.2642],[27.6164,37.2745],[27.612,37.2824],[27.6014,37.2813],[27.5946,37.2883],[27.5827,37.2742],[27.5565,37.2749],[27.5416,37.2551],[27.5527,37.2476],[27.5392,37.2517],[27.5247,37.2413],[27.5264,37.2296],[27.5205,37.2281],[27.5178,37.2161],[27.5175,37.2294],[27.5007,37.2381],[27.5115,37.2418],[27.5244,37.2608],[27.5176,37.2678],[27.521,37.277],[27.5074,37.2808],[27.4963,37.2706],[27.4788,37.2717],[27.4754,37.2589],[27.4605,37.2529],[27.4552,37.2588],[27.477,37.2908],[27.4886,37.298],[27.4973,37.3219],[27.4935,37.3341],[27.4831,37.3343],[27.4876,37.3394],[27.4714,37.3444],[27.4764,37.3298],[27.4598,37.3117],[27.4434,37.3051],[27.408,37.3111],[27.3993,37.3159],[27.4002,37.3235],[27.3857,37.3292],[27.3848,37.3564],[27.3915,37.3654],[27.3994,37.3598],[27.4148,37.3619],[27.4639,37.3844],[27.4638,37.422],[27.4717,37.4371],[27.4636,37.4512],[27.4711,37.4584],[27.4681,37.5168],[27.4753,37.5364],[27.507,37.5381],[27.5116,37.5455],[27.5366,37.548],[27.5876,37.5344],[27.6099,37.5426],[27.6494,37.5243],[27.7474,37.5261],[27.7696,37.506],[27.7704,37.4821],[27.7952,37.4684],[27.8455,37.4751],[27.8633,37.4895],[27.932,37.4946],[27.9423,37.4811],[27.9413,37.4671],[27.9516,37.4621],[27.9922,37.4671],[28.0028,37.4737],[28.0491,37.4738],[28.135,37.4502],[28.1438,37.4556],[28.1568,37.492],[28.1829,37.4938],[28.1994,37.4869],[28.2229,37.4961],[28.2479,37.5441],[28.2626,37.5539],[28.2783,37.5579],[28.2932,37.5521],[28.2828,37.5274],[28.2849,37.5172]]],[[[29.0269,36.5356],[29.0266,36.5355],[29.0266,36.5357],[29.0268,36.5358],[29.0269,36.5356],[29.0269,36.5356]]],[[[29.0243,36.5364],[29.0238,36.5364],[29.0239,36.5366],[29.0243,36.5366],[29.0243,36.5364]]],[[[29.057,36.5389],[29.0562,36.539],[29.0566,36.5394],[29.0572,36.5395],[29.0572,36.5392],[29.057,36.5389]]],[[[29.0135,36.5398],[29.0131,36.5398],[29.0131,36.54],[29.0133,36.5401],[29.0135,36.5399],[29.0135,36.5398]]],[[[29.0121,36.5401],[29.0119,36.5401],[29.0116,36.5402],[29.0118,36.5404],[29.0121,36.5404],[29.0121,36.5401]]],[[[29.0559,36.5401],[29.0556,36.5401],[29.0554,36.5404],[29.0557,36.5406],[29.056,36.5403],[29.0559,36.5401]]],[[[29.0122,36.5406],[29.012,36.5406],[29.012,36.5409],[29.0123,36.5407],[29.0122,36.5406]]],[[[29.0598,36.5394],[29.0591,36.5404],[29.0597,36.5417],[29.0615,36.5408],[29.0607,36.5399],[29.0598,36.5394]]],[[[29.0098,36.5458],[29.0092,36.5458],[29.0093,36.5464],[29.01,36.5462],[29.0099,36.5459],[29.0098,36.5458]]],[[[29.0049,36.5492],[29.0046,36.5492],[29.0047,36.5494],[29.005,36.5494],[29.005,36.5492],[29.0049,36.5492]]],[[[29.0659,36.555],[29.0758,36.5539],[29.0703,36.5516],[29.0668,36.5531],[29.0655,36.5551],[29.0659,36.555]]],[[[29.0656,36.5567],[29.0654,36.5567],[29.0654,36.557],[29.0656,36.5571],[29.0657,36.5568],[29.0656,36.5567]]],[[[29.0299,36.5565],[29.0294,36.5569],[29.0306,36.5575],[29.0306,36.557],[29.0299,36.5565]]],[[[29.0901,36.5603],[29.0897,36.5603],[29.0898,36.5606],[29.0901,36.5606],[29.0902,36.5604],[29.0901,36.5603]]],[[[28.8452,36.5877],[28.8448,36.5876],[28.8452,36.5883],[28.8456,36.5883],[28.8452,36.5877]]],[[[28.8316,36.5897],[28.8315,36.5897],[28.8313,36.5898],[28.8313,36.5899],[28.8315,36.5899],[28.8316,36.5897]]],[[[28.8569,36.591],[28.8566,36.591],[28.8567,36.5913],[28.857,36.5914],[28.8571,36.5912],[28.8569,36.591]]],[[[28.8599,36.5916],[28.8596,36.5916],[28.8598,36.5918],[28.86,36.5918],[28.8601,36.5916],[28.8599,36.5916]]],[[[28.8759,36.5995],[28.8754,36.5996],[28.8757,36.5999],[28.876,36.5997],[28.8759,36.5995]]],[[[28.8919,36.6172],[28.8916,36.6172],[28.8917,36.6175],[28.8921,36.6174],[28.8919,36.6172]]],[[[29.0618,36.6186],[29.0613,36.6186],[29.0614,36.6189],[29.0618,36.6189],[29.0618,36.6186]]],[[[28.886,36.6333],[28.8858,36.6333],[28.8858,36.6335],[28.886,36.6335],[28.886,36.6334],[28.886,36.6333]]],[[[28.8876,36.635],[28.8874,36.635],[28.8874,36.6352],[28.8876,36.6352],[28.8876,36.635]]],[[[28.8969,36.6357],[28.8966,36.6356],[28.8967,36.6358],[28.8968,36.6359],[28.8969,36.6357]]],[[[28.8936,36.6362],[28.8923,36.6367],[28.8925,36.6375],[28.8936,36.6377],[28.8939,36.6365],[28.8936,36.6362]]],[[[28.8518,36.6436],[28.8515,36.6435],[28.8515,36.6437],[28.8517,36.6437],[28.8518,36.6436]]],[[[28.8596,36.6443],[28.8593,36.6442],[28.8586,36.6448],[28.8586,36.6453],[28.8589,36.6452],[28.8596,36.6443]]],[[[28.8535,36.6453],[28.8532,36.6452],[28.8532,36.6454],[28.8534,36.6454],[28.8535,36.6454],[28.8535,36.6453]]],[[[28.8592,36.6453],[28.859,36.6453],[28.859,36.6455],[28.8593,36.6457],[28.8595,36.6454],[28.8592,36.6453]]],[[[28.9061,36.6509],[28.9059,36.6508],[28.9057,36.651],[28.9059,36.6512],[28.9062,36.651],[28.9061,36.6509]]],[[[28.9102,36.6527],[28.9099,36.6526],[28.9099,36.6528],[28.91,36.6529],[28.9102,36.6528],[28.9102,36.6527]]],[[[29.112,36.6531],[29.112,36.653],[29.1119,36.653],[29.1119,36.6531],[29.112,36.6531],[29.112,36.6531]]],[[[29.1123,36.6531],[29.1123,36.6531],[29.1123,36.6532],[29.1123,36.6532],[29.1123,36.6531]]],[[[29.1124,36.6531],[29.1124,36.6531],[29.1124,36.6532],[29.1124,36.6532],[29.1124,36.6531],[29.1124,36.6531]]],[[[29.1123,36.6533],[29.1123,36.6532],[29.1123,36.6532],[29.1122,36.6533],[29.1123,36.6533]]],[[[29.1108,36.6535],[29.1108,36.6534],[29.1107,36.6534],[29.1107,36.6535],[29.1108,36.6535]]],[[[29.1069,36.6531],[29.0977,36.6461],[29.0981,36.6525],[29.1069,36.6531]]],[[[29.1118,36.6534],[29.1118,36.6534],[29.1116,36.6535],[29.1118,36.6538],[29.1118,36.6537],[29.1118,36.6534]]],[[[29.1115,36.6555],[29.1114,36.6555],[29.1114,36.6556],[29.1115,36.6556],[29.1115,36.6555],[29.1115,36.6555]]],[[[29.0476,36.6623],[29.0529,36.6569],[29.0433,36.6523],[29.0407,36.6613],[29.0476,36.6623]]],[[[29.0383,36.6658],[29.0376,36.6659],[29.0381,36.6667],[29.0385,36.6665],[29.0385,36.6659],[29.0383,36.6658]]],[[[28.9033,36.6669],[28.9032,36.6668],[28.9031,36.667],[28.9032,36.6671],[28.9033,36.6669]]],[[[28.8916,36.6682],[28.8914,36.6681],[28.8914,36.6683],[28.8915,36.6684],[28.8916,36.6682]]],[[[29.0369,36.6678],[29.0344,36.6671],[29.033,36.6674],[29.036,36.6689],[29.0369,36.6678]]],[[[28.89,36.6689],[28.8898,36.6689],[28.8899,36.6691],[28.8901,36.6691],[28.89,36.6689]]],[[[28.9059,36.6677],[28.9041,36.6686],[28.9057,36.6697],[28.9064,36.6686],[28.9059,36.6677]]],[[[28.8894,36.6688],[28.9074,36.6655],[28.9083,36.652],[28.8894,36.6688]]],[[[29.0319,36.6718],[29.0329,36.669],[29.0303,36.6685],[29.0291,36.6704],[29.0315,36.6718],[29.0319,36.6718]]],[[[29.0288,36.6707],[29.0281,36.671],[29.0281,36.6719],[29.0288,36.6714],[29.0288,36.6707]]],[[[28.9209,36.6784],[28.9207,36.6782],[28.9206,36.6785],[28.9208,36.6785],[28.9209,36.6784]]],[[[28.916,36.6823],[28.9392,36.6748],[28.9262,36.6708],[28.9149,36.6548],[28.9091,36.6714],[28.9118,36.6777],[28.9174,36.6756],[28.9119,36.6796],[28.916,36.6823]]],[[[28.8705,36.6878],[28.87,36.6879],[28.8704,36.6886],[28.8709,36.6889],[28.871,36.6883],[28.8705,36.6878]]],[[[28.9353,36.6917],[28.935,36.6916],[28.9349,36.6919],[28.935,36.692],[28.9353,36.6917]]],[[[28.8677,36.6933],[28.8676,36.6931],[28.8675,36.6933],[28.8675,36.6934],[28.8676,36.6934],[28.8677,36.6933]]],[[[28.8688,36.6934],[28.8687,36.6932],[28.8686,36.6933],[28.8686,36.6934],[28.8687,36.6935],[28.8688,36.6935],[28.8688,36.6934]]],[[[29.0131,36.6955],[29.0126,36.6958],[29.0129,36.6962],[29.0131,36.6959],[29.0131,36.6956],[29.0131,36.6955]]],[[[28.9328,36.6972],[28.9339,36.6956],[28.9318,36.6945],[28.9308,36.697],[28.9328,36.6976],[28.9328,36.6972]]],[[[29.0074,36.6986],[29.0121,36.6934],[29.0061,36.6939],[29.0074,36.6986]]],[[[28.9322,36.6999],[28.932,36.6999],[28.932,36.7001],[28.9323,36.7001],[28.9323,36.6999],[28.9322,36.6999]]],[[[28.9292,36.6998],[28.9255,36.6936],[28.9239,36.6997],[28.9292,36.6998]]],[[[28.9286,36.7004],[28.9284,36.7003],[28.9284,36.7005],[28.9286,36.7005],[28.9286,36.7004]]],[[[28.9324,36.7016],[28.9323,36.7014],[28.9322,36.7014],[28.9322,36.7017],[28.9323,36.7018],[28.9324,36.7017],[28.9324,36.7016]]],[[[28.9433,36.7045],[28.943,36.7044],[28.943,36.7047],[28.9432,36.7047],[28.9433,36.7045]]],[[[28.9314,36.7057],[28.9307,36.706],[28.9304,36.7071],[28.9318,36.7066],[28.9316,36.706],[28.9314,36.7057]]],[[[28.9171,36.7066],[28.9165,36.7068],[28.9166,36.7076],[28.9171,36.7078],[28.9173,36.7068],[28.9171,36.7066]]],[[[28.9445,36.7074],[28.944,36.7074],[28.9442,36.7083],[28.9446,36.7082],[28.9449,36.7077],[28.9445,36.7074]]],[[[28.9339,36.7094],[28.9335,36.7093],[28.9335,36.7096],[28.9337,36.7097],[28.9339,36.7094]]],[[[28.8941,36.7102],[28.894,36.7101],[28.8939,36.7103],[28.8941,36.7103],[28.8941,36.7102]]],[[[28.9349,36.7082],[28.9325,36.6987],[28.9336,36.7036],[28.9342,36.708],[28.9348,36.7089],[28.9349,36.7082]]],[[[28.8942,36.7109],[28.894,36.7109],[28.8941,36.7112],[28.8943,36.7114],[28.8945,36.7112],[28.8942,36.7109]]],[[[28.9363,36.7108],[28.936,36.7109],[28.9355,36.7115],[28.9358,36.7119],[28.9363,36.7109],[28.9363,36.7108]]],[[[28.9313,36.7104],[28.9326,36.7085],[28.9304,36.7092],[28.9306,36.7116],[28.9312,36.7107],[28.9313,36.7104]]],[[[28.923,36.7305],[28.9228,36.7303],[28.9226,36.7304],[28.9228,36.7306],[28.923,36.7305]]],[[[28.9218,36.7316],[28.9215,36.7315],[28.9215,36.7316],[28.9217,36.7317],[28.9218,36.7316]]],[[[28.9316,36.735],[28.9314,36.735],[28.9313,36.7352],[28.9317,36.7353],[28.9316,36.735]]],[[[28.942,36.7343],[28.9505,36.7263],[28.9392,36.7176],[28.9334,36.724],[28.9363,36.7344],[28.942,36.7343]]],[[[28.2511,36.7743],[28.2508,36.7743],[28.2507,36.7743],[28.251,36.7744],[28.2512,36.7743],[28.2511,36.7743]]],[[[28.4429,36.7796],[28.4419,36.7714],[28.4311,36.7709],[28.4429,36.7796]]],[[[28.25,36.7995],[28.2496,36.7998],[28.2511,36.8001],[28.2507,36.7997],[28.25,36.7995]]],[[[28.2366,36.8013],[28.2364,36.8015],[28.2365,36.8018],[28.237,36.8017],[28.2368,36.8013],[28.2366,36.8013]]],[[[28.2389,36.8021],[28.2388,36.8022],[28.2389,36.8024],[28.2391,36.8023],[28.2389,36.8021]]],[[[28.2538,36.8083],[28.2534,36.8084],[28.2534,36.8086],[28.2537,36.8086],[28.2539,36.8084],[28.2538,36.8083]]],[[[28.2591,36.8104],[28.2595,36.7985],[28.2438,36.8056],[28.2591,36.8104]]],[[[28.2901,36.8179],[28.2899,36.818],[28.29,36.8182],[28.2902,36.8181],[28.2902,36.8179],[28.2901,36.8179]]],[[[28.2879,36.8214],[28.2851,36.8197],[28.2811,36.8196],[28.2811,36.821],[28.2879,36.8214]]],[[[28.3852,36.8415],[28.3849,36.8418],[28.3854,36.8422],[28.3862,36.842],[28.3853,36.8416],[28.3852,36.8415]]],[[[28.4455,36.8628],[28.4444,36.8636],[28.4446,36.8654],[28.4454,36.8645],[28.4455,36.8628]]],[[[28.4615,36.8709],[28.4612,36.8708],[28.4611,36.8712],[28.4616,36.8712],[28.4615,36.8709]]],[[[27.3051,36.9519],[27.3064,36.9517],[27.3057,36.9508],[27.3046,36.9509],[27.3046,36.9521],[27.3051,36.9519]]],[[[27.4821,36.9574],[27.4818,36.9572],[27.4816,36.9572],[27.4816,36.9574],[27.4818,36.9578],[27.4821,36.9576],[27.4821,36.9574]]],[[[27.4796,36.9608],[27.4794,36.9607],[27.4794,36.961],[27.4796,36.9609],[27.4796,36.9608]]],[[[27.4875,36.9609],[27.4873,36.9609],[27.4872,36.9609],[27.4872,36.961],[27.4873,36.9612],[27.4874,36.9612],[27.4875,36.9609]]],[[[27.3231,36.9626],[27.3228,36.9628],[27.3229,36.9631],[27.3232,36.9629],[27.3231,36.9626]]],[[[27.3009,36.9714],[27.3007,36.9714],[27.3006,36.9716],[27.3009,36.9715],[27.3009,36.9714]]],[[[27.3019,36.9717],[27.3017,36.9716],[27.3017,36.9716],[27.3018,36.9718],[27.3019,36.9717]]],[[[27.3011,36.9724],[27.3008,36.9724],[27.3009,36.9726],[27.3012,36.9727],[27.3011,36.9724]]],[[[27.3091,36.9748],[27.3086,36.9751],[27.3088,36.9754],[27.3093,36.9751],[27.3091,36.9748]]],[[[27.2331,36.9812],[27.2328,36.9814],[27.2327,36.9822],[27.2332,36.982],[27.2333,36.9815],[27.2331,36.9812]]],[[[27.2113,36.9854],[27.2108,36.9853],[27.2104,36.9858],[27.2108,36.9861],[27.2115,36.9858],[27.2113,36.9854]]],[[[27.2315,36.9829],[27.2298,36.9834],[27.2311,36.9864],[27.2325,36.9849],[27.2328,36.9829],[27.2315,36.9829]]],[[[27.3791,36.9896],[27.3792,36.9894],[27.379,36.9894],[27.379,36.9895],[27.379,36.9896],[27.3791,36.9897],[27.3791,36.9896]]],[[[27.2251,36.991],[27.2247,36.9909],[27.224,36.9914],[27.2243,36.992],[27.2248,36.9916],[27.2251,36.991]]],[[[27.1987,36.9925],[27.197,36.9921],[27.1968,36.9929],[27.1981,36.9932],[27.1991,36.9926],[27.1987,36.9925]]],[[[27.2078,36.9955],[27.2075,36.9955],[27.2076,36.9958],[27.2079,36.9956],[27.2078,36.9955]]],[[[27.4444,36.99],[27.4872,36.9758],[27.4928,36.9675],[27.477,36.9579],[27.4672,36.9661],[27.4571,36.9647],[27.424,36.9961],[27.4444,36.99]]],[[[27.421,36.9977],[27.4207,36.9976],[27.4206,36.9976],[27.4205,36.9978],[27.4208,36.998],[27.4211,36.9978],[27.421,36.9977]]],[[[27.3755,36.998],[27.3754,36.998],[27.3752,36.998],[27.3752,36.9982],[27.3755,36.9982],[27.3755,36.998]]],[[[27.2072,36.9966],[27.2059,36.9968],[27.2041,36.9978],[27.2058,36.9979],[27.2072,36.9966]]],[[[27.3892,37.0015],[27.3889,37.0016],[27.3892,37.0018],[27.3893,37.0016],[27.3892,37.0015]]],[[[27.3876,37.0004],[27.3845,36.9902],[27.3791,36.9951],[27.3876,37.0004]]],[[[27.2568,37.0016],[27.2562,37.0018],[27.2563,37.0023],[27.2569,37.0023],[27.2571,37.0018],[27.2568,37.0016]]],[[[27.3341,37.0031],[27.3338,37.0031],[27.3339,37.0033],[27.3341,37.0032],[27.3341,37.0031]]],[[[27.2569,37.0034],[27.256,37.0034],[27.2555,37.0039],[27.256,37.0041],[27.2569,37.0035],[27.2569,37.0034]]],[[[27.3845,37.003],[27.3834,37.0034],[27.383,37.0042],[27.385,37.0036],[27.3845,37.003]]],[[[27.3311,37.004],[27.3309,37.004],[27.3308,37.0041],[27.3308,37.0042],[27.331,37.0042],[27.331,37.0041],[27.3311,37.004]]],[[[27.3306,37.0048],[27.3305,37.0048],[27.3304,37.0048],[27.3304,37.0048],[27.3304,37.0049],[27.3305,37.0049],[27.3306,37.0048]]],[[[27.2118,37.0051],[27.2106,37.0057],[27.2112,37.0062],[27.2125,37.0056],[27.2119,37.0051],[27.2118,37.0051]]],[[[27.3835,37.0065],[27.3833,37.0062],[27.3831,37.0064],[27.3834,37.0065],[27.3835,37.0065]]],[[[27.3303,37.0069],[27.3301,37.0069],[27.3302,37.0071],[27.3303,37.007],[27.3303,37.0069]]],[[[27.2119,37.0098],[27.2118,37.0097],[27.2117,37.0097],[27.2117,37.0098],[27.2116,37.0099],[27.2117,37.0099],[27.2119,37.0098]]],[[[27.3592,37.0106],[27.3627,37.0084],[27.3603,37.0067],[27.3573,37.0091],[27.3592,37.0106]]],[[[27.3304,37.0108],[27.3303,37.0105],[27.33,37.0105],[27.3299,37.0107],[27.3301,37.0107],[27.3302,37.0108],[27.3304,37.0108]]],[[[27.2135,37.0098],[27.2129,37.0101],[27.2126,37.0107],[27.2134,37.0107],[27.2135,37.0098]]],[[[27.3319,37.0126],[27.3316,37.0126],[27.3317,37.0129],[27.3321,37.013],[27.3321,37.0127],[27.3319,37.0126]]],[[[27.2181,37.0063],[27.2075,36.9968],[27.2182,37.0122],[27.2236,37.0113],[27.2181,37.0063]]],[[[27.3346,37.0133],[27.3345,37.0132],[27.3344,37.0132],[27.3344,37.0133],[27.3345,37.0134],[27.3346,37.0133],[27.3346,37.0133]]],[[[27.334,37.0133],[27.3338,37.0132],[27.3339,37.0134],[27.334,37.0133],[27.334,37.0133]]],[[[27.3372,37.0155],[27.337,37.0155],[27.3371,37.0156],[27.3372,37.0156],[27.3372,37.0155]]],[[[27.3398,37.018],[27.3395,37.0182],[27.3396,37.0183],[27.3399,37.0182],[27.3398,37.018]]],[[[27.3697,37.0215],[27.3696,37.0215],[27.3695,37.0215],[27.3694,37.0216],[27.3696,37.0216],[27.3697,37.0216],[27.3697,37.0215]]],[[[27.3723,37.0219],[27.3721,37.022],[27.3722,37.0221],[27.3723,37.022],[27.3723,37.0219]]],[[[27.3739,37.0229],[27.3738,37.0229],[27.3738,37.0231],[27.3739,37.0231],[27.3739,37.0229]]],[[[27.2439,37.0262],[27.2436,37.0263],[27.2436,37.0264],[27.2439,37.0264],[27.2439,37.0262]]],[[[27.242,37.0291],[27.2417,37.0297],[27.2427,37.03],[27.2424,37.0294],[27.242,37.0291]]],[[[27.2291,37.0395],[27.2285,37.04],[27.2289,37.0404],[27.2295,37.0403],[27.229,37.0398],[27.2291,37.0395]]],[[[27.2048,37.0505],[27.2038,37.0464],[27.1998,37.0482],[27.2001,37.05],[27.2048,37.0505]]],[[[27.2332,37.0524],[27.2328,37.0527],[27.2336,37.0533],[27.2341,37.0531],[27.2335,37.0525],[27.2332,37.0524]]],[[[27.4588,37.0823],[27.4584,37.0823],[27.4585,37.0825],[27.4588,37.0824],[27.4588,37.0823]]],[[[27.4753,37.0855],[27.4751,37.0854],[27.475,37.0856],[27.4753,37.0855],[27.4753,37.0855]]],[[[27.24,37.0866],[27.2398,37.0867],[27.2398,37.0868],[27.24,37.0867],[27.24,37.0866]]],[[[27.2408,37.0873],[27.2408,37.0872],[27.2406,37.0872],[27.2405,37.0873],[27.2406,37.0874],[27.2408,37.0873]]],[[[27.4585,37.0884],[27.4586,37.0881],[27.4584,37.0882],[27.4583,37.0883],[27.4584,37.0884],[27.4585,37.0884],[27.4585,37.0884]]],[[[27.2517,37.0887],[27.2513,37.0888],[27.2509,37.089],[27.2513,37.0892],[27.2517,37.0889],[27.2517,37.0887]]],[[[27.2114,37.0893],[27.214,37.0849],[27.2051,37.0818],[27.2114,37.0893]]],[[[27.239,37.0894],[27.2402,37.0876],[27.2331,37.0882],[27.2337,37.0893],[27.239,37.0894]]],[[[27.2545,37.0945],[27.2542,37.0944],[27.2542,37.0946],[27.2544,37.0945],[27.2545,37.0945]]],[[[27.2563,37.0946],[27.2562,37.0944],[27.2561,37.0944],[27.256,37.0945],[27.2561,37.0947],[27.2563,37.0946]]],[[[27.2546,37.0951],[27.2543,37.0951],[27.2544,37.0954],[27.2547,37.0953],[27.2546,37.0951]]],[[[27.4897,37.0968],[27.4878,37.097],[27.4881,37.0978],[27.4897,37.0972],[27.4897,37.0968]]],[[[27.4871,37.1001],[27.4868,37.1004],[27.4872,37.1006],[27.4874,37.1003],[27.4871,37.1001]]],[[[27.3162,37.1226],[27.3158,37.1227],[27.3159,37.123],[27.3163,37.1228],[27.3162,37.1226]]],[[[27.4714,37.1184],[27.4706,37.1203],[27.4729,37.1236],[27.4755,37.1224],[27.4722,37.1184],[27.4714,37.1184]]],[[[27.3142,37.1284],[27.3136,37.1283],[27.3138,37.1286],[27.3142,37.1285],[27.3142,37.1284]]],[[[27.2974,37.1275],[27.2971,37.1282],[27.2978,37.1288],[27.2984,37.1284],[27.2976,37.1276],[27.2974,37.1275]]],[[[27.4804,37.1248],[27.4775,37.1281],[27.4807,37.1305],[27.4824,37.128],[27.4804,37.1248]]],[[[27.288,37.131],[27.2878,37.131],[27.2878,37.1312],[27.288,37.1311],[27.288,37.131]]],[[[27.2578,37.1322],[27.2571,37.1318],[27.2562,37.1323],[27.2569,37.1335],[27.2577,37.1324],[27.2578,37.1322]]],[[[27.2847,37.1333],[27.2845,37.1334],[27.2844,37.1336],[27.2847,37.1337],[27.2847,37.1333]]],[[[27.3847,37.1339],[27.3845,37.1337],[27.3844,37.1338],[27.3844,37.134],[27.3846,37.134],[27.3847,37.1339],[27.3847,37.1339]]],[[[27.3851,37.1342],[27.3839,37.1347],[27.3852,37.1355],[27.3855,37.1349],[27.3851,37.1342]]],[[[27.3904,37.1369],[27.3904,37.1367],[27.3901,37.1367],[27.3901,37.1368],[27.3901,37.1369],[27.3902,37.1369],[27.3904,37.1369]]],[[[27.2659,37.1381],[27.2656,37.138],[27.2655,37.1382],[27.2656,37.1384],[27.2658,37.1383],[27.2659,37.1383],[27.2659,37.1381]]],[[[27.3888,37.14],[27.3947,37.1391],[27.3854,37.1372],[27.3888,37.14]]],[[[27.2746,37.1419],[27.2743,37.1418],[27.2742,37.1419],[27.2742,37.142],[27.2745,37.1421],[27.2746,37.142],[27.2746,37.1419]]],[[[27.28,37.1423],[27.2793,37.1416],[27.2785,37.1423],[27.2786,37.1433],[27.2804,37.1428],[27.28,37.1423]]],[[[27.264,37.1499],[27.2635,37.15],[27.2636,37.1503],[27.264,37.1503],[27.2641,37.15],[27.264,37.1499]]],[[[27.3847,37.1553],[27.3838,37.1554],[27.3837,37.1566],[27.3846,37.156],[27.3847,37.1553]]],[[[27.5062,37.1533],[27.5017,37.1411],[27.49,37.1419],[27.4978,37.1519],[27.4949,37.1573],[27.5062,37.1533]]],[[[27.3773,37.1627],[27.3682,37.1624],[27.3635,37.1719],[27.3773,37.1627]]]]}},{"type":"Feature","properties":{"plaka":49},"geometry":{"type":"Polygon","coordinates":[[[42.4448,39.4994],[42.503,39.4381],[42.5065,39.4077],[42.524,39.3632],[42.5289,39.3671],[42.5644,39.3601],[42.6199,39.3109],[42.6412,39.2546],[42.6833,39.2018],[42.6874,39.1622],[42.7136,39.1318],[42.7163,39.1158],[42.717,39.0675],[42.696,39.0151],[42.699,38.9841],[42.7114,38.9526],[42.6694,38.9364],[42.6037,38.9304],[42.597,38.9232],[42.5964,38.898],[42.5787,38.8851],[42.5687,38.8903],[42.5571,38.9226],[42.5425,38.941],[42.4883,38.9413],[42.425,38.9567],[42.2781,38.8983],[42.2066,38.8963],[42.1904,38.8706],[42.166,38.849],[42.1676,38.8176],[42.1163,38.8066],[42.082,38.7779],[42.0872,38.766],[42.1144,38.7542],[42.1163,38.7448],[42.0272,38.6901],[42.0135,38.6606],[41.9411,38.6217],[41.942,38.5895],[41.9334,38.5831],[41.8759,38.5841],[41.8171,38.6002],[41.7239,38.6089],[41.5619,38.5899],[41.5155,38.5638],[41.489,38.5181],[41.3721,38.4785],[41.3619,38.4905],[41.338,38.4977],[41.3006,38.5261],[41.2356,38.5376],[41.2071,38.5604],[41.1749,38.5711],[41.1553,38.614],[41.1558,38.7471],[41.1234,38.7609],[41.1332,38.7883],[41.1329,38.8223],[41.1142,38.8766],[41.113,38.9054],[41.1444,38.9476],[41.1732,38.967],[41.1869,39.0025],[41.2198,39.0261],[41.2731,39.0392],[41.287,39.0583],[41.2798,39.0749],[41.2396,39.1037],[41.2127,39.1448],[41.1745,39.1763],[41.1764,39.24],[41.1505,39.2882],[41.1476,39.3275],[41.1528,39.362],[41.1648,39.3767],[41.1726,39.3806],[41.2425,39.3392],[41.3302,39.3386],[41.4332,39.3242],[41.4751,39.3116],[41.5576,39.2702],[41.6183,39.2564],[41.626,39.2492],[41.6269,39.2367],[41.6063,39.2205],[41.602,39.2005],[41.6099,39.1635],[41.6195,39.1556],[41.742,39.1615],[41.7939,39.1701],[41.8042,39.1784],[41.8325,39.184],[41.8838,39.1838],[41.913,39.1979],[41.935,39.1914],[41.9778,39.2015],[42.0472,39.2424],[42.0592,39.2548],[42.0722,39.2854],[42.1116,39.284],[42.1859,39.299],[42.2169,39.3265],[42.2082,39.3588],[42.1875,39.3754],[42.1866,39.3884],[42.2289,39.4406],[42.2727,39.4617],[42.3277,39.4992],[42.4045,39.4977],[42.43,39.5123],[42.4448,39.4994]]]}},{"type":"Feature","properties":{"plaka":50},"geometry":{"type":"Polygon","coordinates":[[[34.8513,39.3087],[34.9124,39.2983],[34.9256,39.2821],[34.9277,39.2565],[34.9475,39.2623],[34.9559,39.2476],[34.9661,39.2454],[34.9697,39.2216],[34.959,39.1849],[34.9371,39.1658],[34.9616,39.1421],[35.0106,39.1143],[35.0066,39.0839],[35.018,39.0772],[35.0188,39.0679],[35.0297,39.0679],[35.0383,39.0599],[35.0446,39.0467],[35.0437,39.0261],[35.0632,39.0067],[35.06,38.9937],[35.0656,38.9721],[35.0606,38.9538],[35.0296,38.9319],[35.0137,38.9119],[35.01,38.892],[34.992,38.8745],[34.9821,38.8514],[34.9819,38.8122],[35.003,38.7791],[35.057,38.7421],[35.0559,38.7181],[35.0248,38.6665],[35.0245,38.6438],[35.0454,38.6102],[35.0955,38.5787],[35.1079,38.5316],[35.0934,38.5226],[35.0481,38.5219],[35.0299,38.5072],[35.0085,38.4551],[34.9833,38.4422],[34.9389,38.439],[34.9005,38.4184],[34.8947,38.3755],[34.9052,38.3533],[34.8346,38.3511],[34.8007,38.3363],[34.7089,38.3393],[34.6258,38.3101],[34.5443,38.3193],[34.4163,38.4069],[34.3966,38.4302],[34.3948,38.4506],[34.4012,38.4709],[34.4188,38.4999],[34.4457,38.5277],[34.4433,38.5521],[34.4062,38.5635],[34.3804,38.5877],[34.2989,38.6076],[34.2594,38.6298],[34.2519,38.6399],[34.2518,38.6758],[34.2717,38.7273],[34.2695,38.7585],[34.2839,38.7857],[34.2416,38.833],[34.2545,38.8583],[34.2556,38.8936],[34.2632,38.9033],[34.2996,38.8934],[34.3484,38.8526],[34.3604,38.8546],[34.3855,38.8788],[34.4345,38.9741],[34.4699,38.9897],[34.5058,39.0157],[34.5221,39.0513],[34.5433,39.0508],[34.5855,39.0371],[34.5954,39.0423],[34.589,39.078],[34.5622,39.0683],[34.5429,39.0745],[34.5634,39.1252],[34.5765,39.1384],[34.6248,39.1576],[34.6291,39.1731],[34.6175,39.1969],[34.6317,39.2252],[34.6922,39.2629],[34.6565,39.3042],[34.6033,39.3142],[34.58,39.3341],[34.6134,39.4108],[34.6434,39.4129],[34.6659,39.3911],[34.7103,39.369],[34.7254,39.3481],[34.7886,39.3346],[34.8513,39.3087]]]}},{"type":"Feature","properties":{"plaka":51},"geometry":{"type":"Polygon","coordinates":[[[34.6015,38.3124],[34.6434,38.314],[34.7089,38.3393],[34.8007,38.3363],[34.8346,38.3511],[34.8573,38.3535],[34.9052,38.3533],[34.9318,38.3409],[34.9817,38.3009],[35.0035,38.2286],[35.0289,38.2036],[35.0304,38.1844],[35.0446,38.1696],[35.0952,38.16],[35.1742,38.1676],[35.1902,38.1465],[35.2277,38.1403],[35.2439,38.0937],[35.243,38.0628],[35.26,38.0453],[35.2582,38.0308],[35.2713,37.9865],[35.2847,37.9592],[35.3225,37.9266],[35.3217,37.8943],[35.3026,37.8513],[35.2776,37.8371],[35.2276,37.8298],[35.1557,37.8381],[35.1515,37.8098],[35.1815,37.7704],[35.1872,37.7426],[35.1035,37.7121],[35.0786,37.6878],[35.0392,37.6835],[34.9998,37.6595],[34.9699,37.6516],[34.9509,37.6828],[34.9013,37.6933],[34.8942,37.6887],[34.8654,37.6567],[34.8386,37.5968],[34.8465,37.5487],[34.8306,37.5288],[34.8251,37.4891],[34.8153,37.477],[34.7765,37.4599],[34.7753,37.4213],[34.712,37.4356],[34.6439,37.4216],[34.6271,37.4156],[34.6118,37.3981],[34.5428,37.3866],[34.5123,37.3755],[34.4998,37.3812],[34.4726,37.3763],[34.445,37.3463],[34.4209,37.3402],[34.4058,37.3621],[34.4214,37.4005],[34.4207,37.4444],[34.3987,37.4424],[34.3103,37.4927],[34.3242,37.5197],[34.3493,37.5245],[34.3654,37.5415],[34.3061,37.5742],[34.2976,37.5858],[34.301,37.5961],[34.363,37.6503],[34.384,37.6777],[34.3838,37.7121],[34.3604,37.7623],[34.2305,37.8706],[34.0442,37.9256],[34.0369,37.9529],[34.0199,37.9729],[33.992,37.9882],[33.9922,38.0006],[34.0043,38.0144],[34.0618,38.0212],[34.0697,38.0279],[34.0685,38.0384],[34.09,38.053],[34.1083,38.0781],[34.1578,38.1244],[34.1858,38.1294],[34.2555,38.1149],[34.2662,38.12],[34.3079,38.1938],[34.347,38.2021],[34.4013,38.2439],[34.4315,38.258],[34.435,38.2838],[34.4226,38.3288],[34.4546,38.3563],[34.4831,38.3641],[34.5443,38.3193],[34.6015,38.3124]]]}},{"type":"Feature","properties":{"plaka":52},"geometry":{"type":"Polygon","coordinates":[[[37.1752,41.1481],[37.2933,41.1452],[37.2876,41.1309],[37.2986,41.1214],[37.3302,41.1131],[37.3489,41.1168],[37.3355,41.1135],[37.3963,41.1036],[37.4215,41.0797],[37.4798,41.0654],[37.4924,41.0419],[37.5071,41.0311],[37.5407,41.0225],[37.5758,41.0307],[37.605,41.0468],[37.6535,41.1162],[37.6803,41.1336],[37.7063,41.115],[37.7599,41.1201],[37.7879,41.1151],[37.7754,41.0786],[37.7867,41.0533],[37.8093,41.0283],[37.8674,41.0158],[37.8795,40.9871],[37.9933,40.981],[38.1163,40.9582],[38.1014,40.939],[38.1145,40.9326],[38.1162,40.9204],[38.0907,40.9156],[38.0695,40.8974],[38.0415,40.8978],[38.0218,40.8872],[38.0215,40.8499],[38.0138,40.8429],[38.0109,40.8207],[38.0163,40.7662],[38.012,40.761],[37.9702,40.7558],[37.9803,40.7354],[38.0226,40.7287],[38.0238,40.7207],[38.0368,40.7151],[38.0477,40.6541],[38.0132,40.6375],[37.9971,40.6369],[38.0296,40.6154],[38.0346,40.5949],[38.0479,40.5839],[38.05,40.5726],[38.0369,40.5303],[38.0431,40.5066],[38.0073,40.4961],[37.9964,40.4826],[37.9528,40.4946],[37.9444,40.4894],[37.9317,40.4314],[37.9525,40.4138],[37.9558,40.4027],[37.9373,40.3729],[37.8775,40.3423],[37.8228,40.3384],[37.8067,40.3479],[37.7847,40.3841],[37.7648,40.388],[37.7541,40.3804],[37.756,40.3476],[37.7508,40.3333],[37.7405,40.3233],[37.7164,40.328],[37.6787,40.348],[37.6639,40.3698],[37.6239,40.3837],[37.5845,40.3889],[37.5857,40.4204],[37.599,40.4697],[37.623,40.5066],[37.6263,40.5175],[37.6212,40.5241],[37.5533,40.5347],[37.517,40.5324],[37.4607,40.5518],[37.4462,40.5658],[37.4209,40.5552],[37.3997,40.5555],[37.3175,40.5808],[37.2886,40.6039],[37.2562,40.6108],[37.2324,40.6591],[37.1797,40.6965],[37.1485,40.6973],[37.1341,40.7231],[37.1226,40.7299],[37.108,40.7294],[37.0278,40.6816],[37.0062,40.6873],[36.9636,40.6801],[36.9513,40.6889],[36.9508,40.7125],[36.9405,40.7218],[36.9024,40.721],[36.8684,40.7053],[36.838,40.7055],[36.8168,40.7179],[36.8133,40.733],[36.8214,40.7419],[36.8465,40.7476],[36.8605,40.7723],[36.8608,40.7848],[36.8087,40.7986],[36.777,40.8321],[36.6947,40.8487],[36.7007,40.8617],[36.691,40.8708],[36.6852,40.8892],[36.7122,40.9064],[36.7687,40.9183],[36.7789,40.9089],[36.7919,40.9078],[36.8295,40.9226],[36.8536,40.9198],[36.8508,40.9364],[36.8772,40.945],[36.9203,40.9428],[36.9145,40.9593],[36.9295,40.9783],[36.9554,40.9872],[36.9864,41.0101],[36.9641,41.0502],[36.9994,41.0746],[37.005,41.0955],[37.0702,41.1138],[37.1241,41.0921],[37.1494,41.1104],[37.1494,41.1179],[37.1616,41.1206],[37.1577,41.137],[37.1677,41.1404],[37.1693,41.1494],[37.1752,41.1481]]]}},{"type":"Feature","properties":{"plaka":53},"geometry":{"type":"Polygon","coordinates":[[[41.3502,41.1969],[41.3908,41.129],[41.3956,41.0875],[41.3874,41.0596],[41.3647,41.0467],[41.3473,41.0273],[41.2656,40.98],[41.2296,40.952],[41.2265,40.9302],[41.2152,40.9179],[41.2033,40.8845],[41.1648,40.8487],[41.1532,40.811],[41.1396,40.7977],[41.0663,40.7635],[40.9934,40.7567],[40.9467,40.7346],[40.8277,40.7418],[40.8209,40.7272],[40.8279,40.6646],[40.7772,40.6429],[40.7563,40.6075],[40.7093,40.6031],[40.6753,40.5918],[40.5581,40.5214],[40.5013,40.517],[40.4776,40.5262],[40.477,40.5398],[40.4657,40.5593],[40.4687,40.5736],[40.4455,40.5952],[40.4382,40.6222],[40.4695,40.6564],[40.4857,40.664],[40.4867,40.6801],[40.5063,40.697],[40.5064,40.7067],[40.5003,40.7206],[40.4647,40.7557],[40.4331,40.8182],[40.4424,40.8303],[40.4665,40.8399],[40.4722,40.8526],[40.4166,40.903],[40.3928,40.9618],[40.3498,40.967],[40.3275,40.9863],[40.3383,40.9995],[40.3899,41.0281],[40.4179,41.0257],[40.4982,41.0418],[40.514,41.0404],[40.5075,41.0405],[40.5141,41.0317],[40.524,41.0318],[40.5215,41.0279],[40.5422,41.0273],[40.5782,41.049],[40.5745,41.0448],[40.6059,41.0496],[40.6498,41.0699],[40.6944,41.0791],[40.7282,41.0939],[40.7668,41.1365],[40.805,41.1637],[40.8753,41.1837],[40.9327,41.1785],[41.0529,41.2136],[41.1283,41.2599],[41.1516,41.2826],[41.1991,41.2962],[41.2497,41.3275],[41.2726,41.2834],[41.3083,41.2551],[41.319,41.2281],[41.3502,41.1969]]]}},{"type":"Feature","properties":{"plaka":54},"geometry":{"type":"Polygon","coordinates":[[[30.3747,41.1843],[30.4134,41.1717],[30.4094,41.1689],[30.4868,41.1491],[30.673,41.1248],[30.6708,41.1204],[30.6782,41.1164],[30.7436,41.0912],[30.9168,41.074],[30.9658,41.0744],[30.9557,41.0652],[30.978,41.0612],[30.9821,41.0457],[31.0107,41.0463],[31.0035,41.033],[30.9847,41.0279],[30.9771,41.0142],[30.9513,41.0023],[30.9633,40.9929],[30.9625,40.984],[30.9433,40.9758],[30.8674,40.9195],[30.8238,40.9095],[30.813,40.8886],[30.8168,40.8743],[30.875,40.8722],[30.8815,40.8625],[30.8709,40.8493],[30.8701,40.8379],[30.8873,40.8336],[30.902,40.8391],[30.9095,40.8303],[30.901,40.8214],[30.8695,40.8184],[30.8412,40.7941],[30.8478,40.7743],[30.8295,40.7605],[30.8337,40.7474],[30.8432,40.7395],[30.8781,40.7439],[30.8937,40.719],[30.9265,40.7268],[30.94,40.7109],[30.9339,40.6806],[30.9141,40.6515],[30.8974,40.6441],[30.8965,40.6277],[30.8742,40.6002],[30.8741,40.5853],[30.8862,40.5731],[30.874,40.5674],[30.872,40.543],[30.8825,40.537],[30.8771,40.5257],[30.8531,40.5047],[30.8315,40.501],[30.7966,40.5075],[30.7326,40.4968],[30.6246,40.5028],[30.5921,40.4753],[30.5832,40.4363],[30.5693,40.4179],[30.5689,40.3869],[30.5598,40.3702],[30.576,40.3457],[30.576,40.3345],[30.5747,40.3199],[30.5599,40.2943],[30.5238,40.2943],[30.4835,40.3151],[30.4757,40.3509],[30.4641,40.3683],[30.4476,40.3782],[30.4442,40.3941],[30.4352,40.3962],[30.3766,40.3786],[30.3309,40.3844],[30.2816,40.367],[30.2492,40.3629],[30.2297,40.3538],[30.2204,40.3363],[30.1816,40.3568],[30.1543,40.356],[30.1139,40.3759],[30.1012,40.4003],[30.0875,40.4122],[30.0693,40.4514],[30.023,40.4292],[30.0103,40.4364],[29.9956,40.4718],[29.996,40.5479],[30.0039,40.5564],[30.0856,40.5885],[30.1121,40.6103],[30.1242,40.6443],[30.1555,40.6687],[30.156,40.6956],[30.1634,40.7145],[30.2487,40.7195],[30.247,40.7645],[30.2397,40.7821],[30.2251,40.7835],[30.2183,40.7921],[30.2138,40.8402],[30.2172,40.8465],[30.2433,40.8546],[30.2536,40.8825],[30.2462,40.9035],[30.2715,40.9155],[30.2861,40.9307],[30.2789,40.9391],[30.2828,40.954],[30.2774,40.9648],[30.2622,40.9804],[30.2409,40.9816],[30.2285,41.0138],[30.26,41.0419],[30.2437,41.0824],[30.281,41.0943],[30.3228,41.1223],[30.3251,41.1472],[30.3394,41.1618],[30.3653,41.1682],[30.3628,41.1749],[30.3747,41.1843]]]}},{"type":"Feature","properties":{"plaka":55},"geometry":{"type":"Polygon","coordinates":[[[35.955,41.7349],[36.0003,41.7128],[36.0376,41.7031],[36.073,41.6795],[36.0971,41.6458],[36.1129,41.6342],[36.133,41.5761],[36.1357,41.5474],[36.1184,41.5289],[36.1132,41.5096],[36.1254,41.4777],[36.156,41.4539],[36.1769,41.4205],[36.2302,41.3738],[36.2429,41.3532],[36.3557,41.3094],[36.3401,41.3132],[36.3422,41.3036],[36.3374,41.3057],[36.3365,41.2961],[36.3475,41.2869],[36.3509,41.3078],[36.3522,41.2794],[36.3846,41.2714],[36.3751,41.2705],[36.383,41.2699],[36.3855,41.256],[36.4212,41.2464],[36.4571,41.2456],[36.4568,41.2506],[36.4604,41.2458],[36.4995,41.2543],[36.5367,41.2711],[36.5646,41.2893],[36.5761,41.3149],[36.6087,41.342],[36.6064,41.3655],[36.6168,41.3731],[36.6459,41.3657],[36.7074,41.3694],[36.8155,41.3572],[36.8794,41.3407],[37.0102,41.2806],[37.0271,41.2596],[37.0299,41.2017],[37.0596,41.1747],[37.132,41.1531],[37.1693,41.1494],[37.1677,41.1404],[37.1577,41.137],[37.1625,41.1218],[37.1494,41.1179],[37.1494,41.1104],[37.1211,41.0915],[37.0702,41.1138],[37.005,41.0955],[36.9994,41.0746],[36.9641,41.0502],[36.9864,41.0101],[36.9554,40.9872],[36.9295,40.9783],[36.9145,40.9593],[36.9203,40.9428],[36.8772,40.945],[36.8508,40.9364],[36.8536,40.9198],[36.8295,40.9226],[36.7919,40.9078],[36.7789,40.9089],[36.7687,40.9183],[36.7347,40.9124],[36.7036,40.9026],[36.6852,40.8892],[36.6395,40.9093],[36.6263,40.9073],[36.6147,40.8945],[36.5965,40.9083],[36.5825,40.8942],[36.559,40.8969],[36.4963,40.875],[36.4724,40.8741],[36.4551,40.8823],[36.448,40.8729],[36.4338,40.874],[36.4275,40.8653],[36.4128,40.8629],[36.4005,40.8739],[36.4107,40.8934],[36.394,40.9233],[36.3759,40.9391],[36.3454,40.9495],[36.3309,40.9679],[36.3053,40.9779],[36.2985,40.9898],[36.2396,40.9802],[36.1777,40.9795],[36.1747,40.9718],[36.1903,40.962],[36.184,40.9371],[36.1426,40.8619],[36.1123,40.8392],[36.0632,40.8282],[36.0371,40.8408],[36.0197,40.8401],[35.9477,40.8623],[35.8698,40.8745],[35.8342,40.8732],[35.8221,40.8644],[35.7806,40.8731],[35.6947,40.865],[35.6343,40.9021],[35.6228,40.9371],[35.5727,40.941],[35.5454,40.9299],[35.5255,40.931],[35.4871,40.9471],[35.4626,40.9734],[35.4617,40.9873],[35.4719,40.9978],[35.4678,41.0121],[35.4411,41.0141],[35.4028,41.002],[35.3669,41.0052],[35.3397,41.0384],[35.3294,41.0407],[35.2612,41.0233],[35.229,41.0239],[35.2094,41.0306],[35.1681,41.0637],[35.1403,41.0776],[34.9858,41.0806],[34.9409,41.0958],[34.9345,41.1091],[34.9558,41.1294],[34.9628,41.1768],[34.9556,41.1867],[34.931,41.1978],[34.9271,41.2279],[34.9087,41.2479],[34.9221,41.2554],[34.9704,41.2288],[34.9833,41.2637],[34.9749,41.2719],[34.9549,41.2652],[34.9349,41.2751],[34.944,41.2993],[34.929,41.3114],[34.9308,41.3155],[34.9971,41.3353],[35.017,41.3441],[35.0248,41.3563],[35.04,41.3436],[35.0624,41.3477],[35.0824,41.3401],[35.1492,41.3357],[35.1966,41.3093],[35.1977,41.2718],[35.3173,41.2293],[35.3322,41.2412],[35.3569,41.2417],[35.389,41.2644],[35.3847,41.2787],[35.3893,41.2946],[35.3471,41.328],[35.3515,41.3371],[35.3797,41.3468],[35.4433,41.3293],[35.4507,41.389],[35.4431,41.4169],[35.4326,41.4305],[35.4299,41.4572],[35.4136,41.461],[35.4089,41.4748],[35.3894,41.4713],[35.3646,41.485],[35.3439,41.5498],[35.3289,41.5565],[35.3146,41.5893],[35.3565,41.618],[35.3567,41.6353],[35.3849,41.6504],[35.4021,41.6775],[35.4152,41.6837],[35.4591,41.6515],[35.5104,41.6427],[35.5002,41.6398],[35.5107,41.6361],[35.594,41.6334],[35.6496,41.641],[35.7836,41.6754],[35.955,41.7349]]]}},{"type":"Feature","properties":{"plaka":56},"geometry":{"type":"Polygon","coordinates":[[[41.8534,38.1951],[41.8768,38.1949],[41.9002,38.1844],[41.9293,38.1907],[41.9439,38.1807],[41.9565,38.1578],[41.9748,38.1548],[42.0294,38.183],[42.064,38.1807],[42.0823,38.1859],[42.1107,38.225],[42.1276,38.233],[42.155,38.2379],[42.2084,38.2356],[42.2309,38.2248],[42.24,38.2079],[42.2429,38.1773],[42.2675,38.1647],[42.2917,38.1267],[42.3077,38.1157],[42.3607,38.1042],[42.3881,38.0754],[42.4148,38.0611],[42.4396,38.038],[42.4841,38.0254],[42.485,37.9952],[42.502,37.9806],[42.5555,37.9683],[42.622,37.9758],[42.6678,38.006],[42.7051,38.0162],[42.7204,38.0132],[42.7593,37.987],[42.763,37.9454],[42.8234,37.8817],[42.8543,37.8047],[42.8871,37.7843],[42.867,37.7252],[42.8669,37.6915],[42.855,37.6809],[42.8309,37.6761],[42.723,37.6753],[42.6961,37.6701],[42.6371,37.6943],[42.5169,37.717],[42.4542,37.7015],[42.3902,37.6744],[42.3592,37.6372],[42.318,37.6195],[42.2731,37.5836],[42.2572,37.5776],[42.1987,37.5881],[42.1619,37.611],[42.1179,37.628],[41.9628,37.6166],[41.8709,37.6722],[41.8286,37.6791],[41.782,37.6689],[41.7321,37.6686],[41.7236,37.6745],[41.7201,37.7068],[41.7024,37.7156],[41.6964,37.7278],[41.6779,37.7259],[41.6747,37.7332],[41.7028,37.8173],[41.6995,37.8346],[41.6777,37.8561],[41.624,37.8795],[41.4853,37.8804],[41.4597,37.8861],[41.4205,37.9035],[41.4003,37.9354],[41.3735,37.9566],[41.379,37.9756],[41.4352,38.0054],[41.4416,38.0141],[41.4598,38.0175],[41.4978,38.052],[41.5603,38.0688],[41.5772,38.0807],[41.62,38.0835],[41.6137,38.1175],[41.6471,38.1358],[41.6567,38.1554],[41.6297,38.2185],[41.6404,38.2418],[41.6612,38.2611],[41.7149,38.2379],[41.8128,38.226],[41.8222,38.2078],[41.8534,38.1951]]]}},{"type":"Feature","properties":{"plaka":57},"geometry":{"type":"Polygon","coordinates":[[[34.9444,42.0977],[34.9748,42.0913],[35.0166,42.0928],[35.0216,42.0815],[35.0432,42.0682],[35.0388,42.061],[35.0512,42.0602],[35.0396,42.0494],[35.0475,42.0475],[35.0469,42.0393],[35.0677,42.0301],[35.0875,42.0311],[35.091,42.0245],[35.1332,42.0245],[35.1705,42.0408],[35.1927,42.0394],[35.2113,42.0182],[35.2064,42.0129],[35.1408,42.0237],[35.1125,42.0021],[35.1054,41.9757],[35.0949,41.9661],[35.0884,41.9316],[35.1052,41.8939],[35.125,41.8791],[35.126,41.8635],[35.1346,41.853],[35.1574,41.8401],[35.1741,41.8184],[35.2072,41.8021],[35.193,41.7936],[35.2083,41.7669],[35.2656,41.7371],[35.2629,41.727],[35.2758,41.7159],[35.4131,41.6833],[35.3995,41.6755],[35.3849,41.6504],[35.3567,41.6353],[35.3565,41.618],[35.3146,41.5893],[35.3289,41.5565],[35.3439,41.5498],[35.3646,41.485],[35.3894,41.4713],[35.4089,41.4748],[35.4136,41.461],[35.4299,41.4572],[35.4326,41.4305],[35.4431,41.4169],[35.4507,41.389],[35.4433,41.3293],[35.3797,41.3468],[35.3478,41.334],[35.3579,41.317],[35.3898,41.2915],[35.3865,41.2598],[35.3656,41.2522],[35.3569,41.2417],[35.3317,41.241],[35.3202,41.2296],[35.299,41.2324],[35.2472,41.251],[35.2275,41.2647],[35.1977,41.2718],[35.1966,41.3093],[35.1492,41.3357],[35.0824,41.3401],[35.0624,41.3477],[35.04,41.3436],[35.0298,41.356],[34.9971,41.3353],[34.9288,41.3137],[34.944,41.2993],[34.9349,41.2751],[34.9549,41.2652],[34.9749,41.2719],[34.9821,41.2678],[34.9744,41.2317],[34.9659,41.2298],[34.9221,41.2554],[34.8944,41.2556],[34.8729,41.2442],[34.8746,41.2289],[34.8657,41.2147],[34.8461,41.2083],[34.7099,41.2525],[34.6909,41.268],[34.6934,41.2865],[34.6884,41.292],[34.6552,41.2869],[34.6237,41.2915],[34.5983,41.2833],[34.5799,41.2923],[34.5586,41.2916],[34.5364,41.2994],[34.4979,41.3314],[34.4557,41.3226],[34.4497,41.3496],[34.4666,41.3951],[34.4506,41.4201],[34.4473,41.4678],[34.4247,41.4947],[34.4457,41.5161],[34.5019,41.5409],[34.5582,41.5528],[34.5679,41.5672],[34.5682,41.5979],[34.5915,41.6065],[34.6038,41.634],[34.608,41.6615],[34.603,41.6816],[34.5819,41.7041],[34.5411,41.7024],[34.5101,41.7139],[34.4137,41.7259],[34.3902,41.7254],[34.3627,41.7157],[34.3417,41.7334],[34.3159,41.7446],[34.2589,41.7385],[34.2402,41.7542],[34.2489,41.7763],[34.2863,41.8116],[34.2826,41.8317],[34.299,41.8519],[34.2577,41.8911],[34.2615,41.9165],[34.2248,41.9365],[34.2277,41.955],[34.307,41.9408],[34.331,41.9441],[34.3384,41.951],[34.3559,41.9459],[34.394,41.9524],[34.435,41.9661],[34.4771,41.966],[34.4899,41.9765],[34.5087,41.9661],[34.4991,41.9657],[34.5115,41.9571],[34.5596,41.9465],[34.5938,41.9496],[34.6164,41.9421],[34.7182,41.9434],[34.8001,41.9551],[34.8577,41.9868],[34.9071,42.0244],[34.9487,42.0734],[34.9444,42.0977]]]}},{"type":"Feature","properties":{"plaka":58},"geometry":{"type":"Polygon","coordinates":[[[38.0705,40.497],[38.1062,40.4983],[38.1303,40.4853],[38.124,40.4619],[38.1508,40.4008],[38.1547,40.3404],[38.1734,40.3202],[38.1717,40.3017],[38.1844,40.2926],[38.1836,40.2628],[38.171,40.2305],[38.1745,40.2178],[38.229,40.2029],[38.2812,40.1975],[38.319,40.1809],[38.323,40.1675],[38.3432,40.1663],[38.3725,40.1484],[38.4031,40.1434],[38.4226,40.1314],[38.4406,40.1337],[38.464,40.1663],[38.4779,40.1728],[38.5263,40.1542],[38.5271,40.1241],[38.5434,40.1121],[38.6562,40.1078],[38.7099,40.0821],[38.7631,40.0834],[38.7698,40.0776],[38.7636,40.0704],[38.7722,40.0675],[38.7606,40.0153],[38.7503,40.0118],[38.7244,40.0222],[38.6853,40.0231],[38.6676,40.0035],[38.6321,39.999],[38.5843,39.9715],[38.5622,39.9754],[38.5306,39.9703],[38.4925,39.983],[38.4572,39.9804],[38.4063,39.9424],[38.3865,39.9346],[38.3668,39.9378],[38.3557,39.9228],[38.3617,39.9124],[38.3865,39.8999],[38.411,39.8767],[38.4485,39.8635],[38.4574,39.8364],[38.4114,39.7891],[38.358,39.7641],[38.3551,39.7543],[38.3618,39.7319],[38.3514,39.7025],[38.3432,39.6866],[38.323,39.6718],[38.3274,39.6638],[38.3153,39.6463],[38.3471,39.5873],[38.3352,39.5712],[38.3188,39.5741],[38.2843,39.5669],[38.2769,39.5485],[38.2815,39.5323],[38.3217,39.4734],[38.3415,39.4614],[38.3943,39.4482],[38.409,39.4184],[38.406,39.4056],[38.3763,39.3903],[38.3572,39.3674],[38.3302,39.3501],[38.349,39.3111],[38.3628,39.2573],[38.3508,39.2302],[38.3335,39.216],[38.323,39.1749],[38.3102,39.1654],[38.3143,39.1475],[38.2203,39.1242],[38.1953,39.0998],[38.1703,39.0982],[38.1467,39.0822],[38.0939,39.1019],[38.0602,39.0933],[38.05,39.0778],[38.037,39.0709],[37.9997,39.081],[37.9463,39.0664],[37.9094,39.0655],[37.8529,39.0793],[37.8298,39.0937],[37.7542,39.0723],[37.748,39.0654],[37.7506,39.0449],[37.7745,39.0046],[37.7669,39.0001],[37.7444,39.0097],[37.7348,39.0065],[37.7333,38.9921],[37.7482,38.9695],[37.742,38.9569],[37.7031,38.9728],[37.6744,38.9992],[37.6296,39.0127],[37.6051,39.0148],[37.5452,39.0046],[37.5024,39.0115],[37.4966,38.9943],[37.5071,38.9654],[37.5434,38.9225],[37.5103,38.8798],[37.5078,38.8628],[37.5612,38.798],[37.5511,38.7587],[37.5402,38.7502],[37.5168,38.7572],[37.4949,38.75],[37.4696,38.7253],[37.442,38.7161],[37.4194,38.6546],[37.4023,38.6458],[37.4019,38.6319],[37.3861,38.6102],[37.3393,38.5828],[37.3178,38.5574],[37.2746,38.5731],[37.1631,38.5707],[37.0561,38.5879],[37.0134,38.5751],[36.8441,38.5612],[36.7741,38.5424],[36.79,38.5976],[36.7706,38.62],[36.7559,38.6606],[36.7317,38.6865],[36.7327,38.7141],[36.7115,38.7449],[36.7264,38.773],[36.773,38.7879],[36.8539,38.8412],[36.8677,38.8689],[36.8622,38.8896],[36.8744,38.9102],[36.9032,38.9149],[36.9075,38.9259],[36.9193,38.9328],[36.9419,38.933],[36.9647,38.963],[36.9716,38.9799],[36.9637,39.0053],[36.9214,39.0579],[36.8861,39.0633],[36.8408,39.047],[36.8258,39.0646],[36.7842,39.0855],[36.7461,39.1431],[36.7337,39.1524],[36.7134,39.1559],[36.6349,39.1471],[36.6018,39.1325],[36.5804,39.1085],[36.5322,39.0994],[36.4448,39.1065],[36.4238,39.1202],[36.4094,39.122],[36.3882,39.1047],[36.348,39.0934],[36.3167,39.0917],[36.2649,39.1045],[36.0984,39.0756],[36.08,39.0834],[36.0706,39.101],[36.0416,39.1224],[36.0409,39.1409],[36.0295,39.1543],[35.9405,39.205],[35.9067,39.2397],[35.896,39.2651],[35.8681,39.282],[35.8517,39.3007],[35.8556,39.3146],[35.8882,39.3423],[35.8893,39.3709],[35.8993,39.3936],[35.8968,39.425],[35.9101,39.4585],[35.9217,39.4631],[35.9639,39.4585],[36.0155,39.4334],[36.034,39.4318],[36.0668,39.4804],[36.1404,39.5509],[36.1385,39.5887],[36.153,39.6067],[36.1587,39.6331],[36.1473,39.6663],[36.1556,39.6802],[36.1451,39.696],[36.1533,39.7152],[36.0478,39.7677],[36.0416,39.7955],[36.0819,39.8213],[36.0863,39.8458],[36.037,39.8691],[36.0015,39.918],[36.0497,39.9139],[36.0784,39.8948],[36.1018,39.8886],[36.1193,39.8925],[36.1319,39.9039],[36.1748,39.9137],[36.2212,39.9137],[36.2333,39.9225],[36.2366,39.9453],[36.2516,39.9566],[36.2758,39.9492],[36.3071,39.9539],[36.3307,39.9474],[36.3745,39.9579],[36.3948,39.9716],[36.4221,39.9754],[36.4331,39.9598],[36.4525,39.9565],[36.4946,39.9833],[36.5115,39.9864],[36.5514,39.9683],[36.5916,39.9687],[36.6155,39.9821],[36.63,40.0024],[36.6263,40.0528],[36.6397,40.0751],[36.6562,40.0844],[36.6651,40.1038],[36.7151,40.1249],[36.7489,40.158],[36.7634,40.1823],[36.8141,40.2015],[36.8347,40.2184],[36.8587,40.2143],[36.8736,40.2218],[36.9184,40.2221],[36.9616,40.1922],[37.0644,40.1778],[37.082,40.1891],[37.0868,40.2221],[37.0984,40.2305],[37.1158,40.237],[37.1711,40.2308],[37.1924,40.2345],[37.2244,40.2194],[37.3215,40.2026],[37.3547,40.184],[37.3792,40.1585],[37.4003,40.1586],[37.4084,40.1705],[37.4212,40.1755],[37.4427,40.1629],[37.4629,40.178],[37.4692,40.1908],[37.4387,40.2161],[37.4474,40.2373],[37.4645,40.2509],[37.4983,40.2497],[37.535,40.268],[37.5418,40.2916],[37.5764,40.3156],[37.6001,40.3462],[37.5859,40.3867],[37.6239,40.3837],[37.6639,40.3698],[37.6787,40.348],[37.7314,40.3231],[37.7405,40.3233],[37.7508,40.3333],[37.756,40.3476],[37.7541,40.3804],[37.7701,40.3889],[37.7847,40.3841],[37.8148,40.3395],[37.8743,40.3413],[37.9317,40.3677],[37.9529,40.393],[37.9525,40.4138],[37.9316,40.4341],[37.9487,40.4935],[37.9917,40.4822],[38.0317,40.506],[38.0705,40.497]]]}},{"type":"Feature","properties":{"plaka":59},"geometry":{"type":"Polygon","coordinates":[[[28.0906,41.5535],[28.1165,41.5417],[28.1161,41.5354],[28.077,41.5108],[28.0747,41.5022],[28.1113,41.4648],[28.1238,41.4141],[28.0898,41.3717],[28.0904,41.3479],[28.078,41.3227],[28.0646,41.2688],[28.0184,41.2537],[27.9998,41.2402],[27.9987,41.2205],[28.0318,41.1931],[27.9809,41.1109],[27.9846,41.1029],[27.9782,41.0981],[27.9743,41.0779],[27.9832,41.0711],[27.9757,41.0654],[27.9873,41.0472],[28.0089,41.0314],[27.9875,41.0139],[27.9784,40.9823],[27.9572,40.9773],[27.9577,40.9702],[27.9677,40.9703],[27.9636,40.9659],[27.9314,40.9619],[27.9294,40.9683],[27.919,40.9702],[27.8779,40.966],[27.8647,40.9701],[27.8384,40.9928],[27.7418,41.0136],[27.6058,40.9858],[27.5121,40.9746],[27.4986,40.9606],[27.5056,40.9574],[27.4976,40.9597],[27.4697,40.9134],[27.4546,40.8474],[27.3789,40.7972],[27.3435,40.7626],[27.3084,40.7028],[27.2514,40.6721],[27.2378,40.6566],[27.222,40.6564],[27.1884,40.6403],[27.1783,40.6274],[27.1171,40.6084],[27.0714,40.6053],[27.0321,40.5948],[26.9992,40.5712],[26.9954,40.5562],[26.9566,40.5504],[26.9649,40.5674],[26.9565,40.5835],[26.9647,40.6252],[27.0139,40.6805],[27.0182,40.6918],[27.0143,40.7057],[26.9715,40.7282],[26.8849,40.7383],[26.8638,40.7356],[26.8477,40.7257],[26.8146,40.7263],[26.7966,40.7192],[26.8048,40.7346],[26.8009,40.7683],[26.7235,40.8394],[26.719,40.8605],[26.7367,40.9221],[26.7255,40.9688],[26.7419,41.0142],[26.7303,41.031],[26.6891,41.0299],[26.6835,41.0383],[26.7011,41.0639],[26.7198,41.0769],[26.7724,41.0714],[26.8012,41.075],[26.8332,41.1076],[26.9171,41.145],[26.9417,41.1655],[26.9504,41.1825],[26.9587,41.2292],[26.9312,41.2889],[26.9509,41.3302],[26.976,41.3629],[27.0014,41.3616],[27.01,41.347],[27.0385,41.3408],[27.0761,41.3425],[27.1481,41.3233],[27.2142,41.3306],[27.2561,41.3143],[27.2864,41.2913],[27.303,41.263],[27.3227,41.2468],[27.3749,41.2255],[27.4216,41.225],[27.5068,41.2428],[27.5445,41.2652],[27.5824,41.3213],[27.5976,41.3906],[27.6245,41.4204],[27.6665,41.4452],[27.7069,41.4632],[27.7677,41.4737],[27.8271,41.4951],[27.8979,41.5015],[27.9328,41.5204],[27.9717,41.5565],[28.0034,41.5511],[28.0624,41.5756],[28.0906,41.5535]]]}},{"type":"Feature","properties":{"plaka":60},"geometry":{"type":"Polygon","coordinates":[[[36.6496,40.9058],[36.6874,40.8868],[36.691,40.8708],[36.7007,40.8617],[36.6947,40.8487],[36.777,40.8321],[36.8087,40.7986],[36.8503,40.7912],[36.862,40.7836],[36.8465,40.7476],[36.8143,40.7359],[36.8139,40.7215],[36.8327,40.7075],[36.8663,40.705],[36.9024,40.721],[36.9405,40.7218],[36.9508,40.7125],[36.9513,40.6889],[36.9636,40.6801],[37.0062,40.6873],[37.0278,40.6816],[37.108,40.7294],[37.1226,40.7299],[37.1341,40.7231],[37.1485,40.6973],[37.1797,40.6965],[37.2324,40.6591],[37.2562,40.6108],[37.2886,40.6039],[37.3175,40.5808],[37.3997,40.5555],[37.4209,40.5552],[37.4462,40.5658],[37.4607,40.5518],[37.517,40.5324],[37.5533,40.5347],[37.6212,40.5241],[37.6243,40.5098],[37.6006,40.4738],[37.5853,40.4177],[37.5858,40.3789],[37.5992,40.3589],[37.6001,40.3462],[37.5764,40.3156],[37.543,40.2931],[37.5375,40.2715],[37.5172,40.255],[37.4934,40.2489],[37.466,40.2514],[37.4474,40.2373],[37.4387,40.2161],[37.4692,40.1908],[37.4629,40.178],[37.4427,40.1629],[37.4212,40.1755],[37.4084,40.1705],[37.4003,40.1586],[37.3792,40.1585],[37.3547,40.184],[37.3215,40.2026],[37.2244,40.2194],[37.1924,40.2345],[37.1711,40.2308],[37.1158,40.237],[37.0984,40.2305],[37.0868,40.2221],[37.082,40.1891],[37.0644,40.1778],[36.9616,40.1922],[36.9184,40.2221],[36.8736,40.2218],[36.8587,40.2143],[36.8347,40.2184],[36.8141,40.2015],[36.7634,40.1823],[36.7489,40.158],[36.7151,40.1249],[36.6651,40.1038],[36.6562,40.0844],[36.6397,40.0751],[36.6263,40.0528],[36.63,40.0024],[36.6001,39.9722],[36.5514,39.9683],[36.5115,39.9864],[36.4946,39.9833],[36.4525,39.9565],[36.4331,39.9598],[36.4221,39.9754],[36.3948,39.9716],[36.3745,39.9579],[36.3307,39.9474],[36.3071,39.9539],[36.2758,39.9492],[36.2516,39.9566],[36.2366,39.9453],[36.2333,39.9225],[36.2212,39.9137],[36.1748,39.9137],[36.1367,39.9053],[36.1127,39.8896],[36.0834,39.8926],[36.0497,39.9139],[36.0015,39.918],[35.9941,39.9548],[35.9538,39.9968],[35.9436,40.0217],[35.9434,40.0448],[35.9661,40.0651],[35.9623,40.0866],[35.9504,40.0954],[35.9307,40.1028],[35.9028,40.1011],[35.8666,40.1086],[35.8374,40.0962],[35.7987,40.1035],[35.6822,40.0824],[35.6654,40.1078],[35.6333,40.1157],[35.5924,40.112],[35.5601,40.1244],[35.5148,40.1299],[35.5019,40.1386],[35.4967,40.1864],[35.4484,40.2287],[35.4653,40.2508],[35.4671,40.2692],[35.5225,40.3107],[35.627,40.3362],[35.6505,40.3601],[35.7121,40.3698],[35.7228,40.3833],[35.7292,40.4392],[35.7928,40.437],[35.8437,40.453],[35.8937,40.4871],[35.9065,40.4864],[35.9245,40.4744],[35.9365,40.4755],[35.9846,40.5044],[36.0121,40.496],[36.0245,40.4859],[36.0224,40.474],[36.061,40.466],[36.099,40.4492],[36.1364,40.4719],[36.2373,40.5016],[36.2506,40.5181],[36.2739,40.5142],[36.2867,40.5259],[36.2703,40.5654],[36.2745,40.5832],[36.3665,40.599],[36.3801,40.6189],[36.4044,40.7082],[36.4409,40.759],[36.4727,40.7569],[36.5083,40.7643],[36.503,40.7761],[36.4407,40.7971],[36.4128,40.8164],[36.4145,40.8528],[36.427,40.8589],[36.4305,40.8721],[36.4475,40.8727],[36.4572,40.8826],[36.4724,40.8741],[36.5049,40.8764],[36.559,40.8969],[36.583,40.8944],[36.5959,40.9082],[36.6142,40.8945],[36.6291,40.9086],[36.6496,40.9058]]]}},{"type":"Feature","properties":{"plaka":61},"geometry":{"type":"Polygon","coordinates":[[[39.4345,41.101],[39.486,41.0928],[39.5413,41.0526],[39.5656,41.0258],[39.6159,41.0132],[39.646,40.9963],[39.7205,41.0126],[39.7483,41.0069],[39.7359,41.0044],[39.7456,41.0005],[39.7828,41.0033],[39.8118,40.9878],[39.8281,40.9862],[39.8365,40.9691],[39.8683,40.9573],[39.936,40.9577],[39.9792,40.9656],[40.0393,40.9595],[40.0755,40.9268],[40.1198,40.9141],[40.1881,40.9158],[40.2325,40.9291],[40.3272,40.9872],[40.3498,40.967],[40.3919,40.9624],[40.4169,40.9026],[40.4717,40.8541],[40.4665,40.8399],[40.4351,40.823],[40.4357,40.8058],[40.4576,40.7774],[40.4647,40.7557],[40.5003,40.7206],[40.5064,40.7067],[40.5063,40.697],[40.4867,40.6801],[40.4857,40.664],[40.4695,40.6564],[40.4382,40.6222],[40.4455,40.5952],[40.4699,40.5706],[40.4657,40.5593],[40.477,40.5398],[40.4764,40.5277],[40.4599,40.5187],[40.4061,40.5132],[40.3695,40.5225],[40.2707,40.5156],[40.2174,40.5516],[40.1279,40.574],[40.1033,40.5977],[40.0562,40.6091],[40.0478,40.6423],[40.0357,40.6521],[39.9889,40.6461],[39.9828,40.6366],[39.9989,40.6095],[40.0361,40.5871],[40.0393,40.5701],[40.0062,40.5483],[39.9663,40.54],[39.9218,40.5673],[39.9144,40.6052],[39.9055,40.6194],[39.894,40.6222],[39.8642,40.606],[39.8453,40.6168],[39.8409,40.651],[39.8496,40.6684],[39.8515,40.7142],[39.8331,40.7248],[39.7696,40.7059],[39.7187,40.6408],[39.6841,40.6176],[39.6177,40.605],[39.5528,40.6187],[39.4904,40.6136],[39.4414,40.6331],[39.4167,40.6615],[39.317,40.6942],[39.2957,40.7148],[39.2727,40.7255],[39.2222,40.7826],[39.1334,40.812],[39.1259,40.8293],[39.1468,40.8643],[39.1474,40.8787],[39.136,40.8936],[39.1336,40.9254],[39.1352,40.944],[39.1459,40.9613],[39.1405,40.9833],[39.1467,40.9978],[39.1435,41.0066],[39.1549,41.0173],[39.1541,41.0366],[39.162,41.0441],[39.1601,41.0523],[39.1699,41.0575],[39.164,41.0652],[39.1728,41.0705],[39.1749,41.0803],[39.2088,41.0781],[39.2345,41.0583],[39.2711,41.0506],[39.3587,41.0772],[39.4227,41.1098],[39.4367,41.1048],[39.4345,41.101]]]}},{"type":"Feature","properties":{"plaka":62},"geometry":{"type":"Polygon","coordinates":[[[39.7997,39.6156],[39.8264,39.6041],[39.8468,39.607],[39.8737,39.589],[39.9211,39.5832],[39.9882,39.5647],[40.0135,39.5681],[40.0641,39.5504],[40.1331,39.5639],[40.1546,39.578],[40.193,39.5728],[40.2416,39.5857],[40.2962,39.5841],[40.3437,39.5983],[40.4127,39.603],[40.4218,39.5931],[40.413,39.5631],[40.4218,39.5297],[40.3957,39.5122],[40.3239,39.5113],[40.2902,39.4985],[40.2745,39.4811],[40.278,39.4582],[40.2947,39.4445],[40.3178,39.4088],[40.2899,39.3632],[40.2248,39.3657],[40.1941,39.3398],[40.1468,39.3358],[40.1279,39.3271],[40.1155,39.3033],[40.0196,39.3322],[39.9962,39.3249],[39.9979,39.3149],[40.0245,39.2956],[40.0247,39.2826],[40.0017,39.268],[39.9662,39.2655],[39.9483,39.2486],[39.9428,39.2173],[39.9267,39.1785],[39.9381,39.1471],[39.9574,39.1329],[39.9583,39.1225],[39.9376,39.1073],[39.9186,39.1076],[39.8682,39.0641],[39.8655,39.0506],[39.8749,39.0273],[39.9027,39.0065],[39.8886,38.9952],[39.8868,38.973],[39.8679,38.9388],[39.8731,38.9149],[39.8444,38.8977],[39.8479,38.8816],[39.8281,38.8777],[39.8165,38.8586],[39.8001,38.8589],[39.7974,38.8222],[39.7765,38.8269],[39.7576,38.8445],[39.7136,38.8087],[39.6639,38.8091],[39.6305,38.8224],[39.6079,38.8141],[39.5889,38.8184],[39.5838,38.8296],[39.5508,38.8096],[39.5268,38.8137],[39.5201,38.797],[39.5076,38.7892],[39.5101,38.7733],[39.5041,38.7678],[39.4572,38.7653],[39.4332,38.786],[39.3922,38.768],[39.3897,38.7888],[39.3695,38.8064],[39.3052,38.8205],[39.2507,38.8637],[39.195,38.8623],[39.1255,38.8811],[39.0974,38.8778],[39.0628,38.8904],[39.0111,38.8874],[38.9326,38.8981],[38.8313,38.8847],[38.7865,38.8713],[38.7564,38.8913],[38.759,38.9261],[38.7891,38.9812],[38.7792,39.0062],[38.7481,39.0326],[38.7404,39.0742],[38.7441,39.1044],[38.7341,39.1149],[38.7298,39.1369],[38.763,39.1509],[38.7733,39.1771],[38.7603,39.189],[38.7621,39.1978],[38.8096,39.2074],[38.9069,39.205],[38.9416,39.2262],[38.9598,39.2506],[38.9416,39.2764],[38.9016,39.277],[38.8722,39.2913],[38.8177,39.2989],[38.7958,39.321],[38.7973,39.3407],[38.8059,39.3489],[38.8313,39.364],[38.8557,39.3656],[38.9057,39.3328],[38.9513,39.3284],[38.9972,39.3524],[39.0085,39.3739],[39.0276,39.3865],[39.0395,39.4058],[39.09,39.4554],[39.1595,39.4749],[39.1977,39.467],[39.2594,39.477],[39.3082,39.4539],[39.4158,39.4917],[39.4513,39.4923],[39.5352,39.515],[39.5473,39.5048],[39.547,39.4777],[39.5576,39.4478],[39.5941,39.4395],[39.631,39.4488],[39.685,39.4734],[39.7367,39.5045],[39.7474,39.5169],[39.7763,39.5193],[39.784,39.5254],[39.7895,39.5404],[39.7814,39.586],[39.791,39.6137],[39.7997,39.6156]]]}},{"type":"Feature","properties":{"plaka":63},"geometry":{"type":"Polygon","coordinates":[[[39.1461,37.9978],[39.2006,38.0003],[39.235,37.9555],[39.2553,37.9454],[39.276,37.9458],[39.3251,37.9642],[39.3919,37.957],[39.4414,37.93],[39.4739,37.9221],[39.5226,37.8878],[39.5415,37.8666],[39.569,37.8613],[39.5949,37.8415],[39.6681,37.8068],[39.6839,37.8093],[39.7104,37.8372],[39.7555,37.8611],[39.7837,37.8621],[39.8042,37.855],[39.8124,37.844],[39.8165,37.82],[39.8072,37.7555],[39.8276,37.7247],[39.8278,37.687],[39.8424,37.6109],[39.8702,37.5656],[39.8591,37.5336],[39.8669,37.5005],[39.9188,37.4387],[39.9523,37.4137],[39.9488,37.3878],[39.968,37.3633],[39.9669,37.3479],[39.9842,37.3167],[39.9839,37.3005],[40.0086,37.2701],[40.0118,37.2578],[40.0043,37.2515],[40.0198,37.2285],[40.0114,37.2246],[40.0229,37.2164],[40.0211,37.1998],[40.0316,37.1862],[40.0444,37.1925],[40.0508,37.1884],[40.0473,37.1803],[40.0804,37.1689],[40.0958,37.1364],[40.1094,37.1382],[40.1068,37.132],[40.1169,37.1169],[40.1362,37.1114],[40.1276,37.0884],[40.1433,37.0863],[40.1514,37.0796],[40.151,37.0704],[40.1604,37.0702],[40.1543,37.0615],[40.1634,37.0546],[40.1578,37.0482],[40.165,37.0394],[40.1575,37.0279],[40.1591,37.0172],[40.1866,36.994],[40.1773,36.9887],[40.1766,36.9784],[40.2365,36.9556],[40.2339,36.9446],[40.2137,36.9333],[40.2182,36.9219],[40.2351,36.9125],[40.1846,36.878],[40.0614,36.8554],[40.0311,36.8263],[40.0,36.8225],[39.8745,36.7828],[39.8206,36.7561],[39.7121,36.7502],[39.6407,36.7244],[39.5973,36.7231],[39.493,36.7002],[39.3632,36.6919],[39.2123,36.6689],[39.0632,36.7058],[39.0208,36.7106],[38.893,36.7006],[38.7407,36.7077],[38.6897,36.7354],[38.5949,36.8053],[38.5892,36.8253],[38.5684,36.8253],[38.5542,36.8446],[38.3914,36.9021],[38.3404,36.8999],[38.2424,36.9238],[38.2143,36.9072],[38.1668,36.9101],[38.161,36.8985],[38.1329,36.8944],[38.098,36.8759],[38.0801,36.8762],[38.0661,36.8635],[38.0356,36.8601],[38.029,36.8535],[38.0322,36.8382],[38.0269,36.8316],[38.0219,36.8472],[38.037,36.8685],[38.0352,36.8841],[38.0123,36.9088],[37.9979,36.9644],[37.9737,36.9768],[37.9613,36.9965],[37.98,37.0487],[37.9731,37.0556],[37.959,37.0553],[37.9378,37.0414],[37.9136,37.0408],[37.8764,37.0601],[37.8618,37.0786],[37.8763,37.1366],[37.8477,37.1722],[37.8345,37.208],[37.8456,37.2245],[37.87,37.2119],[37.8825,37.2154],[37.8785,37.2281],[37.8474,37.2506],[37.8398,37.2658],[37.8624,37.3152],[37.8865,37.3245],[37.8737,37.3351],[37.8749,37.3435],[37.9056,37.3608],[37.9816,37.4381],[38.0088,37.435],[38.0336,37.4412],[38.0643,37.4294],[38.0779,37.4457],[38.0895,37.4479],[38.1209,37.4263],[38.1476,37.418],[38.1671,37.4201],[38.17,37.4098],[38.1773,37.4091],[38.1912,37.4186],[38.1897,37.4358],[38.1975,37.4493],[38.2147,37.4517],[38.2461,37.4428],[38.2739,37.4758],[38.3059,37.4724],[38.3202,37.4829],[38.3451,37.4778],[38.4879,37.494],[38.526,37.5149],[38.5991,37.5811],[38.6805,37.6247],[38.743,37.6278],[38.8536,37.6478],[38.8537,37.6573],[38.8116,37.6712],[38.8078,37.6896],[38.8186,37.6976],[38.8691,37.694],[38.8931,37.7086],[38.9128,37.7123],[38.9157,37.7203],[38.9065,37.7377],[38.911,37.7471],[38.9612,37.755],[38.9519,37.8036],[38.9387,37.8057],[38.9038,37.7945],[38.898,37.7988],[38.9252,37.8254],[38.9769,37.8276],[38.9739,37.8591],[38.992,37.884],[38.9729,37.8976],[38.999,37.9123],[39.0274,37.9165],[39.0561,37.9622],[39.0617,37.9876],[39.0931,38.0097],[39.1323,38.0203],[39.1346,38.0046],[39.1461,37.9978]]]}},{"type":"Feature","properties":{"plaka":64},"geometry":{"type":"Polygon","coordinates":[[[29.7496,38.925],[29.8496,38.9059],[29.8691,38.8947],[29.8966,38.9055],[29.9314,38.9096],[29.9386,38.8877],[29.9565,38.8697],[29.9585,38.8404],[30.0104,38.8192],[30.011,38.7749],[30.0078,38.7636],[29.9918,38.7503],[29.9083,38.7126],[29.8941,38.6793],[29.9022,38.6239],[29.8759,38.6011],[29.843,38.5868],[29.8152,38.5524],[29.7619,38.5148],[29.7433,38.487],[29.7465,38.4548],[29.6143,38.41],[29.6119,38.4007],[29.6282,38.3656],[29.6286,38.325],[29.6431,38.2849],[29.6253,38.269],[29.5729,38.2432],[29.5592,38.2669],[29.5478,38.2731],[29.4638,38.2753],[29.4329,38.2959],[29.4084,38.3219],[29.361,38.3191],[29.2833,38.2908],[29.2511,38.2475],[29.2262,38.238],[29.2136,38.2394],[29.2119,38.2291],[29.2041,38.2246],[29.2106,38.2128],[29.2209,38.211],[29.2227,38.2025],[29.208,38.162],[29.1865,38.1783],[29.181,38.2129],[29.1365,38.2247],[29.1192,38.2335],[29.1177,38.2408],[29.0821,38.245],[29.029,38.227],[29.0075,38.2378],[28.9553,38.2316],[28.9209,38.2426],[28.8707,38.2465],[28.8296,38.279],[28.8271,38.309],[28.8007,38.3218],[28.7946,38.3428],[28.778,38.357],[28.7781,38.3976],[28.8102,38.4274],[28.8244,38.4689],[28.8108,38.4976],[28.8196,38.5343],[28.8002,38.5534],[28.8225,38.5827],[28.8226,38.6178],[28.838,38.6322],[28.8451,38.6579],[28.9078,38.6868],[28.9508,38.6989],[28.9562,38.7067],[29.0185,38.7211],[29.0326,38.745],[29.0601,38.763],[29.0773,38.8007],[29.1114,38.8309],[29.14,38.8686],[29.1523,38.8688],[29.1646,38.8466],[29.1757,38.8393],[29.1948,38.8499],[29.2097,38.8332],[29.2457,38.8349],[29.2523,38.8168],[29.2316,38.8105],[29.2249,38.7892],[29.2275,38.7823],[29.2436,38.7812],[29.2771,38.7997],[29.3229,38.8092],[29.3381,38.8237],[29.366,38.8357],[29.3636,38.8501],[29.3711,38.8635],[29.3916,38.8679],[29.409,38.8807],[29.4306,38.8857],[29.4756,38.8637],[29.4941,38.8707],[29.521,38.893],[29.5917,38.9005],[29.6146,38.9354],[29.6501,38.9514],[29.7496,38.925]]]}},{"type":"Feature","properties":{"plaka":65},"geometry":{"type":"Polygon","coordinates":[[[43.8629,39.3552],[43.9513,39.3658],[44.06,39.351],[44.0575,39.3431],[44.0723,39.3367],[44.08,39.3252],[44.0814,39.294],[44.1084,39.2836],[44.0941,39.2761],[44.0929,39.263],[44.0829,39.255],[44.0851,39.2482],[44.1032,39.2426],[44.093,39.2166],[44.0966,39.2036],[44.1096,39.1996],[44.1144,39.1889],[44.1666,39.1776],[44.2134,39.1308],[44.2078,39.1137],[44.224,39.0941],[44.1997,39.0869],[44.1904,39.0748],[44.2058,39.0547],[44.1954,39.0423],[44.2118,39.0207],[44.1914,39.0092],[44.1798,39.0104],[44.1715,38.9917],[44.189,38.9804],[44.1829,38.9549],[44.201,38.9492],[44.1882,38.935],[44.1995,38.9219],[44.2196,38.9164],[44.2212,38.9044],[44.2101,38.8922],[44.2458,38.8702],[44.2415,38.858],[44.2456,38.8506],[44.2571,38.8467],[44.2784,38.8542],[44.3008,38.8407],[44.294,38.8264],[44.315,38.8068],[44.3029,38.8043],[44.3004,38.7912],[44.2873,38.7845],[44.293,38.7642],[44.2773,38.7461],[44.2789,38.7317],[44.2694,38.7217],[44.2535,38.7175],[44.2613,38.7142],[44.2614,38.7041],[44.271,38.7026],[44.2705,38.6839],[44.283,38.6755],[44.283,38.6623],[44.2691,38.6498],[44.3072,38.635],[44.3224,38.617],[44.3175,38.5983],[44.3252,38.5771],[44.3167,38.5741],[44.3115,38.5595],[44.3177,38.5515],[44.3092,38.5298],[44.3255,38.5027],[44.3198,38.4948],[44.3246,38.484],[44.3127,38.4769],[44.3105,38.4541],[44.3014,38.4477],[44.3175,38.4328],[44.3193,38.4084],[44.3108,38.3951],[44.3005,38.3941],[44.3223,38.3712],[44.3505,38.3694],[44.3623,38.3751],[44.3813,38.3579],[44.45,38.3857],[44.4617,38.3596],[44.4912,38.3577],[44.4998,38.3495],[44.4913,38.346],[44.5114,38.3426],[44.5102,38.3347],[44.4963,38.331],[44.4958,38.3055],[44.4771,38.3016],[44.4028,38.2525],[44.3967,38.2398],[44.4107,38.221],[44.4062,38.2046],[44.3991,38.2004],[44.3993,38.177],[44.3912,38.1666],[44.3889,38.1454],[44.3799,38.1385],[44.3504,38.1341],[44.367,38.1041],[44.3283,38.1001],[44.3287,38.0789],[44.3118,38.0728],[44.3198,38.0636],[44.3021,38.0549],[44.3087,38.0435],[44.2977,38.0293],[44.2745,38.0163],[44.2667,37.9992],[44.2698,37.9934],[44.2408,37.9642],[44.2516,37.9414],[44.2426,37.927],[44.2344,37.9255],[44.2258,37.9058],[44.2332,37.8996],[44.2229,37.8876],[44.267,37.8668],[44.2863,37.8724],[44.2963,37.8651],[44.3187,37.877],[44.3584,37.8624],[44.389,37.8621],[44.4065,37.8464],[44.3923,37.8291],[44.3967,37.8192],[44.4141,37.8152],[44.4254,37.798],[44.4488,37.8051],[44.4459,37.7707],[44.3872,37.7709],[44.348,37.7839],[44.3081,37.7791],[44.2652,37.7609],[44.2363,37.7394],[44.2103,37.732],[44.1613,37.7322],[44.1417,37.7381],[44.1242,37.7565],[44.0974,37.7609],[44.0838,37.7542],[44.0907,37.7774],[44.0886,37.796],[44.0323,37.8062],[43.8981,37.7687],[43.8263,37.7705],[43.73,37.7591],[43.6369,37.7745],[43.5527,37.7335],[43.4939,37.738],[43.4034,37.7579],[43.3814,37.7562],[43.3339,37.7368],[43.2983,37.7426],[43.2033,37.7344],[43.1708,37.7362],[43.1312,37.7487],[43.0532,37.7466],[42.9714,37.7534],[42.9473,37.7596],[42.9193,37.7829],[42.8871,37.7843],[42.8603,37.7985],[42.8357,37.8407],[42.8234,37.8817],[42.763,37.9454],[42.7638,37.9741],[42.757,37.99],[42.7121,38.0157],[42.6542,37.9997],[42.6568,38.0212],[42.6736,38.0365],[42.6906,38.0863],[42.6645,38.1081],[42.672,38.1426],[42.6882,38.1526],[42.7042,38.1821],[42.7312,38.1886],[42.7398,38.2161],[42.7034,38.2555],[42.6877,38.2577],[42.6751,38.2877],[42.6825,38.3109],[42.7508,38.3432],[42.7774,38.3945],[42.7591,38.4603],[42.7573,38.5158],[42.7618,38.5526],[42.786,38.5938],[43.0075,38.6844],[43.0639,38.7131],[43.2074,38.8153],[43.2343,38.8439],[43.2432,38.8646],[43.2423,38.8968],[43.2172,38.9148],[43.1715,38.9201],[43.0908,38.9139],[43.074,38.9202],[43.0461,38.9898],[43.0101,39.0228],[43.0117,39.0421],[42.9943,39.0622],[42.9962,39.0812],[43.0186,39.1006],[43.0589,39.1158],[43.1004,39.1506],[43.1456,39.1747],[43.1553,39.1912],[43.1683,39.2495],[43.1196,39.3127],[43.1177,39.3342],[43.1474,39.3511],[43.1852,39.3383],[43.2053,39.3415],[43.2401,39.3547],[43.2826,39.3811],[43.3204,39.3773],[43.3752,39.3816],[43.4519,39.338],[43.503,39.3176],[43.5314,39.2931],[43.5641,39.278],[43.6133,39.2334],[43.6505,39.212],[43.654,39.1999],[43.7036,39.1917],[43.7395,39.1993],[43.7592,39.2461],[43.7812,39.2657],[43.7692,39.3646],[43.7754,39.3736],[43.7895,39.3823],[43.8146,39.3848],[43.8629,39.3552]]]}},{"type":"Feature","properties":{"plaka":66},"geometry":{"type":"Polygon","coordinates":[[[35.3865,40.2467],[35.451,40.2338],[35.4493,40.226],[35.4801,40.2061],[35.4967,40.1864],[35.4991,40.1433],[35.5087,40.1321],[35.5601,40.1244],[35.5924,40.112],[35.6333,40.1157],[35.6654,40.1078],[35.6822,40.0824],[35.7987,40.1035],[35.8374,40.0962],[35.8666,40.1086],[35.9028,40.1011],[35.9307,40.1028],[35.9575,40.0906],[35.9649,40.0811],[35.9655,40.0622],[35.9434,40.0448],[35.9414,40.0299],[35.9538,39.9968],[35.9941,39.9548],[36.0022,39.9156],[36.0281,39.8773],[36.0863,39.8458],[36.0819,39.8213],[36.0416,39.7955],[36.0478,39.7677],[36.1489,39.7206],[36.1534,39.7086],[36.1453,39.6947],[36.1558,39.6786],[36.1473,39.6663],[36.1587,39.6331],[36.153,39.6067],[36.1385,39.5887],[36.1397,39.5494],[36.0668,39.4804],[36.0382,39.4351],[36.021,39.4317],[35.9639,39.4585],[35.9217,39.4631],[35.9101,39.4585],[35.8968,39.425],[35.8993,39.3936],[35.8893,39.3709],[35.8882,39.3423],[35.8523,39.3071],[35.8299,39.3065],[35.8076,39.2781],[35.7588,39.2501],[35.748,39.2332],[35.7158,39.223],[35.6801,39.2019],[35.6357,39.1912],[35.5272,39.189],[35.4995,39.1949],[35.4704,39.1758],[35.4426,39.1227],[35.4576,39.0909],[35.4569,39.0752],[35.3827,39.0105],[35.3684,38.9919],[35.3578,38.9542],[35.248,38.9822],[35.1622,39.0235],[35.0924,39.0254],[35.0597,39.0108],[35.0511,39.0164],[35.0437,39.0261],[35.0446,39.0467],[35.0383,39.0599],[35.0297,39.0679],[35.0188,39.0679],[35.018,39.0772],[35.0066,39.0839],[35.0106,39.1143],[34.9616,39.1421],[34.9371,39.1658],[34.959,39.1849],[34.9697,39.2216],[34.9661,39.2454],[34.9559,39.2476],[34.9475,39.2623],[34.9277,39.2565],[34.9235,39.2873],[34.9078,39.3005],[34.8513,39.3087],[34.7886,39.3346],[34.7254,39.3481],[34.7103,39.369],[34.6659,39.3911],[34.6434,39.4129],[34.6208,39.412],[34.5936,39.4518],[34.5223,39.4871],[34.5154,39.5099],[34.5411,39.5788],[34.5224,39.5971],[34.4657,39.6154],[34.4639,39.6316],[34.4527,39.6364],[34.4692,39.6509],[34.4678,39.6697],[34.3265,39.7034],[34.248,39.729],[34.1768,39.7914],[34.1155,39.7932],[34.0714,39.8126],[34.0657,39.8245],[34.0649,39.8496],[34.0776,39.8663],[34.0722,39.8999],[34.0826,39.9124],[34.1447,39.9135],[34.1805,39.9239],[34.2337,39.9211],[34.2735,39.9372],[34.3245,39.9384],[34.3498,39.9545],[34.3706,39.9782],[34.4258,40.0021],[34.5029,39.9871],[34.5556,39.9605],[34.6139,39.9478],[34.641,39.9656],[34.6519,39.9883],[34.6495,40.0042],[34.6718,40.0246],[34.7933,40.0055],[34.8348,40.0165],[34.8674,40.0432],[34.8788,40.046],[34.8964,40.0372],[34.8997,40.0067],[34.9148,39.9976],[34.9569,40.007],[34.981,40.0011],[35.0359,40.0023],[35.0973,40.0249],[35.1582,40.0277],[35.1693,40.0333],[35.1734,40.0495],[35.1315,40.1017],[35.1315,40.1119],[35.1666,40.1365],[35.2038,40.1443],[35.2078,40.1517],[35.1988,40.1597],[35.1635,40.1599],[35.1515,40.17],[35.1458,40.1996],[35.1527,40.2244],[35.1754,40.2279],[35.2109,40.2045],[35.2387,40.1945],[35.3302,40.2438],[35.3699,40.2546],[35.3865,40.2467]]]}},{"type":"Feature","properties":{"plaka":67},"geometry":{"type":"Polygon","coordinates":[[[32.1295,41.5602],[32.1485,41.5545],[32.1554,41.5462],[32.1581,41.5095],[32.1659,41.5027],[32.1895,41.5152],[32.1867,41.5344],[32.1914,41.5409],[32.2086,41.5503],[32.2215,41.55],[32.2174,41.539],[32.2291,41.5257],[32.2164,41.5126],[32.2339,41.4824],[32.2322,41.4643],[32.2764,41.4445],[32.2796,41.438],[32.2719,41.4061],[32.2914,41.3778],[32.2799,41.3442],[32.2843,41.3279],[32.323,41.3202],[32.2821,41.2848],[32.1903,41.2644],[32.1504,41.2209],[32.1445,41.187],[32.1535,41.1396],[32.1314,41.1138],[32.1098,41.1019],[32.1022,41.0836],[32.1064,41.069],[32.1316,41.044],[32.1392,41.0111],[32.0891,41.0096],[31.998,41.032],[31.8614,41.0042],[31.7777,41.0151],[31.725,41.0299],[31.6391,41.0361],[31.5365,41.0334],[31.4819,41.0199],[31.4439,41.0537],[31.3809,41.0668],[31.3511,41.0885],[31.3017,41.0903],[31.2791,41.1114],[31.3343,41.1348],[31.3474,41.1584],[31.3846,41.1839],[31.386,41.1921],[31.408,41.2105],[31.4097,41.2196],[31.3985,41.2346],[31.4042,41.2403],[31.3948,41.2397],[31.4092,41.2488],[31.4026,41.2487],[31.403,41.2733],[31.4069,41.2635],[31.4131,41.2655],[31.4104,41.271],[31.4178,41.2624],[31.4145,41.2688],[31.4209,41.2694],[31.4208,41.277],[31.4085,41.2821],[31.412,41.2846],[31.4062,41.2896],[31.3994,41.2871],[31.4008,41.2804],[31.3923,41.293],[31.3925,41.3058],[31.4007,41.3159],[31.4222,41.3157],[31.4549,41.3313],[31.468,41.3293],[31.4941,41.3547],[31.6233,41.3849],[31.647,41.4036],[31.7185,41.4256],[31.75,41.4448],[31.7558,41.4547],[31.7885,41.453],[31.7874,41.4612],[31.7792,41.4587],[31.8278,41.4829],[31.8412,41.4994],[31.8624,41.5111],[32.0034,41.551],[32.044,41.5801],[32.089,41.5888],[32.1295,41.5602]]]}},{"type":"Feature","properties":{"plaka":68},"geometry":{"type":"Polygon","coordinates":[[[33.9645,39.038],[34.0062,38.9731],[34.0582,38.945],[34.0674,38.8994],[34.0749,38.8894],[34.1371,38.8512],[34.1457,38.813],[34.1563,38.8025],[34.1757,38.8001],[34.2084,38.8103],[34.2416,38.833],[34.2834,38.7904],[34.2819,38.7767],[34.2695,38.7585],[34.2704,38.7225],[34.2511,38.6716],[34.2496,38.6505],[34.2594,38.6298],[34.3077,38.6043],[34.3836,38.5864],[34.4062,38.5635],[34.4306,38.56],[34.4464,38.5483],[34.4438,38.5229],[34.4163,38.4966],[34.3948,38.4506],[34.3966,38.4302],[34.4079,38.4134],[34.4831,38.3641],[34.4546,38.3563],[34.4226,38.3288],[34.435,38.2838],[34.4339,38.2615],[34.347,38.2021],[34.3079,38.1938],[34.2622,38.1172],[34.1858,38.1294],[34.1578,38.1244],[34.1083,38.0781],[34.09,38.053],[34.0685,38.0384],[34.0122,38.0789],[33.9912,38.1141],[33.9752,38.1277],[33.9394,38.1288],[33.9096,38.117],[33.8286,38.0659],[33.7916,38.0507],[33.7585,38.063],[33.7238,38.102],[33.6979,38.1138],[33.6336,38.0983],[33.6085,38.085],[33.5816,38.0576],[33.5673,38.0179],[33.5439,37.9934],[33.4912,37.9742],[33.4477,37.9715],[33.4062,38.0181],[33.3424,38.0512],[33.3095,38.0889],[33.2652,38.1247],[33.2659,38.1356],[33.2935,38.1575],[33.3052,38.1768],[33.2786,38.2436],[33.2508,38.2533],[33.2006,38.2497],[33.18,38.2694],[33.1751,38.2854],[33.1788,38.2981],[33.2283,38.354],[33.2282,38.3911],[33.2365,38.4192],[33.4097,38.6969],[33.4875,38.6491],[33.5775,38.6534],[33.6745,38.6854],[33.7593,38.742],[33.7771,38.7801],[33.7842,38.8507],[33.8019,38.8901],[33.783,38.9145],[33.7202,38.9663],[33.7211,38.9811],[33.7491,38.9913],[33.8141,38.989],[33.8728,39.0281],[33.9466,39.0506],[33.9614,39.0519],[33.9645,39.038]]]}},{"type":"Feature","properties":{"plaka":69},"geometry":{"type":"Polygon","coordinates":[[[40.1314,40.5733],[40.2174,40.5516],[40.2533,40.5235],[40.2769,40.5143],[40.3695,40.5225],[40.4061,40.5132],[40.4599,40.5187],[40.4764,40.5277],[40.5049,40.5169],[40.5581,40.5214],[40.5864,40.5354],[40.5819,40.4907],[40.5644,40.4614],[40.5553,40.4259],[40.5805,40.394],[40.5822,40.3615],[40.5708,40.3517],[40.5321,40.3428],[40.5259,40.3292],[40.5466,40.2865],[40.6358,40.222],[40.6591,40.221],[40.688,40.2321],[40.7077,40.223],[40.7125,40.2031],[40.6925,40.1507],[40.668,40.1198],[40.5747,40.0813],[40.5166,40.0656],[40.4915,40.0321],[40.4698,40.0165],[40.4111,40.0019],[40.339,40.0186],[40.3308,40.0133],[40.308,40.0144],[40.2453,40.0503],[40.1463,40.0281],[40.1115,40.0522],[40.0664,40.063],[40.0472,40.0799],[40.0374,40.0795],[39.9786,40.0642],[39.961,40.0467],[39.9339,40.0366],[39.914,40.0125],[39.8944,39.9988],[39.8722,39.9941],[39.8474,39.9664],[39.8261,39.9576],[39.7917,39.923],[39.7876,39.9431],[39.771,39.9666],[39.7484,39.9821],[39.7069,39.9948],[39.6722,40.0195],[39.6657,40.0543],[39.6515,40.0744],[39.6626,40.1173],[39.6863,40.145],[39.7994,40.1606],[39.8218,40.1907],[39.8317,40.216],[39.8331,40.2461],[39.8181,40.3239],[39.8268,40.3404],[39.8422,40.3465],[39.8695,40.3783],[39.8721,40.3923],[39.8649,40.4165],[39.871,40.4388],[39.9013,40.461],[39.9175,40.4644],[39.9326,40.4797],[39.9771,40.4932],[40.0311,40.4956],[40.0451,40.5055],[40.079,40.5133],[40.0936,40.5233],[40.099,40.5373],[40.1189,40.5469],[40.1314,40.5733]]]}},{"type":"Feature","properties":{"plaka":70},"geometry":{"type":"Polygon","coordinates":[[[33.8502,37.4777],[33.8793,37.4299],[33.9912,37.3974],[34.0641,37.3661],[34.1131,37.3269],[34.2151,37.2723],[34.2919,37.2155],[34.1884,37.1837],[34.1115,37.19],[34.0618,37.1822],[34.0069,37.1643],[33.9868,37.1189],[33.9014,37.0791],[33.8611,37.0335],[33.8271,37.0143],[33.7775,37.008],[33.6722,37.0359],[33.638,37.037],[33.6177,37.0259],[33.5892,36.9862],[33.5736,36.9775],[33.4608,36.9762],[33.398,36.96],[33.3569,36.96],[33.3275,36.9412],[33.2776,36.9241],[33.2162,36.9281],[33.2009,36.9085],[33.1739,36.9018],[33.1645,36.8656],[33.1474,36.8445],[33.1159,36.8491],[33.1114,36.8642],[33.0992,36.8728],[33.0372,36.8692],[32.9994,36.8547],[32.9557,36.8504],[32.943,36.8045],[32.9823,36.7483],[32.9781,36.6877],[33.0587,36.7017],[33.0715,36.6675],[33.083,36.6597],[33.1071,36.6198],[33.1462,36.6116],[33.1768,36.5951],[33.2098,36.5586],[33.223,36.5324],[33.21,36.5254],[33.1864,36.5308],[33.1629,36.5442],[33.1224,36.5815],[33.0692,36.567],[33.033,36.5354],[33.0531,36.4851],[33.047,36.4473],[33.0345,36.436],[32.9773,36.4369],[32.8485,36.4795],[32.7116,36.4861],[32.674,36.5028],[32.6374,36.5094],[32.6146,36.5096],[32.5686,36.4801],[32.4704,36.5314],[32.4579,36.5484],[32.436,36.558],[32.428,36.5726],[32.4074,36.5826],[32.4204,36.6451],[32.4103,36.6813],[32.4244,36.6985],[32.412,36.734],[32.444,36.7452],[32.5768,36.7478],[32.6231,36.755],[32.6519,36.7713],[32.6999,36.8177],[32.7959,36.8645],[32.8115,36.8789],[32.8254,36.9564],[32.8197,36.9688],[32.7957,36.9862],[32.8009,37.034],[32.7888,37.0844],[32.7932,37.1164],[32.7742,37.1586],[32.7773,37.1729],[32.7954,37.1852],[32.8013,37.1979],[32.7921,37.2093],[32.7895,37.2386],[32.7783,37.2587],[32.7779,37.3126],[32.7974,37.3351],[32.8543,37.3305],[32.8902,37.3466],[32.8979,37.3874],[32.974,37.4347],[33.0074,37.4944],[33.0249,37.498],[33.0676,37.4911],[33.1307,37.5014],[33.1527,37.5124],[33.1701,37.554],[33.1927,37.5591],[33.2936,37.4992],[33.3012,37.4699],[33.3079,37.464],[33.4143,37.475],[33.5053,37.4996],[33.5257,37.528],[33.5442,37.6065],[33.5914,37.6128],[33.6176,37.61],[33.7063,37.581],[33.7913,37.53],[33.8502,37.4777]]]}},{"type":"Feature","properties":{"plaka":71},"geometry":{"type":"Polygon","coordinates":[[[33.7175,40.3296],[33.748,40.3246],[33.7841,40.3277],[33.8075,40.32],[33.8152,40.3135],[33.8217,40.2801],[33.8351,40.2679],[33.9337,40.2681],[33.9708,40.248],[33.9782,40.2267],[34.0418,40.2021],[34.0611,40.1759],[34.0515,40.1621],[34.0547,40.138],[34.0769,40.122],[34.0917,40.0698],[34.1304,40.0587],[34.1477,40.0454],[34.217,39.9692],[34.2448,39.9279],[34.2337,39.9211],[34.1805,39.9239],[34.1447,39.9135],[34.0812,39.9114],[34.0722,39.8999],[34.0776,39.8663],[34.0649,39.8496],[34.0657,39.8245],[34.0714,39.8126],[34.1215,39.7923],[34.0894,39.7758],[34.0481,39.7752],[34.0169,39.7466],[33.9798,39.7356],[33.9746,39.7213],[33.9607,39.7109],[33.9611,39.6684],[33.9398,39.655],[33.9181,39.6517],[33.9051,39.635],[33.869,39.6153],[33.8564,39.5748],[33.7858,39.5428],[33.7318,39.5267],[33.7322,39.5167],[33.759,39.4929],[33.7506,39.4717],[33.7173,39.4774],[33.6879,39.4986],[33.6717,39.5002],[33.6539,39.4916],[33.639,39.4733],[33.5738,39.4389],[33.5528,39.418],[33.4778,39.4387],[33.4294,39.4176],[33.4195,39.3958],[33.4045,39.3973],[33.3832,39.4146],[33.3954,39.4257],[33.3858,39.4373],[33.3919,39.4656],[33.3581,39.473],[33.3458,39.4872],[33.3124,39.6465],[33.3011,39.6557],[33.2404,39.6765],[33.2335,39.6863],[33.2345,39.6989],[33.2381,39.7071],[33.2842,39.7369],[33.3138,39.7649],[33.3092,39.7854],[33.2815,39.8152],[33.3046,39.8549],[33.3063,39.8779],[33.3213,39.9096],[33.3364,39.9262],[33.3553,39.935],[33.3729,39.9622],[33.4463,39.9981],[33.5235,40.0129],[33.5831,40.0623],[33.5846,40.0888],[33.5719,40.1308],[33.6007,40.19],[33.6053,40.2334],[33.6178,40.2482],[33.6115,40.2586],[33.6591,40.2964],[33.6582,40.3235],[33.6923,40.3328],[33.7175,40.3296]]]}},{"type":"Feature","properties":{"plaka":72},"geometry":{"type":"Polygon","coordinates":[[[41.6369,38.4855],[41.6433,38.4634],[41.6431,38.4201],[41.635,38.3936],[41.6376,38.3421],[41.6453,38.2982],[41.6612,38.2611],[41.6404,38.2418],[41.6295,38.2157],[41.6518,38.1736],[41.6553,38.1491],[41.6471,38.1358],[41.6137,38.1175],[41.613,38.1047],[41.622,38.0878],[41.6176,38.0815],[41.5772,38.0807],[41.5603,38.0688],[41.4978,38.052],[41.4598,38.0175],[41.4416,38.0141],[41.4352,38.0054],[41.379,37.9756],[41.3727,37.9606],[41.3758,37.9522],[41.4003,37.9354],[41.417,37.9064],[41.4597,37.8861],[41.4853,37.8804],[41.624,37.8795],[41.6777,37.8561],[41.6995,37.8346],[41.7028,37.8173],[41.6747,37.7332],[41.6779,37.7259],[41.6964,37.7278],[41.7024,37.7156],[41.7201,37.7068],[41.7245,37.6735],[41.7034,37.6565],[41.6928,37.6152],[41.6796,37.6107],[41.66,37.6324],[41.6318,37.5836],[41.6036,37.5704],[41.5698,37.5392],[41.5485,37.5301],[41.519,37.5234],[41.4889,37.5254],[41.4558,37.5039],[41.2953,37.5116],[41.1853,37.5023],[41.1224,37.5423],[41.1141,37.6195],[41.0803,37.6497],[41.0828,37.6803],[41.0577,37.7082],[41.0444,37.7344],[41.0525,37.7778],[41.0206,37.7715],[41.0311,37.7916],[41.0049,37.7819],[40.9911,37.7874],[40.9865,37.8055],[40.9994,37.8181],[40.999,37.8462],[41.0342,37.8818],[41.0947,37.9097],[41.106,37.9338],[41.1294,37.9456],[41.1361,37.9653],[41.1551,37.9869],[41.1447,38.0096],[41.1693,38.0359],[41.1736,38.0552],[41.2015,38.0693],[41.2134,38.0933],[41.2212,38.1178],[41.2171,38.1412],[41.2026,38.1501],[41.2026,38.1694],[41.1644,38.1891],[41.1864,38.2874],[41.1776,38.3122],[41.1957,38.3167],[41.2195,38.3607],[41.2398,38.37],[41.2332,38.3871],[41.2408,38.407],[41.2643,38.4158],[41.2827,38.4408],[41.3171,38.4512],[41.3306,38.463],[41.3542,38.4589],[41.3611,38.4739],[41.3749,38.4831],[41.4126,38.4881],[41.4846,38.5156],[41.4989,38.5288],[41.5084,38.5552],[41.5583,38.5187],[41.5925,38.5072],[41.6281,38.5035],[41.6369,38.4855]]]}},{"type":"Feature","properties":{"plaka":73},"geometry":{"type":"Polygon","coordinates":[[[42.9802,37.753],[43.0532,37.7466],[43.1312,37.7487],[43.1708,37.7362],[43.2323,37.7347],[43.2983,37.7426],[43.3339,37.7368],[43.3814,37.7562],[43.4034,37.7579],[43.4939,37.738],[43.4923,37.6689],[43.4441,37.611],[43.4013,37.583],[43.3305,37.5625],[43.3119,37.5509],[43.3137,37.4931],[43.3078,37.4561],[43.332,37.4096],[43.3454,37.3411],[43.3402,37.3259],[43.3267,37.3253],[43.3182,37.3169],[43.3185,37.3047],[43.3024,37.3025],[43.2902,37.3109],[43.2697,37.3129],[43.2697,37.3279],[43.2495,37.3295],[43.2416,37.3441],[43.2123,37.3454],[43.1868,37.3584],[43.1619,37.3567],[43.1461,37.372],[43.0815,37.3671],[43.0603,37.3559],[43.0216,37.3528],[43.0111,37.3315],[42.9734,37.3251],[42.9591,37.3113],[42.9183,37.327],[42.8966,37.3273],[42.8508,37.3477],[42.8363,37.3418],[42.8217,37.3596],[42.8253,37.3699],[42.7893,37.3793],[42.7338,37.3351],[42.7353,37.3176],[42.7281,37.3195],[42.713,37.307],[42.6874,37.3073],[42.6927,37.3005],[42.6898,37.2935],[42.6971,37.2903],[42.6817,37.2805],[42.6823,37.2698],[42.6611,37.271],[42.654,37.2657],[42.6582,37.262],[42.65,37.2538],[42.6557,37.2449],[42.6292,37.2232],[42.6304,37.2185],[42.6127,37.2144],[42.6183,37.2047],[42.5849,37.1709],[42.5789,37.1571],[42.5825,37.1476],[42.5764,37.142],[42.5498,37.1492],[42.5393,37.1433],[42.5115,37.1428],[42.5014,37.1345],[42.4663,37.141],[42.3958,37.1104],[42.3674,37.1186],[42.3573,37.1067],[42.3514,37.1177],[42.3544,37.128],[42.3351,37.1452],[42.3198,37.183],[42.3326,37.2046],[42.3481,37.2147],[42.3402,37.222],[42.3411,37.2346],[42.2912,37.2652],[42.2831,37.2821],[42.2631,37.2718],[42.2353,37.2833],[42.2073,37.2789],[42.2069,37.2921],[42.2251,37.3103],[42.2207,37.3184],[42.1964,37.3114],[42.1846,37.287],[42.0975,37.224],[42.0888,37.2078],[42.0686,37.2058],[42.0358,37.1828],[42.0051,37.183],[41.9519,37.1572],[41.9294,37.1583],[41.8145,37.1374],[41.7943,37.1285],[41.7042,37.1162],[41.6648,37.118],[41.6662,37.1725],[41.6729,37.1962],[41.6673,37.2111],[41.6146,37.245],[41.5687,37.2559],[41.5561,37.2726],[41.5577,37.3002],[41.5747,37.3226],[41.5744,37.3515],[41.588,37.3674],[41.5904,37.3984],[41.6048,37.4183],[41.608,37.4376],[41.6198,37.4359],[41.6419,37.4155],[41.703,37.4344],[41.741,37.4184],[41.8176,37.4019],[41.8424,37.4058],[41.8642,37.4189],[41.8461,37.4422],[41.86,37.4563],[41.8491,37.467],[41.8562,37.4779],[41.8536,37.4981],[41.8383,37.5186],[41.8544,37.5297],[41.8519,37.5488],[41.867,37.5441],[41.8879,37.5525],[41.8973,37.5755],[41.8763,37.5908],[41.867,37.6085],[41.8302,37.6233],[41.8358,37.6359],[41.8241,37.6461],[41.8202,37.6766],[41.8249,37.6788],[41.8709,37.6722],[41.9628,37.6166],[42.1179,37.628],[42.1619,37.611],[42.1987,37.5881],[42.2498,37.5771],[42.2731,37.5836],[42.318,37.6195],[42.3592,37.6372],[42.3863,37.6721],[42.4657,37.7048],[42.525,37.7167],[42.6371,37.6943],[42.6961,37.6701],[42.723,37.6753],[42.8309,37.6761],[42.855,37.6809],[42.8669,37.6915],[42.867,37.7252],[42.8871,37.7843],[42.9193,37.7829],[42.9473,37.7596],[42.9802,37.753]]]}},{"type":"Feature","properties":{"plaka":74},"geometry":{"type":"Polygon","coordinates":[[[32.7391,41.849],[32.7571,41.8482],[32.747,41.8297],[32.7542,41.8127],[32.7691,41.7999],[32.7729,41.7789],[32.7944,41.7827],[32.8217,41.772],[32.8463,41.7395],[32.8577,41.7344],[32.8926,41.7387],[32.9178,41.7519],[32.9329,41.7381],[32.9335,41.7273],[32.9254,41.7003],[32.897,41.6588],[32.8954,41.6225],[32.8473,41.5717],[32.8347,41.568],[32.7965,41.531],[32.7651,41.5156],[32.6648,41.5069],[32.6419,41.4917],[32.6681,41.423],[32.6264,41.3931],[32.6108,41.3576],[32.3909,41.3165],[32.2878,41.3262],[32.2799,41.3442],[32.2911,41.3807],[32.2719,41.4061],[32.2796,41.438],[32.2764,41.4445],[32.2322,41.4643],[32.2339,41.4824],[32.2164,41.5126],[32.2291,41.5257],[32.2174,41.539],[32.2215,41.55],[32.2086,41.5503],[32.1914,41.5409],[32.1867,41.5344],[32.1895,41.5152],[32.1659,41.5027],[32.1581,41.5095],[32.1566,41.5439],[32.1485,41.5545],[32.1249,41.5616],[32.089,41.5888],[32.1483,41.6059],[32.1833,41.6369],[32.181,41.6455],[32.2248,41.6701],[32.2259,41.684],[32.2377,41.68],[32.224,41.6848],[32.2375,41.6835],[32.2308,41.6888],[32.2233,41.6876],[32.2505,41.6953],[32.2838,41.7202],[32.3043,41.7255],[32.3372,41.7218],[32.3433,41.725],[32.3395,41.7318],[32.3618,41.7353],[32.365,41.7442],[32.385,41.7479],[32.3802,41.7512],[32.3839,41.754],[32.3983,41.7478],[32.3881,41.7488],[32.3904,41.7426],[32.416,41.7393],[32.4313,41.763],[32.4539,41.7758],[32.4645,41.7736],[32.485,41.7815],[32.5005,41.7941],[32.4992,41.8016],[32.572,41.8113],[32.58,41.827],[32.677,41.8303],[32.6846,41.8368],[32.7086,41.838],[32.7161,41.8482],[32.7391,41.849]]]}},{"type":"Feature","properties":{"plaka":75},"geometry":{"type":"Polygon","coordinates":[[[42.7011,41.5999],[42.7402,41.5963],[42.7497,41.5846],[42.763,41.5867],[42.7811,41.5771],[42.7932,41.5881],[42.8361,41.5845],[42.8295,41.558],[42.8208,41.5558],[42.8173,41.5391],[42.7976,41.517],[42.805,41.5077],[42.8018,41.4955],[42.8512,41.4733],[42.8671,41.4972],[42.8901,41.5039],[42.9002,41.4991],[42.8993,41.479],[42.9253,41.4731],[42.9433,41.4576],[42.9683,41.4507],[42.9682,41.4346],[42.9883,41.4206],[42.9886,41.4114],[43.0036,41.407],[43.0213,41.3797],[43.0164,41.3707],[43.0512,41.3744],[43.1095,41.3493],[43.1356,41.319],[43.1836,41.3047],[43.2141,41.3054],[43.2128,41.2894],[43.1273,41.2528],[43.1528,41.2455],[43.1761,41.2545],[43.1975,41.2507],[43.2014,41.234],[43.2377,41.1841],[43.2313,41.1734],[43.3519,41.2027],[43.3777,41.2026],[43.4486,41.1767],[43.4744,41.1232],[43.459,41.12],[43.4475,41.0922],[43.4714,41.0682],[43.469,41.0471],[43.4891,41.0167],[43.486,41.0053],[43.4575,41.0028],[43.4101,41.0598],[43.3692,41.0882],[43.3528,41.0944],[43.3257,41.0929],[43.2482,41.0244],[43.1887,41.0146],[43.1585,41.0012],[43.1146,41.004],[43.0777,40.9745],[43.0291,40.9611],[43.0082,40.9476],[42.9401,40.8701],[42.9338,40.8482],[42.9469,40.8202],[42.9401,40.8034],[42.8939,40.8245],[42.8658,40.8187],[42.8519,40.7358],[42.8462,40.7295],[42.6435,40.6413],[42.6138,40.6405],[42.582,40.6502],[42.5708,40.6599],[42.5731,40.6759],[42.562,40.7019],[42.5605,40.7363],[42.5481,40.7574],[42.4903,40.8063],[42.3778,40.8308],[42.3448,40.8884],[42.3409,40.9183],[42.3676,40.946],[42.3814,40.9761],[42.3852,41.0022],[42.372,41.0491],[42.3958,41.0974],[42.445,41.152],[42.5074,41.1985],[42.5307,41.2294],[42.5761,41.2459],[42.5894,41.2564],[42.615,41.299],[42.6124,41.3142],[42.5494,41.3697],[42.5424,41.4318],[42.5206,41.4474],[42.5131,41.4724],[42.5262,41.4795],[42.5236,41.4869],[42.5707,41.5081],[42.5646,41.5248],[42.5807,41.5431],[42.5738,41.5577],[42.5764,41.5656],[42.6011,41.5851],[42.7011,41.5999]]]}},{"type":"Feature","properties":{"plaka":76},"geometry":{"type":"Polygon","coordinates":[[[43.3443,40.1383],[43.3723,40.1283],[43.4054,40.135],[43.4753,40.109],[43.5288,40.1213],[43.5624,40.1179],[43.5947,40.1357],[43.624,40.1254],[43.6486,40.1315],[43.6565,40.124],[43.6555,40.1135],[43.695,40.0959],[43.6977,40.0868],[43.7443,40.0756],[43.7664,40.0817],[43.7874,40.0693],[43.8234,40.06],[43.8254,40.0479],[43.8571,40.0436],[43.9107,40.021],[43.9707,40.0183],[43.9924,40.0324],[44.0219,40.0229],[44.0839,40.0346],[44.1207,40.0343],[44.1326,40.0278],[44.1631,40.0331],[44.1732,40.0269],[44.1883,40.0309],[44.1928,40.0398],[44.2129,40.0331],[44.2217,40.0432],[44.2515,40.0495],[44.2787,40.0489],[44.2943,40.044],[44.2977,40.036],[44.3155,40.0389],[44.3263,40.0309],[44.352,40.0272],[44.3777,40.0048],[44.419,40.0002],[44.4483,39.9819],[44.4544,39.971],[44.4821,39.9657],[44.5199,39.9214],[44.5362,39.9213],[44.5518,39.9029],[44.5527,39.8819],[44.575,39.863],[44.5918,39.8589],[44.5954,39.8452],[44.5893,39.8356],[44.5949,39.8252],[44.617,39.828],[44.6199,39.8219],[44.6119,39.8148],[44.6449,39.8033],[44.657,39.7911],[44.695,39.7926],[44.6868,39.7722],[44.7105,39.7697],[44.7247,39.7415],[44.7442,39.744],[44.7482,39.7173],[44.7693,39.7133],[44.7637,39.703],[44.7785,39.7024],[44.7843,39.6867],[44.8017,39.6835],[44.7947,39.6703],[44.8056,39.673],[44.7992,39.6591],[44.816,39.6554],[44.8156,39.6446],[44.8078,39.6378],[44.8089,39.6278],[44.8049,39.6295],[44.7984,39.6489],[44.755,39.6709],[44.7587,39.6756],[44.7492,39.688],[44.7337,39.6945],[44.7149,39.7143],[44.7021,39.7101],[44.6884,39.7133],[44.6895,39.7176],[44.6686,39.7146],[44.6477,39.7274],[44.6306,39.7444],[44.6325,39.7554],[44.6149,39.7824],[44.4675,39.6842],[44.4827,39.6706],[44.4848,39.6303],[44.3232,39.6743],[44.2954,39.7056],[44.1071,39.7036],[44.0857,39.713],[44.0658,39.7319],[44.0443,39.7339],[44.0263,39.7257],[43.9566,39.733],[43.8819,39.7526],[43.8515,39.7719],[43.8164,39.7832],[43.7536,39.7701],[43.7104,39.7762],[43.6777,39.7881],[43.6374,39.7832],[43.5963,39.7909],[43.564,39.8314],[43.5354,39.8443],[43.4963,39.8361],[43.4848,39.7951],[43.4547,39.7819],[43.4185,39.8131],[43.4096,39.8724],[43.3907,39.9112],[43.3246,39.9735],[43.3256,39.9785],[43.2996,39.9794],[43.2939,40.004],[43.2813,40.0175],[43.3542,40.0633],[43.3427,40.1003],[43.3443,40.1383]]]}},{"type":"Feature","properties":{"plaka":77},"geometry":{"type":"Polygon","coordinates":[[[29.5329,40.7476],[29.5344,40.7304],[29.5637,40.6981],[29.5498,40.6754],[29.4925,40.6378],[29.4967,40.5964],[29.4791,40.5561],[29.4484,40.5561],[29.4216,40.544],[29.3697,40.5652],[29.2448,40.5282],[29.2008,40.5248],[29.1119,40.5617],[29.0413,40.5654],[29.0117,40.5535],[28.9998,40.5121],[28.9846,40.4841],[28.9898,40.4662],[28.9752,40.4551],[28.9657,40.4617],[28.8986,40.4725],[28.8543,40.5062],[28.7808,40.5181],[28.7804,40.5345],[28.7978,40.5544],[28.9316,40.6006],[28.9525,40.6139],[28.9659,40.6338],[28.9908,40.6442],[29.0471,40.6485],[29.1079,40.6438],[29.138,40.6495],[29.1442,40.6613],[29.1704,40.6554],[29.2806,40.6599],[29.3075,40.6677],[29.3226,40.6807],[29.3448,40.6825],[29.3849,40.7119],[29.3963,40.7121],[29.4205,40.6985],[29.467,40.7062],[29.4835,40.729],[29.5095,40.7398],[29.5143,40.7491],[29.5225,40.7413],[29.5329,40.7476]]]}},{"type":"Feature","properties":{"plaka":78},"geometry":{"type":"Polygon","coordinates":[[[33.001,41.5685],[33.0265,41.575],[33.057,41.5711],[33.0653,41.554],[33.0654,41.4981],[33.0931,41.4811],[33.1038,41.453],[33.1534,41.433],[33.1582,41.4258],[33.1421,41.3816],[33.0964,41.3752],[33.1043,41.3379],[33.0946,41.3246],[33.072,41.3161],[33.0457,41.3209],[32.9901,41.2875],[32.9342,41.273],[32.9285,41.2619],[32.9228,41.2066],[32.9378,41.1832],[32.9617,41.1687],[32.9831,41.1641],[32.9851,41.1462],[33.0132,41.1432],[33.0444,41.1108],[33.0576,41.1064],[33.0524,41.0832],[33.0601,41.0707],[33.087,41.0607],[33.0791,41.0435],[33.0511,41.0216],[33.0329,40.9922],[32.976,40.9709],[32.9085,40.9587],[32.864,40.9538],[32.7946,40.9569],[32.7854,40.9481],[32.7701,40.9074],[32.733,40.8732],[32.6045,40.8281],[32.5917,40.8073],[32.5703,40.7974],[32.5653,40.8205],[32.5305,40.8529],[32.5128,40.8857],[32.4823,40.8858],[32.4369,40.8659],[32.3996,40.8618],[32.3699,40.8608],[32.3428,40.8738],[32.3402,40.8849],[32.3652,40.9485],[32.3641,40.9619],[32.3298,40.9605],[32.3237,40.984],[32.2818,41.0304],[32.245,41.0329],[32.1956,41.0125],[32.1412,41.013],[32.1316,41.044],[32.1064,41.069],[32.1022,41.0836],[32.1069,41.0977],[32.1314,41.1138],[32.1535,41.1396],[32.1445,41.187],[32.1488,41.2172],[32.1903,41.2644],[32.2821,41.2848],[32.323,41.3202],[32.3909,41.3165],[32.6108,41.3576],[32.6264,41.3931],[32.6681,41.423],[32.661,41.4505],[32.6408,41.4834],[32.6419,41.4917],[32.6615,41.5053],[32.7598,41.5136],[32.7965,41.531],[32.8391,41.5705],[32.9156,41.5612],[32.9595,41.583],[33.001,41.5685]]]}},{"type":"Feature","properties":{"plaka":79},"geometry":{"type":"Polygon","coordinates":[[[36.9893,37.0207],[37.004,37.017],[37.0181,36.9953],[37.0635,36.9895],[37.0647,36.9412],[37.0892,36.9129],[37.1216,36.9109],[37.16,36.8905],[37.2075,36.8872],[37.2966,36.8591],[37.3125,36.8284],[37.2952,36.8003],[37.296,36.7883],[37.32,36.7529],[37.3625,36.7291],[37.3801,36.7297],[37.3906,36.7413],[37.3972,36.7598],[37.386,36.7833],[37.3874,36.7959],[37.4,36.807],[37.4072,36.8274],[37.4223,36.8312],[37.4342,36.8263],[37.4639,36.7904],[37.4941,36.7833],[37.5032,36.7675],[37.5051,36.7445],[37.5489,36.7279],[37.5671,36.703],[37.4983,36.6754],[37.489,36.6672],[37.4878,36.65],[37.4723,36.6321],[37.4437,36.6321],[37.4255,36.6428],[37.2793,36.6709],[37.2794,36.664],[37.2729,36.6636],[37.2158,36.6748],[37.1625,36.6555],[37.1421,36.6772],[37.1251,36.6656],[37.1058,36.6717],[37.0992,36.6486],[37.0861,36.6342],[37.057,36.6453],[37.056,36.6557],[37.0207,36.6652],[37.0195,36.683],[37.0124,36.6858],[37.0193,36.6971],[37.0409,36.7046],[37.0503,36.7257],[37.0396,36.7366],[36.9998,36.7399],[36.9935,36.7588],[36.9976,36.7643],[36.9725,36.763],[36.9457,36.7769],[36.9339,36.7735],[36.9346,36.7794],[36.9237,36.786],[36.8934,36.7772],[36.7892,36.7976],[36.753,36.8185],[36.7168,36.8275],[36.7171,36.8555],[36.7736,36.8914],[36.7851,36.9211],[36.8148,36.9205],[36.8261,36.9089],[36.8576,36.8953],[36.8834,36.9013],[36.9029,36.9398],[36.9202,36.9541],[36.9486,37.0129],[36.9893,37.0207]]]}},{"type":"Feature","properties":{"plaka":80},"geometry":{"type":"Polygon","coordinates":[[[36.204,37.7088],[36.2201,37.7072],[36.2336,37.6962],[36.2217,37.6694],[36.2241,37.6625],[36.2656,37.6531],[36.2715,37.6422],[36.2376,37.5239],[36.25,37.495],[36.2476,37.4766],[36.2577,37.4591],[36.255,37.4202],[36.2628,37.4127],[36.2623,37.3827],[36.2779,37.3459],[36.2936,37.3649],[36.3438,37.3584],[36.3558,37.3624],[36.3727,37.3481],[36.4033,37.3522],[36.4153,37.3637],[36.4688,37.3749],[36.4753,37.3854],[36.4752,37.4054],[36.5491,37.4282],[36.5548,37.407],[36.5719,37.3946],[36.5714,37.3803],[36.5898,37.3544],[36.6258,37.3429],[36.6477,37.3479],[36.6414,37.3238],[36.6315,37.3171],[36.6293,37.2956],[36.6697,37.2663],[36.678,37.2567],[36.6743,37.2434],[36.6897,37.2393],[36.6935,37.2168],[36.7054,37.2073],[36.6794,37.183],[36.6265,37.1541],[36.6147,37.1178],[36.5984,37.0912],[36.5804,37.0795],[36.5676,37.0528],[36.5508,37.045],[36.5342,37.025],[36.4984,37.0089],[36.4941,36.9818],[36.4676,36.9591],[36.4714,36.9236],[36.4622,36.9067],[36.4358,36.9275],[36.3575,36.9269],[36.2769,36.954],[36.2756,36.9767],[36.2363,36.9882],[36.2163,37.0059],[36.1425,36.9973],[36.0753,37.0047],[36.0563,36.9996],[36.0484,37.0157],[36.0584,37.0586],[36.0852,37.0693],[36.091,37.0986],[36.0873,37.1349],[36.0936,37.1499],[36.0745,37.1816],[36.0728,37.2022],[36.0368,37.2116],[36.0089,37.2116],[35.9992,37.2217],[35.9857,37.2147],[35.975,37.2208],[35.959,37.2091],[35.946,37.2133],[35.9288,37.1942],[35.8976,37.1847],[35.8985,37.1763],[35.8819,37.1773],[35.8797,37.1901],[35.8877,37.2068],[35.916,37.242],[35.8959,37.3255],[35.9279,37.4105],[35.9293,37.4574],[35.9439,37.4968],[35.9351,37.5252],[35.9596,37.5444],[35.9709,37.564],[35.9975,37.5709],[36.0088,37.5808],[36.0161,37.5965],[36.0381,37.6138],[36.043,37.6396],[36.0656,37.6645],[36.1663,37.7068],[36.204,37.7088]]]}},{"type":"Feature","properties":{"plaka":81},"geometry":{"type":"Polygon","coordinates":[[[31.2791,41.1114],[31.3017,41.0903],[31.3511,41.0885],[31.3809,41.0668],[31.4439,41.0537],[31.4819,41.0199],[31.5204,41.0317],[31.6289,41.0363],[31.7123,41.0317],[31.7693,41.0192],[31.7511,40.9886],[31.6647,40.9559],[31.6353,40.9505],[31.6096,40.9288],[31.6032,40.905],[31.5894,40.9021],[31.5793,40.8909],[31.5204,40.8758],[31.5009,40.8464],[31.4367,40.824],[31.4051,40.7669],[31.3827,40.692],[31.3426,40.646],[31.3033,40.631],[31.2456,40.6328],[31.2162,40.621],[31.1974,40.6226],[31.1615,40.6544],[31.0815,40.6635],[31.051,40.6622],[30.9583,40.6369],[30.9151,40.641],[30.9108,40.6495],[30.9339,40.6806],[30.9397,40.7026],[30.936,40.7212],[30.9265,40.7268],[30.8937,40.719],[30.88,40.7429],[30.8432,40.7395],[30.8292,40.7593],[30.8472,40.7717],[30.84,40.792],[30.8483,40.8007],[30.8695,40.8184],[30.901,40.8214],[30.9097,40.8276],[30.9086,40.8338],[30.902,40.8391],[30.8873,40.8336],[30.8701,40.8379],[30.8709,40.8493],[30.8815,40.8625],[30.875,40.8722],[30.8146,40.8754],[30.813,40.8886],[30.8238,40.9095],[30.8674,40.9195],[30.9635,40.9849],[30.963,40.9933],[30.9513,41.0023],[30.9771,41.0142],[30.9847,41.0279],[31.0035,41.033],[31.0108,41.0452],[31.0053,41.0494],[30.9821,41.0457],[30.978,41.0612],[30.9557,41.0652],[30.9658,41.0744],[31.0006,41.0717],[31.0005,41.0772],[31.0679,41.0816],[31.1269,41.0968],[31.2791,41.1114]]]}}]}