{"type":"FeatureCollection","features":[{"type":"Feature","properties":{"id":"PARCA-34-002-GAZIOSMANPASA-D1","plaka":34,"ilce":"TR-D-34-002","eskiIlce":"Gaziosmanpaşa"},"geometry":{"type":"MultiPolygon","coordinates":[[[[28.6458,41.1789],[28.6478,41.1805],[28.6505,41.1809],[28.6516,41.1798],[28.6548,41.171],[28.6503,41.1696],[28.6466,41.1665],[28.6455,41.1699],[28.6429,41.1697],[28.6449,41.1716],[28.6458,41.1789]]],[[[28.6812,41.1702],[28.6805,41.1737],[28.6784,41.1743],[28.6782,41.1715],[28.6653,41.171],[28.6657,41.1726],[28.6609,41.1733],[28.6602,41.1761],[28.6612,41.1785],[28.6579,41.1774],[28.6536,41.1839],[28.6552,41.186],[28.6516,41.1854],[28.6494,41.1877],[28.6544,41.19],[28.6549,41.1929],[28.6568,41.1953],[28.6574,41.1986],[28.6608,41.2034],[28.6655,41.2077],[28.67,41.2104],[28.6711,41.21],[28.6714,41.213],[28.6739,41.2169],[28.6739,41.2201],[28.6791,41.218],[28.6836,41.2155],[28.6885,41.2184],[28.6858,41.2234],[28.6857,41.2263],[28.6831,41.228],[28.6835,41.2302],[28.6882,41.2315],[28.6919,41.2317],[28.6953,41.2311],[28.7005,41.2321],[28.6995,41.2338],[28.7042,41.2349],[28.7105,41.2347],[28.7191,41.2353],[28.7223,41.2374],[28.7277,41.2385],[28.7294,41.2396],[28.7308,41.2381],[28.7365,41.2421],[28.737,41.248],[28.7363,41.2501],[28.738,41.2527],[28.7407,41.2543],[28.7423,41.2579],[28.7423,41.2617],[28.7454,41.263],[28.7523,41.265],[28.7551,41.2642],[28.7595,41.266],[28.7652,41.2711],[28.7614,41.2749],[28.7616,41.2769],[28.7587,41.2804],[28.7578,41.2832],[28.759,41.2868],[28.7563,41.2878],[28.7556,41.2893],[28.7562,41.2939],[28.758,41.2972],[28.7558,41.3011],[28.7564,41.3048],[28.754,41.3074],[28.7556,41.3116],[28.7583,41.3131],[28.76262,41.32078],[28.7663,41.3171],[28.7855,41.312],[28.78803621908127,41.306270023557126],[28.7865,41.3033],[28.7855,41.3002],[28.7855,41.2968],[28.7837,41.2915],[28.783769744779583,41.28982612529002],[28.783059090909095,41.28724772727274],[28.7824,41.2856],[28.78201419068736,41.28345661492977],[28.781118389385995,41.2802064640543],[28.7783,41.2773],[28.777427692307693,41.27258953846154],[28.777209615384617,41.27222192307693],[28.774257894736834,41.271631578947364],[28.7705,41.2713],[28.770657993730406,41.270911598746075],[28.7706,41.2709],[28.7753,41.2595],[28.78056349522293,41.258697093949046],[28.7834,41.2541],[28.7856,41.2526],[28.786233802816902,41.251036619718306],[28.786912927756653,41.248902227050515],[28.787677037037035,41.24650074074074],[28.787433734939757,41.24491927710843],[28.7861,41.2424],[28.78869350348028,41.23702088167054],[28.7887,41.2368],[28.78905819672131,41.23658005464481],[28.794803529411762,41.23168588235294],[28.7949,41.2313],[28.797160364842455,41.228494029850744],[28.79740136239782,41.22719264305177],[28.7967,41.2263],[28.7978,41.2239],[28.7987,41.2236],[28.8003,41.2224],[28.80426613088405,41.221995292766934],[28.806583333333315,41.221083606557386],[28.81076236039843,41.21861729550256],[28.8113,41.21773846153846],[28.8113,41.2163],[28.813150176678448,41.21471413427561],[28.8153,41.2112],[28.81990373295047,41.2078992103374],[28.820527358778627,41.207148549618324],[28.820164454371408,41.205892342054874],[28.8158,41.2011],[28.818542465753424,41.19698630136986],[28.8183,41.1944],[28.818685191347754,41.19355257903494],[28.81842023809524,41.19124025974026],[28.8182,41.191],[28.81832402234637,41.19040055865922],[28.817906918238997,41.186760377358496],[28.8178,41.1866],[28.8195,41.1835],[28.821124902723742,41.18277782101167],[28.821264237818507,41.182608359409926],[28.8197,41.1786],[28.819975814751288,41.175657975986276],[28.818567379679166,41.17547540106952],[28.8143,41.1757],[28.814833579335794,41.17418819188192],[28.814735509138384,41.172989556135775],[28.8142,41.1697],[28.814336279069767,41.16811007751937],[28.814113186813188,41.1653833943834],[28.8136,41.1643],[28.814138582677167,41.16340236220472],[28.815512978986405,41.15747527812114],[28.815,41.1545],[28.816759152215802,41.152101156069364],[28.817363045912654,41.14949686450168],[28.8179,41.1429],[28.8153,41.1407],[28.8167,41.1398],[28.8182,41.1364],[28.81426666666667,41.13626666666667],[28.812217816091955,41.136222126436785],[28.81025230769231,41.13675130177515],[28.792626763990288,41.14700462287104],[28.7898,41.1488],[28.7838,41.1495],[28.781617105263166,41.149188157894734],[28.7815,41.1492],[28.78146626506024,41.14916660929432],[28.781,41.1491],[28.780905132059267,41.14900412282586],[28.7808,41.149],[28.77773473684207,41.145799999999966],[28.7716,41.1396],[28.769,41.1388],[28.7655,41.1377],[28.7623,41.1356],[28.7582,41.132],[28.75590943005182,41.13155461139897],[28.754170204081632,41.13187306122449],[28.754,41.1321],[28.753327712418304,41.13202732026144],[28.74867976470588,41.13287835294118],[28.747,41.1341],[28.744744787644795,41.13359884169884],[28.73795320158103,41.1348423715415],[28.7379,41.1358],[28.7411,41.1347],[28.7437,41.1356],[28.7456,41.1404],[28.7476,41.1437],[28.7517,41.1438],[28.7483,41.1448],[28.7452,41.1442],[28.7434,41.1468],[28.7436,41.1506],[28.7423,41.1503],[28.7407,41.1475],[28.7412,41.1453],[28.744,41.1425],[28.7407,41.1371],[28.7372,41.1376],[28.7351,41.1395],[28.7359,41.1372],[28.7342,41.136],[28.7327,41.1304],[28.73296391213389,41.125385669456065],[28.732470320855615,41.12379010695187],[28.7307,41.1232],[28.7287,41.119],[28.7236,41.118],[28.7242,41.1155],[28.7216,41.1145],[28.7206,41.1161],[28.7168,41.1166],[28.7151,41.1178],[28.7142,41.1162],[28.708,41.1202],[28.7045,41.1196],[28.7031,41.1207],[28.7017,41.1247],[28.6979,41.1255],[28.6973,41.1274],[28.6935,41.1291],[28.6964,41.1321],[28.6949,41.1332],[28.6971,41.1353],[28.7009,41.1375],[28.7031,41.1397],[28.6998,41.1395],[28.6945,41.1412],[28.6949,41.1433],[28.6945,41.1519],[28.6949,41.1542],[28.6852,41.1538],[28.685,41.1593],[28.6856,41.1611],[28.6842,41.1644],[28.6812,41.1702]]]]}},{"type":"Feature","properties":{"id":"PARCA-34-002-CATALCA-D1","plaka":34,"ilce":"TR-D-34-002","eskiIlce":"Çatalca"},"geometry":{"type":"MultiPolygon","coordinates":[[[[28.63343383595851,41.0900364435267],[28.6333235978836,41.0901926984127],[28.6336,41.0904],[28.632946999999998,41.0907265],[28.613,41.119],[28.612748999354423,41.118867527437054],[28.6125,41.1193],[28.6099,41.1176],[28.60972304379038,41.11727049533381],[28.6094,41.1171],[28.60872432432433,41.11541081081083],[28.607233844406586,41.11263543441227],[28.6045,41.1129],[28.6036,41.1193],[28.5961,41.1228],[28.594563306451615,41.125748790322575],[28.5932,41.1288],[28.592859001512863,41.12901921331316],[28.5924,41.1299],[28.59201952,41.12955888],[28.5918,41.1297],[28.591459459459458,41.12905675675675],[28.5895,41.1273],[28.588711391018624,41.12729123767798],[28.5874,41.1283],[28.586606034482756,41.127267844827585],[28.58584418604652,41.12725937984496],[28.5834,41.1284],[28.5803,41.1277],[28.5777,41.126],[28.5768,41.124],[28.57225919999999,41.11953127619047],[28.569029355860618,41.11795480464625],[28.5686,41.118],[28.56829376073268,41.11759576416714],[28.564,41.1155],[28.569803636363662,41.122512727272756],[28.5734,41.1265],[28.573343790849673,41.126790413943354],[28.5736,41.1271],[28.573583526769,41.12717165855485],[28.5739,41.1274],[28.572738009049775,41.13084966063347],[28.5716,41.1358],[28.570720349761523,41.13683958664548],[28.5707,41.1369],[28.57037777777783,41.137244444444384],[28.567935401974612,41.140130888575456],[28.5708,41.1429],[28.5724,41.1456],[28.5783,41.1501],[28.5815905982906,41.15442478632478],[28.5821,41.1549],[28.58354308681672,41.158110868167206],[28.585883783783782,41.16331891891892],[28.5865,41.164],[28.5912,41.1657],[28.591796551724137,41.16672739463601],[28.5933,41.1675],[28.59376547202797,41.17152167832167],[28.5939,41.172],[28.593987820983127,41.173442773294234],[28.595138725023787,41.18338658420552],[28.5958,41.1891],[28.5875,41.2047],[28.5824,41.2265],[28.58144370860927,41.22746887417219],[28.5809,41.2291],[28.579591633466137,41.229345318725095],[28.57926985172982,41.229671334431636],[28.5792,41.2303],[28.5765336621455,41.23244352651048],[28.5748,41.2342],[28.574985543644715,41.23516339969372],[28.577,41.2369],[28.577,41.2402],[28.576132010943912,41.24111621067031],[28.5774,41.2477],[28.576595867768596,41.24827438016529],[28.5767,41.2485],[28.57605384615385,41.24866153846153],[28.5753,41.2492],[28.5755,41.2576],[28.574607011070118,41.25787427517132],[28.5729,41.2595],[28.5683,41.2605],[28.56668795986622,41.260306555183945],[28.56277272727276,41.26150909090908],[28.5621,41.2618],[28.561933802816895,41.26176676056338],[28.5615,41.2619],[28.557282994454713,41.261416081330864],[28.5561,41.2617],[28.554827071823205,41.26113425414365],[28.5493,41.2605],[28.54432410950839,41.27192007653812],[28.54347886454798,41.27647500771367],[28.5464,41.2777],[28.5512,41.2794],[28.5506,41.2815],[28.5516,41.2843],[28.551050591016548,41.28751796690307],[28.55118578512397,41.2887685123967],[28.5547,41.2933],[28.5556,41.2966],[28.555,41.3008],[28.5568,41.3079],[28.5587,41.3088],[28.5591,41.3117],[28.5626,41.3128],[28.5663,41.3114],[28.571,41.3087],[28.5717,41.3042],[28.5695,41.2984],[28.571,41.2952],[28.5739,41.296],[28.5744,41.2981],[28.5759,41.3],[28.5788,41.3012],[28.5802,41.3002],[28.5837,41.301],[28.5889,41.3007],[28.5919,41.3021],[28.5958,41.2986],[28.6017,41.298],[28.6058,41.2963],[28.609,41.2973],[28.6117,41.302],[28.6188,41.3038],[28.6234,41.3035],[28.6282,41.3057],[28.6307,41.3097],[28.633,41.3085],[28.6389,41.3072],[28.643,41.3073],[28.6471,41.3058],[28.6508,41.3053],[28.6519,41.3043],[28.6496,41.3017],[28.6501,41.2998],[28.655,41.3024],[28.6593,41.3031],[28.6582,41.3058],[28.66,41.3068],[28.6633,41.3065],[28.668,41.3048],[28.6722,41.2993],[28.6738,41.297],[28.6714,41.2918],[28.672,41.2876],[28.6708,41.2861],[28.6702,41.2797],[28.6717,41.2757],[28.6713,41.2713],[28.6689,41.2681],[28.6693,41.2665],[28.6733,41.2642],[28.6789,41.2625],[28.6803,41.2597],[28.68,41.2576],[28.6781,41.255],[28.677,41.2516],[28.6773,41.2464],[28.6728,41.2422],[28.6701,41.2377],[28.6697,41.2328],[28.6742,41.223],[28.6739,41.2201],[28.6739,41.2169],[28.6714,41.213],[28.6711,41.21],[28.67,41.2104],[28.6655,41.2077],[28.6608,41.2034],[28.6574,41.1986],[28.6568,41.1953],[28.6549,41.1929],[28.6544,41.19],[28.6494,41.1877],[28.6436,41.1946],[28.6422,41.1942],[28.6429,41.1896],[28.6478,41.1831],[28.6478,41.1805],[28.6458,41.1789],[28.6449,41.1716],[28.6429,41.1697],[28.6455,41.1699],[28.6466,41.1665],[28.6503,41.1696],[28.6548,41.171],[28.6561,41.1693],[28.6578,41.164],[28.6565,41.1603],[28.6592,41.1583],[28.6601,41.1553],[28.6628,41.153],[28.6654,41.1481],[28.6639,41.146],[28.6671,41.1462],[28.6687,41.1436],[28.6724,41.1407],[28.6758,41.1397],[28.6778,41.1365],[28.6822,41.1327],[28.6822,41.1271],[28.6839,41.1267],[28.6846,41.1245],[28.679,41.1192],[28.677408108108107,41.116686486486486],[28.6771,41.1164],[28.677055825242718,41.11616213592233],[28.6743,41.1138],[28.6742,41.1119],[28.676116022099446,41.11110165745856],[28.675905277525022,41.10996687898089],[28.67390851063831,41.10914468085107],[28.6716,41.1084],[28.669833333333305,41.10746666666665],[28.6687,41.107],[28.668292322964938,41.106652547981476],[28.6663,41.1056],[28.6622,41.1019],[28.6606,41.1015],[28.658981483679522,41.099780326409494],[28.6445,41.1042],[28.643341379310346,41.102462068965515],[28.64292222222222,41.10183333333333],[28.6399,41.0981],[28.6399,41.0962],[28.6361,41.0953],[28.6356835125448,41.094010872162485],[28.63343383595851,41.0900364435267]]],[[[28.6945,41.1519],[28.6949,41.1433],[28.6945,41.1412],[28.6998,41.1395],[28.7031,41.1397],[28.7009,41.1375],[28.6971,41.1353],[28.6949,41.1332],[28.6964,41.1321],[28.6935,41.1291],[28.6885,41.1318],[28.6911,41.1357],[28.6883,41.1336],[28.6867,41.1336],[28.6828,41.14],[28.6836,41.1451],[28.6827,41.1469],[28.6797,41.1434],[28.6747,41.1463],[28.6724,41.1497],[28.6696,41.1514],[28.6677,41.1549],[28.6665,41.1548],[28.6647,41.1576],[28.6633,41.1617],[28.6621,41.1671],[28.6642,41.1686],[28.6618,41.1702],[28.6609,41.1733],[28.6657,41.1726],[28.6653,41.171],[28.6782,41.1715],[28.6784,41.1743],[28.6805,41.1737],[28.6812,41.1702],[28.6842,41.1644],[28.6856,41.1611],[28.685,41.1593],[28.6852,41.1538],[28.6949,41.1542],[28.6945,41.1519]]],[[[28.7551,41.32],[28.7626,41.3208],[28.76262,41.32078],[28.7583,41.3131],[28.7556,41.3116],[28.754,41.3074],[28.7564,41.3048],[28.7558,41.3011],[28.758,41.2972],[28.7562,41.2939],[28.7556,41.2893],[28.7563,41.2878],[28.759,41.2868],[28.7578,41.2832],[28.7587,41.2804],[28.7616,41.2769],[28.7614,41.2749],[28.7652,41.2711],[28.7595,41.266],[28.7551,41.2642],[28.7523,41.265],[28.7454,41.263],[28.7462,41.2659],[28.7443,41.2704],[28.7459,41.2771],[28.7433,41.2821],[28.7406,41.2809],[28.74,41.2823],[28.7373,41.2833],[28.7365,41.2866],[28.7323,41.2884],[28.7241,41.2874],[28.72,41.2863],[28.7167,41.2797],[28.7112,41.2778],[28.7085,41.2782],[28.7048,41.2804],[28.7036,41.2827],[28.6989,41.2847],[28.6981,41.2878],[28.6938,41.2907],[28.6918,41.2929],[28.6855,41.2956],[28.68,41.2955],[28.6774,41.2961],[28.6746,41.2997],[28.6742,41.3002],[28.6746,41.3019],[28.6785,41.3038],[28.6866,41.3069],[28.6877,41.3079],[28.6866,41.3092],[28.6877,41.3135],[28.6835,41.3128],[28.6865,41.3185],[28.6891,41.3216],[28.692,41.3239],[28.6914,41.3272],[28.6853,41.3299],[28.6808,41.3303],[28.672,41.3339],[28.6686,41.3357],[28.6629,41.3342],[28.6606,41.3377],[28.6626,41.341],[28.6601,41.3422],[28.6589,41.345],[28.655,41.3457],[28.6439,41.3445],[28.6322,41.3381],[28.6281,41.3377],[28.624,41.3385],[28.6205,41.3381],[28.620748275862066,41.33965172413793],[28.6229,41.3427],[28.622767403314917,41.3428408839779],[28.6229,41.343],[28.621299999999987,41.344400000000014],[28.61835945945946,41.347524324324326],[28.61855283018868,41.347766037735845],[28.62031538461539,41.34763384615384],[28.6214,41.3472],[28.6214,41.3475525],[28.6221,41.3475],[28.6214,41.34951999999999],[28.6214,41.3522],[28.620414360770578,41.352364273204905],[28.619543041606885,41.35487865136298],[28.6219,41.3559],[28.6273,41.3539],[28.6379,41.3508],[28.643767277486905,41.349475130890056],[28.644,41.3494],[28.65225186868686,41.349330656565655],[28.6541,41.3486],[28.6563,41.3491],[28.6579,41.3478],[28.6694,41.3435],[28.671359036144594,41.34325512048193],[28.6715,41.3432],[28.67176190476188,41.343204761904765],[28.6742,41.3429],[28.676477966101697,41.343290508474574],[28.677,41.3433],[28.67704375,41.3433875],[28.6777,41.3435],[28.68,41.3464],[28.6792,41.3476],[28.682353191489383,41.34834680851064],[28.683014213197968,41.348482402707276],[28.6851,41.3459],[28.6877,41.3453],[28.6839,41.3447],[28.68394876160991,41.344628018575854],[28.6838,41.3447],[28.684833333333323,41.34332222222224],[28.686,41.3416],[28.686187165775404,41.341517112299464],[28.6862,41.3415],[28.68641176470582,41.34141764705885],[28.693,41.3385],[28.7017,41.3354],[28.705767741935475,41.33389032258065],[28.7258,41.3261],[28.72689050022947,41.32638012849931],[28.7281,41.326],[28.7315,41.3263],[28.7353,41.3279],[28.7434,41.3248],[28.7478497714698,41.32350690401732],[28.7551,41.32]]]]}},{"type":"Feature","properties":{"id":"BELIRSIZ-34-002-D1","plaka":34,"ilce":"TR-D-34-002","eskiIlce":null},"geometry":{"type":"MultiPolygon","coordinates":[[[[28.60872432432433,41.11541081081083],[28.6076,41.1126],[28.607233844406586,41.11263543441227],[28.60872432432433,41.11541081081083]]],[[[28.6125,41.1193],[28.612748999354423,41.118867527437054],[28.60972304379038,41.11727049533381],[28.6099,41.1176],[28.6125,41.1193]]],[[[28.5834,41.1284],[28.58584418604652,41.12725937984496],[28.5805,41.1272],[28.5724,41.1196],[28.57225919999999,41.11953127619047],[28.5768,41.124],[28.5777,41.126],[28.5803,41.1277],[28.5834,41.1284]]],[[[28.592859001512863,41.12901921331316],[28.5932,41.1288],[28.594563306451615,41.125748790322575],[28.592859001512863,41.12901921331316]]],[[[28.586606034482756,41.127267844827585],[28.5874,41.1283],[28.588711391018624,41.12729123767798],[28.586606034482756,41.127267844827585]]],[[[28.572738009049775,41.13084966063347],[28.5739,41.1274],[28.573583526769,41.12717165855485],[28.572738009049775,41.13084966063347]]],[[[28.5672,41.141],[28.5815905982906,41.15442478632478],[28.5783,41.1501],[28.5724,41.1456],[28.5708,41.1429],[28.567935401974612,41.140130888575456],[28.5672,41.141]]],[[[28.5861,41.1638],[28.591796551724137,41.16672739463601],[28.5912,41.1657],[28.5865,41.164],[28.585883783783782,41.16331891891892],[28.5861,41.1638]]],[[[28.579591633466137,41.229345318725095],[28.5809,41.2291],[28.58144370860927,41.22746887417219],[28.579591633466137,41.229345318725095]]],[[[28.5765336621455,41.23244352651048],[28.5792,41.2303],[28.57926985172982,41.229671334431636],[28.5765336621455,41.23244352651048]]],[[[28.577,41.2369],[28.574985543644715,41.23516339969372],[28.576132010943912,41.24111621067031],[28.577,41.2402],[28.577,41.2369]]],[[[28.5729,41.2595],[28.574607011070118,41.25787427517132],[28.56668795986622,41.260306555183945],[28.5683,41.2605],[28.5729,41.2595]]],[[[28.554827071823205,41.26113425414365],[28.5561,41.2617],[28.557282994454713,41.261416081330864],[28.554827071823205,41.26113425414365]]],[[[28.5506,41.2815],[28.5512,41.2794],[28.5464,41.2777],[28.54347886454798,41.27647500771367],[28.5434,41.2769],[28.5493,41.2791],[28.54967263615102,41.2810220180421],[28.5504,41.2815],[28.551050591016548,41.28751796690307],[28.5516,41.2843],[28.5506,41.2815]]],[[[28.5724,41.3429],[28.59183707518019,41.33652986611742],[28.6038,41.3315],[28.606493877551028,41.33172637626479],[28.6081,41.3312],[28.6157,41.3325],[28.620748275862066,41.33965172413793],[28.6205,41.3381],[28.624,41.3385],[28.6281,41.3377],[28.6322,41.3381],[28.6439,41.3445],[28.655,41.3457],[28.6589,41.345],[28.6601,41.3422],[28.6626,41.341],[28.6606,41.3377],[28.6629,41.3342],[28.6686,41.3357],[28.672,41.3339],[28.6808,41.3303],[28.6853,41.3299],[28.6914,41.3272],[28.692,41.3239],[28.6891,41.3216],[28.6865,41.3185],[28.6835,41.3128],[28.6877,41.3135],[28.6866,41.3092],[28.6877,41.3079],[28.6866,41.3069],[28.6785,41.3038],[28.6746,41.3019],[28.6742,41.3002],[28.6746,41.2997],[28.6774,41.2961],[28.68,41.2955],[28.6855,41.2956],[28.6918,41.2929],[28.6938,41.2907],[28.6981,41.2878],[28.6989,41.2847],[28.7036,41.2827],[28.7048,41.2804],[28.7085,41.2782],[28.7112,41.2778],[28.7167,41.2797],[28.72,41.2863],[28.7241,41.2874],[28.7323,41.2884],[28.7365,41.2866],[28.7373,41.2833],[28.74,41.2823],[28.7406,41.2809],[28.7433,41.2821],[28.7459,41.2771],[28.7443,41.2704],[28.7462,41.2659],[28.7454,41.263],[28.7423,41.2617],[28.7423,41.2579],[28.7407,41.2543],[28.738,41.2527],[28.7363,41.2501],[28.737,41.248],[28.7365,41.2421],[28.7308,41.2381],[28.7294,41.2396],[28.7277,41.2385],[28.7223,41.2374],[28.7191,41.2353],[28.7105,41.2347],[28.7042,41.2349],[28.6995,41.2338],[28.7005,41.2321],[28.6953,41.2311],[28.6919,41.2317],[28.6882,41.2315],[28.6835,41.2302],[28.6831,41.228],[28.6857,41.2263],[28.6858,41.2234],[28.6885,41.2184],[28.6836,41.2155],[28.6791,41.218],[28.6739,41.2201],[28.6742,41.223],[28.6697,41.2328],[28.6701,41.2377],[28.6728,41.2422],[28.6773,41.2464],[28.677,41.2516],[28.6781,41.255],[28.68,41.2576],[28.6803,41.2597],[28.6789,41.2625],[28.6733,41.2642],[28.6693,41.2665],[28.6689,41.2681],[28.6713,41.2713],[28.6717,41.2757],[28.6702,41.2797],[28.6708,41.2861],[28.672,41.2876],[28.6714,41.2918],[28.6738,41.297],[28.6722,41.2993],[28.668,41.3048],[28.6633,41.3065],[28.66,41.3068],[28.6582,41.3058],[28.6593,41.3031],[28.655,41.3024],[28.6501,41.2998],[28.6496,41.3017],[28.6519,41.3043],[28.6508,41.3053],[28.6471,41.3058],[28.643,41.3073],[28.6389,41.3072],[28.633,41.3085],[28.6307,41.3097],[28.6282,41.3057],[28.6234,41.3035],[28.6188,41.3038],[28.6117,41.302],[28.609,41.2973],[28.6058,41.2963],[28.6017,41.298],[28.5958,41.2986],[28.5919,41.3021],[28.5889,41.3007],[28.5837,41.301],[28.5802,41.3002],[28.5788,41.3012],[28.5759,41.3],[28.5744,41.2981],[28.5739,41.296],[28.571,41.2952],[28.5695,41.2984],[28.5717,41.3042],[28.571,41.3087],[28.5663,41.3114],[28.5626,41.3128],[28.5591,41.3117],[28.5587,41.3088],[28.5568,41.3079],[28.555,41.3008],[28.5556,41.2966],[28.5547,41.2933],[28.55118578512397,41.2887685123967],[28.5512,41.2889],[28.5549,41.2944],[28.5545,41.3029],[28.562010238022577,41.32927316142813],[28.567078186968843,41.33729206798868],[28.5724,41.3429]]],[[[28.621299999999987,41.344400000000014],[28.6229,41.343],[28.622767403314917,41.3428408839779],[28.621299999999987,41.344400000000014]]],[[[28.6214,41.3475525],[28.6214,41.3472],[28.62031538461539,41.34763384615384],[28.6214,41.3475525]]],[[[28.620414360770578,41.352364273204905],[28.6214,41.3522],[28.6214,41.34951999999999],[28.620414360770578,41.352364273204905]]],[[[28.6186,41.3576],[28.643767277486905,41.349475130890056],[28.6379,41.3508],[28.6273,41.3539],[28.6219,41.3559],[28.619543041606885,41.35487865136298],[28.6186,41.3576]]],[[[28.632946999999998,41.0907265],[28.6336,41.0904],[28.6333235978836,41.0901926984127],[28.632946999999998,41.0907265]]],[[[28.6399,41.0981],[28.64292222222222,41.10183333333333],[28.6403,41.0979],[28.64174742850418,41.096439531599394],[28.6363,41.0951],[28.6356835125448,41.094010872162485],[28.6361,41.0953],[28.6399,41.0962],[28.6399,41.0981]]],[[[28.668292322964938,41.106652547981476],[28.6599,41.0995],[28.658981483679522,41.099780326409494],[28.6606,41.1015],[28.6622,41.1019],[28.6663,41.1056],[28.668292322964938,41.106652547981476]]],[[[28.669833333333305,41.10746666666665],[28.6716,41.1084],[28.67390851063831,41.10914468085107],[28.669833333333305,41.10746666666665]]],[[[28.6743,41.1138],[28.677055825242718,41.11616213592233],[28.676116022099446,41.11110165745856],[28.6742,41.1119],[28.6743,41.1138]]],[[[28.744744787644795,41.13359884169884],[28.747,41.1341],[28.74867976470588,41.13287835294118],[28.744744787644795,41.13359884169884]]],[[[28.7372,41.1376],[28.7407,41.1371],[28.744,41.1425],[28.7412,41.1453],[28.7407,41.1475],[28.7423,41.1503],[28.7436,41.1506],[28.7434,41.1468],[28.7452,41.1442],[28.7483,41.1448],[28.7517,41.1438],[28.7476,41.1437],[28.7456,41.1404],[28.7437,41.1356],[28.7411,41.1347],[28.7379,41.1358],[28.73795320158103,41.1348423715415],[28.736,41.1352],[28.73296391213389,41.125385669456065],[28.7327,41.1304],[28.7342,41.136],[28.7359,41.1372],[28.7351,41.1395],[28.7372,41.1376]]],[[[28.769,41.1388],[28.7716,41.1396],[28.77773473684207,41.145799999999966],[28.7717,41.1395],[28.7573,41.1313],[28.75590943005182,41.13155461139897],[28.7582,41.132],[28.7623,41.1356],[28.7655,41.1377],[28.769,41.1388]]],[[[28.6846,41.1245],[28.6839,41.1267],[28.6822,41.1271],[28.6822,41.1327],[28.6778,41.1365],[28.6758,41.1397],[28.6724,41.1407],[28.6687,41.1436],[28.6671,41.1462],[28.6639,41.146],[28.6654,41.1481],[28.6628,41.153],[28.6601,41.1553],[28.6592,41.1583],[28.6565,41.1603],[28.6578,41.164],[28.6561,41.1693],[28.6548,41.171],[28.6516,41.1798],[28.6505,41.1809],[28.6478,41.1805],[28.6478,41.1831],[28.6429,41.1896],[28.6422,41.1942],[28.6436,41.1946],[28.6494,41.1877],[28.6516,41.1854],[28.6552,41.186],[28.6536,41.1839],[28.6579,41.1774],[28.6612,41.1785],[28.6602,41.1761],[28.6609,41.1733],[28.6618,41.1702],[28.6642,41.1686],[28.6621,41.1671],[28.6633,41.1617],[28.6647,41.1576],[28.6665,41.1548],[28.6677,41.1549],[28.6696,41.1514],[28.6724,41.1497],[28.6747,41.1463],[28.6797,41.1434],[28.6827,41.1469],[28.6836,41.1451],[28.6828,41.14],[28.6867,41.1336],[28.6883,41.1336],[28.6911,41.1357],[28.6885,41.1318],[28.6935,41.1291],[28.6973,41.1274],[28.6979,41.1255],[28.7017,41.1247],[28.7031,41.1207],[28.7045,41.1196],[28.708,41.1202],[28.7142,41.1162],[28.7151,41.1178],[28.7168,41.1166],[28.7206,41.1161],[28.7216,41.1145],[28.7242,41.1155],[28.7236,41.118],[28.7287,41.119],[28.7307,41.1232],[28.732470320855615,41.12379010695187],[28.7317,41.1213],[28.72138383189844,41.111957055304245],[28.7094,41.1136],[28.6885,41.127],[28.677408108108107,41.116686486486486],[28.679,41.1192],[28.6846,41.1245]]],[[[28.770657993730406,41.270911598746075],[28.7705,41.2713],[28.774257894736834,41.271631578947364],[28.770657993730406,41.270911598746075]]],[[[28.72689050022947,41.32638012849931],[28.7367,41.3289],[28.7478497714698,41.32350690401732],[28.7434,41.3248],[28.7353,41.3279],[28.7315,41.3263],[28.7281,41.326],[28.72689050022947,41.32638012849931]]],[[[28.693,41.3385],[28.68641176470582,41.34141764705885],[28.705767741935475,41.33389032258065],[28.7017,41.3354],[28.693,41.3385]]],[[[28.686187165775404,41.341517112299464],[28.686,41.3416],[28.684833333333323,41.34332222222224],[28.686187165775404,41.341517112299464]]],[[[28.676477966101697,41.343290508474574],[28.6742,41.3429],[28.67176190476188,41.343204761904765],[28.676477966101697,41.343290508474574]]],[[[28.6877,41.3453],[28.6851,41.3459],[28.683014213197968,41.348482402707276],[28.6831,41.3485],[28.6878,41.3453],[28.6869,41.3432],[28.68394876160991,41.344628018575854],[28.6839,41.3447],[28.6877,41.3453]]],[[[28.6792,41.3477],[28.682353191489383,41.34834680851064],[28.6792,41.3476],[28.68,41.3464],[28.6777,41.3435],[28.67704375,41.3433875],[28.6792,41.3477]]],[[[28.65225186868686,41.349330656565655],[28.6559,41.3493],[28.671359036144594,41.34325512048193],[28.6694,41.3435],[28.6579,41.3478],[28.6563,41.3491],[28.6541,41.3486],[28.65225186868686,41.349330656565655]]],[[[28.8112,41.1362],[28.81025230769231,41.13675130177515],[28.812217816091955,41.136222126436785],[28.8112,41.1362]]],[[[28.817363045912654,41.14949686450168],[28.8204,41.1364],[28.81426666666667,41.13626666666667],[28.8182,41.1364],[28.8167,41.1398],[28.8153,41.1407],[28.8179,41.1429],[28.817363045912654,41.14949686450168]]],[[[28.7898,41.1488],[28.792626763990288,41.14700462287104],[28.7904,41.1483],[28.786978101797054,41.14864603464974],[28.7859,41.1492],[28.782729513343796,41.149075667189955],[28.781617105263166,41.149188157894734],[28.7838,41.1495],[28.7898,41.1488]]],[[[28.816759152215802,41.152101156069364],[28.815,41.1545],[28.815512978986405,41.15747527812114],[28.816759152215802,41.152101156069364]]],[[[28.814138582677167,41.16340236220472],[28.8136,41.1643],[28.814113186813188,41.1653833943834],[28.814,41.164],[28.814138582677167,41.16340236220472]]],[[[28.814336279069767,41.16811007751937],[28.8142,41.1697],[28.814735509138384,41.172989556135775],[28.814336279069767,41.16811007751937]]],[[[28.8143,41.1757],[28.818567379679166,41.17547540106952],[28.8149,41.175],[28.814833579335794,41.17418819188192],[28.8143,41.1757]]],[[[28.8203,41.1757],[28.819975814751288,41.175657975986276],[28.8197,41.1786],[28.821264237818507,41.182608359409926],[28.8216,41.1822],[28.8203,41.1757]]],[[[28.821124902723742,41.18277782101167],[28.8195,41.1835],[28.8178,41.1866],[28.817906918238997,41.186760377358496],[28.8179,41.1867],[28.821124902723742,41.18277782101167]]],[[[28.8183,41.1944],[28.818542465753424,41.19698630136986],[28.819,41.1963],[28.818685191347754,41.19355257903494],[28.8183,41.1944]]],[[[28.813150176678448,41.21471413427561],[28.8113,41.2163],[28.8113,41.21773846153846],[28.813150176678448,41.21471413427561]]],[[[28.8101,41.2197],[28.81076236039843,41.21861729550256],[28.806583333333315,41.221083606557386],[28.8101,41.2197]]],[[[28.79740136239782,41.22719264305177],[28.7979,41.2245],[28.80426613088405,41.221995292766934],[28.8003,41.2224],[28.7987,41.2236],[28.7978,41.2239],[28.7967,41.2263],[28.79740136239782,41.22719264305177]]],[[[28.7949,41.2313],[28.794803529411762,41.23168588235294],[28.7969,41.2299],[28.797160364842455,41.228494029850744],[28.7949,41.2313]]],[[[28.7879,41.2458],[28.787433734939757,41.24491927710843],[28.787677037037035,41.24650074074074],[28.7879,41.2458]]],[[[28.7812,41.2586],[28.7858,41.2524],[28.786233802816902,41.251036619718306],[28.7856,41.2526],[28.7834,41.2541],[28.78056349522293,41.258697093949046],[28.7812,41.2586]]],[[[28.779604938271603,41.276259753086414],[28.777427692307693,41.27258953846154],[28.7783,41.2773],[28.781118389385995,41.2802064640543],[28.780539123691355,41.27810476929042],[28.779604938271603,41.276259753086414]]],[[[28.78201419068736,41.28345661492977],[28.7824,41.2856],[28.783059090909095,41.28724772727274],[28.78201419068736,41.28345661492977]]],[[[28.78803621908127,41.306270023557126],[28.7882,41.3059],[28.783769744779583,41.28982612529002],[28.7837,41.2915],[28.7855,41.2968],[28.7855,41.3002],[28.7865,41.3033],[28.78803621908127,41.306270023557126]]]]}},{"type":"Feature","properties":{"id":"PARCA-34-002-GAZIOSMANPASA-D2","plaka":34,"ilce":"TR-D-34-002","eskiIlce":"Gaziosmanpaşa"},"geometry":{"type":"MultiPolygon","coordinates":[[[[28.6458,41.1789],[28.6478,41.1805],[28.6505,41.1809],[28.6516,41.1798],[28.6548,41.171],[28.6503,41.1696],[28.6466,41.1665],[28.6455,41.1699],[28.6429,41.1697],[28.6449,41.1716],[28.6458,41.1789]]],[[[28.6812,41.1702],[28.6805,41.1737],[28.6784,41.1743],[28.6782,41.1715],[28.6653,41.171],[28.6657,41.1726],[28.6609,41.1733],[28.6602,41.1761],[28.6612,41.1785],[28.6579,41.1774],[28.6536,41.1839],[28.6552,41.186],[28.6516,41.1854],[28.6494,41.1877],[28.6544,41.19],[28.6549,41.1929],[28.6568,41.1953],[28.6574,41.1986],[28.6608,41.2034],[28.6655,41.2077],[28.67,41.2104],[28.6711,41.21],[28.6714,41.213],[28.6739,41.2169],[28.6739,41.2201],[28.6742,41.223],[28.6697,41.2328],[28.6701,41.2377],[28.6728,41.2422],[28.6773,41.2464],[28.677,41.2516],[28.6781,41.255],[28.68,41.2576],[28.6803,41.2597],[28.6789,41.2625],[28.6733,41.2642],[28.6693,41.2665],[28.6689,41.2681],[28.6713,41.2713],[28.6717,41.2757],[28.6702,41.2797],[28.6708,41.2861],[28.672,41.2876],[28.6714,41.2918],[28.6738,41.297],[28.6722,41.2993],[28.6742,41.3002],[28.6746,41.2997],[28.6774,41.2961],[28.68,41.2955],[28.6855,41.2956],[28.6918,41.2929],[28.6938,41.2907],[28.6981,41.2878],[28.6989,41.2847],[28.7036,41.2827],[28.7048,41.2804],[28.7085,41.2782],[28.7112,41.2778],[28.7167,41.2797],[28.72,41.2863],[28.7241,41.2874],[28.7323,41.2884],[28.7365,41.2866],[28.7373,41.2833],[28.74,41.2823],[28.7406,41.2809],[28.7433,41.2821],[28.7459,41.2771],[28.7443,41.2704],[28.7462,41.2659],[28.7454,41.263],[28.7523,41.265],[28.7551,41.2642],[28.7595,41.266],[28.7652,41.2711],[28.7614,41.2749],[28.7616,41.2769],[28.7587,41.2804],[28.7578,41.2832],[28.759,41.2868],[28.7563,41.2878],[28.7556,41.2893],[28.7562,41.2939],[28.758,41.2972],[28.7558,41.3011],[28.7564,41.3048],[28.754,41.3074],[28.7556,41.3116],[28.7583,41.3131],[28.76262,41.32078],[28.7663,41.3171],[28.7855,41.312],[28.78803621908127,41.306270023557126],[28.7865,41.3033],[28.7855,41.3002],[28.7855,41.2968],[28.7837,41.2915],[28.783769744779583,41.28982612529002],[28.783059090909095,41.28724772727274],[28.7824,41.2856],[28.78201419068736,41.28345661492977],[28.781118389385995,41.2802064640543],[28.7783,41.2773],[28.777427692307693,41.27258953846154],[28.777209615384617,41.27222192307693],[28.774257894736834,41.271631578947364],[28.7705,41.2713],[28.770657993730406,41.270911598746075],[28.7706,41.2709],[28.7753,41.2595],[28.78056349522293,41.258697093949046],[28.7834,41.2541],[28.7856,41.2526],[28.786233802816902,41.251036619718306],[28.786912927756653,41.248902227050515],[28.787677037037035,41.24650074074074],[28.787433734939757,41.24491927710843],[28.7861,41.2424],[28.78869350348028,41.23702088167054],[28.7887,41.2368],[28.78905819672131,41.23658005464481],[28.794803529411762,41.23168588235294],[28.7949,41.2313],[28.797160364842455,41.228494029850744],[28.79740136239782,41.22719264305177],[28.7967,41.2263],[28.7978,41.2239],[28.7987,41.2236],[28.8003,41.2224],[28.80426613088405,41.221995292766934],[28.806583333333315,41.221083606557386],[28.81076236039843,41.21861729550256],[28.8113,41.21773846153846],[28.8113,41.2163],[28.813150176678448,41.21471413427561],[28.8153,41.2112],[28.81990373295047,41.2078992103374],[28.820527358778627,41.207148549618324],[28.820164454371408,41.205892342054874],[28.8158,41.2011],[28.818542465753424,41.19698630136986],[28.8183,41.1944],[28.818685191347754,41.19355257903494],[28.81842023809524,41.19124025974026],[28.8182,41.191],[28.81832402234637,41.19040055865922],[28.817906918238997,41.186760377358496],[28.8178,41.1866],[28.8195,41.1835],[28.821124902723742,41.18277782101167],[28.821264237818507,41.182608359409926],[28.8197,41.1786],[28.819975814751288,41.175657975986276],[28.818567379679166,41.17547540106952],[28.8143,41.1757],[28.814833579335794,41.17418819188192],[28.814735509138384,41.172989556135775],[28.8142,41.1697],[28.814336279069767,41.16811007751937],[28.814113186813188,41.1653833943834],[28.8136,41.1643],[28.814138582677167,41.16340236220472],[28.815512978986405,41.15747527812114],[28.815,41.1545],[28.816759152215802,41.152101156069364],[28.817363045912654,41.14949686450168],[28.8179,41.1429],[28.8153,41.1407],[28.8167,41.1398],[28.8182,41.1364],[28.81426666666667,41.13626666666667],[28.812217816091955,41.136222126436785],[28.81025230769231,41.13675130177515],[28.792626763990288,41.14700462287104],[28.7898,41.1488],[28.7838,41.1495],[28.781617105263166,41.149188157894734],[28.7815,41.1492],[28.78146626506024,41.14916660929432],[28.781,41.1491],[28.780905132059267,41.14900412282586],[28.7808,41.149],[28.77773473684207,41.145799999999966],[28.7716,41.1396],[28.769,41.1388],[28.7655,41.1377],[28.7623,41.1356],[28.7582,41.132],[28.75590943005182,41.13155461139897],[28.754170204081632,41.13187306122449],[28.754,41.1321],[28.753327712418304,41.13202732026144],[28.74867976470588,41.13287835294118],[28.747,41.1341],[28.744744787644795,41.13359884169884],[28.73795320158103,41.1348423715415],[28.7379,41.1358],[28.7411,41.1347],[28.7437,41.1356],[28.7456,41.1404],[28.7476,41.1437],[28.7517,41.1438],[28.7483,41.1448],[28.7452,41.1442],[28.7434,41.1468],[28.7436,41.1506],[28.7423,41.1503],[28.7407,41.1475],[28.7412,41.1453],[28.744,41.1425],[28.7407,41.1371],[28.7372,41.1376],[28.7351,41.1395],[28.7359,41.1372],[28.7342,41.136],[28.7327,41.1304],[28.73296391213389,41.125385669456065],[28.732470320855615,41.12379010695187],[28.7307,41.1232],[28.7287,41.119],[28.7236,41.118],[28.7242,41.1155],[28.7216,41.1145],[28.7206,41.1161],[28.7168,41.1166],[28.7151,41.1178],[28.7142,41.1162],[28.708,41.1202],[28.7045,41.1196],[28.7031,41.1207],[28.7017,41.1247],[28.6979,41.1255],[28.6973,41.1274],[28.6935,41.1291],[28.6964,41.1321],[28.6949,41.1332],[28.6971,41.1353],[28.7009,41.1375],[28.7031,41.1397],[28.6998,41.1395],[28.6945,41.1412],[28.6949,41.1433],[28.6945,41.1519],[28.6949,41.1542],[28.6852,41.1538],[28.685,41.1593],[28.6856,41.1611],[28.6842,41.1644],[28.6812,41.1702]]]]}},{"type":"Feature","properties":{"id":"PARCA-34-002-CATALCA-D2","plaka":34,"ilce":"TR-D-34-002","eskiIlce":"Çatalca"},"geometry":{"type":"MultiPolygon","coordinates":[[[[28.63343383595851,41.0900364435267],[28.6333235978836,41.0901926984127],[28.6336,41.0904],[28.632946999999998,41.0907265],[28.613,41.119],[28.612748999354423,41.118867527437054],[28.6125,41.1193],[28.6099,41.1176],[28.60972304379038,41.11727049533381],[28.6094,41.1171],[28.60872432432433,41.11541081081083],[28.607233844406586,41.11263543441227],[28.6045,41.1129],[28.6036,41.1193],[28.5961,41.1228],[28.594563306451615,41.125748790322575],[28.5932,41.1288],[28.592859001512863,41.12901921331316],[28.5924,41.1299],[28.59201952,41.12955888],[28.5918,41.1297],[28.591459459459458,41.12905675675675],[28.5895,41.1273],[28.588711391018624,41.12729123767798],[28.5874,41.1283],[28.586606034482756,41.127267844827585],[28.58584418604652,41.12725937984496],[28.5834,41.1284],[28.5803,41.1277],[28.5777,41.126],[28.5768,41.124],[28.57225919999999,41.11953127619047],[28.569029355860618,41.11795480464625],[28.5686,41.118],[28.56829376073268,41.11759576416714],[28.564,41.1155],[28.569803636363662,41.122512727272756],[28.5734,41.1265],[28.573343790849673,41.126790413943354],[28.5736,41.1271],[28.573583526769,41.12717165855485],[28.5739,41.1274],[28.572738009049775,41.13084966063347],[28.5716,41.1358],[28.570720349761523,41.13683958664548],[28.5707,41.1369],[28.57037777777783,41.137244444444384],[28.567935401974612,41.140130888575456],[28.5708,41.1429],[28.5724,41.1456],[28.5783,41.1501],[28.5815905982906,41.15442478632478],[28.5821,41.1549],[28.58354308681672,41.158110868167206],[28.585883783783782,41.16331891891892],[28.5865,41.164],[28.5912,41.1657],[28.591796551724137,41.16672739463601],[28.5933,41.1675],[28.59376547202797,41.17152167832167],[28.5939,41.172],[28.593987820983127,41.173442773294234],[28.595138725023787,41.18338658420552],[28.5958,41.1891],[28.5875,41.2047],[28.5824,41.2265],[28.58144370860927,41.22746887417219],[28.5809,41.2291],[28.579591633466137,41.229345318725095],[28.57926985172982,41.229671334431636],[28.5792,41.2303],[28.5765336621455,41.23244352651048],[28.5748,41.2342],[28.574985543644715,41.23516339969372],[28.577,41.2369],[28.577,41.2402],[28.576132010943912,41.24111621067031],[28.5774,41.2477],[28.576595867768596,41.24827438016529],[28.5767,41.2485],[28.57605384615385,41.24866153846153],[28.5753,41.2492],[28.5755,41.2576],[28.574607011070118,41.25787427517132],[28.5729,41.2595],[28.5683,41.2605],[28.56668795986622,41.260306555183945],[28.56277272727276,41.26150909090908],[28.5621,41.2618],[28.561933802816895,41.26176676056338],[28.5615,41.2619],[28.557282994454713,41.261416081330864],[28.5561,41.2617],[28.554827071823205,41.26113425414365],[28.5493,41.2605],[28.54432410950839,41.27192007653812],[28.54347886454798,41.27647500771367],[28.5464,41.2777],[28.5512,41.2794],[28.5506,41.2815],[28.5516,41.2843],[28.551050591016548,41.28751796690307],[28.55118578512397,41.2887685123967],[28.5547,41.2933],[28.5556,41.2966],[28.555,41.3008],[28.5568,41.3079],[28.5587,41.3088],[28.5591,41.3117],[28.5626,41.3128],[28.5663,41.3114],[28.571,41.3087],[28.5717,41.3042],[28.5695,41.2984],[28.571,41.2952],[28.5739,41.296],[28.5744,41.2981],[28.5759,41.3],[28.5788,41.3012],[28.5802,41.3002],[28.5837,41.301],[28.5889,41.3007],[28.5919,41.3021],[28.5958,41.2986],[28.6017,41.298],[28.6058,41.2963],[28.609,41.2973],[28.6117,41.302],[28.6188,41.3038],[28.6234,41.3035],[28.6282,41.3057],[28.6307,41.3097],[28.633,41.3085],[28.6389,41.3072],[28.643,41.3073],[28.6471,41.3058],[28.6508,41.3053],[28.6519,41.3043],[28.6496,41.3017],[28.6501,41.2998],[28.655,41.3024],[28.6593,41.3031],[28.6582,41.3058],[28.66,41.3068],[28.6633,41.3065],[28.668,41.3048],[28.6722,41.2993],[28.6738,41.297],[28.6714,41.2918],[28.672,41.2876],[28.6708,41.2861],[28.6702,41.2797],[28.6717,41.2757],[28.6713,41.2713],[28.6689,41.2681],[28.6693,41.2665],[28.6733,41.2642],[28.6789,41.2625],[28.6803,41.2597],[28.68,41.2576],[28.6781,41.255],[28.677,41.2516],[28.6773,41.2464],[28.6728,41.2422],[28.6701,41.2377],[28.6697,41.2328],[28.6742,41.223],[28.6739,41.2201],[28.6739,41.2169],[28.6714,41.213],[28.6711,41.21],[28.67,41.2104],[28.6655,41.2077],[28.6608,41.2034],[28.6574,41.1986],[28.6568,41.1953],[28.6549,41.1929],[28.6544,41.19],[28.6494,41.1877],[28.6436,41.1946],[28.6422,41.1942],[28.6429,41.1896],[28.6478,41.1831],[28.6478,41.1805],[28.6458,41.1789],[28.6449,41.1716],[28.6429,41.1697],[28.6455,41.1699],[28.6466,41.1665],[28.6503,41.1696],[28.6548,41.171],[28.6561,41.1693],[28.6578,41.164],[28.6565,41.1603],[28.6592,41.1583],[28.6601,41.1553],[28.6628,41.153],[28.6654,41.1481],[28.6639,41.146],[28.6671,41.1462],[28.6687,41.1436],[28.6724,41.1407],[28.6758,41.1397],[28.6778,41.1365],[28.6822,41.1327],[28.6822,41.1271],[28.6839,41.1267],[28.6846,41.1245],[28.679,41.1192],[28.677408108108107,41.116686486486486],[28.6771,41.1164],[28.677055825242718,41.11616213592233],[28.6743,41.1138],[28.6742,41.1119],[28.676116022099446,41.11110165745856],[28.675905277525022,41.10996687898089],[28.67390851063831,41.10914468085107],[28.6716,41.1084],[28.669833333333305,41.10746666666665],[28.6687,41.107],[28.668292322964938,41.106652547981476],[28.6663,41.1056],[28.6622,41.1019],[28.6606,41.1015],[28.658981483679522,41.099780326409494],[28.6445,41.1042],[28.643341379310346,41.102462068965515],[28.64292222222222,41.10183333333333],[28.6399,41.0981],[28.6399,41.0962],[28.6361,41.0953],[28.6356835125448,41.094010872162485],[28.63343383595851,41.0900364435267]]],[[[28.6945,41.1519],[28.6949,41.1433],[28.6945,41.1412],[28.6998,41.1395],[28.7031,41.1397],[28.7009,41.1375],[28.6971,41.1353],[28.6949,41.1332],[28.6964,41.1321],[28.6935,41.1291],[28.6885,41.1318],[28.6911,41.1357],[28.6883,41.1336],[28.6867,41.1336],[28.6828,41.14],[28.6836,41.1451],[28.6827,41.1469],[28.6797,41.1434],[28.6747,41.1463],[28.6724,41.1497],[28.6696,41.1514],[28.6677,41.1549],[28.6665,41.1548],[28.6647,41.1576],[28.6633,41.1617],[28.6621,41.1671],[28.6642,41.1686],[28.6618,41.1702],[28.6609,41.1733],[28.6657,41.1726],[28.6653,41.171],[28.6782,41.1715],[28.6784,41.1743],[28.6805,41.1737],[28.6812,41.1702],[28.6842,41.1644],[28.6856,41.1611],[28.685,41.1593],[28.6852,41.1538],[28.6949,41.1542],[28.6945,41.1519]]],[[[28.6845,41.304],[28.682,41.3013],[28.678,41.2997],[28.6746,41.2997],[28.6742,41.3002],[28.6746,41.3019],[28.6785,41.3038],[28.6866,41.3069],[28.6877,41.3079],[28.6883,41.3066],[28.6845,41.304]]],[[[28.6914,41.3272],[28.6853,41.3299],[28.6808,41.3303],[28.672,41.3339],[28.6686,41.3357],[28.6629,41.3342],[28.6606,41.3377],[28.6626,41.341],[28.6601,41.3422],[28.6589,41.345],[28.655,41.3457],[28.6439,41.3445],[28.6322,41.3381],[28.6281,41.3377],[28.624,41.3385],[28.6205,41.3381],[28.620748275862066,41.33965172413793],[28.6229,41.3427],[28.622767403314917,41.3428408839779],[28.6229,41.343],[28.621299999999987,41.344400000000014],[28.61835945945946,41.347524324324326],[28.61855283018868,41.347766037735845],[28.62031538461539,41.34763384615384],[28.6214,41.3472],[28.6214,41.3475525],[28.6221,41.3475],[28.6214,41.34951999999999],[28.6214,41.3522],[28.620414360770578,41.352364273204905],[28.619543041606885,41.35487865136298],[28.6219,41.3559],[28.6273,41.3539],[28.6379,41.3508],[28.643767277486905,41.349475130890056],[28.644,41.3494],[28.65225186868686,41.349330656565655],[28.6541,41.3486],[28.6563,41.3491],[28.6579,41.3478],[28.6694,41.3435],[28.671359036144594,41.34325512048193],[28.6715,41.3432],[28.67176190476188,41.343204761904765],[28.6742,41.3429],[28.676477966101697,41.343290508474574],[28.677,41.3433],[28.67704375,41.3433875],[28.6777,41.3435],[28.68,41.3464],[28.6792,41.3476],[28.682353191489383,41.34834680851064],[28.683014213197968,41.348482402707276],[28.6851,41.3459],[28.6877,41.3453],[28.6839,41.3447],[28.68394876160991,41.344628018575854],[28.6838,41.3447],[28.684833333333323,41.34332222222224],[28.686,41.3416],[28.686187165775404,41.341517112299464],[28.6862,41.3415],[28.68641176470582,41.34141764705885],[28.693,41.3385],[28.7017,41.3354],[28.7,41.3311],[28.6972,41.328],[28.6939,41.3295],[28.6914,41.3272]]]]}},{"type":"Feature","properties":{"id":"BELIRSIZ-34-002-D2","plaka":34,"ilce":"TR-D-34-002","eskiIlce":null},"geometry":{"type":"MultiPolygon","coordinates":[[[[28.60872432432433,41.11541081081083],[28.6076,41.1126],[28.607233844406586,41.11263543441227],[28.60872432432433,41.11541081081083]]],[[[28.6125,41.1193],[28.612748999354423,41.118867527437054],[28.60972304379038,41.11727049533381],[28.6099,41.1176],[28.6125,41.1193]]],[[[28.5834,41.1284],[28.58584418604652,41.12725937984496],[28.5805,41.1272],[28.5724,41.1196],[28.57225919999999,41.11953127619047],[28.5768,41.124],[28.5777,41.126],[28.5803,41.1277],[28.5834,41.1284]]],[[[28.592859001512863,41.12901921331316],[28.5932,41.1288],[28.594563306451615,41.125748790322575],[28.592859001512863,41.12901921331316]]],[[[28.586606034482756,41.127267844827585],[28.5874,41.1283],[28.588711391018624,41.12729123767798],[28.586606034482756,41.127267844827585]]],[[[28.572738009049775,41.13084966063347],[28.5739,41.1274],[28.573583526769,41.12717165855485],[28.572738009049775,41.13084966063347]]],[[[28.5672,41.141],[28.5815905982906,41.15442478632478],[28.5783,41.1501],[28.5724,41.1456],[28.5708,41.1429],[28.567935401974612,41.140130888575456],[28.5672,41.141]]],[[[28.5861,41.1638],[28.591796551724137,41.16672739463601],[28.5912,41.1657],[28.5865,41.164],[28.585883783783782,41.16331891891892],[28.5861,41.1638]]],[[[28.579591633466137,41.229345318725095],[28.5809,41.2291],[28.58144370860927,41.22746887417219],[28.579591633466137,41.229345318725095]]],[[[28.5765336621455,41.23244352651048],[28.5792,41.2303],[28.57926985172982,41.229671334431636],[28.5765336621455,41.23244352651048]]],[[[28.577,41.2369],[28.574985543644715,41.23516339969372],[28.576132010943912,41.24111621067031],[28.577,41.2402],[28.577,41.2369]]],[[[28.5729,41.2595],[28.574607011070118,41.25787427517132],[28.56668795986622,41.260306555183945],[28.5683,41.2605],[28.5729,41.2595]]],[[[28.554827071823205,41.26113425414365],[28.5561,41.2617],[28.557282994454713,41.261416081330864],[28.554827071823205,41.26113425414365]]],[[[28.5506,41.2815],[28.5512,41.2794],[28.5464,41.2777],[28.54347886454798,41.27647500771367],[28.5434,41.2769],[28.5493,41.2791],[28.54967263615102,41.2810220180421],[28.5504,41.2815],[28.551050591016548,41.28751796690307],[28.5516,41.2843],[28.5506,41.2815]]],[[[28.5724,41.3429],[28.59183707518019,41.33652986611742],[28.6038,41.3315],[28.606493877551028,41.33172637626479],[28.6081,41.3312],[28.6157,41.3325],[28.620748275862066,41.33965172413793],[28.6205,41.3381],[28.624,41.3385],[28.6281,41.3377],[28.6322,41.3381],[28.6439,41.3445],[28.655,41.3457],[28.6589,41.345],[28.6601,41.3422],[28.6626,41.341],[28.6606,41.3377],[28.6629,41.3342],[28.6686,41.3357],[28.672,41.3339],[28.6808,41.3303],[28.6853,41.3299],[28.6914,41.3272],[28.6939,41.3295],[28.6972,41.328],[28.7,41.3311],[28.7017,41.3354],[28.693,41.3385],[28.68641176470582,41.34141764705885],[28.705767741935475,41.33389032258065],[28.7258,41.3261],[28.72689050022947,41.32638012849931],[28.7367,41.3289],[28.7478497714698,41.32350690401732],[28.7551,41.32],[28.7626,41.3208],[28.76262,41.32078],[28.7583,41.3131],[28.7556,41.3116],[28.754,41.3074],[28.7564,41.3048],[28.7558,41.3011],[28.758,41.2972],[28.7562,41.2939],[28.7556,41.2893],[28.7563,41.2878],[28.759,41.2868],[28.7578,41.2832],[28.7587,41.2804],[28.7616,41.2769],[28.7614,41.2749],[28.7652,41.2711],[28.7595,41.266],[28.7551,41.2642],[28.7523,41.265],[28.7454,41.263],[28.7462,41.2659],[28.7443,41.2704],[28.7459,41.2771],[28.7433,41.2821],[28.7406,41.2809],[28.74,41.2823],[28.7373,41.2833],[28.7365,41.2866],[28.7323,41.2884],[28.7241,41.2874],[28.72,41.2863],[28.7167,41.2797],[28.7112,41.2778],[28.7085,41.2782],[28.7048,41.2804],[28.7036,41.2827],[28.6989,41.2847],[28.6981,41.2878],[28.6938,41.2907],[28.6918,41.2929],[28.6855,41.2956],[28.68,41.2955],[28.6774,41.2961],[28.6746,41.2997],[28.678,41.2997],[28.682,41.3013],[28.6845,41.304],[28.6883,41.3066],[28.6877,41.3079],[28.6866,41.3069],[28.6785,41.3038],[28.6746,41.3019],[28.6742,41.3002],[28.6722,41.2993],[28.668,41.3048],[28.6633,41.3065],[28.66,41.3068],[28.6582,41.3058],[28.6593,41.3031],[28.655,41.3024],[28.6501,41.2998],[28.6496,41.3017],[28.6519,41.3043],[28.6508,41.3053],[28.6471,41.3058],[28.643,41.3073],[28.6389,41.3072],[28.633,41.3085],[28.6307,41.3097],[28.6282,41.3057],[28.6234,41.3035],[28.6188,41.3038],[28.6117,41.302],[28.609,41.2973],[28.6058,41.2963],[28.6017,41.298],[28.5958,41.2986],[28.5919,41.3021],[28.5889,41.3007],[28.5837,41.301],[28.5802,41.3002],[28.5788,41.3012],[28.5759,41.3],[28.5744,41.2981],[28.5739,41.296],[28.571,41.2952],[28.5695,41.2984],[28.5717,41.3042],[28.571,41.3087],[28.5663,41.3114],[28.5626,41.3128],[28.5591,41.3117],[28.5587,41.3088],[28.5568,41.3079],[28.555,41.3008],[28.5556,41.2966],[28.5547,41.2933],[28.55118578512397,41.2887685123967],[28.5512,41.2889],[28.5549,41.2944],[28.5545,41.3029],[28.562010238022577,41.32927316142813],[28.567078186968843,41.33729206798868],[28.5724,41.3429]]],[[[28.621299999999987,41.344400000000014],[28.6229,41.343],[28.622767403314917,41.3428408839779],[28.621299999999987,41.344400000000014]]],[[[28.6214,41.3475525],[28.6214,41.3472],[28.62031538461539,41.34763384615384],[28.6214,41.3475525]]],[[[28.620414360770578,41.352364273204905],[28.6214,41.3522],[28.6214,41.34951999999999],[28.620414360770578,41.352364273204905]]],[[[28.6186,41.3576],[28.643767277486905,41.349475130890056],[28.6379,41.3508],[28.6273,41.3539],[28.6219,41.3559],[28.619543041606885,41.35487865136298],[28.6186,41.3576]]],[[[28.632946999999998,41.0907265],[28.6336,41.0904],[28.6333235978836,41.0901926984127],[28.632946999999998,41.0907265]]],[[[28.6399,41.0981],[28.64292222222222,41.10183333333333],[28.6403,41.0979],[28.64174742850418,41.096439531599394],[28.6363,41.0951],[28.6356835125448,41.094010872162485],[28.6361,41.0953],[28.6399,41.0962],[28.6399,41.0981]]],[[[28.668292322964938,41.106652547981476],[28.6599,41.0995],[28.658981483679522,41.099780326409494],[28.6606,41.1015],[28.6622,41.1019],[28.6663,41.1056],[28.668292322964938,41.106652547981476]]],[[[28.669833333333305,41.10746666666665],[28.6716,41.1084],[28.67390851063831,41.10914468085107],[28.669833333333305,41.10746666666665]]],[[[28.6743,41.1138],[28.677055825242718,41.11616213592233],[28.676116022099446,41.11110165745856],[28.6742,41.1119],[28.6743,41.1138]]],[[[28.744744787644795,41.13359884169884],[28.747,41.1341],[28.74867976470588,41.13287835294118],[28.744744787644795,41.13359884169884]]],[[[28.7372,41.1376],[28.7407,41.1371],[28.744,41.1425],[28.7412,41.1453],[28.7407,41.1475],[28.7423,41.1503],[28.7436,41.1506],[28.7434,41.1468],[28.7452,41.1442],[28.7483,41.1448],[28.7517,41.1438],[28.7476,41.1437],[28.7456,41.1404],[28.7437,41.1356],[28.7411,41.1347],[28.7379,41.1358],[28.73795320158103,41.1348423715415],[28.736,41.1352],[28.73296391213389,41.125385669456065],[28.7327,41.1304],[28.7342,41.136],[28.7359,41.1372],[28.7351,41.1395],[28.7372,41.1376]]],[[[28.769,41.1388],[28.7716,41.1396],[28.77773473684207,41.145799999999966],[28.7717,41.1395],[28.7573,41.1313],[28.75590943005182,41.13155461139897],[28.7582,41.132],[28.7623,41.1356],[28.7655,41.1377],[28.769,41.1388]]],[[[28.6846,41.1245],[28.6839,41.1267],[28.6822,41.1271],[28.6822,41.1327],[28.6778,41.1365],[28.6758,41.1397],[28.6724,41.1407],[28.6687,41.1436],[28.6671,41.1462],[28.6639,41.146],[28.6654,41.1481],[28.6628,41.153],[28.6601,41.1553],[28.6592,41.1583],[28.6565,41.1603],[28.6578,41.164],[28.6561,41.1693],[28.6548,41.171],[28.6516,41.1798],[28.6505,41.1809],[28.6478,41.1805],[28.6478,41.1831],[28.6429,41.1896],[28.6422,41.1942],[28.6436,41.1946],[28.6494,41.1877],[28.6516,41.1854],[28.6552,41.186],[28.6536,41.1839],[28.6579,41.1774],[28.6612,41.1785],[28.6602,41.1761],[28.6609,41.1733],[28.6618,41.1702],[28.6642,41.1686],[28.6621,41.1671],[28.6633,41.1617],[28.6647,41.1576],[28.6665,41.1548],[28.6677,41.1549],[28.6696,41.1514],[28.6724,41.1497],[28.6747,41.1463],[28.6797,41.1434],[28.6827,41.1469],[28.6836,41.1451],[28.6828,41.14],[28.6867,41.1336],[28.6883,41.1336],[28.6911,41.1357],[28.6885,41.1318],[28.6935,41.1291],[28.6973,41.1274],[28.6979,41.1255],[28.7017,41.1247],[28.7031,41.1207],[28.7045,41.1196],[28.708,41.1202],[28.7142,41.1162],[28.7151,41.1178],[28.7168,41.1166],[28.7206,41.1161],[28.7216,41.1145],[28.7242,41.1155],[28.7236,41.118],[28.7287,41.119],[28.7307,41.1232],[28.732470320855615,41.12379010695187],[28.7317,41.1213],[28.72138383189844,41.111957055304245],[28.7094,41.1136],[28.6885,41.127],[28.677408108108107,41.116686486486486],[28.679,41.1192],[28.6846,41.1245]]],[[[28.774257894736834,41.271631578947364],[28.770657993730406,41.270911598746075],[28.7705,41.2713],[28.774257894736834,41.271631578947364]]],[[[28.686187165775404,41.341517112299464],[28.686,41.3416],[28.684833333333323,41.34332222222224],[28.686187165775404,41.341517112299464]]],[[[28.676477966101697,41.343290508474574],[28.6742,41.3429],[28.67176190476188,41.343204761904765],[28.676477966101697,41.343290508474574]]],[[[28.6877,41.3453],[28.6851,41.3459],[28.683014213197968,41.348482402707276],[28.6831,41.3485],[28.6878,41.3453],[28.6869,41.3432],[28.68394876160991,41.344628018575854],[28.6839,41.3447],[28.6877,41.3453]]],[[[28.6792,41.3477],[28.682353191489383,41.34834680851064],[28.6792,41.3476],[28.68,41.3464],[28.6777,41.3435],[28.67704375,41.3433875],[28.6792,41.3477]]],[[[28.65225186868686,41.349330656565655],[28.6559,41.3493],[28.671359036144594,41.34325512048193],[28.6694,41.3435],[28.6579,41.3478],[28.6563,41.3491],[28.6541,41.3486],[28.65225186868686,41.349330656565655]]],[[[28.8112,41.1362],[28.81025230769231,41.13675130177515],[28.812217816091955,41.136222126436785],[28.8112,41.1362]]],[[[28.817363045912654,41.14949686450168],[28.8204,41.1364],[28.81426666666667,41.13626666666667],[28.8182,41.1364],[28.8167,41.1398],[28.8153,41.1407],[28.8179,41.1429],[28.817363045912654,41.14949686450168]]],[[[28.7898,41.1488],[28.792626763990288,41.14700462287104],[28.7904,41.1483],[28.786978101797054,41.14864603464974],[28.7859,41.1492],[28.782729513343796,41.149075667189955],[28.781617105263166,41.149188157894734],[28.7838,41.1495],[28.7898,41.1488]]],[[[28.816759152215802,41.152101156069364],[28.815,41.1545],[28.815512978986405,41.15747527812114],[28.816759152215802,41.152101156069364]]],[[[28.814138582677167,41.16340236220472],[28.8136,41.1643],[28.814113186813188,41.1653833943834],[28.814,41.164],[28.814138582677167,41.16340236220472]]],[[[28.814336279069767,41.16811007751937],[28.8142,41.1697],[28.814735509138384,41.172989556135775],[28.814336279069767,41.16811007751937]]],[[[28.8143,41.1757],[28.818567379679166,41.17547540106952],[28.8149,41.175],[28.814833579335794,41.17418819188192],[28.8143,41.1757]]],[[[28.8203,41.1757],[28.819975814751288,41.175657975986276],[28.8197,41.1786],[28.821264237818507,41.182608359409926],[28.8216,41.1822],[28.8203,41.1757]]],[[[28.821124902723742,41.18277782101167],[28.8195,41.1835],[28.8178,41.1866],[28.817906918238997,41.186760377358496],[28.8179,41.1867],[28.821124902723742,41.18277782101167]]],[[[28.8183,41.1944],[28.818542465753424,41.19698630136986],[28.819,41.1963],[28.818685191347754,41.19355257903494],[28.8183,41.1944]]],[[[28.813150176678448,41.21471413427561],[28.8113,41.2163],[28.8113,41.21773846153846],[28.813150176678448,41.21471413427561]]],[[[28.8101,41.2197],[28.81076236039843,41.21861729550256],[28.806583333333315,41.221083606557386],[28.8101,41.2197]]],[[[28.79740136239782,41.22719264305177],[28.7979,41.2245],[28.80426613088405,41.221995292766934],[28.8003,41.2224],[28.7987,41.2236],[28.7978,41.2239],[28.7967,41.2263],[28.79740136239782,41.22719264305177]]],[[[28.7949,41.2313],[28.794803529411762,41.23168588235294],[28.7969,41.2299],[28.797160364842455,41.228494029850744],[28.7949,41.2313]]],[[[28.7879,41.2458],[28.787433734939757,41.24491927710843],[28.787677037037035,41.24650074074074],[28.7879,41.2458]]],[[[28.7812,41.2586],[28.7858,41.2524],[28.786233802816902,41.251036619718306],[28.7856,41.2526],[28.7834,41.2541],[28.78056349522293,41.258697093949046],[28.7812,41.2586]]],[[[28.779604938271603,41.276259753086414],[28.777427692307693,41.27258953846154],[28.7783,41.2773],[28.781118389385995,41.2802064640543],[28.780539123691355,41.27810476929042],[28.779604938271603,41.276259753086414]]],[[[28.78201419068736,41.28345661492977],[28.7824,41.2856],[28.783059090909095,41.28724772727274],[28.78201419068736,41.28345661492977]]],[[[28.78803621908127,41.306270023557126],[28.7882,41.3059],[28.783769744779583,41.28982612529002],[28.7837,41.2915],[28.7855,41.2968],[28.7855,41.3002],[28.7865,41.3033],[28.78803621908127,41.306270023557126]]]]}},{"type":"Feature","properties":{"id":"PARCA-34-002-GAZIOSMANPASA-D3","plaka":34,"ilce":"TR-D-34-002","eskiIlce":"Gaziosmanpaşa"},"geometry":{"type":"MultiPolygon","coordinates":[[[[28.6458,41.1789],[28.6478,41.1805],[28.6505,41.1809],[28.6516,41.1798],[28.6548,41.171],[28.6503,41.1696],[28.6466,41.1665],[28.6455,41.1699],[28.6429,41.1697],[28.6449,41.1716],[28.6458,41.1789]]],[[[28.6812,41.1702],[28.6805,41.1737],[28.6784,41.1743],[28.6782,41.1715],[28.6653,41.171],[28.6657,41.1726],[28.6609,41.1733],[28.6602,41.1761],[28.6612,41.1785],[28.6579,41.1774],[28.6536,41.1839],[28.6552,41.186],[28.6516,41.1854],[28.6494,41.1877],[28.6544,41.19],[28.6549,41.1929],[28.6568,41.1953],[28.6574,41.1986],[28.6608,41.2034],[28.6655,41.2077],[28.67,41.2104],[28.6711,41.21],[28.6714,41.213],[28.6739,41.2169],[28.6739,41.2201],[28.6742,41.223],[28.6697,41.2328],[28.6701,41.2377],[28.6728,41.2422],[28.6773,41.2464],[28.677,41.2516],[28.6781,41.255],[28.68,41.2576],[28.6803,41.2597],[28.6789,41.2625],[28.6733,41.2642],[28.6693,41.2665],[28.6689,41.2681],[28.6713,41.2713],[28.6717,41.2757],[28.6702,41.2797],[28.6708,41.2861],[28.672,41.2876],[28.6714,41.2918],[28.6738,41.297],[28.6722,41.2993],[28.6742,41.3002],[28.6746,41.2997],[28.678,41.2997],[28.682,41.3013],[28.6845,41.304],[28.6883,41.3066],[28.6877,41.3079],[28.6866,41.3092],[28.6877,41.3135],[28.6835,41.3128],[28.6865,41.3185],[28.6891,41.3216],[28.692,41.3239],[28.6914,41.3272],[28.6939,41.3295],[28.6972,41.328],[28.7,41.3311],[28.7017,41.3354],[28.705767741935475,41.33389032258065],[28.7258,41.3261],[28.72689050022947,41.32638012849931],[28.7281,41.326],[28.7315,41.3263],[28.7353,41.3279],[28.7434,41.3248],[28.7478497714698,41.32350690401732],[28.7551,41.32],[28.7626,41.3208],[28.76262,41.32078],[28.7663,41.3171],[28.7855,41.312],[28.78803621908127,41.306270023557126],[28.7865,41.3033],[28.7855,41.3002],[28.7855,41.2968],[28.7837,41.2915],[28.783769744779583,41.28982612529002],[28.783059090909095,41.28724772727274],[28.7824,41.2856],[28.78201419068736,41.28345661492977],[28.781118389385995,41.2802064640543],[28.7783,41.2773],[28.777427692307693,41.27258953846154],[28.777209615384617,41.27222192307693],[28.774257894736834,41.271631578947364],[28.7705,41.2713],[28.770657993730406,41.270911598746075],[28.7706,41.2709],[28.7753,41.2595],[28.78056349522293,41.258697093949046],[28.7834,41.2541],[28.7856,41.2526],[28.786233802816902,41.251036619718306],[28.786912927756653,41.248902227050515],[28.787677037037035,41.24650074074074],[28.787433734939757,41.24491927710843],[28.7861,41.2424],[28.78869350348028,41.23702088167054],[28.7887,41.2368],[28.78905819672131,41.23658005464481],[28.794803529411762,41.23168588235294],[28.7949,41.2313],[28.797160364842455,41.228494029850744],[28.79740136239782,41.22719264305177],[28.7967,41.2263],[28.7978,41.2239],[28.7987,41.2236],[28.8003,41.2224],[28.80426613088405,41.221995292766934],[28.806583333333315,41.221083606557386],[28.81076236039843,41.21861729550256],[28.8113,41.21773846153846],[28.8113,41.2163],[28.813150176678448,41.21471413427561],[28.8153,41.2112],[28.81990373295047,41.2078992103374],[28.820527358778627,41.207148549618324],[28.820164454371408,41.205892342054874],[28.8158,41.2011],[28.818542465753424,41.19698630136986],[28.8183,41.1944],[28.818685191347754,41.19355257903494],[28.81842023809524,41.19124025974026],[28.8182,41.191],[28.81832402234637,41.19040055865922],[28.817906918238997,41.186760377358496],[28.8178,41.1866],[28.8195,41.1835],[28.821124902723742,41.18277782101167],[28.821264237818507,41.182608359409926],[28.8197,41.1786],[28.819975814751288,41.175657975986276],[28.818567379679166,41.17547540106952],[28.8143,41.1757],[28.814833579335794,41.17418819188192],[28.814735509138384,41.172989556135775],[28.8142,41.1697],[28.814336279069767,41.16811007751937],[28.814113186813188,41.1653833943834],[28.8136,41.1643],[28.814138582677167,41.16340236220472],[28.815512978986405,41.15747527812114],[28.815,41.1545],[28.816759152215802,41.152101156069364],[28.817363045912654,41.14949686450168],[28.8179,41.1429],[28.8153,41.1407],[28.8167,41.1398],[28.8182,41.1364],[28.81426666666667,41.13626666666667],[28.812217816091955,41.136222126436785],[28.81025230769231,41.13675130177515],[28.792626763990288,41.14700462287104],[28.7898,41.1488],[28.7838,41.1495],[28.781617105263166,41.149188157894734],[28.7815,41.1492],[28.78146626506024,41.14916660929432],[28.781,41.1491],[28.780905132059267,41.14900412282586],[28.7808,41.149],[28.77773473684207,41.145799999999966],[28.7716,41.1396],[28.769,41.1388],[28.7655,41.1377],[28.7623,41.1356],[28.7582,41.132],[28.75590943005182,41.13155461139897],[28.754170204081632,41.13187306122449],[28.754,41.1321],[28.753327712418304,41.13202732026144],[28.74867976470588,41.13287835294118],[28.747,41.1341],[28.744744787644795,41.13359884169884],[28.73795320158103,41.1348423715415],[28.7379,41.1358],[28.7411,41.1347],[28.7437,41.1356],[28.7456,41.1404],[28.7476,41.1437],[28.7517,41.1438],[28.7483,41.1448],[28.7452,41.1442],[28.7434,41.1468],[28.7436,41.1506],[28.7423,41.1503],[28.7407,41.1475],[28.7412,41.1453],[28.744,41.1425],[28.7407,41.1371],[28.7372,41.1376],[28.7351,41.1395],[28.7359,41.1372],[28.7342,41.136],[28.7327,41.1304],[28.73296391213389,41.125385669456065],[28.732470320855615,41.12379010695187],[28.7307,41.1232],[28.7287,41.119],[28.7236,41.118],[28.7242,41.1155],[28.7216,41.1145],[28.7206,41.1161],[28.7168,41.1166],[28.7151,41.1178],[28.7142,41.1162],[28.708,41.1202],[28.7045,41.1196],[28.7031,41.1207],[28.7017,41.1247],[28.6979,41.1255],[28.6973,41.1274],[28.6935,41.1291],[28.6964,41.1321],[28.6949,41.1332],[28.6971,41.1353],[28.7009,41.1375],[28.7031,41.1397],[28.6998,41.1395],[28.6945,41.1412],[28.6949,41.1433],[28.6945,41.1519],[28.6949,41.1542],[28.6852,41.1538],[28.685,41.1593],[28.6856,41.1611],[28.6842,41.1644],[28.6812,41.1702]]]]}},{"type":"Feature","properties":{"id":"PARCA-34-002-CATALCA-D3","plaka":34,"ilce":"TR-D-34-002","eskiIlce":"Çatalca"},"geometry":{"type":"MultiPolygon","coordinates":[[[[28.63343383595851,41.0900364435267],[28.6333235978836,41.0901926984127],[28.6336,41.0904],[28.632946999999998,41.0907265],[28.613,41.119],[28.612748999354423,41.118867527437054],[28.6125,41.1193],[28.6099,41.1176],[28.60972304379038,41.11727049533381],[28.6094,41.1171],[28.60872432432433,41.11541081081083],[28.607233844406586,41.11263543441227],[28.6045,41.1129],[28.6036,41.1193],[28.5961,41.1228],[28.594563306451615,41.125748790322575],[28.5932,41.1288],[28.592859001512863,41.12901921331316],[28.5924,41.1299],[28.59201952,41.12955888],[28.5918,41.1297],[28.591459459459458,41.12905675675675],[28.5895,41.1273],[28.588711391018624,41.12729123767798],[28.5874,41.1283],[28.586606034482756,41.127267844827585],[28.58584418604652,41.12725937984496],[28.5834,41.1284],[28.5803,41.1277],[28.5777,41.126],[28.5768,41.124],[28.57225919999999,41.11953127619047],[28.569029355860618,41.11795480464625],[28.5686,41.118],[28.56829376073268,41.11759576416714],[28.564,41.1155],[28.569803636363662,41.122512727272756],[28.5734,41.1265],[28.573343790849673,41.126790413943354],[28.5736,41.1271],[28.573583526769,41.12717165855485],[28.5739,41.1274],[28.572738009049775,41.13084966063347],[28.5716,41.1358],[28.570720349761523,41.13683958664548],[28.5707,41.1369],[28.57037777777783,41.137244444444384],[28.567935401974612,41.140130888575456],[28.5708,41.1429],[28.5724,41.1456],[28.5783,41.1501],[28.5815905982906,41.15442478632478],[28.5821,41.1549],[28.58354308681672,41.158110868167206],[28.585883783783782,41.16331891891892],[28.5865,41.164],[28.5912,41.1657],[28.591796551724137,41.16672739463601],[28.5933,41.1675],[28.59376547202797,41.17152167832167],[28.5939,41.172],[28.593987820983127,41.173442773294234],[28.595138725023787,41.18338658420552],[28.5958,41.1891],[28.5875,41.2047],[28.5824,41.2265],[28.58144370860927,41.22746887417219],[28.5809,41.2291],[28.579591633466137,41.229345318725095],[28.57926985172982,41.229671334431636],[28.5792,41.2303],[28.5765336621455,41.23244352651048],[28.5748,41.2342],[28.574985543644715,41.23516339969372],[28.577,41.2369],[28.577,41.2402],[28.576132010943912,41.24111621067031],[28.5774,41.2477],[28.576595867768596,41.24827438016529],[28.5767,41.2485],[28.57605384615385,41.24866153846153],[28.5753,41.2492],[28.5755,41.2576],[28.574607011070118,41.25787427517132],[28.5729,41.2595],[28.5683,41.2605],[28.56668795986622,41.260306555183945],[28.56277272727276,41.26150909090908],[28.5621,41.2618],[28.561933802816895,41.26176676056338],[28.5615,41.2619],[28.557282994454713,41.261416081330864],[28.5561,41.2617],[28.554827071823205,41.26113425414365],[28.5493,41.2605],[28.54432410950839,41.27192007653812],[28.54347886454798,41.27647500771367],[28.5464,41.2777],[28.5512,41.2794],[28.5506,41.2815],[28.5516,41.2843],[28.551050591016548,41.28751796690307],[28.55118578512397,41.2887685123967],[28.5547,41.2933],[28.5556,41.2966],[28.555,41.3008],[28.5568,41.3079],[28.5587,41.3088],[28.5591,41.3117],[28.5626,41.3128],[28.5663,41.3114],[28.571,41.3087],[28.5717,41.3042],[28.5695,41.2984],[28.571,41.2952],[28.5739,41.296],[28.5744,41.2981],[28.5759,41.3],[28.5788,41.3012],[28.5802,41.3002],[28.5837,41.301],[28.5889,41.3007],[28.5919,41.3021],[28.5958,41.2986],[28.6017,41.298],[28.6058,41.2963],[28.609,41.2973],[28.6117,41.302],[28.6188,41.3038],[28.6234,41.3035],[28.6282,41.3057],[28.6307,41.3097],[28.633,41.3085],[28.6389,41.3072],[28.643,41.3073],[28.6471,41.3058],[28.6508,41.3053],[28.6519,41.3043],[28.6496,41.3017],[28.6501,41.2998],[28.655,41.3024],[28.6593,41.3031],[28.6582,41.3058],[28.66,41.3068],[28.6633,41.3065],[28.668,41.3048],[28.6722,41.2993],[28.6738,41.297],[28.6714,41.2918],[28.672,41.2876],[28.6708,41.2861],[28.6702,41.2797],[28.6717,41.2757],[28.6713,41.2713],[28.6689,41.2681],[28.6693,41.2665],[28.6733,41.2642],[28.6789,41.2625],[28.6803,41.2597],[28.68,41.2576],[28.6781,41.255],[28.677,41.2516],[28.6773,41.2464],[28.6728,41.2422],[28.6701,41.2377],[28.6697,41.2328],[28.6742,41.223],[28.6739,41.2201],[28.6739,41.2169],[28.6714,41.213],[28.6711,41.21],[28.67,41.2104],[28.6655,41.2077],[28.6608,41.2034],[28.6574,41.1986],[28.6568,41.1953],[28.6549,41.1929],[28.6544,41.19],[28.6494,41.1877],[28.6436,41.1946],[28.6422,41.1942],[28.6429,41.1896],[28.6478,41.1831],[28.6478,41.1805],[28.6458,41.1789],[28.6449,41.1716],[28.6429,41.1697],[28.6455,41.1699],[28.6466,41.1665],[28.6503,41.1696],[28.6548,41.171],[28.6561,41.1693],[28.6578,41.164],[28.6565,41.1603],[28.6592,41.1583],[28.6601,41.1553],[28.6628,41.153],[28.6654,41.1481],[28.6639,41.146],[28.6671,41.1462],[28.6687,41.1436],[28.6724,41.1407],[28.6758,41.1397],[28.6778,41.1365],[28.6822,41.1327],[28.6822,41.1271],[28.6839,41.1267],[28.6846,41.1245],[28.679,41.1192],[28.677408108108107,41.116686486486486],[28.6771,41.1164],[28.677055825242718,41.11616213592233],[28.6743,41.1138],[28.6742,41.1119],[28.676116022099446,41.11110165745856],[28.675905277525022,41.10996687898089],[28.67390851063831,41.10914468085107],[28.6716,41.1084],[28.669833333333305,41.10746666666665],[28.6687,41.107],[28.668292322964938,41.106652547981476],[28.6663,41.1056],[28.6622,41.1019],[28.6606,41.1015],[28.658981483679522,41.099780326409494],[28.6445,41.1042],[28.643341379310346,41.102462068965515],[28.64292222222222,41.10183333333333],[28.6399,41.0981],[28.6399,41.0962],[28.6361,41.0953],[28.6356835125448,41.094010872162485],[28.63343383595851,41.0900364435267]]],[[[28.6945,41.1519],[28.6949,41.1433],[28.6945,41.1412],[28.6998,41.1395],[28.7031,41.1397],[28.7009,41.1375],[28.6971,41.1353],[28.6949,41.1332],[28.6964,41.1321],[28.6935,41.1291],[28.6885,41.1318],[28.6911,41.1357],[28.6883,41.1336],[28.6867,41.1336],[28.6828,41.14],[28.6836,41.1451],[28.6827,41.1469],[28.6797,41.1434],[28.6747,41.1463],[28.6724,41.1497],[28.6696,41.1514],[28.6677,41.1549],[28.6665,41.1548],[28.6647,41.1576],[28.6633,41.1617],[28.6621,41.1671],[28.6642,41.1686],[28.6618,41.1702],[28.6609,41.1733],[28.6657,41.1726],[28.6653,41.171],[28.6782,41.1715],[28.6784,41.1743],[28.6805,41.1737],[28.6812,41.1702],[28.6842,41.1644],[28.6856,41.1611],[28.685,41.1593],[28.6852,41.1538],[28.6949,41.1542],[28.6945,41.1519]]],[[[28.6845,41.304],[28.682,41.3013],[28.678,41.2997],[28.6746,41.2997],[28.6742,41.3002],[28.6746,41.3019],[28.6785,41.3038],[28.6866,41.3069],[28.6877,41.3079],[28.6883,41.3066],[28.6845,41.304]]],[[[28.6914,41.3272],[28.6853,41.3299],[28.6808,41.3303],[28.672,41.3339],[28.6686,41.3357],[28.6629,41.3342],[28.6606,41.3377],[28.6626,41.341],[28.6601,41.3422],[28.6589,41.345],[28.655,41.3457],[28.6439,41.3445],[28.6322,41.3381],[28.6281,41.3377],[28.624,41.3385],[28.6205,41.3381],[28.620748275862066,41.33965172413793],[28.6229,41.3427],[28.622767403314917,41.3428408839779],[28.6229,41.343],[28.621299999999987,41.344400000000014],[28.61835945945946,41.347524324324326],[28.61855283018868,41.347766037735845],[28.62031538461539,41.34763384615384],[28.6214,41.3472],[28.6214,41.3475525],[28.6221,41.3475],[28.6214,41.34951999999999],[28.6214,41.3522],[28.620414360770578,41.352364273204905],[28.619543041606885,41.35487865136298],[28.6219,41.3559],[28.6273,41.3539],[28.6379,41.3508],[28.643767277486905,41.349475130890056],[28.644,41.3494],[28.65225186868686,41.349330656565655],[28.6541,41.3486],[28.6563,41.3491],[28.6579,41.3478],[28.6694,41.3435],[28.671359036144594,41.34325512048193],[28.6715,41.3432],[28.67176190476188,41.343204761904765],[28.6742,41.3429],[28.676477966101697,41.343290508474574],[28.677,41.3433],[28.67704375,41.3433875],[28.6777,41.3435],[28.68,41.3464],[28.6792,41.3476],[28.682353191489383,41.34834680851064],[28.683014213197968,41.348482402707276],[28.6851,41.3459],[28.6877,41.3453],[28.6839,41.3447],[28.68394876160991,41.344628018575854],[28.6838,41.3447],[28.684833333333323,41.34332222222224],[28.686,41.3416],[28.686187165775404,41.341517112299464],[28.6862,41.3415],[28.68641176470582,41.34141764705885],[28.693,41.3385],[28.7017,41.3354],[28.7,41.3311],[28.6972,41.328],[28.6939,41.3295],[28.6914,41.3272]]]]}},{"type":"Feature","properties":{"id":"BELIRSIZ-34-002-D3","plaka":34,"ilce":"TR-D-34-002","eskiIlce":null},"geometry":{"type":"MultiPolygon","coordinates":[[[[28.60872432432433,41.11541081081083],[28.6076,41.1126],[28.607233844406586,41.11263543441227],[28.60872432432433,41.11541081081083]]],[[[28.6125,41.1193],[28.612748999354423,41.118867527437054],[28.60972304379038,41.11727049533381],[28.6099,41.1176],[28.6125,41.1193]]],[[[28.5834,41.1284],[28.58584418604652,41.12725937984496],[28.5805,41.1272],[28.5724,41.1196],[28.57225919999999,41.11953127619047],[28.5768,41.124],[28.5777,41.126],[28.5803,41.1277],[28.5834,41.1284]]],[[[28.592859001512863,41.12901921331316],[28.5932,41.1288],[28.594563306451615,41.125748790322575],[28.592859001512863,41.12901921331316]]],[[[28.586606034482756,41.127267844827585],[28.5874,41.1283],[28.588711391018624,41.12729123767798],[28.586606034482756,41.127267844827585]]],[[[28.572738009049775,41.13084966063347],[28.5739,41.1274],[28.573583526769,41.12717165855485],[28.572738009049775,41.13084966063347]]],[[[28.5672,41.141],[28.5815905982906,41.15442478632478],[28.5783,41.1501],[28.5724,41.1456],[28.5708,41.1429],[28.567935401974612,41.140130888575456],[28.5672,41.141]]],[[[28.5861,41.1638],[28.591796551724137,41.16672739463601],[28.5912,41.1657],[28.5865,41.164],[28.585883783783782,41.16331891891892],[28.5861,41.1638]]],[[[28.579591633466137,41.229345318725095],[28.5809,41.2291],[28.58144370860927,41.22746887417219],[28.579591633466137,41.229345318725095]]],[[[28.5765336621455,41.23244352651048],[28.5792,41.2303],[28.57926985172982,41.229671334431636],[28.5765336621455,41.23244352651048]]],[[[28.577,41.2369],[28.574985543644715,41.23516339969372],[28.576132010943912,41.24111621067031],[28.577,41.2402],[28.577,41.2369]]],[[[28.5729,41.2595],[28.574607011070118,41.25787427517132],[28.56668795986622,41.260306555183945],[28.5683,41.2605],[28.5729,41.2595]]],[[[28.554827071823205,41.26113425414365],[28.5561,41.2617],[28.557282994454713,41.261416081330864],[28.554827071823205,41.26113425414365]]],[[[28.5506,41.2815],[28.5512,41.2794],[28.5464,41.2777],[28.54347886454798,41.27647500771367],[28.5434,41.2769],[28.5493,41.2791],[28.54967263615102,41.2810220180421],[28.5504,41.2815],[28.551050591016548,41.28751796690307],[28.5516,41.2843],[28.5506,41.2815]]],[[[28.5724,41.3429],[28.59183707518019,41.33652986611742],[28.6038,41.3315],[28.606493877551028,41.33172637626479],[28.6081,41.3312],[28.6157,41.3325],[28.620748275862066,41.33965172413793],[28.6205,41.3381],[28.624,41.3385],[28.6281,41.3377],[28.6322,41.3381],[28.6439,41.3445],[28.655,41.3457],[28.6589,41.345],[28.6601,41.3422],[28.6626,41.341],[28.6606,41.3377],[28.6629,41.3342],[28.6686,41.3357],[28.672,41.3339],[28.6808,41.3303],[28.6853,41.3299],[28.6914,41.3272],[28.692,41.3239],[28.6891,41.3216],[28.6865,41.3185],[28.6835,41.3128],[28.6877,41.3135],[28.6866,41.3092],[28.6877,41.3079],[28.6866,41.3069],[28.6785,41.3038],[28.6746,41.3019],[28.6742,41.3002],[28.6722,41.2993],[28.668,41.3048],[28.6633,41.3065],[28.66,41.3068],[28.6582,41.3058],[28.6593,41.3031],[28.655,41.3024],[28.6501,41.2998],[28.6496,41.3017],[28.6519,41.3043],[28.6508,41.3053],[28.6471,41.3058],[28.643,41.3073],[28.6389,41.3072],[28.633,41.3085],[28.6307,41.3097],[28.6282,41.3057],[28.6234,41.3035],[28.6188,41.3038],[28.6117,41.302],[28.609,41.2973],[28.6058,41.2963],[28.6017,41.298],[28.5958,41.2986],[28.5919,41.3021],[28.5889,41.3007],[28.5837,41.301],[28.5802,41.3002],[28.5788,41.3012],[28.5759,41.3],[28.5744,41.2981],[28.5739,41.296],[28.571,41.2952],[28.5695,41.2984],[28.5717,41.3042],[28.571,41.3087],[28.5663,41.3114],[28.5626,41.3128],[28.5591,41.3117],[28.5587,41.3088],[28.5568,41.3079],[28.555,41.3008],[28.5556,41.2966],[28.5547,41.2933],[28.55118578512397,41.2887685123967],[28.5512,41.2889],[28.5549,41.2944],[28.5545,41.3029],[28.562010238022577,41.32927316142813],[28.567078186968843,41.33729206798868],[28.5724,41.3429]]],[[[28.621299999999987,41.344400000000014],[28.6229,41.343],[28.622767403314917,41.3428408839779],[28.621299999999987,41.344400000000014]]],[[[28.6214,41.3475525],[28.6214,41.3472],[28.62031538461539,41.34763384615384],[28.6214,41.3475525]]],[[[28.620414360770578,41.352364273204905],[28.6214,41.3522],[28.6214,41.34951999999999],[28.620414360770578,41.352364273204905]]],[[[28.6186,41.3576],[28.643767277486905,41.349475130890056],[28.6379,41.3508],[28.6273,41.3539],[28.6219,41.3559],[28.619543041606885,41.35487865136298],[28.6186,41.3576]]],[[[28.632946999999998,41.0907265],[28.6336,41.0904],[28.6333235978836,41.0901926984127],[28.632946999999998,41.0907265]]],[[[28.6399,41.0981],[28.64292222222222,41.10183333333333],[28.6403,41.0979],[28.64174742850418,41.096439531599394],[28.6363,41.0951],[28.6356835125448,41.094010872162485],[28.6361,41.0953],[28.6399,41.0962],[28.6399,41.0981]]],[[[28.668292322964938,41.106652547981476],[28.6599,41.0995],[28.658981483679522,41.099780326409494],[28.6606,41.1015],[28.6622,41.1019],[28.6663,41.1056],[28.668292322964938,41.106652547981476]]],[[[28.669833333333305,41.10746666666665],[28.6716,41.1084],[28.67390851063831,41.10914468085107],[28.669833333333305,41.10746666666665]]],[[[28.6743,41.1138],[28.677055825242718,41.11616213592233],[28.676116022099446,41.11110165745856],[28.6742,41.1119],[28.6743,41.1138]]],[[[28.744744787644795,41.13359884169884],[28.747,41.1341],[28.74867976470588,41.13287835294118],[28.744744787644795,41.13359884169884]]],[[[28.7372,41.1376],[28.7407,41.1371],[28.744,41.1425],[28.7412,41.1453],[28.7407,41.1475],[28.7423,41.1503],[28.7436,41.1506],[28.7434,41.1468],[28.7452,41.1442],[28.7483,41.1448],[28.7517,41.1438],[28.7476,41.1437],[28.7456,41.1404],[28.7437,41.1356],[28.7411,41.1347],[28.7379,41.1358],[28.73795320158103,41.1348423715415],[28.736,41.1352],[28.73296391213389,41.125385669456065],[28.7327,41.1304],[28.7342,41.136],[28.7359,41.1372],[28.7351,41.1395],[28.7372,41.1376]]],[[[28.769,41.1388],[28.7716,41.1396],[28.77773473684207,41.145799999999966],[28.7717,41.1395],[28.7573,41.1313],[28.75590943005182,41.13155461139897],[28.7582,41.132],[28.7623,41.1356],[28.7655,41.1377],[28.769,41.1388]]],[[[28.6846,41.1245],[28.6839,41.1267],[28.6822,41.1271],[28.6822,41.1327],[28.6778,41.1365],[28.6758,41.1397],[28.6724,41.1407],[28.6687,41.1436],[28.6671,41.1462],[28.6639,41.146],[28.6654,41.1481],[28.6628,41.153],[28.6601,41.1553],[28.6592,41.1583],[28.6565,41.1603],[28.6578,41.164],[28.6561,41.1693],[28.6548,41.171],[28.6516,41.1798],[28.6505,41.1809],[28.6478,41.1805],[28.6478,41.1831],[28.6429,41.1896],[28.6422,41.1942],[28.6436,41.1946],[28.6494,41.1877],[28.6516,41.1854],[28.6552,41.186],[28.6536,41.1839],[28.6579,41.1774],[28.6612,41.1785],[28.6602,41.1761],[28.6609,41.1733],[28.6618,41.1702],[28.6642,41.1686],[28.6621,41.1671],[28.6633,41.1617],[28.6647,41.1576],[28.6665,41.1548],[28.6677,41.1549],[28.6696,41.1514],[28.6724,41.1497],[28.6747,41.1463],[28.6797,41.1434],[28.6827,41.1469],[28.6836,41.1451],[28.6828,41.14],[28.6867,41.1336],[28.6883,41.1336],[28.6911,41.1357],[28.6885,41.1318],[28.6935,41.1291],[28.6973,41.1274],[28.6979,41.1255],[28.7017,41.1247],[28.7031,41.1207],[28.7045,41.1196],[28.708,41.1202],[28.7142,41.1162],[28.7151,41.1178],[28.7168,41.1166],[28.7206,41.1161],[28.7216,41.1145],[28.7242,41.1155],[28.7236,41.118],[28.7287,41.119],[28.7307,41.1232],[28.732470320855615,41.12379010695187],[28.7317,41.1213],[28.72138383189844,41.111957055304245],[28.7094,41.1136],[28.6885,41.127],[28.677408108108107,41.116686486486486],[28.679,41.1192],[28.6846,41.1245]]],[[[28.774257894736834,41.271631578947364],[28.770657993730406,41.270911598746075],[28.7705,41.2713],[28.774257894736834,41.271631578947364]]],[[[28.779604938271603,41.276259753086414],[28.777427692307693,41.27258953846154],[28.7783,41.2773],[28.781118389385995,41.2802064640543],[28.780539123691355,41.27810476929042],[28.779604938271603,41.276259753086414]]],[[[28.72689050022947,41.32638012849931],[28.7367,41.3289],[28.7478497714698,41.32350690401732],[28.7434,41.3248],[28.7353,41.3279],[28.7315,41.3263],[28.7281,41.326],[28.72689050022947,41.32638012849931]]],[[[28.693,41.3385],[28.68641176470582,41.34141764705885],[28.705767741935475,41.33389032258065],[28.7017,41.3354],[28.693,41.3385]]],[[[28.686187165775404,41.341517112299464],[28.686,41.3416],[28.684833333333323,41.34332222222224],[28.686187165775404,41.341517112299464]]],[[[28.676477966101697,41.343290508474574],[28.6742,41.3429],[28.67176190476188,41.343204761904765],[28.676477966101697,41.343290508474574]]],[[[28.6877,41.3453],[28.6851,41.3459],[28.683014213197968,41.348482402707276],[28.6831,41.3485],[28.6878,41.3453],[28.6869,41.3432],[28.68394876160991,41.344628018575854],[28.6839,41.3447],[28.6877,41.3453]]],[[[28.6792,41.3477],[28.682353191489383,41.34834680851064],[28.6792,41.3476],[28.68,41.3464],[28.6777,41.3435],[28.67704375,41.3433875],[28.6792,41.3477]]],[[[28.65225186868686,41.349330656565655],[28.6559,41.3493],[28.671359036144594,41.34325512048193],[28.6694,41.3435],[28.6579,41.3478],[28.6563,41.3491],[28.6541,41.3486],[28.65225186868686,41.349330656565655]]],[[[28.8112,41.1362],[28.81025230769231,41.13675130177515],[28.812217816091955,41.136222126436785],[28.8112,41.1362]]],[[[28.817363045912654,41.14949686450168],[28.8204,41.1364],[28.81426666666667,41.13626666666667],[28.8182,41.1364],[28.8167,41.1398],[28.8153,41.1407],[28.8179,41.1429],[28.817363045912654,41.14949686450168]]],[[[28.7898,41.1488],[28.792626763990288,41.14700462287104],[28.7904,41.1483],[28.786978101797054,41.14864603464974],[28.7859,41.1492],[28.782729513343796,41.149075667189955],[28.781617105263166,41.149188157894734],[28.7838,41.1495],[28.7898,41.1488]]],[[[28.816759152215802,41.152101156069364],[28.815,41.1545],[28.815512978986405,41.15747527812114],[28.816759152215802,41.152101156069364]]],[[[28.814138582677167,41.16340236220472],[28.8136,41.1643],[28.814113186813188,41.1653833943834],[28.814,41.164],[28.814138582677167,41.16340236220472]]],[[[28.814336279069767,41.16811007751937],[28.8142,41.1697],[28.814735509138384,41.172989556135775],[28.814336279069767,41.16811007751937]]],[[[28.8143,41.1757],[28.818567379679166,41.17547540106952],[28.8149,41.175],[28.814833579335794,41.17418819188192],[28.8143,41.1757]]],[[[28.8203,41.1757],[28.819975814751288,41.175657975986276],[28.8197,41.1786],[28.821264237818507,41.182608359409926],[28.8216,41.1822],[28.8203,41.1757]]],[[[28.821124902723742,41.18277782101167],[28.8195,41.1835],[28.8178,41.1866],[28.817906918238997,41.186760377358496],[28.8179,41.1867],[28.821124902723742,41.18277782101167]]],[[[28.8183,41.1944],[28.818542465753424,41.19698630136986],[28.819,41.1963],[28.818685191347754,41.19355257903494],[28.8183,41.1944]]],[[[28.813150176678448,41.21471413427561],[28.8113,41.2163],[28.8113,41.21773846153846],[28.813150176678448,41.21471413427561]]],[[[28.806583333333315,41.221083606557386],[28.8101,41.2197],[28.81076236039843,41.21861729550256],[28.806583333333315,41.221083606557386]]],[[[28.79740136239782,41.22719264305177],[28.7979,41.2245],[28.80426613088405,41.221995292766934],[28.8003,41.2224],[28.7987,41.2236],[28.7978,41.2239],[28.7967,41.2263],[28.79740136239782,41.22719264305177]]],[[[28.7949,41.2313],[28.794803529411762,41.23168588235294],[28.7969,41.2299],[28.797160364842455,41.228494029850744],[28.7949,41.2313]]],[[[28.7879,41.2458],[28.787433734939757,41.24491927710843],[28.787677037037035,41.24650074074074],[28.7879,41.2458]]],[[[28.7812,41.2586],[28.7858,41.2524],[28.786233802816902,41.251036619718306],[28.7856,41.2526],[28.7834,41.2541],[28.78056349522293,41.258697093949046],[28.7812,41.2586]]],[[[28.78201419068736,41.28345661492977],[28.7824,41.2856],[28.783059090909095,41.28724772727274],[28.78201419068736,41.28345661492977]]],[[[28.78803621908127,41.306270023557126],[28.7882,41.3059],[28.783769744779583,41.28982612529002],[28.7837,41.2915],[28.7855,41.2968],[28.7855,41.3002],[28.7865,41.3033],[28.78803621908127,41.306270023557126]]]]}},{"type":"Feature","properties":{"id":"PARCA-34-033-GAZIOSMANPASA-D1","plaka":34,"ilce":"TR-D-34-033","eskiIlce":"Gaziosmanpaşa"},"geometry":{"type":"Polygon","coordinates":[[[28.887375319148944,41.08970723404256],[28.8873,41.0897],[28.88725825242718,41.089673786407765],[28.8863,41.0894],[28.8785,41.0855],[28.8744,41.0816],[28.869,41.0867],[28.867932680195956,41.08740286913925],[28.864685519276883,41.09031641763513],[28.859815843733017,41.094685784047776],[28.859781602373918,41.0947261127596],[28.85433101135191,41.10246243550052],[28.8615,41.1044],[28.8571,41.1134],[28.8522,41.1156],[28.8505,41.113],[28.8482,41.1115],[28.84637777777778,41.11217489711934],[28.845539675433688,41.11304404029099],[28.845239495798317,41.114258403361355],[28.8451,41.1152],[28.8466,41.1153],[28.8462,41.1179],[28.8441,41.1214],[28.8448,41.121],[28.8492,41.1246],[28.8515,41.1228],[28.8532,41.124],[28.8715,41.1332],[28.8762,41.1336],[28.8789,41.1349],[28.8837,41.1348],[28.8891,41.1369],[28.8875,41.1333],[28.8908,41.136],[28.894800630417652,41.134749802994484],[28.899627382645797,41.12995071123756],[28.9011,41.1273],[28.9037565144341,41.125845242095615],[28.90508898102376,41.12452041141764],[28.9042,41.1225],[28.8957,41.1222],[28.9012,41.121],[28.9063,41.1221],[28.9076,41.1191],[28.9093,41.118],[28.9087,41.1152],[28.9109,41.1139],[28.9163,41.1132],[28.916426811404655,41.11324755427675],[28.9203341117683,41.109362645319194],[28.920521875,41.10886562499999],[28.9201,41.1076],[28.9185,41.1046],[28.9197,41.1026],[28.9167,41.0971],[28.920999572039943,41.09446162624822],[28.921,41.0944],[28.912620773534414,41.092131938701044],[28.906553176553178,41.091549175149176],[28.901110055154867,41.09102638947815],[28.8969,41.0912],[28.8898,41.0904],[28.887375319148944,41.08970723404256]]]}},{"type":"Feature","properties":{"id":"BELIRSIZ-34-033-D1","plaka":34,"ilce":"TR-D-34-033","eskiIlce":null},"geometry":{"type":"MultiPolygon","coordinates":[[[[28.8522,41.1156],[28.8571,41.1134],[28.8615,41.1044],[28.85433101135191,41.10246243550052],[28.8505,41.1079],[28.84637777777778,41.11217489711934],[28.8482,41.1115],[28.8505,41.113],[28.8522,41.1156]]],[[[28.842638461538467,41.12220769230768],[28.8421,41.1229],[28.83995483870966,41.12399677419356],[28.835430434782605,41.12701304347826],[28.82637333333333,41.133051111111115],[28.825269052631576,41.13457607017544],[28.82661875,41.13506057692308],[28.8334,41.1336],[28.8364,41.1359],[28.8406,41.1372],[28.8447,41.141],[28.8461,41.1432],[28.8608,41.1422],[28.8649,41.1404],[28.8708,41.1414],[28.8738,41.1427],[28.8737,41.1441],[28.8762,41.148],[28.875020618556704,41.14996563573883],[28.88112157480315,41.1463728503937],[28.88167116564417,41.14604920245399],[28.885611558156548,41.14372874908559],[28.887319301617808,41.14218825884992],[28.894800630417652,41.134749802994484],[28.8908,41.136],[28.8875,41.1333],[28.8891,41.1369],[28.8837,41.1348],[28.8789,41.1349],[28.8762,41.1336],[28.8715,41.1332],[28.8532,41.124],[28.8515,41.1228],[28.8492,41.1246],[28.8448,41.121],[28.8441,41.1214],[28.8462,41.1179],[28.8466,41.1153],[28.8451,41.1152],[28.845239495798317,41.114258403361355],[28.84504699453552,41.11503715846995],[28.8449,41.1193],[28.843570823529408,41.12100894117648],[28.8434,41.1217],[28.842638461538467,41.12220769230768]]],[[[28.84272954545455,41.15078181818183],[28.8414,41.1483],[28.836,41.1438],[28.83366,41.142720000000004],[28.84272954545455,41.15078181818183]]],[[[28.8483,41.1531],[28.843274763406917,41.15123880126182],[28.848240343781598,41.15381587462083],[28.8483,41.1531]]],[[[28.8665375,41.15496125],[28.870822485207093,41.15243786982249],[28.8704,41.1525],[28.8675,41.1512],[28.8654,41.1528],[28.8665375,41.15496125]]],[[[28.85007764705882,41.154769411764704],[28.859,41.1594],[28.859730717185386,41.15896968876861],[28.855,41.1569],[28.8534,41.1556],[28.85007764705882,41.154769411764704]]],[[[28.869,41.0867],[28.8744,41.0816],[28.867932680195956,41.08740286913925],[28.869,41.0867]]],[[[28.8744,41.0816],[28.8785,41.0855],[28.8863,41.0894],[28.88725825242718,41.089673786407765],[28.8744,41.0816]]],[[[28.887375319148944,41.08970723404256],[28.8898,41.0904],[28.8969,41.0912],[28.901110055154867,41.09102638947815],[28.887375319148944,41.08970723404256]]],[[[28.920999572039943,41.09446162624822],[28.9167,41.0971],[28.9197,41.1026],[28.9185,41.1046],[28.9201,41.1076],[28.920521875,41.10886562499999],[28.920906616729088,41.10784719101123],[28.9209140625,41.106775],[28.92,41.098],[28.920987444647043,41.09620797082574],[28.920999572039943,41.09446162624822]]],[[[28.9163,41.1132],[28.9109,41.1139],[28.9087,41.1152],[28.9093,41.118],[28.9076,41.1191],[28.9063,41.1221],[28.9012,41.121],[28.8957,41.1222],[28.9042,41.1225],[28.90508898102376,41.12452041141764],[28.907620854983467,41.12200304676429],[28.9115,41.1161],[28.91574994658935,41.113920540210586],[28.916426811404655,41.11324755427675],[28.9163,41.1132]]],[[[28.9011,41.1273],[28.899627382645797,41.12995071123756],[28.9037565144341,41.125845242095615],[28.9011,41.1273]]]]}},{"type":"Feature","properties":{"id":"PARCA-34-033-EYUP-D1","plaka":34,"ilce":"TR-D-34-033","eskiIlce":"Eyüp"},"geometry":{"type":"Polygon","coordinates":[[[28.8737,41.1441],[28.8738,41.1427],[28.8708,41.1414],[28.8649,41.1404],[28.8608,41.1422],[28.8461,41.1432],[28.8447,41.141],[28.8406,41.1372],[28.8364,41.1359],[28.8334,41.1336],[28.83330721649485,41.14176494845361],[28.833386301369863,41.14247671232877],[28.83366,41.142720000000004],[28.836,41.1438],[28.8414,41.1483],[28.84272954545455,41.15078181818183],[28.8432,41.1512],[28.843274763406917,41.15123880126182],[28.8483,41.1531],[28.848240343781598,41.15381587462083],[28.85007764705882,41.154769411764704],[28.8534,41.1556],[28.855,41.1569],[28.859730717185386,41.15896968876861],[28.8665375,41.15496125],[28.8654,41.1528],[28.8675,41.1512],[28.8704,41.1525],[28.870822485207093,41.15243786982249],[28.875020618556704,41.14996563573883],[28.8762,41.148],[28.8737,41.1441]]]}},{"type":"Feature","properties":{"id":"PARCA-34-018-BUYUKCEKMECE-D1","plaka":34,"ilce":"TR-D-34-018","eskiIlce":"Büyükçekmece"},"geometry":{"type":"MultiPolygon","coordinates":[[[[28.645191459896136,41.01448753606463],[28.644422088006902,41.01479790767903],[28.634218057799316,41.01891430622868],[28.6288,41.0211],[28.625828820375336,41.02871702412868],[28.624886426299046,41.03113297985154],[28.624510424710426,41.03209691119691],[28.623586860581746,41.034464593781344],[28.62360216216216,41.03456405405406],[28.626054748603355,41.04019385474861],[28.62723225806451,41.04289677419353],[28.6278,41.0442],[28.6281,41.0528],[28.628090153172867,41.05282100656455],[28.6271,41.05493333333334],[28.625165217391306,41.059060869565215],[28.62074705882353,41.06848627450981],[28.6206,41.0688],[28.625406716417917,41.07883507462688],[28.626027975863963,41.0801320899616],[28.6263,41.0807],[28.62722553191489,41.08150575719649],[28.631810174418607,41.08549709302326],[28.6348,41.0881],[28.63409616147926,41.08909764267389],[28.63343383595851,41.0900364435267],[28.6356835125448,41.094010872162485],[28.6363,41.0951],[28.641747428504182,41.096439531599394],[28.6457744742268,41.09237620618558],[28.6514,41.0867],[28.65515540308748,41.076624528301885],[28.6555,41.0757],[28.655515904936014,41.07568976234003],[28.66666203246295,41.06851524347213],[28.67054285714284,41.06601724137932],[28.67286310628148,41.06452374768089],[28.6729,41.0645],[28.681351390433818,41.06150400444939],[28.691671537807988,41.05784553950722],[28.6918,41.0578],[28.6824,41.055],[28.6895,41.0478],[28.69065489864865,41.043084163851354],[28.6907,41.0429],[28.692470299727525,41.04256049046322],[28.698,41.0415],[28.691868000000003,41.037132],[28.6907,41.0363],[28.69070417910448,41.036254029850745],[28.6911,41.0319],[28.691519104477624,41.03177582089552],[28.694834042553186,41.03079361702128],[28.696865625,41.03019166666667],[28.7019,41.0287],[28.70188726896112,41.02860189611217],[28.701854666666662,41.02835066666666],[28.7017,41.0275],[28.701683188405795,41.027029275362324],[28.70023566433566,41.015874825174826],[28.700139999999998,41.01554],[28.698999999999984,41.01439999999999],[28.69693333333333,41.01233333333334],[28.6968,41.0124],[28.6935,41.014],[28.6932,41.0141],[28.693136633663357,41.0141594059406],[28.69,41.0153],[28.6922,41.0101],[28.6819,41.0074],[28.682,41.0056],[28.682207674943577,41.005522121896156],[28.676904878048806,41.00592341463415],[28.66420054200542,41.00688482384824],[28.6641,41.0069],[28.663170680628294,41.00723455497381],[28.645191459896136,41.01448753606463]],[[28.6553,41.0606],[28.6558,41.0601],[28.6555,41.0604],[28.6553,41.0606]],[[28.673,41.0501],[28.6731,41.05],[28.6729,41.0504],[28.673,41.0501]],[[28.668710169491526,41.03646497175141],[28.6691,41.0364],[28.6685,41.0365],[28.668710169491526,41.03646497175141]],[[28.6524,41.0452],[28.6518,41.0397],[28.6561,41.0365],[28.6518,41.0354],[28.6517,41.0348],[28.6514,41.0343],[28.6511,41.0339],[28.651,41.0338],[28.6505,41.034],[28.648,41.0341],[28.6475,41.034349999999996],[28.6475,41.0344],[28.6474,41.0344],[28.6467,41.0349],[28.6462,41.0353],[28.6419,41.0345],[28.6398,41.03],[28.6452,41.0292],[28.6445,41.028],[28.6445,41.023],[28.6466,41.0187],[28.6531,41.0191],[28.6554,41.02],[28.6557,41.0196],[28.6562,41.019],[28.6612,41.022],[28.6648,41.0226],[28.6673,41.0254],[28.6686,41.026],[28.6665,41.0284],[28.6658,41.0314],[28.6627,41.0332],[28.6604,41.0357],[28.6589,41.0406],[28.659,41.0406],[28.6576,41.0455],[28.6524,41.0452]],[[28.6425,41.0375],[28.642421686746985,41.03751807228916],[28.6412,41.0378],[28.6425,41.0375]],[[28.6873,41.0215],[28.6875,41.0212],[28.6875,41.0213],[28.6873,41.0215]],[[28.6899,41.0172],[28.6898,41.0173],[28.69,41.0171],[28.6899,41.0172]]],[[[28.696962672811058,41.01225769585254],[28.7017132780083,41.0090510373444],[28.7049,41.0069],[28.6994,40.9993375],[28.6993,40.9992],[28.698166129032185,40.99946559139787],[28.6967,40.9999],[28.69620611246947,40.999924694376524],[28.688629359543423,41.00169942929614],[28.68844262295081,41.001743169398914],[28.687823880597023,41.0021343283582],[28.685757142857103,41.00397142857146],[28.685609433962263,41.00410272536688],[28.6901,41.0054],[28.6925,41.0072],[28.696962672811058,41.01225769585254]]],[[[28.684322446179824,41.00434787885183],[28.68284022346368,41.00528491620112],[28.6844,41.0047],[28.6846,41.0046],[28.685366459627343,41.00421677018633],[28.684322446179824,41.00434787885183]]]]}},{"type":"Feature","properties":{"id":"BELIRSIZ-34-018-D1","plaka":34,"ilce":"TR-D-34-018","eskiIlce":null},"geometry":{"type":"MultiPolygon","coordinates":[[[[28.6855,41.0042],[28.685366459627343,41.00421677018633],[28.6846,41.0046],[28.6844,41.0047],[28.68284022346368,41.00528491620112],[28.6825,41.0055],[28.682207674943577,41.005522121896156],[28.682,41.0056],[28.6819,41.0074],[28.6922,41.0101],[28.69,41.0153],[28.693136633663368,41.014159405940596],[28.6932,41.0141],[28.6935,41.014],[28.6968,41.0124],[28.69693333333333,41.01233333333334],[28.6969,41.0123],[28.696962672811058,41.01225769585254],[28.6925,41.0072],[28.6901,41.0054],[28.685609433962263,41.00410272536688],[28.6855,41.0042]]],[[[28.6445,41.023],[28.6445,41.028],[28.6452,41.0292],[28.6398,41.03],[28.6419,41.0345],[28.6462,41.0353],[28.6467,41.0349],[28.6474,41.0344],[28.6475,41.0344],[28.6475,41.034349999999996],[28.648,41.0341],[28.6505,41.034],[28.651,41.0338],[28.651009090909092,41.033809090909095],[28.6513,41.0337],[28.651009090909096,41.033809090909095],[28.6511,41.0339],[28.6514,41.0343],[28.6517,41.0348],[28.6518,41.0354],[28.6561,41.0365],[28.6518,41.0397],[28.6524,41.0452],[28.6576,41.0455],[28.659,41.0406],[28.6589,41.0406],[28.6604,41.0357],[28.6627,41.0332],[28.6658,41.0314],[28.6665,41.0284],[28.6686,41.026],[28.6673,41.0254],[28.6648,41.0226],[28.6612,41.022],[28.6562,41.019],[28.6557,41.0196],[28.6552,41.0203],[28.6554,41.02],[28.6531,41.0191],[28.6466,41.0187],[28.6445,41.023]]]]}},{"type":"Feature","properties":{"id":"PARCA-34-018-BUYUKCEKMECE-D2","plaka":34,"ilce":"TR-D-34-018","eskiIlce":"Büyükçekmece"},"geometry":{"type":"MultiPolygon","coordinates":[[[[28.645191459896136,41.01448753606463],[28.644422088006902,41.01479790767903],[28.634218057799316,41.01891430622868],[28.6288,41.0211],[28.625828820375336,41.02871702412868],[28.624886426299046,41.03113297985154],[28.624510424710426,41.03209691119691],[28.623586860581746,41.034464593781344],[28.62360216216216,41.03456405405406],[28.626054748603355,41.04019385474861],[28.62723225806451,41.04289677419353],[28.6278,41.0442],[28.6281,41.0528],[28.628090153172867,41.05282100656455],[28.6271,41.05493333333334],[28.625165217391306,41.059060869565215],[28.62074705882353,41.06848627450981],[28.6206,41.0688],[28.625406716417917,41.07883507462688],[28.626027975863963,41.0801320899616],[28.6263,41.0807],[28.62722553191489,41.08150575719649],[28.631810174418607,41.08549709302326],[28.6348,41.0881],[28.63409616147926,41.08909764267389],[28.63343383595851,41.0900364435267],[28.6356835125448,41.094010872162485],[28.6363,41.0951],[28.641747428504182,41.096439531599394],[28.6457744742268,41.09237620618558],[28.6514,41.0867],[28.65515540308748,41.076624528301885],[28.6555,41.0757],[28.655515904936014,41.07568976234003],[28.66666203246295,41.06851524347213],[28.67054285714284,41.06601724137932],[28.67286310628148,41.06452374768089],[28.6729,41.0645],[28.681351390433818,41.06150400444939],[28.691671537807988,41.05784553950722],[28.6918,41.0578],[28.6824,41.055],[28.6895,41.0478],[28.69065489864865,41.043084163851354],[28.6907,41.0429],[28.692470299727525,41.04256049046322],[28.698,41.0415],[28.691868000000003,41.037132],[28.6907,41.0363],[28.69070417910448,41.036254029850745],[28.6911,41.0319],[28.691519104477624,41.03177582089552],[28.694834042553186,41.03079361702128],[28.696865625,41.03019166666667],[28.7019,41.0287],[28.70188726896112,41.02860189611217],[28.701854666666662,41.02835066666666],[28.7017,41.0275],[28.701683188405795,41.027029275362324],[28.70023566433566,41.015874825174826],[28.700139999999998,41.01554],[28.698999999999984,41.01439999999999],[28.69693333333333,41.01233333333334],[28.6968,41.0124],[28.6935,41.014],[28.6932,41.0141],[28.693136633663357,41.0141594059406],[28.69,41.0153],[28.6922,41.0101],[28.6819,41.0074],[28.682,41.0056],[28.682207674943577,41.005522121896156],[28.676904878048806,41.00592341463415],[28.66420054200542,41.00688482384824],[28.6641,41.0069],[28.663170680628294,41.00723455497381],[28.645191459896136,41.01448753606463]],[[28.6553,41.0606],[28.6558,41.0601],[28.6555,41.0604],[28.6553,41.0606]],[[28.673,41.0501],[28.6731,41.05],[28.6729,41.0504],[28.673,41.0501]],[[28.668710169491526,41.03646497175141],[28.6691,41.0364],[28.6685,41.0365],[28.668710169491526,41.03646497175141]],[[28.6524,41.0452],[28.6518,41.0397],[28.6561,41.0365],[28.6518,41.0354],[28.6517,41.0348],[28.6514,41.0343],[28.6511,41.0339],[28.651,41.0338],[28.6505,41.034],[28.648,41.0341],[28.6475,41.034349999999996],[28.6475,41.0344],[28.6474,41.0344],[28.6467,41.0349],[28.6462,41.0353],[28.6419,41.0345],[28.6398,41.03],[28.6452,41.0292],[28.6445,41.028],[28.6445,41.023],[28.6466,41.0187],[28.6531,41.0191],[28.6554,41.02],[28.6557,41.0196],[28.6562,41.019],[28.6612,41.022],[28.6648,41.0226],[28.6673,41.0254],[28.6686,41.026],[28.6665,41.0284],[28.6658,41.0314],[28.6627,41.0332],[28.6604,41.0357],[28.6589,41.0406],[28.659,41.0406],[28.6576,41.0455],[28.6524,41.0452]],[[28.6425,41.0375],[28.642421686746985,41.03751807228916],[28.6412,41.0378],[28.6425,41.0375]],[[28.6873,41.0215],[28.6875,41.0212],[28.6875,41.0213],[28.6873,41.0215]],[[28.6899,41.0172],[28.6898,41.0173],[28.69,41.0171],[28.6899,41.0172]]],[[[28.696962672811058,41.01225769585254],[28.7017132780083,41.0090510373444],[28.7049,41.0069],[28.6994,40.9993375],[28.6993,40.9992],[28.698166129032185,40.99946559139787],[28.6967,40.9999],[28.69620611246947,40.999924694376524],[28.688629359543423,41.00169942929614],[28.68844262295081,41.001743169398914],[28.687823880597023,41.0021343283582],[28.685757142857103,41.00397142857146],[28.685609433962263,41.00410272536688],[28.6901,41.0054],[28.6925,41.0072],[28.696962672811058,41.01225769585254]]],[[[28.684322446179824,41.00434787885183],[28.68284022346368,41.00528491620112],[28.6844,41.0047],[28.6846,41.0046],[28.685366459627343,41.00421677018633],[28.684322446179824,41.00434787885183]]]]}},{"type":"Feature","properties":{"id":"BELIRSIZ-34-018-D2","plaka":34,"ilce":"TR-D-34-018","eskiIlce":null},"geometry":{"type":"MultiPolygon","coordinates":[[[[28.6855,41.0042],[28.685366459627343,41.00421677018633],[28.6846,41.0046],[28.6844,41.0047],[28.68284022346368,41.00528491620112],[28.6825,41.0055],[28.682207674943577,41.005522121896156],[28.682,41.0056],[28.6819,41.0074],[28.6922,41.0101],[28.69,41.0153],[28.693136633663368,41.014159405940596],[28.6932,41.0141],[28.6935,41.014],[28.6968,41.0124],[28.69693333333333,41.01233333333334],[28.6969,41.0123],[28.696962672811058,41.01225769585254],[28.6925,41.0072],[28.6901,41.0054],[28.685609433962263,41.00410272536688],[28.6855,41.0042]]],[[[28.6445,41.023],[28.6445,41.028],[28.6452,41.0292],[28.6398,41.03],[28.6419,41.0345],[28.6462,41.0353],[28.6467,41.0349],[28.6474,41.0344],[28.6475,41.0344],[28.6475,41.034349999999996],[28.648,41.0341],[28.6505,41.034],[28.651,41.0338],[28.651009090909092,41.033809090909095],[28.6513,41.0337],[28.651009090909096,41.033809090909095],[28.6511,41.0339],[28.6514,41.0343],[28.6517,41.0348],[28.6518,41.0354],[28.6561,41.0365],[28.6518,41.0397],[28.6524,41.0452],[28.6576,41.0455],[28.659,41.0406],[28.6589,41.0406],[28.6604,41.0357],[28.6627,41.0332],[28.6658,41.0314],[28.6665,41.0284],[28.6686,41.026],[28.6673,41.0254],[28.6648,41.0226],[28.6612,41.022],[28.6562,41.019],[28.6557,41.0196],[28.6552,41.0203],[28.6554,41.02],[28.6531,41.0191],[28.6466,41.0187],[28.6445,41.023]]]]}},{"type":"Feature","properties":{"id":"PARCA-34-018-BUYUKCEKMECE-D3","plaka":34,"ilce":"TR-D-34-018","eskiIlce":"Büyükçekmece"},"geometry":{"type":"MultiPolygon","coordinates":[[[[28.645191459896136,41.01448753606463],[28.644422088006902,41.01479790767903],[28.634218057799316,41.01891430622868],[28.6288,41.0211],[28.625828820375336,41.02871702412868],[28.624886426299046,41.03113297985154],[28.624510424710426,41.03209691119691],[28.623586860581746,41.034464593781344],[28.62360216216216,41.03456405405406],[28.626054748603355,41.04019385474861],[28.62723225806451,41.04289677419353],[28.6278,41.0442],[28.6281,41.0528],[28.628090153172867,41.05282100656455],[28.6271,41.05493333333334],[28.625165217391306,41.059060869565215],[28.62074705882353,41.06848627450981],[28.6206,41.0688],[28.625406716417917,41.07883507462688],[28.626027975863963,41.0801320899616],[28.6263,41.0807],[28.62722553191489,41.08150575719649],[28.631810174418607,41.08549709302326],[28.6348,41.0881],[28.63409616147926,41.08909764267389],[28.63343383595851,41.0900364435267],[28.6356835125448,41.094010872162485],[28.6363,41.0951],[28.641747428504182,41.096439531599394],[28.6457744742268,41.09237620618558],[28.6514,41.0867],[28.65515540308748,41.076624528301885],[28.6555,41.0757],[28.655515904936014,41.07568976234003],[28.66666203246295,41.06851524347213],[28.67054285714284,41.06601724137932],[28.67286310628148,41.06452374768089],[28.6729,41.0645],[28.681351390433818,41.06150400444939],[28.691671537807988,41.05784553950722],[28.6918,41.0578],[28.6824,41.055],[28.6895,41.0478],[28.69065489864865,41.043084163851354],[28.6907,41.0429],[28.692470299727525,41.04256049046322],[28.698,41.0415],[28.691868000000003,41.037132],[28.6907,41.0363],[28.69070417910448,41.036254029850745],[28.6911,41.0319],[28.691519104477624,41.03177582089552],[28.694834042553186,41.03079361702128],[28.696865625,41.03019166666667],[28.7019,41.0287],[28.70188726896112,41.02860189611217],[28.701854666666662,41.02835066666666],[28.7017,41.0275],[28.701683188405795,41.027029275362324],[28.70023566433566,41.015874825174826],[28.700139999999998,41.01554],[28.698999999999984,41.01439999999999],[28.69693333333333,41.01233333333334],[28.6968,41.0124],[28.6935,41.014],[28.6932,41.0141],[28.693136633663357,41.0141594059406],[28.69,41.0153],[28.6922,41.0101],[28.6819,41.0074],[28.682,41.0056],[28.682207674943577,41.005522121896156],[28.676904878048806,41.00592341463415],[28.66420054200542,41.00688482384824],[28.6641,41.0069],[28.663170680628294,41.00723455497381],[28.645191459896136,41.01448753606463]],[[28.6553,41.0606],[28.6558,41.0601],[28.6555,41.0604],[28.6553,41.0606]],[[28.673,41.0501],[28.6731,41.05],[28.6729,41.0504],[28.673,41.0501]],[[28.668710169491526,41.03646497175141],[28.6691,41.0364],[28.6685,41.0365],[28.668710169491526,41.03646497175141]],[[28.6524,41.0452],[28.6518,41.0397],[28.6561,41.0365],[28.6518,41.0354],[28.6517,41.0348],[28.6514,41.0343],[28.6511,41.0339],[28.651,41.0338],[28.6505,41.034],[28.648,41.0341],[28.6475,41.034349999999996],[28.6475,41.0344],[28.6474,41.0344],[28.6467,41.0349],[28.6462,41.0353],[28.6419,41.0345],[28.6398,41.03],[28.6452,41.0292],[28.6445,41.028],[28.6445,41.023],[28.6466,41.0187],[28.6531,41.0191],[28.6554,41.02],[28.6557,41.0196],[28.6562,41.019],[28.6612,41.022],[28.6648,41.0226],[28.6673,41.0254],[28.6686,41.026],[28.6665,41.0284],[28.6658,41.0314],[28.6627,41.0332],[28.6604,41.0357],[28.6589,41.0406],[28.659,41.0406],[28.6576,41.0455],[28.6524,41.0452]],[[28.6425,41.0375],[28.642421686746985,41.03751807228916],[28.6412,41.0378],[28.6425,41.0375]],[[28.6873,41.0215],[28.6875,41.0212],[28.6875,41.0213],[28.6873,41.0215]],[[28.6899,41.0172],[28.6898,41.0173],[28.69,41.0171],[28.6899,41.0172]]],[[[28.696962672811058,41.01225769585254],[28.7017132780083,41.0090510373444],[28.7049,41.0069],[28.6994,40.9993375],[28.6993,40.9992],[28.698166129032185,40.99946559139787],[28.6967,40.9999],[28.69620611246947,40.999924694376524],[28.688629359543423,41.00169942929614],[28.68844262295081,41.001743169398914],[28.687823880597023,41.0021343283582],[28.685757142857103,41.00397142857146],[28.685609433962263,41.00410272536688],[28.6901,41.0054],[28.6925,41.0072],[28.696962672811058,41.01225769585254]]],[[[28.684322446179824,41.00434787885183],[28.68284022346368,41.00528491620112],[28.6844,41.0047],[28.6846,41.0046],[28.685366459627343,41.00421677018633],[28.684322446179824,41.00434787885183]]]]}},{"type":"Feature","properties":{"id":"BELIRSIZ-34-018-D3","plaka":34,"ilce":"TR-D-34-018","eskiIlce":null},"geometry":{"type":"MultiPolygon","coordinates":[[[[28.6855,41.0042],[28.685366459627343,41.00421677018633],[28.6846,41.0046],[28.6844,41.0047],[28.68284022346368,41.00528491620112],[28.6825,41.0055],[28.682207674943577,41.005522121896156],[28.682,41.0056],[28.6819,41.0074],[28.6922,41.0101],[28.69,41.0153],[28.693136633663368,41.014159405940596],[28.6932,41.0141],[28.6935,41.014],[28.6968,41.0124],[28.69693333333333,41.01233333333334],[28.6969,41.0123],[28.696962672811058,41.01225769585254],[28.6925,41.0072],[28.6901,41.0054],[28.685609433962263,41.00410272536688],[28.6855,41.0042]]],[[[28.6445,41.023],[28.6445,41.028],[28.6452,41.0292],[28.6398,41.03],[28.6419,41.0345],[28.6462,41.0353],[28.6467,41.0349],[28.6474,41.0344],[28.6475,41.0344],[28.6475,41.034349999999996],[28.648,41.0341],[28.6505,41.034],[28.651,41.0338],[28.651009090909092,41.033809090909095],[28.6513,41.0337],[28.651009090909096,41.033809090909095],[28.6511,41.0339],[28.6514,41.0343],[28.6517,41.0348],[28.6518,41.0354],[28.6561,41.0365],[28.6518,41.0397],[28.6524,41.0452],[28.6576,41.0455],[28.659,41.0406],[28.6589,41.0406],[28.6604,41.0357],[28.6627,41.0332],[28.6658,41.0314],[28.6665,41.0284],[28.6686,41.026],[28.6673,41.0254],[28.6648,41.0226],[28.6612,41.022],[28.6562,41.019],[28.6557,41.0196],[28.6552,41.0203],[28.6554,41.02],[28.6531,41.0191],[28.6466,41.0187],[28.6445,41.023]]]]}},{"type":"Feature","properties":{"id":"PARCA-34-008-KUCUKCEKMECE-D1","plaka":34,"ilce":"TR-D-34-008","eskiIlce":"Küçükçekmece"},"geometry":{"type":"MultiPolygon","coordinates":[[[[28.7399,41.0761],[28.7419,41.0843],[28.7421,41.0883],[28.7378,41.0911],[28.7397,41.096],[28.7384,41.1066],[28.7353,41.1064],[28.7278,41.1096],[28.7241,41.1068],[28.7219,41.107],[28.7219,41.108],[28.7256,41.1109],[28.7327,41.1134],[28.7324,41.1163],[28.7312,41.1191],[28.7347,41.1231],[28.7343,41.1244],[28.7342,41.1248],[28.7358,41.1262],[28.7342,41.1287],[28.735907668711658,41.13490153374233],[28.736,41.1352],[28.73795320158103,41.1348423715415],[28.738,41.134],[28.7407,41.1327],[28.744744787644795,41.13359884169884],[28.74867976470588,41.13287835294118],[28.7503,41.1317],[28.753327712418304,41.13202732026144],[28.754170204081632,41.13187306122449],[28.7546,41.1313],[28.75590943005182,41.13155461139897],[28.7573,41.1313],[28.76928851674641,41.13812679425837],[28.7717,41.1395],[28.781318480319936,41.14902033256157],[28.782729513343796,41.149075667189955],[28.786978101797054,41.14864603464974],[28.7968492639843,41.14357389597645],[28.7938,41.139],[28.7909,41.1352],[28.7912,41.1321],[28.7905,41.1288],[28.7862,41.1257],[28.7842,41.1211],[28.7792,41.1167],[28.7741,41.1153],[28.7721,41.1137],[28.7722,41.1106],[28.7735,41.1005],[28.7662,41.096],[28.7702,41.093],[28.7705,41.0938],[28.776,41.0925],[28.7747,41.0875],[28.7804,41.0873],[28.7832,41.0881],[28.7835,41.0895],[28.7865,41.0916],[28.7879,41.0911],[28.7847,41.0857],[28.7857,41.0821],[28.7857,41.0813],[28.7865,41.0775],[28.7913,41.0794],[28.7936,41.0785],[28.7937,41.0737],[28.7911,41.072],[28.7925,41.0706],[28.7936,41.067],[28.7867,41.0665],[28.7857,41.0707],[28.7862,41.0737],[28.7825,41.0742],[28.7803,41.0731],[28.7801,41.0729],[28.7793,41.0691],[28.7841,41.0692],[28.7835,41.0675],[28.7802,41.0675],[28.7809,41.0644],[28.7961,41.0643],[28.8026,41.0631],[28.8036,41.0646],[28.8096,41.0655],[28.8101,41.0676],[28.8136,41.0674],[28.813676313364056,41.06659870967742],[28.811820926966295,41.06153033707866],[28.8117,41.0613],[28.809057723577187,41.061421951219515],[28.804222321428565,41.061828125],[28.7962,41.0637],[28.7885,41.0639],[28.7847,41.0633],[28.78254780419589,41.06307015384616],[28.757286610013782,41.06242091754709],[28.749289369708375,41.06221538099718],[28.747167298219022,41.062588177339904],[28.7457,41.0656],[28.7426,41.0742],[28.7399,41.0761]]],[[[28.7067,41.112],[28.7067,41.1106],[28.7104,41.1102],[28.7134,41.1074],[28.7107,41.1046],[28.7059,41.1045],[28.7024,41.1031],[28.6991,41.1032],[28.6988,41.1032],[28.6965,41.1033],[28.6963,41.1033],[28.696,41.1033],[28.6958,41.1032],[28.69513846153846,41.10301098901099],[28.695,41.1031],[28.6949494710641,41.1030790914748],[28.6892,41.1061],[28.6876,41.1085],[28.6837,41.1109],[28.6778,41.1104],[28.677197439544805,41.11065106685633],[28.677103301476976,41.11620521285838],[28.677408108108107,41.116686486486486],[28.685442274052477,41.12415685131195],[28.6873,41.1234],[28.6921,41.119],[28.7005,41.1165],[28.7067,41.112]]]]}},{"type":"Feature","properties":{"id":"PARCA-34-008-BUYUKCEKMECE-D1","plaka":34,"ilce":"TR-D-34-008","eskiIlce":"Büyükçekmece"},"geometry":{"type":"Polygon","coordinates":[[[28.6478,41.101],[28.653,41.0996],[28.6564,41.1001],[28.6574,41.0981],[28.658981483679522,41.099780326409494],[28.6599,41.0995],[28.662452139461173,41.10167511885895],[28.668292322964938,41.106652547981476],[28.669394134078196,41.1072346368715],[28.6758,41.1094],[28.675870098039216,41.10977745098039],[28.6778,41.1104],[28.6837,41.1109],[28.6876,41.1085],[28.6892,41.1061],[28.6912,41.1046],[28.692058461538462,41.101380769230765],[28.691382352941176,41.0929294117647],[28.6911,41.0918],[28.6935,41.0852],[28.6939,41.082],[28.6969,41.0772],[28.698531803278694,41.07602147540983],[28.699008108108096,41.0749756756757],[28.7001,41.0717],[28.7003,41.066],[28.6992,41.0635],[28.701593329362712,41.059012507444905],[28.70153357664232,41.05900510948905],[28.7003,41.0591],[28.6949,41.0587],[28.69175576072822,41.05781568270481],[28.691671537807988,41.05784553950722],[28.6912,41.0586],[28.6872,41.0602],[28.6863,41.0613],[28.6826,41.0625],[28.6825,41.0625],[28.67286310628148,41.06452374768089],[28.67054285714284,41.06601724137932],[28.6667,41.0688],[28.6556,41.0758],[28.6556,41.0759],[28.65515540308748,41.076624528301885],[28.6514,41.0867],[28.645345812807882,41.09335960591133],[28.6445,41.0953],[28.64244424778761,41.09655132743363],[28.6424,41.0966],[28.6403,41.0979],[28.64292222222222,41.10183333333333],[28.6433,41.1023],[28.6457,41.1009],[28.6478,41.101]]]}},{"type":"Feature","properties":{"id":"BELIRSIZ-34-008-D1","plaka":34,"ilce":"TR-D-34-008","eskiIlce":null},"geometry":{"type":"MultiPolygon","coordinates":[[[[28.70153357664232,41.05900510948905],[28.6918,41.0578],[28.69175576072822,41.05781568270481],[28.6949,41.0587],[28.7003,41.0591],[28.70153357664232,41.05900510948905]]],[[[28.6872,41.0602],[28.6912,41.0586],[28.691671537807988,41.05784553950722],[28.6729,41.0645],[28.67286310628148,41.06452374768089],[28.6825,41.0625],[28.6826,41.0625],[28.6863,41.0613],[28.6872,41.0602]]],[[[28.7001,41.0717],[28.699008108108096,41.0749756756757],[28.7005,41.0717],[28.7023,41.0591],[28.701593329362712,41.059012507444905],[28.6992,41.0635],[28.7003,41.066],[28.7001,41.0717]]],[[[28.6667,41.0688],[28.67054285714284,41.06601724137932],[28.6555,41.0757],[28.65515540308748,41.076624528301885],[28.6556,41.0759],[28.6556,41.0758],[28.6667,41.0688]]],[[[28.6911,41.0918],[28.691382352941176,41.0929294117647],[28.6913,41.0919],[28.698531803278694,41.07602147540983],[28.6969,41.0772],[28.6939,41.082],[28.6935,41.0852],[28.6911,41.0918]]],[[[28.645345812807882,41.09335960591133],[28.64244424778761,41.09655132743363],[28.6445,41.0953],[28.645345812807882,41.09335960591133]]],[[[28.7058,41.088],[28.7061,41.0905],[28.6978,41.1013],[28.69513846153846,41.10301098901099],[28.6958,41.1032],[28.696,41.1033],[28.6963,41.1033],[28.6965,41.1033],[28.6988,41.1032],[28.6991,41.1032],[28.7024,41.1031],[28.7059,41.1045],[28.7107,41.1046],[28.7134,41.1074],[28.7104,41.1102],[28.7067,41.1106],[28.7067,41.112],[28.7005,41.1165],[28.6921,41.119],[28.6873,41.1234],[28.685442274052477,41.12415685131195],[28.6885,41.127],[28.7094,41.1136],[28.7211,41.1117],[28.72138383189844,41.111957055304245],[28.7218,41.1119],[28.7317,41.1213],[28.735907668711658,41.13490153374233],[28.7342,41.1287],[28.7358,41.1262],[28.7342,41.1248],[28.7343,41.1244],[28.7347,41.1231],[28.7312,41.1191],[28.7324,41.1163],[28.7327,41.1134],[28.7256,41.1109],[28.7219,41.108],[28.7219,41.107],[28.7241,41.1068],[28.7278,41.1096],[28.7353,41.1064],[28.7384,41.1066],[28.7397,41.096],[28.7378,41.0911],[28.7421,41.0883],[28.7419,41.0843],[28.7399,41.0761],[28.7426,41.0742],[28.7457,41.0656],[28.747167298219022,41.062588177339904],[28.737876326002606,41.0642203751617],[28.730985997020635,41.06633053841243],[28.727499307783223,41.06933040688839],[28.7264,41.0713],[28.7058,41.088]]],[[[28.6478,41.101],[28.6457,41.1009],[28.6433,41.1023],[28.64292222222222,41.10183333333333],[28.6445,41.1042],[28.658981483679522,41.099780326409494],[28.6574,41.0981],[28.6564,41.1001],[28.653,41.0996],[28.6478,41.101]]],[[[28.6921,41.1019],[28.692058461538462,41.101380769230765],[28.6912,41.1046],[28.6892,41.1061],[28.6949494710641,41.1030790914748],[28.6921,41.1019]]],[[[28.675870098039216,41.10977745098039],[28.675905277525022,41.10996687898089],[28.6772,41.1105],[28.677197439544805,41.11065106685633],[28.6778,41.1104],[28.675870098039216,41.10977745098039]]],[[[28.754170204081632,41.13187306122449],[28.75590943005182,41.13155461139897],[28.7546,41.1313],[28.754170204081632,41.13187306122449]]],[[[28.74867976470588,41.13287835294118],[28.753327712418304,41.13202732026144],[28.7503,41.1317],[28.74867976470588,41.13287835294118]]],[[[28.744744787644795,41.13359884169884],[28.7407,41.1327],[28.738,41.134],[28.73795320158103,41.1348423715415],[28.744744787644795,41.13359884169884]]],[[[28.809057723577187,41.061421951219515],[28.8117,41.0613],[28.811820926966295,41.06153033707866],[28.8117,41.0612],[28.809057723577187,41.061421951219515]]],[[[28.7962,41.0637],[28.804222321428565,41.061828125],[28.7867,41.0633],[28.78331829414118,41.06308995615784],[28.78254780419589,41.06307015384616],[28.7847,41.0633],[28.7885,41.0639],[28.7962,41.0637]]],[[[28.8158,41.0724],[28.814961238223418,41.07010874831763],[28.813676313364056,41.06659870967742],[28.8136,41.0674],[28.8101,41.0676],[28.8096,41.0655],[28.8036,41.0646],[28.8026,41.0631],[28.7961,41.0643],[28.7809,41.0644],[28.7802,41.0675],[28.7835,41.0675],[28.7841,41.0692],[28.7793,41.0691],[28.7801,41.0729],[28.7803,41.0731],[28.7825,41.0742],[28.7862,41.0737],[28.7857,41.0707],[28.7867,41.0665],[28.7936,41.067],[28.7925,41.0706],[28.7911,41.072],[28.7937,41.0737],[28.7936,41.0785],[28.7913,41.0794],[28.7865,41.0775],[28.7857,41.0813],[28.7857,41.0821],[28.7847,41.0857],[28.7879,41.0911],[28.7865,41.0916],[28.7835,41.0895],[28.7832,41.0881],[28.7804,41.0873],[28.7747,41.0875],[28.776,41.0925],[28.7705,41.0938],[28.7702,41.093],[28.7662,41.096],[28.7735,41.1005],[28.7722,41.1106],[28.7721,41.1137],[28.7741,41.1153],[28.7792,41.1167],[28.7842,41.1211],[28.7862,41.1257],[28.7905,41.1288],[28.7912,41.1321],[28.7909,41.1352],[28.7938,41.139],[28.7968492639843,41.14357389597645],[28.802148615384603,41.140850909090915],[28.809989247980116,41.136822125543816],[28.8112,41.1362],[28.823897949886067,41.13553667425968],[28.824656690140845,41.13542171361502],[28.824774394463667,41.135259169550174],[28.825269052631576,41.13457607017544],[28.824606982543642,41.13433840399003],[28.8245,41.1343],[28.82472,41.13415333333334],[28.82637333333333,41.133051111111115],[28.828297826086956,41.13039347826087],[28.8288,41.1297],[28.832615139442215,41.12774940239045],[28.83995483870966,41.12399677419356],[28.842638461538467,41.12220769230768],[28.843570823529408,41.12100894117648],[28.843848369565215,41.11988614130435],[28.844972765957447,41.11533744680852],[28.84504699453552,41.11503715846995],[28.8451,41.1135],[28.845539675433688,41.11304404029099],[28.8456,41.1128],[28.84643565031983,41.11173484008528],[28.849058143074583,41.10839208523592],[28.8505682256337,41.10646726169225],[28.8508,41.1016],[28.84437702909648,41.087603675344575],[28.840616872964166,41.079409902280126],[28.833,41.0681],[28.832092307692285,41.06832692307693],[28.82454666666669,41.07021333333333],[28.8158,41.0724]]]]}},{"type":"Feature","properties":{"id":"PARCA-34-008-KUCUKCEKMECE-D2","plaka":34,"ilce":"TR-D-34-008","eskiIlce":"Küçükçekmece"},"geometry":{"type":"MultiPolygon","coordinates":[[[[28.7399,41.0761],[28.7419,41.0843],[28.7421,41.0883],[28.7378,41.0911],[28.7397,41.096],[28.7384,41.1066],[28.7353,41.1064],[28.7278,41.1096],[28.7241,41.1068],[28.7219,41.107],[28.7219,41.108],[28.7256,41.1109],[28.7327,41.1134],[28.7324,41.1163],[28.7312,41.1191],[28.7347,41.1231],[28.7343,41.1244],[28.7342,41.1248],[28.7358,41.1262],[28.7342,41.1287],[28.735907668711658,41.13490153374233],[28.736,41.1352],[28.73795320158103,41.1348423715415],[28.738,41.134],[28.7407,41.1327],[28.744744787644795,41.13359884169884],[28.74867976470588,41.13287835294118],[28.7503,41.1317],[28.753327712418304,41.13202732026144],[28.754170204081632,41.13187306122449],[28.7546,41.1313],[28.75590943005182,41.13155461139897],[28.7573,41.1313],[28.76928851674641,41.13812679425837],[28.7717,41.1395],[28.781318480319936,41.14902033256157],[28.782729513343796,41.149075667189955],[28.786978101797054,41.14864603464974],[28.7968492639843,41.14357389597645],[28.7938,41.139],[28.7909,41.1352],[28.7912,41.1321],[28.7905,41.1288],[28.7862,41.1257],[28.7842,41.1211],[28.7792,41.1167],[28.7741,41.1153],[28.7721,41.1137],[28.7722,41.1106],[28.7735,41.1005],[28.7662,41.096],[28.7702,41.093],[28.7705,41.0938],[28.776,41.0925],[28.7747,41.0875],[28.7804,41.0873],[28.7832,41.0881],[28.7835,41.0895],[28.7865,41.0916],[28.7879,41.0911],[28.7847,41.0857],[28.7857,41.0821],[28.7857,41.0813],[28.7865,41.0775],[28.7913,41.0794],[28.7936,41.0785],[28.7937,41.0737],[28.7911,41.072],[28.7925,41.0706],[28.7936,41.067],[28.7867,41.0665],[28.7857,41.0707],[28.7862,41.0737],[28.7825,41.0742],[28.7803,41.0731],[28.7801,41.0729],[28.7793,41.0691],[28.7841,41.0692],[28.7835,41.0675],[28.7802,41.0675],[28.7809,41.0644],[28.7961,41.0643],[28.8026,41.0631],[28.8036,41.0646],[28.8096,41.0655],[28.8101,41.0676],[28.8136,41.0674],[28.813676313364056,41.06659870967742],[28.811820926966295,41.06153033707866],[28.8117,41.0613],[28.809057723577187,41.061421951219515],[28.804222321428565,41.061828125],[28.7962,41.0637],[28.7885,41.0639],[28.7847,41.0633],[28.78254780419589,41.06307015384616],[28.757286610013782,41.06242091754709],[28.749289369708375,41.06221538099718],[28.747167298219022,41.062588177339904],[28.7457,41.0656],[28.7426,41.0742],[28.7399,41.0761]]],[[[28.7067,41.112],[28.7067,41.1106],[28.7104,41.1102],[28.7134,41.1074],[28.7107,41.1046],[28.7059,41.1045],[28.7024,41.1031],[28.6991,41.1032],[28.6988,41.1032],[28.6965,41.1033],[28.6963,41.1033],[28.696,41.1033],[28.6958,41.1032],[28.69513846153846,41.10301098901099],[28.695,41.1031],[28.6949494710641,41.1030790914748],[28.6892,41.1061],[28.6876,41.1085],[28.6837,41.1109],[28.6778,41.1104],[28.677197439544805,41.11065106685633],[28.677103301476976,41.11620521285838],[28.677408108108107,41.116686486486486],[28.685442274052477,41.12415685131195],[28.6873,41.1234],[28.6921,41.119],[28.7005,41.1165],[28.7067,41.112]]]]}},{"type":"Feature","properties":{"id":"PARCA-34-008-BUYUKCEKMECE-D2","plaka":34,"ilce":"TR-D-34-008","eskiIlce":"Büyükçekmece"},"geometry":{"type":"Polygon","coordinates":[[[28.6478,41.101],[28.653,41.0996],[28.6564,41.1001],[28.6574,41.0981],[28.658981483679522,41.099780326409494],[28.6599,41.0995],[28.662452139461173,41.10167511885895],[28.668292322964938,41.106652547981476],[28.669394134078196,41.1072346368715],[28.6758,41.1094],[28.675870098039216,41.10977745098039],[28.6778,41.1104],[28.6837,41.1109],[28.6876,41.1085],[28.6892,41.1061],[28.6912,41.1046],[28.692058461538462,41.101380769230765],[28.691382352941176,41.0929294117647],[28.6911,41.0918],[28.6935,41.0852],[28.6939,41.082],[28.6969,41.0772],[28.698531803278694,41.07602147540983],[28.699008108108096,41.0749756756757],[28.7001,41.0717],[28.7003,41.066],[28.6992,41.0635],[28.701593329362712,41.059012507444905],[28.70153357664232,41.05900510948905],[28.7003,41.0591],[28.6949,41.0587],[28.69175576072822,41.05781568270481],[28.691671537807988,41.05784553950722],[28.6912,41.0586],[28.6872,41.0602],[28.6863,41.0613],[28.6826,41.0625],[28.6825,41.0625],[28.67286310628148,41.06452374768089],[28.67054285714284,41.06601724137932],[28.6667,41.0688],[28.6556,41.0758],[28.6556,41.0759],[28.65515540308748,41.076624528301885],[28.6514,41.0867],[28.645345812807882,41.09335960591133],[28.6445,41.0953],[28.64244424778761,41.09655132743363],[28.6424,41.0966],[28.6403,41.0979],[28.64292222222222,41.10183333333333],[28.6433,41.1023],[28.6457,41.1009],[28.6478,41.101]]]}},{"type":"Feature","properties":{"id":"BELIRSIZ-34-008-D2","plaka":34,"ilce":"TR-D-34-008","eskiIlce":null},"geometry":{"type":"MultiPolygon","coordinates":[[[[28.70153357664232,41.05900510948905],[28.6918,41.0578],[28.69175576072822,41.05781568270481],[28.6949,41.0587],[28.7003,41.0591],[28.70153357664232,41.05900510948905]]],[[[28.6872,41.0602],[28.6912,41.0586],[28.691671537807988,41.05784553950722],[28.6729,41.0645],[28.67286310628148,41.06452374768089],[28.6825,41.0625],[28.6826,41.0625],[28.6863,41.0613],[28.6872,41.0602]]],[[[28.7001,41.0717],[28.699008108108096,41.0749756756757],[28.7005,41.0717],[28.7023,41.0591],[28.701593329362712,41.059012507444905],[28.6992,41.0635],[28.7003,41.066],[28.7001,41.0717]]],[[[28.6667,41.0688],[28.67054285714284,41.06601724137932],[28.6555,41.0757],[28.65515540308748,41.076624528301885],[28.6556,41.0759],[28.6556,41.0758],[28.6667,41.0688]]],[[[28.6911,41.0918],[28.691382352941176,41.0929294117647],[28.6913,41.0919],[28.698531803278694,41.07602147540983],[28.6969,41.0772],[28.6939,41.082],[28.6935,41.0852],[28.6911,41.0918]]],[[[28.645345812807882,41.09335960591133],[28.64244424778761,41.09655132743363],[28.6445,41.0953],[28.645345812807882,41.09335960591133]]],[[[28.7058,41.088],[28.7061,41.0905],[28.6978,41.1013],[28.69513846153846,41.10301098901099],[28.6958,41.1032],[28.696,41.1033],[28.6963,41.1033],[28.6965,41.1033],[28.6988,41.1032],[28.6991,41.1032],[28.7024,41.1031],[28.7059,41.1045],[28.7107,41.1046],[28.7134,41.1074],[28.7104,41.1102],[28.7067,41.1106],[28.7067,41.112],[28.7005,41.1165],[28.6921,41.119],[28.6873,41.1234],[28.685442274052477,41.12415685131195],[28.6885,41.127],[28.7094,41.1136],[28.7211,41.1117],[28.72138383189844,41.111957055304245],[28.7218,41.1119],[28.7317,41.1213],[28.735907668711658,41.13490153374233],[28.7342,41.1287],[28.7358,41.1262],[28.7342,41.1248],[28.7343,41.1244],[28.7347,41.1231],[28.7312,41.1191],[28.7324,41.1163],[28.7327,41.1134],[28.7256,41.1109],[28.7219,41.108],[28.7219,41.107],[28.7241,41.1068],[28.7278,41.1096],[28.7353,41.1064],[28.7384,41.1066],[28.7397,41.096],[28.7378,41.0911],[28.7421,41.0883],[28.7419,41.0843],[28.7399,41.0761],[28.7426,41.0742],[28.7457,41.0656],[28.747167298219022,41.062588177339904],[28.737876326002606,41.0642203751617],[28.730985997020635,41.06633053841243],[28.727499307783223,41.06933040688839],[28.7264,41.0713],[28.7058,41.088]]],[[[28.6478,41.101],[28.6457,41.1009],[28.6433,41.1023],[28.64292222222222,41.10183333333333],[28.6445,41.1042],[28.658981483679522,41.099780326409494],[28.6574,41.0981],[28.6564,41.1001],[28.653,41.0996],[28.6478,41.101]]],[[[28.6921,41.1019],[28.692058461538462,41.101380769230765],[28.6912,41.1046],[28.6892,41.1061],[28.6949494710641,41.1030790914748],[28.6921,41.1019]]],[[[28.675870098039216,41.10977745098039],[28.675905277525022,41.10996687898089],[28.6772,41.1105],[28.677197439544805,41.11065106685633],[28.6778,41.1104],[28.675870098039216,41.10977745098039]]],[[[28.754170204081632,41.13187306122449],[28.75590943005182,41.13155461139897],[28.7546,41.1313],[28.754170204081632,41.13187306122449]]],[[[28.74867976470588,41.13287835294118],[28.753327712418304,41.13202732026144],[28.7503,41.1317],[28.74867976470588,41.13287835294118]]],[[[28.744744787644795,41.13359884169884],[28.7407,41.1327],[28.738,41.134],[28.73795320158103,41.1348423715415],[28.744744787644795,41.13359884169884]]],[[[28.809057723577187,41.061421951219515],[28.8117,41.0613],[28.811820926966295,41.06153033707866],[28.8117,41.0612],[28.809057723577187,41.061421951219515]]],[[[28.7962,41.0637],[28.804222321428565,41.061828125],[28.7867,41.0633],[28.78331829414118,41.06308995615784],[28.78254780419589,41.06307015384616],[28.7847,41.0633],[28.7885,41.0639],[28.7962,41.0637]]],[[[28.8158,41.0724],[28.814961238223418,41.07010874831763],[28.813676313364056,41.06659870967742],[28.8136,41.0674],[28.8101,41.0676],[28.8096,41.0655],[28.8036,41.0646],[28.8026,41.0631],[28.7961,41.0643],[28.7809,41.0644],[28.7802,41.0675],[28.7835,41.0675],[28.7841,41.0692],[28.7793,41.0691],[28.7801,41.0729],[28.7803,41.0731],[28.7825,41.0742],[28.7862,41.0737],[28.7857,41.0707],[28.7867,41.0665],[28.7936,41.067],[28.7925,41.0706],[28.7911,41.072],[28.7937,41.0737],[28.7936,41.0785],[28.7913,41.0794],[28.7865,41.0775],[28.7857,41.0813],[28.7857,41.0821],[28.7847,41.0857],[28.7879,41.0911],[28.7865,41.0916],[28.7835,41.0895],[28.7832,41.0881],[28.7804,41.0873],[28.7747,41.0875],[28.776,41.0925],[28.7705,41.0938],[28.7702,41.093],[28.7662,41.096],[28.7735,41.1005],[28.7722,41.1106],[28.7721,41.1137],[28.7741,41.1153],[28.7792,41.1167],[28.7842,41.1211],[28.7862,41.1257],[28.7905,41.1288],[28.7912,41.1321],[28.7909,41.1352],[28.7938,41.139],[28.7968492639843,41.14357389597645],[28.802148615384603,41.140850909090915],[28.809989247980116,41.136822125543816],[28.8112,41.1362],[28.823897949886067,41.13553667425968],[28.824656690140845,41.13542171361502],[28.824774394463667,41.135259169550174],[28.825269052631576,41.13457607017544],[28.824606982543642,41.13433840399003],[28.8245,41.1343],[28.82472,41.13415333333334],[28.82637333333333,41.133051111111115],[28.828297826086956,41.13039347826087],[28.8288,41.1297],[28.832615139442215,41.12774940239045],[28.83995483870966,41.12399677419356],[28.842638461538467,41.12220769230768],[28.843570823529408,41.12100894117648],[28.843848369565215,41.11988614130435],[28.844972765957447,41.11533744680852],[28.84504699453552,41.11503715846995],[28.8451,41.1135],[28.845539675433688,41.11304404029099],[28.8456,41.1128],[28.84643565031983,41.11173484008528],[28.849058143074583,41.10839208523592],[28.8505682256337,41.10646726169225],[28.8508,41.1016],[28.84437702909648,41.087603675344575],[28.840616872964166,41.079409902280126],[28.833,41.0681],[28.832092307692285,41.06832692307693],[28.82454666666669,41.07021333333333],[28.8158,41.0724]]]]}},{"type":"Feature","properties":{"id":"PARCA-34-008-KUCUKCEKMECE-D3","plaka":34,"ilce":"TR-D-34-008","eskiIlce":"Küçükçekmece"},"geometry":{"type":"MultiPolygon","coordinates":[[[[28.7399,41.0761],[28.7419,41.0843],[28.7421,41.0883],[28.7378,41.0911],[28.7397,41.096],[28.7384,41.1066],[28.7353,41.1064],[28.7278,41.1096],[28.7241,41.1068],[28.7219,41.107],[28.7219,41.108],[28.7256,41.1109],[28.7327,41.1134],[28.7324,41.1163],[28.7312,41.1191],[28.7347,41.1231],[28.7343,41.1244],[28.7342,41.1248],[28.7358,41.1262],[28.7342,41.1287],[28.735907668711658,41.13490153374233],[28.736,41.1352],[28.73795320158103,41.1348423715415],[28.738,41.134],[28.7407,41.1327],[28.744744787644795,41.13359884169884],[28.74867976470588,41.13287835294118],[28.7503,41.1317],[28.753327712418304,41.13202732026144],[28.754170204081632,41.13187306122449],[28.7546,41.1313],[28.75590943005182,41.13155461139897],[28.7573,41.1313],[28.76928851674641,41.13812679425837],[28.7717,41.1395],[28.781318480319936,41.14902033256157],[28.782729513343796,41.149075667189955],[28.786978101797054,41.14864603464974],[28.7968492639843,41.14357389597645],[28.7938,41.139],[28.7909,41.1352],[28.7912,41.1321],[28.7905,41.1288],[28.7862,41.1257],[28.7842,41.1211],[28.7792,41.1167],[28.7741,41.1153],[28.7721,41.1137],[28.7722,41.1106],[28.7735,41.1005],[28.7662,41.096],[28.7702,41.093],[28.7705,41.0938],[28.776,41.0925],[28.7747,41.0875],[28.7804,41.0873],[28.7832,41.0881],[28.7835,41.0895],[28.7865,41.0916],[28.7879,41.0911],[28.7847,41.0857],[28.7857,41.0821],[28.7857,41.0813],[28.7865,41.0775],[28.7913,41.0794],[28.7936,41.0785],[28.7937,41.0737],[28.7911,41.072],[28.7925,41.0706],[28.7936,41.067],[28.7867,41.0665],[28.7857,41.0707],[28.7862,41.0737],[28.7825,41.0742],[28.7803,41.0731],[28.7801,41.0729],[28.7793,41.0691],[28.7841,41.0692],[28.7835,41.0675],[28.7802,41.0675],[28.7809,41.0644],[28.7961,41.0643],[28.8026,41.0631],[28.8036,41.0646],[28.8096,41.0655],[28.8101,41.0676],[28.8136,41.0674],[28.813676313364056,41.06659870967742],[28.811820926966295,41.06153033707866],[28.8117,41.0613],[28.809057723577187,41.061421951219515],[28.804222321428565,41.061828125],[28.7962,41.0637],[28.7885,41.0639],[28.7847,41.0633],[28.78254780419589,41.06307015384616],[28.757286610013782,41.06242091754709],[28.749289369708375,41.06221538099718],[28.747167298219022,41.062588177339904],[28.7457,41.0656],[28.7426,41.0742],[28.7399,41.0761]]],[[[28.7067,41.112],[28.7067,41.1106],[28.7104,41.1102],[28.7134,41.1074],[28.7107,41.1046],[28.7059,41.1045],[28.7024,41.1031],[28.6991,41.1032],[28.6988,41.1032],[28.6965,41.1033],[28.6963,41.1033],[28.696,41.1033],[28.6958,41.1032],[28.69513846153846,41.10301098901099],[28.695,41.1031],[28.6949494710641,41.1030790914748],[28.6892,41.1061],[28.6876,41.1085],[28.6837,41.1109],[28.6778,41.1104],[28.677197439544805,41.11065106685633],[28.677103301476976,41.11620521285838],[28.677408108108107,41.116686486486486],[28.685442274052477,41.12415685131195],[28.6873,41.1234],[28.6921,41.119],[28.7005,41.1165],[28.7067,41.112]]]]}},{"type":"Feature","properties":{"id":"PARCA-34-008-BUYUKCEKMECE-D3","plaka":34,"ilce":"TR-D-34-008","eskiIlce":"Büyükçekmece"},"geometry":{"type":"Polygon","coordinates":[[[28.6478,41.101],[28.653,41.0996],[28.6564,41.1001],[28.6574,41.0981],[28.658981483679522,41.099780326409494],[28.6599,41.0995],[28.662452139461173,41.10167511885895],[28.668292322964938,41.106652547981476],[28.669394134078196,41.1072346368715],[28.6758,41.1094],[28.675870098039216,41.10977745098039],[28.6778,41.1104],[28.6837,41.1109],[28.6876,41.1085],[28.6892,41.1061],[28.6912,41.1046],[28.692058461538462,41.101380769230765],[28.691382352941176,41.0929294117647],[28.6911,41.0918],[28.6935,41.0852],[28.6939,41.082],[28.6969,41.0772],[28.698531803278694,41.07602147540983],[28.699008108108096,41.0749756756757],[28.7001,41.0717],[28.7003,41.066],[28.6992,41.0635],[28.701593329362712,41.059012507444905],[28.70153357664232,41.05900510948905],[28.7003,41.0591],[28.6949,41.0587],[28.69175576072822,41.05781568270481],[28.691671537807988,41.05784553950722],[28.6912,41.0586],[28.6872,41.0602],[28.6863,41.0613],[28.6826,41.0625],[28.6825,41.0625],[28.67286310628148,41.06452374768089],[28.67054285714284,41.06601724137932],[28.6667,41.0688],[28.6556,41.0758],[28.6556,41.0759],[28.65515540308748,41.076624528301885],[28.6514,41.0867],[28.645345812807882,41.09335960591133],[28.6445,41.0953],[28.64244424778761,41.09655132743363],[28.6424,41.0966],[28.6403,41.0979],[28.64292222222222,41.10183333333333],[28.6433,41.1023],[28.6457,41.1009],[28.6478,41.101]]]}},{"type":"Feature","properties":{"id":"BELIRSIZ-34-008-D3","plaka":34,"ilce":"TR-D-34-008","eskiIlce":null},"geometry":{"type":"MultiPolygon","coordinates":[[[[28.70153357664232,41.05900510948905],[28.6918,41.0578],[28.69175576072822,41.05781568270481],[28.6949,41.0587],[28.7003,41.0591],[28.70153357664232,41.05900510948905]]],[[[28.6872,41.0602],[28.6912,41.0586],[28.691671537807988,41.05784553950722],[28.6729,41.0645],[28.67286310628148,41.06452374768089],[28.6825,41.0625],[28.6826,41.0625],[28.6863,41.0613],[28.6872,41.0602]]],[[[28.7001,41.0717],[28.699008108108096,41.0749756756757],[28.7005,41.0717],[28.7023,41.0591],[28.701593329362712,41.059012507444905],[28.6992,41.0635],[28.7003,41.066],[28.7001,41.0717]]],[[[28.6667,41.0688],[28.67054285714284,41.06601724137932],[28.6555,41.0757],[28.65515540308748,41.076624528301885],[28.6556,41.0759],[28.6556,41.0758],[28.6667,41.0688]]],[[[28.6911,41.0918],[28.691382352941176,41.0929294117647],[28.6913,41.0919],[28.698531803278694,41.07602147540983],[28.6969,41.0772],[28.6939,41.082],[28.6935,41.0852],[28.6911,41.0918]]],[[[28.645345812807882,41.09335960591133],[28.64244424778761,41.09655132743363],[28.6445,41.0953],[28.645345812807882,41.09335960591133]]],[[[28.7058,41.088],[28.7061,41.0905],[28.6978,41.1013],[28.69513846153846,41.10301098901099],[28.6958,41.1032],[28.696,41.1033],[28.6963,41.1033],[28.6965,41.1033],[28.6988,41.1032],[28.6991,41.1032],[28.7024,41.1031],[28.7059,41.1045],[28.7107,41.1046],[28.7134,41.1074],[28.7104,41.1102],[28.7067,41.1106],[28.7067,41.112],[28.7005,41.1165],[28.6921,41.119],[28.6873,41.1234],[28.685442274052477,41.12415685131195],[28.6885,41.127],[28.7094,41.1136],[28.7211,41.1117],[28.72138383189844,41.111957055304245],[28.7218,41.1119],[28.7317,41.1213],[28.735907668711658,41.13490153374233],[28.7342,41.1287],[28.7358,41.1262],[28.7342,41.1248],[28.7343,41.1244],[28.7347,41.1231],[28.7312,41.1191],[28.7324,41.1163],[28.7327,41.1134],[28.7256,41.1109],[28.7219,41.108],[28.7219,41.107],[28.7241,41.1068],[28.7278,41.1096],[28.7353,41.1064],[28.7384,41.1066],[28.7397,41.096],[28.7378,41.0911],[28.7421,41.0883],[28.7419,41.0843],[28.7399,41.0761],[28.7426,41.0742],[28.7457,41.0656],[28.747167298219022,41.062588177339904],[28.737876326002606,41.0642203751617],[28.730985997020635,41.06633053841243],[28.727499307783223,41.06933040688839],[28.7264,41.0713],[28.7058,41.088]]],[[[28.6478,41.101],[28.6457,41.1009],[28.6433,41.1023],[28.64292222222222,41.10183333333333],[28.6445,41.1042],[28.658981483679522,41.099780326409494],[28.6574,41.0981],[28.6564,41.1001],[28.653,41.0996],[28.6478,41.101]]],[[[28.6921,41.1019],[28.692058461538462,41.101380769230765],[28.6912,41.1046],[28.6892,41.1061],[28.6949494710641,41.1030790914748],[28.6921,41.1019]]],[[[28.675870098039216,41.10977745098039],[28.675905277525022,41.10996687898089],[28.6772,41.1105],[28.677197439544805,41.11065106685633],[28.6778,41.1104],[28.675870098039216,41.10977745098039]]],[[[28.754170204081632,41.13187306122449],[28.75590943005182,41.13155461139897],[28.7546,41.1313],[28.754170204081632,41.13187306122449]]],[[[28.74867976470588,41.13287835294118],[28.753327712418304,41.13202732026144],[28.7503,41.1317],[28.74867976470588,41.13287835294118]]],[[[28.744744787644795,41.13359884169884],[28.7407,41.1327],[28.738,41.134],[28.73795320158103,41.1348423715415],[28.744744787644795,41.13359884169884]]],[[[28.809057723577187,41.061421951219515],[28.8117,41.0613],[28.811820926966295,41.06153033707866],[28.8117,41.0612],[28.809057723577187,41.061421951219515]]],[[[28.7962,41.0637],[28.804222321428565,41.061828125],[28.7867,41.0633],[28.78331829414118,41.06308995615784],[28.78254780419589,41.06307015384616],[28.7847,41.0633],[28.7885,41.0639],[28.7962,41.0637]]],[[[28.8158,41.0724],[28.814961238223418,41.07010874831763],[28.813676313364056,41.06659870967742],[28.8136,41.0674],[28.8101,41.0676],[28.8096,41.0655],[28.8036,41.0646],[28.8026,41.0631],[28.7961,41.0643],[28.7809,41.0644],[28.7802,41.0675],[28.7835,41.0675],[28.7841,41.0692],[28.7793,41.0691],[28.7801,41.0729],[28.7803,41.0731],[28.7825,41.0742],[28.7862,41.0737],[28.7857,41.0707],[28.7867,41.0665],[28.7936,41.067],[28.7925,41.0706],[28.7911,41.072],[28.7937,41.0737],[28.7936,41.0785],[28.7913,41.0794],[28.7865,41.0775],[28.7857,41.0813],[28.7857,41.0821],[28.7847,41.0857],[28.7879,41.0911],[28.7865,41.0916],[28.7835,41.0895],[28.7832,41.0881],[28.7804,41.0873],[28.7747,41.0875],[28.776,41.0925],[28.7705,41.0938],[28.7702,41.093],[28.7662,41.096],[28.7735,41.1005],[28.7722,41.1106],[28.7721,41.1137],[28.7741,41.1153],[28.7792,41.1167],[28.7842,41.1211],[28.7862,41.1257],[28.7905,41.1288],[28.7912,41.1321],[28.7909,41.1352],[28.7938,41.139],[28.7968492639843,41.14357389597645],[28.802148615384603,41.140850909090915],[28.809989247980116,41.136822125543816],[28.8112,41.1362],[28.823897949886067,41.13553667425968],[28.824656690140845,41.13542171361502],[28.824774394463667,41.135259169550174],[28.825269052631576,41.13457607017544],[28.824606982543642,41.13433840399003],[28.8245,41.1343],[28.82472,41.13415333333334],[28.82637333333333,41.133051111111115],[28.828297826086956,41.13039347826087],[28.8288,41.1297],[28.832615139442215,41.12774940239045],[28.83995483870966,41.12399677419356],[28.842638461538467,41.12220769230768],[28.843570823529408,41.12100894117648],[28.843848369565215,41.11988614130435],[28.844972765957447,41.11533744680852],[28.84504699453552,41.11503715846995],[28.8451,41.1135],[28.845539675433688,41.11304404029099],[28.8456,41.1128],[28.84643565031983,41.11173484008528],[28.849058143074583,41.10839208523592],[28.8505682256337,41.10646726169225],[28.8508,41.1016],[28.84437702909648,41.087603675344575],[28.840616872964166,41.079409902280126],[28.833,41.0681],[28.832092307692285,41.06832692307693],[28.82454666666669,41.07021333333333],[28.8158,41.0724]]]]}},{"type":"Feature","properties":{"id":"PARCA-34-016-USKUDAR-D1","plaka":34,"ilce":"TR-D-34-016","eskiIlce":"Üsküdar"},"geometry":{"type":"MultiPolygon","coordinates":[[[[29.1963,41.0239],[29.1956,41.0242],[29.1931,41.0216],[29.19007979169161,41.01429304441518],[29.18409264074893,41.015027317644],[29.181995876288664,41.01726023564064],[29.1804,41.0203],[29.1776,41.0238],[29.1771,41.0243],[29.1717,41.0294],[29.1737,41.0329],[29.1768,41.0348],[29.1823,41.0349],[29.183,41.034],[29.1866,41.0352],[29.188,41.0369],[29.1934,41.0364],[29.1931,41.0359],[29.1925,41.0325],[29.1931,41.0307],[29.1952,41.0278],[29.1963,41.0239]]],[[[29.2326,41.0361],[29.2298,41.0411],[29.2278,41.0424],[29.2277,41.0425],[29.227,41.0435],[29.2269,41.0437],[29.2267,41.044],[29.2267,41.0441],[29.2266,41.0442],[29.2265,41.0443],[29.2263,41.0445],[29.2262,41.0446],[29.2261,41.0448],[29.2205,41.0493],[29.2192,41.0507],[29.2179,41.0519],[29.2165,41.0563],[29.2142,41.0584],[29.211,41.059],[29.2108,41.0589],[29.2104,41.0589],[29.210311441144114,41.05900374037404],[29.2104,41.0591],[29.205545725317155,41.066956260341975],[29.2056,41.0673],[29.2034608695652,41.07033043478264],[29.203083582089555,41.07094104477611],[29.202828634361232,41.07157841409691],[29.203130612244898,41.073459968602826],[29.204,41.0756],[29.2042,41.0762],[29.2045,41.0765],[29.204402108433733,41.080121987951806],[29.204477777777775,41.08027777777777],[29.2048,41.0806],[29.206042857142876,41.08350000000004],[29.207640740740732,41.08678976034857],[29.2101,41.0899],[29.210525837320578,41.09062392344498],[29.212152631578938,41.09138947368421],[29.2136,41.0911],[29.21423461538462,41.092369230769236],[29.215375510204076,41.09290612244898],[29.2166,41.0926],[29.21843139534884,41.09434418604652],[29.2228,41.0964],[29.222757209847597,41.096725205158265],[29.2229,41.0968],[29.2222,41.1034],[29.222881944444442,41.10453657407407],[29.22451145320198,41.1053447044335],[29.2304,41.1072],[29.231912702078525,41.10901524249423],[29.2341,41.1101],[29.234445652173914,41.109639130434786],[29.2343,41.1076],[29.2356,41.108],[29.235,41.1053],[29.2401,41.1024],[29.240878294036058,41.102936754507624],[29.24437012987013,41.103029870129866],[29.2446,41.1028],[29.24524721780603,41.10305325914149],[29.247,41.1031],[29.247866349809886,41.10407813688213],[29.2492,41.1046],[29.249917647058822,41.106394117647056],[29.2501,41.1066],[29.250089795918367,41.10682448979592],[29.2506,41.1081],[29.249954460093896,41.109801877934274],[29.2499,41.111],[29.25030248447205,41.111190062111795],[29.2533,41.1119],[29.253160110149487,41.112539496459476],[29.2535,41.1127],[29.253108047945204,41.114603767123285],[29.2569,41.1109],[29.2562,41.1071],[29.262,41.1016],[29.2643,41.1023],[29.2652,41.1],[29.2672,41.0991],[29.2683,41.0998],[29.2724,41.0999],[29.2767,41.1031],[29.2767,41.1034],[29.2769,41.1043],[29.2772,41.1042],[29.2773,41.1037],[29.2794,41.1017],[29.2794,41.0983],[29.2812,41.0951],[29.2783,41.0935],[29.28,41.0894],[29.2769,41.088],[29.2774,41.0835],[29.2794,41.0826],[29.2738,41.0804],[29.2713,41.0751],[29.2692,41.0747],[29.2681,41.073],[29.2662,41.0733],[29.2652,41.0716],[29.2681,41.0696],[29.2725,41.0679],[29.2706,41.0651],[29.2715,41.061],[29.275,41.0559],[29.2746,41.0544],[29.2806,41.0539],[29.2826,41.0544],[29.2867,41.053],[29.2903,41.0527],[29.2865,41.0516],[29.28612704791345,41.051246676970635],[29.2854,41.051],[29.28490678899082,41.05009064220182],[29.2846,41.0498],[29.28442927689595,41.04921022927691],[29.282228318584075,41.04515221238938],[29.282081818181805,41.04505454545454],[29.2744,41.0421],[29.26760160528801,41.03212313503305],[29.26545799676898,41.0302591276252],[29.26371361256545,41.029499476439796],[29.25796893743058,41.02891403184006],[29.25083796498905,41.028187308533916],[29.2506,41.0282],[29.25061318481473,41.028164401000225],[29.249,41.028],[29.24690663538874,41.0235245308311],[29.2466,41.0235],[29.246002033898304,41.021805762711864],[29.2429,41.02198823529412],[29.2429,41.0255],[29.2399,41.0254],[29.2366,41.0271],[29.2339,41.0322],[29.2326,41.0361]]]]}},{"type":"Feature","properties":{"id":"BELIRSIZ-34-016-D1","plaka":34,"ilce":"TR-D-34-016","eskiIlce":null},"geometry":{"type":"MultiPolygon","coordinates":[[[[29.1931,41.0216],[29.1956,41.0242],[29.1963,41.0239],[29.1952,41.0278],[29.1931,41.0307],[29.1925,41.0325],[29.1931,41.0359],[29.1934,41.0364],[29.188,41.0369],[29.1866,41.0352],[29.183,41.034],[29.1823,41.0349],[29.1768,41.0348],[29.1737,41.0329],[29.1717,41.0294],[29.1771,41.0243],[29.1776,41.0238],[29.1804,41.0203],[29.181995876288664,41.01726023564064],[29.179510646387815,41.01990684410648],[29.171415639810412,41.02966066350712],[29.1713,41.0298],[29.171234400000007,41.0298268],[29.169549004705033,41.0305153456388],[29.169,41.0311],[29.160864995442058,41.03406308113038],[29.1549,41.0365],[29.15424547809196,41.03647416360889],[29.1539,41.0366],[29.15245507088328,41.03640348964013],[29.144781184336196,41.0361005730659],[29.140867775514824,41.0359460964019],[29.139882833787468,41.03788201634877],[29.139380771039022,41.03886882933709],[29.139108284023667,41.04140295857989],[29.13909192003332,41.041555143690125],[29.139385078318224,41.04202819455895],[29.141532528180356,41.04549339774557],[29.14289784893669,41.04769652896602],[29.1429183908046,41.04769616858238],[29.1477,41.0467],[29.148069032258068,41.047605806451614],[29.1488,41.0494],[29.16167183453237,41.052600179856114],[29.165779362101354,41.05362138836774],[29.1668,41.0538],[29.16685718791064,41.05388935611038],[29.1669,41.0539],[29.16744000000003,41.05480000000006],[29.1684,41.0564],[29.1713,41.0542],[29.197413704735364,41.0538173816156],[29.1979,41.0537],[29.19815237562885,41.05380655859885],[29.1986,41.0538],[29.207980084151473,41.05656465638149],[29.2081,41.0566],[29.210311441144114,41.05900374037404],[29.2104,41.0589],[29.2108,41.0589],[29.211,41.059],[29.2142,41.0584],[29.2165,41.0563],[29.2179,41.0519],[29.2192,41.0507],[29.2205,41.0493],[29.2261,41.0448],[29.2262,41.0446],[29.2263,41.0445],[29.2265,41.0443],[29.2266,41.0442],[29.2267,41.0441],[29.2267,41.044],[29.2269,41.0437],[29.227,41.0435],[29.2277,41.0425],[29.2278,41.0424],[29.2298,41.0411],[29.2326,41.0361],[29.2339,41.0322],[29.2366,41.0271],[29.2399,41.0254],[29.2429,41.0255],[29.2429,41.02198823529412],[29.2393,41.0222],[29.238390332805075,41.02100190174327],[29.237762928870293,41.02017556485355],[29.235274175239443,41.01689769421781],[29.23312222222232,41.01670555555556],[29.225055555555503,41.01633888888889],[29.2132,41.0158],[29.2052,41.0129],[29.195920958083832,41.01370299401198],[29.19242211055284,41.014005778894465],[29.19007979169161,41.01429304441518],[29.1931,41.0216]]],[[[29.2034608695652,41.07033043478264],[29.2056,41.0673],[29.205545725317155,41.066956260341975],[29.2034608695652,41.07033043478264]]],[[[29.2041,41.0795],[29.204402108433733,41.080121987951806],[29.2045,41.0765],[29.2042,41.0762],[29.204,41.0756],[29.203130612244898,41.073459968602826],[29.2041,41.0795]]],[[[29.204477777777775,41.08027777777777],[29.206042857142876,41.08350000000004],[29.2048,41.0806],[29.204477777777775,41.08027777777777]]],[[[29.2101,41.0899],[29.207640740740732,41.08678976034857],[29.2092,41.09],[29.210525837320578,41.09062392344498],[29.2101,41.0899]]],[[[29.2466,41.0235],[29.24690663538874,41.0235245308311],[29.2461,41.0218],[29.246002033898304,41.021805762711864],[29.2466,41.0235]]],[[[29.21423461538462,41.092369230769236],[29.2136,41.0911],[29.212152631578938,41.09138947368421],[29.21423461538462,41.092369230769236]]],[[[29.215375510204076,41.09290612244898],[29.21843139534884,41.09434418604652],[29.2166,41.0926],[29.215375510204076,41.09290612244898]]],[[[29.222881944444442,41.10453657407407],[29.2222,41.1034],[29.2229,41.0968],[29.222757209847597,41.096725205158265],[29.2218,41.104],[29.222881944444442,41.10453657407407]]],[[[29.24524721780603,41.10305325914149],[29.2446,41.1028],[29.24437012987013,41.103029870129866],[29.24524721780603,41.10305325914149]]],[[[29.247866349809886,41.10407813688213],[29.249917647058822,41.106394117647056],[29.2492,41.1046],[29.247866349809886,41.10407813688213]]],[[[29.234445652173914,41.109639130434786],[29.2395,41.1029],[29.240878294036058,41.102936754507624],[29.2401,41.1024],[29.235,41.1053],[29.2356,41.108],[29.2343,41.1076],[29.234445652173914,41.109639130434786]]],[[[29.231912702078525,41.10901524249423],[29.2304,41.1072],[29.22451145320198,41.1053447044335],[29.231912702078525,41.10901524249423]]],[[[29.250089795918367,41.10682448979592],[29.249954460093896,41.109801877934274],[29.2506,41.1081],[29.250089795918367,41.10682448979592]]],[[[29.253160110149487,41.112539496459476],[29.2533,41.1119],[29.25030248447205,41.111190062111795],[29.253160110149487,41.112539496459476]]],[[[29.2604,41.1187],[29.260457345013474,41.118672102425876],[29.2577,41.1162],[29.252988625069023,41.11518382109332],[29.2528,41.1161],[29.2604,41.1187]]],[[[29.3468,41.0472],[29.3486,41.0429],[29.3485,41.0413],[29.3504,41.0421],[29.3498,41.0439],[29.3526,41.0412],[29.3558,41.0418],[29.3586,41.0402],[29.358,41.0422],[29.359963894643386,41.042994909736606],[29.3606,41.0386],[29.3373,41.0417],[29.330303833515877,41.04840865279299],[29.335,41.0488],[29.3385,41.0479],[29.3408,41.0487],[29.3468,41.0472]]],[[[29.3217,41.0508],[29.3268,41.0504],[29.329302164502185,41.048928138528126],[29.3248,41.0504],[29.309,41.0476],[29.301257746478875,41.04827323943662],[29.3033,41.0494],[29.3107,41.0484],[29.3135,41.0487],[29.3217,41.0508]]],[[[29.2903,41.0527],[29.290345485738793,41.052677932661375],[29.28612704791345,41.051246676970635],[29.2865,41.0516],[29.2903,41.0527]]],[[[29.3546,41.0531],[29.3569,41.053],[29.3566,41.0552],[29.3606,41.0588],[29.358,41.0605],[29.3584,41.0644],[29.3607,41.0645],[29.361,41.0629],[29.3636,41.0627],[29.364,41.0673],[29.3668,41.0633],[29.3707,41.0618],[29.3687,41.0676],[29.3703,41.0706],[29.3677,41.0718],[29.3701,41.0731],[29.3667,41.0748],[29.365,41.0767],[29.3694,41.0757],[29.371,41.0815],[29.3721,41.0783],[29.3741,41.0772],[29.3738,41.0746],[29.3743,41.0688],[29.3759,41.0666],[29.3753,41.0701],[29.3767,41.0726],[29.378,41.0697],[29.381,41.0707],[29.3802,41.0726],[29.3811,41.0763],[29.3802,41.0782],[29.3835,41.0771],[29.3851,41.0725],[29.3862,41.0736],[29.3938,41.0778],[29.3927,41.0806],[29.3942,41.0819],[29.3994,41.0825],[29.39925789473684,41.084015789473675],[29.3995,41.0822],[29.3947,41.0814],[29.3942,41.0775],[29.382,41.066],[29.373,41.0519],[29.3644,41.0588],[29.3593,41.0555],[29.359368674698796,41.054607228915664],[29.3584,41.0538],[29.359518557457214,41.046071784841075],[29.3553,41.0477],[29.3568,41.0495],[29.3546,41.0531]]],[[[29.3934,41.0867],[29.3899,41.0887],[29.39013303777949,41.08901572860447],[29.39710074626865,41.08605074626866],[29.3934,41.0867]]],[[[29.391635563380277,41.091051408450696],[29.393,41.0929],[29.393678203928907,41.09300523854069],[29.391635563380277,41.091051408450696]]],[[[29.40073901098902,41.10026868131868],[29.3985,41.1],[29.392230769230792,41.10250769230768],[29.40073901098902,41.10026868131868]]],[[[29.3821,41.11051249999999],[29.38261980906921,41.10894224343676],[29.3821,41.109],[29.3821,41.11051249999999]]],[[[29.268597506925214,41.11865512465374],[29.2668,41.1172],[29.2632,41.1163],[29.26101531728666,41.11840065645514],[29.2641,41.1169],[29.268597506925214,41.11865512465374]]],[[[29.276130853391685,41.12159496717724],[29.2749,41.1202],[29.269630679156894,41.11905831381733],[29.276130853391685,41.12159496717724]]],[[[29.276973547094187,41.12160260521042],[29.2817,41.1208],[29.282932,41.123908],[29.283,41.1235],[29.2817,41.1207],[29.2791,41.1205],[29.276973547094187,41.12160260521042]]],[[[29.3666,41.1227],[29.365936526946115,41.122976447105785],[29.367137346660606,41.122831667423895],[29.3658,41.1218],[29.3666,41.1227]]],[[[29.378006666666664,41.12287777777778],[29.378114528760463,41.12255194436943],[29.37321917808218,41.12515753424658],[29.378006666666664,41.12287777777778]]],[[[29.339799999999997,41.1276],[29.3382,41.1266],[29.335503553299496,41.12685279187817],[29.339799999999997,41.1276]]],[[[29.32699022988506,41.12623965517241],[29.3252,41.1267],[29.322330921052625,41.12851513157895],[29.32699022988506,41.12623965517241]]],[[[29.28537572016461,41.13007283950618],[29.2859,41.1285],[29.284231004366813,41.12718503374355],[29.28537572016461,41.13007283950618]]],[[[29.3197,41.1298],[29.319950850753525,41.129677491492465],[29.31887361784675,41.12929951503395],[29.3197,41.1298]]]]}},{"type":"Feature","properties":{"id":"PARCA-34-016-BEYKOZ-D1","plaka":34,"ilce":"TR-D-34-016","eskiIlce":"Beykoz"},"geometry":{"type":"Polygon","coordinates":[[[29.3938,41.0778],[29.3862,41.0736],[29.3851,41.0725],[29.3835,41.0771],[29.3802,41.0782],[29.3811,41.0763],[29.3802,41.0726],[29.381,41.0707],[29.378,41.0697],[29.3767,41.0726],[29.3753,41.0701],[29.3759,41.0666],[29.3743,41.0688],[29.3738,41.0746],[29.3741,41.0772],[29.3721,41.0783],[29.371,41.0815],[29.3694,41.0757],[29.365,41.0767],[29.3667,41.0748],[29.3701,41.0731],[29.3677,41.0718],[29.3703,41.0706],[29.3687,41.0676],[29.3707,41.0618],[29.3668,41.0633],[29.364,41.0673],[29.3636,41.0627],[29.361,41.0629],[29.3607,41.0645],[29.3584,41.0644],[29.358,41.0605],[29.3606,41.0588],[29.3566,41.0552],[29.3569,41.053],[29.3546,41.0531],[29.3568,41.0495],[29.3553,41.0477],[29.359518557457214,41.046071784841075],[29.359963894643386,41.042994909736606],[29.358,41.0422],[29.3586,41.0402],[29.3558,41.0418],[29.3526,41.0412],[29.3498,41.0439],[29.3504,41.0421],[29.3485,41.0413],[29.3486,41.0429],[29.3468,41.0472],[29.3408,41.0487],[29.3385,41.0479],[29.335,41.0488],[29.330303833515877,41.04840865279299],[29.33,41.0487],[29.329302164502185,41.048928138528126],[29.3268,41.0504],[29.3217,41.0508],[29.3135,41.0487],[29.3107,41.0484],[29.3033,41.0494],[29.301257746478875,41.04827323943662],[29.2998,41.0484],[29.291,41.0529],[29.290345485738793,41.052677932661375],[29.2903,41.0527],[29.2867,41.053],[29.2826,41.0544],[29.2806,41.0539],[29.2746,41.0544],[29.275,41.0559],[29.2715,41.061],[29.2706,41.0651],[29.2725,41.0679],[29.2681,41.0696],[29.2652,41.0716],[29.2662,41.0733],[29.2681,41.073],[29.2692,41.0747],[29.2713,41.0751],[29.2738,41.0804],[29.2794,41.0826],[29.2774,41.0835],[29.2769,41.088],[29.28,41.0894],[29.2783,41.0935],[29.2812,41.0951],[29.2794,41.0983],[29.2794,41.1017],[29.2773,41.1037],[29.2773,41.1038],[29.277,41.1051],[29.2772,41.1042],[29.2769,41.1043],[29.2767,41.1034],[29.2767,41.1031],[29.2724,41.0999],[29.2683,41.0998],[29.2672,41.0991],[29.2652,41.1],[29.2643,41.1023],[29.262,41.1016],[29.2562,41.1071],[29.2569,41.1109],[29.253108047945204,41.114603767123285],[29.252988625069023,41.11518382109332],[29.2577,41.1162],[29.260457345013474,41.118672102425876],[29.26101531728666,41.11840065645514],[29.2632,41.1163],[29.2668,41.1172],[29.268597506925214,41.11865512465374],[29.269630679156894,41.11905831381733],[29.2749,41.1202],[29.276130853391685,41.12159496717724],[29.2764,41.1217],[29.276973547094187,41.12160260521042],[29.2791,41.1205],[29.2817,41.1207],[29.283,41.1235],[29.282932,41.123908],[29.284231004366813,41.12718503374355],[29.2859,41.1285],[29.28537572016461,41.13007283950618],[29.2861,41.1319],[29.29259342105263,41.12965822368422],[29.2928,41.1294],[29.2935924290221,41.1293133280757],[29.3029,41.1261],[29.3126,41.1255],[29.31887361784675,41.12929951503395],[29.319950850753525,41.129677491492465],[29.322330921052625,41.12851513157895],[29.3252,41.1267],[29.32699022988506,41.12623965517241],[29.3283,41.1256],[29.335503553299496,41.12685279187817],[29.3382,41.1266],[29.339799999999997,41.1276],[29.3467,41.1288],[29.3533,41.1245],[29.360185981308412,41.12366977530324],[29.365936526946115,41.122976447105785],[29.3666,41.1227],[29.3658,41.1218],[29.367137346660606,41.122831667423895],[29.3674,41.1228],[29.3725,41.1255],[29.37321917808218,41.12515753424658],[29.378114528760463,41.12255194436943],[29.3821,41.11051249999999],[29.3821,41.109],[29.38261980906921,41.10894224343676],[29.3827,41.1087],[29.3915,41.1027],[29.392230769230792,41.10250769230768],[29.3985,41.1],[29.40073901098902,41.10026868131868],[29.401,41.1002],[29.4002845263919,41.09619334779465],[29.397104002582314,41.0940919302776],[29.39607670915411,41.09391170336037],[29.3943,41.0936],[29.393678203928907,41.09300523854069],[29.393,41.0929],[29.391635563380277,41.091051408450696],[29.3897,41.0892],[29.39013303777949,41.08901572860447],[29.3899,41.0887],[29.3934,41.0867],[29.39710074626865,41.08605074626866],[29.3991,41.0852],[29.39925789473684,41.084015789473675],[29.3994,41.0825],[29.3942,41.0819],[29.3927,41.0806],[29.3938,41.0778]]]}},{"type":"Feature","properties":{"id":"PARCA-34-016-USKUDAR-D2","plaka":34,"ilce":"TR-D-34-016","eskiIlce":"Üsküdar"},"geometry":{"type":"MultiPolygon","coordinates":[[[[29.1963,41.0239],[29.1956,41.0242],[29.1931,41.0216],[29.19007979169161,41.01429304441518],[29.18409264074893,41.015027317644],[29.181995876288664,41.01726023564064],[29.1804,41.0203],[29.1776,41.0238],[29.1771,41.0243],[29.1717,41.0294],[29.1737,41.0329],[29.1768,41.0348],[29.1823,41.0349],[29.183,41.034],[29.1866,41.0352],[29.188,41.0369],[29.1934,41.0364],[29.1931,41.0359],[29.1925,41.0325],[29.1931,41.0307],[29.1952,41.0278],[29.1963,41.0239]]],[[[29.2326,41.0361],[29.2298,41.0411],[29.2278,41.0424],[29.2277,41.0425],[29.227,41.0435],[29.2269,41.0437],[29.2267,41.044],[29.2267,41.0441],[29.2266,41.0442],[29.2265,41.0443],[29.2263,41.0445],[29.2262,41.0446],[29.2261,41.0448],[29.2205,41.0493],[29.2192,41.0507],[29.2179,41.0519],[29.2165,41.0563],[29.2142,41.0584],[29.211,41.059],[29.2108,41.0589],[29.2104,41.0589],[29.210311441144114,41.05900374037404],[29.2104,41.0591],[29.205545725317155,41.066956260341975],[29.2056,41.0673],[29.2034608695652,41.07033043478264],[29.203083582089555,41.07094104477611],[29.202828634361232,41.07157841409691],[29.203130612244898,41.073459968602826],[29.204,41.0756],[29.2042,41.0762],[29.2045,41.0765],[29.204402108433733,41.080121987951806],[29.204477777777775,41.08027777777777],[29.2048,41.0806],[29.206042857142876,41.08350000000004],[29.207640740740732,41.08678976034857],[29.2101,41.0899],[29.210525837320578,41.09062392344498],[29.212152631578938,41.09138947368421],[29.2136,41.0911],[29.21423461538462,41.092369230769236],[29.215375510204076,41.09290612244898],[29.2166,41.0926],[29.21843139534884,41.09434418604652],[29.2228,41.0964],[29.222757209847597,41.096725205158265],[29.2229,41.0968],[29.2222,41.1034],[29.222881944444442,41.10453657407407],[29.22451145320198,41.1053447044335],[29.2304,41.1072],[29.231912702078525,41.10901524249423],[29.2341,41.1101],[29.234445652173914,41.109639130434786],[29.2343,41.1076],[29.2356,41.108],[29.235,41.1053],[29.2401,41.1024],[29.240878294036058,41.102936754507624],[29.24437012987013,41.103029870129866],[29.2446,41.1028],[29.24524721780603,41.10305325914149],[29.247,41.1031],[29.247866349809886,41.10407813688213],[29.2492,41.1046],[29.249917647058822,41.106394117647056],[29.2501,41.1066],[29.250089795918367,41.10682448979592],[29.2506,41.1081],[29.249954460093896,41.109801877934274],[29.2499,41.111],[29.25030248447205,41.111190062111795],[29.2533,41.1119],[29.253160110149487,41.112539496459476],[29.2535,41.1127],[29.253108047945204,41.114603767123285],[29.2569,41.1109],[29.2562,41.1071],[29.262,41.1016],[29.2643,41.1023],[29.2652,41.1],[29.2672,41.0991],[29.2683,41.0998],[29.2724,41.0999],[29.2767,41.1031],[29.2767,41.1034],[29.2769,41.1043],[29.2772,41.1042],[29.2773,41.1037],[29.2794,41.1017],[29.2794,41.0983],[29.2812,41.0951],[29.2783,41.0935],[29.28,41.0894],[29.2769,41.088],[29.2774,41.0835],[29.2794,41.0826],[29.2738,41.0804],[29.2713,41.0751],[29.2692,41.0747],[29.2681,41.073],[29.2662,41.0733],[29.2652,41.0716],[29.2681,41.0696],[29.2725,41.0679],[29.2706,41.0651],[29.2715,41.061],[29.275,41.0559],[29.2746,41.0544],[29.2806,41.0539],[29.2826,41.0544],[29.2867,41.053],[29.2903,41.0527],[29.2865,41.0516],[29.28612704791345,41.051246676970635],[29.2854,41.051],[29.28490678899082,41.05009064220182],[29.2846,41.0498],[29.28442927689595,41.04921022927691],[29.282228318584075,41.04515221238938],[29.282081818181805,41.04505454545454],[29.2744,41.0421],[29.26760160528801,41.03212313503305],[29.26545799676898,41.0302591276252],[29.26371361256545,41.029499476439796],[29.25796893743058,41.02891403184006],[29.25083796498905,41.028187308533916],[29.2506,41.0282],[29.25061318481473,41.028164401000225],[29.249,41.028],[29.24690663538874,41.0235245308311],[29.2466,41.0235],[29.246002033898304,41.021805762711864],[29.2429,41.02198823529412],[29.2429,41.0255],[29.2399,41.0254],[29.2366,41.0271],[29.2339,41.0322],[29.2326,41.0361]]]]}},{"type":"Feature","properties":{"id":"BELIRSIZ-34-016-D2","plaka":34,"ilce":"TR-D-34-016","eskiIlce":null},"geometry":{"type":"MultiPolygon","coordinates":[[[[29.1931,41.0216],[29.1956,41.0242],[29.1963,41.0239],[29.1952,41.0278],[29.1931,41.0307],[29.1925,41.0325],[29.1931,41.0359],[29.1934,41.0364],[29.188,41.0369],[29.1866,41.0352],[29.183,41.034],[29.1823,41.0349],[29.1768,41.0348],[29.1737,41.0329],[29.1717,41.0294],[29.1771,41.0243],[29.1776,41.0238],[29.1804,41.0203],[29.181995876288664,41.01726023564064],[29.179510646387815,41.01990684410648],[29.171415639810412,41.02966066350712],[29.1713,41.0298],[29.171234400000007,41.0298268],[29.169549004705033,41.0305153456388],[29.169,41.0311],[29.160864995442058,41.03406308113038],[29.1549,41.0365],[29.15424547809196,41.03647416360889],[29.1539,41.0366],[29.15245507088328,41.03640348964013],[29.144781184336196,41.0361005730659],[29.140867775514824,41.0359460964019],[29.139882833787468,41.03788201634877],[29.139380771039022,41.03886882933709],[29.139108284023667,41.04140295857989],[29.13909192003332,41.041555143690125],[29.139385078318224,41.04202819455895],[29.141532528180356,41.04549339774557],[29.14289784893669,41.04769652896602],[29.1429183908046,41.04769616858238],[29.1477,41.0467],[29.148069032258068,41.047605806451614],[29.1488,41.0494],[29.16167183453237,41.052600179856114],[29.165779362101354,41.05362138836774],[29.1668,41.0538],[29.16685718791064,41.05388935611038],[29.1669,41.0539],[29.16744000000003,41.05480000000006],[29.1684,41.0564],[29.1713,41.0542],[29.197413704735364,41.0538173816156],[29.1979,41.0537],[29.19815237562885,41.05380655859885],[29.1986,41.0538],[29.207980084151473,41.05656465638149],[29.2081,41.0566],[29.210311441144114,41.05900374037404],[29.2104,41.0589],[29.2108,41.0589],[29.211,41.059],[29.2142,41.0584],[29.2165,41.0563],[29.2179,41.0519],[29.2192,41.0507],[29.2205,41.0493],[29.2261,41.0448],[29.2262,41.0446],[29.2263,41.0445],[29.2265,41.0443],[29.2266,41.0442],[29.2267,41.0441],[29.2267,41.044],[29.2269,41.0437],[29.227,41.0435],[29.2277,41.0425],[29.2278,41.0424],[29.2298,41.0411],[29.2326,41.0361],[29.2339,41.0322],[29.2366,41.0271],[29.2399,41.0254],[29.2429,41.0255],[29.2429,41.02198823529412],[29.2393,41.0222],[29.238390332805075,41.02100190174327],[29.237762928870293,41.02017556485355],[29.235274175239443,41.01689769421781],[29.23312222222232,41.01670555555556],[29.225055555555503,41.01633888888889],[29.2132,41.0158],[29.2052,41.0129],[29.195920958083832,41.01370299401198],[29.19242211055284,41.014005778894465],[29.19007979169161,41.01429304441518],[29.1931,41.0216]]],[[[29.2034608695652,41.07033043478264],[29.2056,41.0673],[29.205545725317155,41.066956260341975],[29.2034608695652,41.07033043478264]]],[[[29.2041,41.0795],[29.204402108433733,41.080121987951806],[29.2045,41.0765],[29.2042,41.0762],[29.204,41.0756],[29.203130612244898,41.073459968602826],[29.2041,41.0795]]],[[[29.204477777777775,41.08027777777777],[29.206042857142876,41.08350000000004],[29.2048,41.0806],[29.204477777777775,41.08027777777777]]],[[[29.2101,41.0899],[29.207640740740732,41.08678976034857],[29.2092,41.09],[29.210525837320578,41.09062392344498],[29.2101,41.0899]]],[[[29.2466,41.0235],[29.24690663538874,41.0235245308311],[29.2461,41.0218],[29.246002033898304,41.021805762711864],[29.2466,41.0235]]],[[[29.21423461538462,41.092369230769236],[29.2136,41.0911],[29.212152631578938,41.09138947368421],[29.21423461538462,41.092369230769236]]],[[[29.215375510204076,41.09290612244898],[29.21843139534884,41.09434418604652],[29.2166,41.0926],[29.215375510204076,41.09290612244898]]],[[[29.222881944444442,41.10453657407407],[29.2222,41.1034],[29.2229,41.0968],[29.222757209847597,41.096725205158265],[29.2218,41.104],[29.222881944444442,41.10453657407407]]],[[[29.24524721780603,41.10305325914149],[29.2446,41.1028],[29.24437012987013,41.103029870129866],[29.24524721780603,41.10305325914149]]],[[[29.247866349809886,41.10407813688213],[29.249917647058822,41.106394117647056],[29.2492,41.1046],[29.247866349809886,41.10407813688213]]],[[[29.234445652173914,41.109639130434786],[29.2395,41.1029],[29.240878294036058,41.102936754507624],[29.2401,41.1024],[29.235,41.1053],[29.2356,41.108],[29.2343,41.1076],[29.234445652173914,41.109639130434786]]],[[[29.231912702078525,41.10901524249423],[29.2304,41.1072],[29.22451145320198,41.1053447044335],[29.231912702078525,41.10901524249423]]],[[[29.250089795918367,41.10682448979592],[29.249954460093896,41.109801877934274],[29.2506,41.1081],[29.250089795918367,41.10682448979592]]],[[[29.253160110149487,41.112539496459476],[29.2533,41.1119],[29.25030248447205,41.111190062111795],[29.253160110149487,41.112539496459476]]],[[[29.2604,41.1187],[29.260457345013474,41.118672102425876],[29.2577,41.1162],[29.252988625069023,41.11518382109332],[29.2528,41.1161],[29.2604,41.1187]]],[[[29.3468,41.0472],[29.3486,41.0429],[29.3485,41.0413],[29.3504,41.0421],[29.3498,41.0439],[29.3526,41.0412],[29.3558,41.0418],[29.3586,41.0402],[29.358,41.0422],[29.359963894643386,41.042994909736606],[29.3606,41.0386],[29.3373,41.0417],[29.330303833515877,41.04840865279299],[29.335,41.0488],[29.3385,41.0479],[29.3408,41.0487],[29.3468,41.0472]]],[[[29.3217,41.0508],[29.3268,41.0504],[29.329302164502185,41.048928138528126],[29.3248,41.0504],[29.309,41.0476],[29.301257746478875,41.04827323943662],[29.3033,41.0494],[29.3107,41.0484],[29.3135,41.0487],[29.3217,41.0508]]],[[[29.2903,41.0527],[29.290345485738793,41.052677932661375],[29.28612704791345,41.051246676970635],[29.2865,41.0516],[29.2903,41.0527]]],[[[29.3546,41.0531],[29.3569,41.053],[29.3566,41.0552],[29.3606,41.0588],[29.358,41.0605],[29.3584,41.0644],[29.3607,41.0645],[29.361,41.0629],[29.3636,41.0627],[29.364,41.0673],[29.3668,41.0633],[29.3707,41.0618],[29.3687,41.0676],[29.3703,41.0706],[29.3677,41.0718],[29.3701,41.0731],[29.3667,41.0748],[29.365,41.0767],[29.3694,41.0757],[29.371,41.0815],[29.3721,41.0783],[29.3741,41.0772],[29.3738,41.0746],[29.3743,41.0688],[29.3759,41.0666],[29.3753,41.0701],[29.3767,41.0726],[29.378,41.0697],[29.381,41.0707],[29.3802,41.0726],[29.3811,41.0763],[29.3802,41.0782],[29.3835,41.0771],[29.3851,41.0725],[29.3862,41.0736],[29.3938,41.0778],[29.3927,41.0806],[29.3942,41.0819],[29.3994,41.0825],[29.39925789473684,41.084015789473675],[29.3995,41.0822],[29.3947,41.0814],[29.3942,41.0775],[29.382,41.066],[29.373,41.0519],[29.3644,41.0588],[29.3593,41.0555],[29.359368674698796,41.054607228915664],[29.3584,41.0538],[29.359518557457214,41.046071784841075],[29.3553,41.0477],[29.3568,41.0495],[29.3546,41.0531]]],[[[29.3934,41.0867],[29.3899,41.0887],[29.39013303777949,41.08901572860447],[29.39710074626865,41.08605074626866],[29.3934,41.0867]]],[[[29.391635563380277,41.091051408450696],[29.393,41.0929],[29.393678203928907,41.09300523854069],[29.391635563380277,41.091051408450696]]],[[[29.40073901098902,41.10026868131868],[29.3985,41.1],[29.392230769230792,41.10250769230768],[29.40073901098902,41.10026868131868]]],[[[29.3821,41.11051249999999],[29.38261980906921,41.10894224343676],[29.3821,41.109],[29.3821,41.11051249999999]]],[[[29.268597506925214,41.11865512465374],[29.2668,41.1172],[29.2632,41.1163],[29.26101531728666,41.11840065645514],[29.2641,41.1169],[29.268597506925214,41.11865512465374]]],[[[29.276130853391685,41.12159496717724],[29.2749,41.1202],[29.269630679156894,41.11905831381733],[29.276130853391685,41.12159496717724]]],[[[29.276973547094187,41.12160260521042],[29.2817,41.1208],[29.282932,41.123908],[29.283,41.1235],[29.2817,41.1207],[29.2791,41.1205],[29.276973547094187,41.12160260521042]]],[[[29.3666,41.1227],[29.365936526946115,41.122976447105785],[29.367137346660606,41.122831667423895],[29.3658,41.1218],[29.3666,41.1227]]],[[[29.378006666666664,41.12287777777778],[29.378114528760463,41.12255194436943],[29.37321917808218,41.12515753424658],[29.378006666666664,41.12287777777778]]],[[[29.339799999999997,41.1276],[29.3382,41.1266],[29.335503553299496,41.12685279187817],[29.339799999999997,41.1276]]],[[[29.32699022988506,41.12623965517241],[29.3252,41.1267],[29.322330921052625,41.12851513157895],[29.32699022988506,41.12623965517241]]],[[[29.28537572016461,41.13007283950618],[29.2859,41.1285],[29.284231004366813,41.12718503374355],[29.28537572016461,41.13007283950618]]],[[[29.3197,41.1298],[29.319950850753525,41.129677491492465],[29.31887361784675,41.12929951503395],[29.3197,41.1298]]]]}},{"type":"Feature","properties":{"id":"PARCA-34-016-BEYKOZ-D2","plaka":34,"ilce":"TR-D-34-016","eskiIlce":"Beykoz"},"geometry":{"type":"Polygon","coordinates":[[[29.3938,41.0778],[29.3862,41.0736],[29.3851,41.0725],[29.3835,41.0771],[29.3802,41.0782],[29.3811,41.0763],[29.3802,41.0726],[29.381,41.0707],[29.378,41.0697],[29.3767,41.0726],[29.3753,41.0701],[29.3759,41.0666],[29.3743,41.0688],[29.3738,41.0746],[29.3741,41.0772],[29.3721,41.0783],[29.371,41.0815],[29.3694,41.0757],[29.365,41.0767],[29.3667,41.0748],[29.3701,41.0731],[29.3677,41.0718],[29.3703,41.0706],[29.3687,41.0676],[29.3707,41.0618],[29.3668,41.0633],[29.364,41.0673],[29.3636,41.0627],[29.361,41.0629],[29.3607,41.0645],[29.3584,41.0644],[29.358,41.0605],[29.3606,41.0588],[29.3566,41.0552],[29.3569,41.053],[29.3546,41.0531],[29.3568,41.0495],[29.3553,41.0477],[29.359518557457214,41.046071784841075],[29.359963894643386,41.042994909736606],[29.358,41.0422],[29.3586,41.0402],[29.3558,41.0418],[29.3526,41.0412],[29.3498,41.0439],[29.3504,41.0421],[29.3485,41.0413],[29.3486,41.0429],[29.3468,41.0472],[29.3408,41.0487],[29.3385,41.0479],[29.335,41.0488],[29.330303833515877,41.04840865279299],[29.33,41.0487],[29.329302164502185,41.048928138528126],[29.3268,41.0504],[29.3217,41.0508],[29.3135,41.0487],[29.3107,41.0484],[29.3033,41.0494],[29.301257746478875,41.04827323943662],[29.2998,41.0484],[29.291,41.0529],[29.290345485738793,41.052677932661375],[29.2903,41.0527],[29.2867,41.053],[29.2826,41.0544],[29.2806,41.0539],[29.2746,41.0544],[29.275,41.0559],[29.2715,41.061],[29.2706,41.0651],[29.2725,41.0679],[29.2681,41.0696],[29.2652,41.0716],[29.2662,41.0733],[29.2681,41.073],[29.2692,41.0747],[29.2713,41.0751],[29.2738,41.0804],[29.2794,41.0826],[29.2774,41.0835],[29.2769,41.088],[29.28,41.0894],[29.2783,41.0935],[29.2812,41.0951],[29.2794,41.0983],[29.2794,41.1017],[29.2773,41.1037],[29.2773,41.1038],[29.277,41.1051],[29.2772,41.1042],[29.2769,41.1043],[29.2767,41.1034],[29.2767,41.1031],[29.2724,41.0999],[29.2683,41.0998],[29.2672,41.0991],[29.2652,41.1],[29.2643,41.1023],[29.262,41.1016],[29.2562,41.1071],[29.2569,41.1109],[29.253108047945204,41.114603767123285],[29.252988625069023,41.11518382109332],[29.2577,41.1162],[29.260457345013474,41.118672102425876],[29.26101531728666,41.11840065645514],[29.2632,41.1163],[29.2668,41.1172],[29.268597506925214,41.11865512465374],[29.269630679156894,41.11905831381733],[29.2749,41.1202],[29.276130853391685,41.12159496717724],[29.2764,41.1217],[29.276973547094187,41.12160260521042],[29.2791,41.1205],[29.2817,41.1207],[29.283,41.1235],[29.282932,41.123908],[29.284231004366813,41.12718503374355],[29.2859,41.1285],[29.28537572016461,41.13007283950618],[29.2861,41.1319],[29.29259342105263,41.12965822368422],[29.2928,41.1294],[29.2935924290221,41.1293133280757],[29.3029,41.1261],[29.3126,41.1255],[29.31887361784675,41.12929951503395],[29.319950850753525,41.129677491492465],[29.322330921052625,41.12851513157895],[29.3252,41.1267],[29.32699022988506,41.12623965517241],[29.3283,41.1256],[29.335503553299496,41.12685279187817],[29.3382,41.1266],[29.339799999999997,41.1276],[29.3467,41.1288],[29.3533,41.1245],[29.360185981308412,41.12366977530324],[29.365936526946115,41.122976447105785],[29.3666,41.1227],[29.3658,41.1218],[29.367137346660606,41.122831667423895],[29.3674,41.1228],[29.3725,41.1255],[29.37321917808218,41.12515753424658],[29.378114528760463,41.12255194436943],[29.3821,41.11051249999999],[29.3821,41.109],[29.38261980906921,41.10894224343676],[29.3827,41.1087],[29.3915,41.1027],[29.392230769230792,41.10250769230768],[29.3985,41.1],[29.40073901098902,41.10026868131868],[29.401,41.1002],[29.4002845263919,41.09619334779465],[29.397104002582314,41.0940919302776],[29.39607670915411,41.09391170336037],[29.3943,41.0936],[29.393678203928907,41.09300523854069],[29.393,41.0929],[29.391635563380277,41.091051408450696],[29.3897,41.0892],[29.39013303777949,41.08901572860447],[29.3899,41.0887],[29.3934,41.0867],[29.39710074626865,41.08605074626866],[29.3991,41.0852],[29.39925789473684,41.084015789473675],[29.3994,41.0825],[29.3942,41.0819],[29.3927,41.0806],[29.3938,41.0778]]]}},{"type":"Feature","properties":{"id":"BELIRSIZ-34-029-D1","plaka":34,"ilce":"TR-D-34-029","eskiIlce":null},"geometry":{"type":"Polygon","coordinates":[[[29.208693059936905,40.95964542586751],[29.2073,40.9612],[29.211629984544047,40.96999319938176],[29.2138,40.9744],[29.213113253012057,40.97514096385541],[29.2062,40.9826],[29.1928,40.9889],[29.192771311475408,40.99139590163934],[29.1928,40.9924],[29.19275971563981,40.99240473933649],[29.192728940290475,40.99508219472835],[29.19270543071161,40.9971275280899],[29.1927,40.9976],[29.1897,41.0055],[29.189534724983435,41.00563836978131],[29.18739906396256,41.0074263650546],[29.185642005218035,41.008897390980245],[29.1854,41.0091],[29.193856109725694,41.01109526184539],[29.1943,41.0112],[29.194295841995842,41.011254054054056],[29.1947,41.0114],[29.1941,41.0138],[29.2052,41.0129],[29.20703486238532,41.01356513761468],[29.2132,41.0158],[29.222014521452145,41.016200660066005],[29.225055555555503,41.01633888888889],[29.23312222222232,41.01670555555556],[29.2352,41.0168],[29.235274175239443,41.01689769421781],[29.237762928870293,41.02017556485355],[29.238390332805075,41.02100190174327],[29.2393,41.0222],[29.246002033898304,41.021805762711864],[29.2461,41.0218],[29.24690663538874,41.0235245308311],[29.249,41.028],[29.250668699839483,41.02801451043339],[29.253599999999977,41.02804],[29.26012646855563,41.028096751900485],[29.2605,41.0281],[29.261094693877556,41.02835897959184],[29.26371361256545,41.029499476439796],[29.2647,41.0296],[29.26545799676898,41.0302591276252],[29.266058950617275,41.03052083333333],[29.2667,41.0308],[29.266932911963885,41.031141805869076],[29.26760160528801,41.03212313503305],[29.270821538461554,41.03492307692309],[29.2716,41.0356],[29.27172571428571,41.03589183673469],[29.274192000000003,41.04161714285715],[29.274316751269037,41.0419067440174],[29.2744,41.0421],[29.282081818181805,41.04505454545454],[29.2822,41.0451],[29.282228318584075,41.04515221238938],[29.28442927689595,41.04921022927691],[29.28490678899082,41.05009064220182],[29.2854,41.051],[29.28612704791345,41.051246676970635],[29.290345485738793,41.052677932661375],[29.291,41.0529],[29.2998,41.0484],[29.301257746478875,41.04827323943662],[29.309,41.0476],[29.3248,41.0504],[29.329302164502185,41.048928138528126],[29.3302,41.0484],[29.330303833515877,41.04840865279299],[29.3373,41.0417],[29.34168985507246,41.04111594202899],[29.34851559322034,41.04020779661017],[29.352268173465625,41.03970852627711],[29.3606,41.0386],[29.362078655195617,41.03094578486975],[29.360538781231963,41.02989955471263],[29.356624515252562,41.02724010127208],[29.342092728208762,41.01736682969208],[29.2951,41.0148],[29.2944028340081,41.013737246963565],[29.290575298804782,41.00790258964144],[29.2869,41.0023],[29.277708539325822,41.003129033707864],[29.265065137614684,41.00426941896025],[29.261478703703705,41.004592901234574],[29.2614,41.0046],[29.26138081081081,41.00456027027027],[29.2612,41.0045],[29.26083929590866,41.003439105613715],[29.2543,40.9899],[29.254403529411764,40.987984705882354],[29.2547,40.9825],[29.252087261146496,40.976714649681526],[29.25193414634146,40.97637560975609],[29.251846536144583,40.97625707831326],[29.24970313901345,40.97453632286995],[29.2448,40.9706],[29.244892113884553,40.970348096723875],[29.2446,40.9701],[29.245063636363636,40.96892727272727],[29.2497,40.9572],[29.248,40.9512],[29.231803394223654,40.94939032337694],[29.2258,40.9529],[29.225023698384206,40.95271436265709],[29.2249,40.9528],[29.2212,40.9518],[29.2163,40.946],[29.21425536723164,40.953302259887],[29.2142,40.9535],[29.213388235294126,40.95440588235294],[29.208693059936905,40.95964542586751]]]}},{"type":"Feature","properties":{"id":"PARCA-34-029-USKUDAR-D2","plaka":34,"ilce":"TR-D-34-029","eskiIlce":"Üsküdar"},"geometry":{"type":"Polygon","coordinates":[[[29.219,40.9991],[29.2165,40.9999],[29.2104,40.9991],[29.2091,40.998],[29.206,40.997],[29.203,40.9948],[29.2008,40.9905],[29.1972,40.9924],[29.1928,40.9924],[29.19275971563981,40.99240473933649],[29.192728940290475,40.99508219472835],[29.1932,40.9958],[29.19270543071161,40.9971275280899],[29.1927,40.9976],[29.1897,41.0055],[29.189534724983435,41.00563836978131],[29.1894,41.006],[29.1879,41.0074],[29.18739906396256,41.0074263650546],[29.185642005218035,41.008897390980245],[29.1911,41.0101],[29.193856109725694,41.01109526184539],[29.1943,41.0112],[29.194295841995842,41.011254054054056],[29.1947,41.0114],[29.1941,41.0138],[29.2052,41.0129],[29.20703486238532,41.01356513761468],[29.2132,41.0158],[29.222014521452145,41.016200660066005],[29.225055555555503,41.01633888888889],[29.2297,41.0164],[29.23312222222232,41.01670555555556],[29.2352,41.0168],[29.235274175239443,41.01689769421781],[29.2353,41.0169],[29.237,41.0167],[29.237762928870293,41.02017556485355],[29.238390332805075,41.02100190174327],[29.2396,41.0215],[29.2429,41.0219],[29.2459,41.0218],[29.2461,41.0216],[29.2469,41.0195],[29.2503,41.0212],[29.2568,41.0215],[29.2607,41.0207],[29.2638,41.0173],[29.2639,41.0147],[29.2691,41.0159],[29.2729,41.014],[29.2737,41.012],[29.2666,41.0093],[29.2622,41.0048],[29.2615,41.0046],[29.261478703703705,41.004592901234574],[29.2614,41.0046],[29.26138081081081,41.00456027027027],[29.2612,41.0045],[29.26083929590866,41.003439105613715],[29.2543,40.9899],[29.254403529411764,40.987984705882354],[29.2544,40.9879],[29.2544,40.9853],[29.2518,40.9793],[29.252087261146496,40.976714649681526],[29.25193414634146,40.97637560975609],[29.251846536144583,40.97625707831326],[29.24970313901345,40.97453632286995],[29.249,40.9748],[29.2456,40.9756],[29.239,40.9758],[29.2373,40.9784],[29.2317,40.9815],[29.2296,40.9854],[29.2266,40.9866],[29.2252,40.9895],[29.2196,40.9974],[29.2191,40.9988],[29.219,40.9991]]]}},{"type":"Feature","properties":{"id":"BELIRSIZ-34-029-D2","plaka":34,"ilce":"TR-D-34-029","eskiIlce":null},"geometry":{"type":"MultiPolygon","coordinates":[[[[29.213388235294126,40.95440588235294],[29.208693059936905,40.95964542586751],[29.2073,40.9612],[29.211629984544047,40.96999319938176],[29.2138,40.9744],[29.213113253012057,40.97514096385541],[29.2062,40.9826],[29.1928,40.9889],[29.192771311475408,40.99139590163934],[29.1928,40.9924],[29.1972,40.9924],[29.2008,40.9905],[29.203,40.9948],[29.206,40.997],[29.2091,40.998],[29.2104,40.9991],[29.2165,40.9999],[29.219,40.9991],[29.2191,40.9988],[29.2196,40.9974],[29.2252,40.9895],[29.2266,40.9866],[29.2296,40.9854],[29.2317,40.9815],[29.2373,40.9784],[29.239,40.9758],[29.2456,40.9756],[29.249,40.9748],[29.24970313901345,40.97453632286995],[29.2448,40.9706],[29.244892113884553,40.970348096723875],[29.2446,40.9701],[29.245063636363636,40.96892727272727],[29.2497,40.9572],[29.248,40.9512],[29.231803394223654,40.94939032337694],[29.2258,40.9529],[29.225023698384206,40.95271436265709],[29.2249,40.9528],[29.2212,40.9518],[29.2163,40.946],[29.21425536723164,40.953302259887],[29.2142,40.9535],[29.213388235294126,40.95440588235294]]],[[[29.254403529411764,40.987984705882354],[29.2547,40.9825],[29.252087261146496,40.976714649681526],[29.2518,40.9793],[29.2544,40.9853],[29.2544,40.9879],[29.254403529411764,40.987984705882354]]],[[[29.192728940290475,40.99508219472835],[29.19270543071161,40.9971275280899],[29.1932,40.9958],[29.192728940290475,40.99508219472835]]],[[[29.1879,41.0074],[29.1894,41.006],[29.189534724983435,41.00563836978131],[29.18739906396256,41.0074263650546],[29.1879,41.0074]]],[[[29.193856109725694,41.01109526184539],[29.1911,41.0101],[29.185642005218035,41.008897390980245],[29.1854,41.0091],[29.193856109725694,41.01109526184539]]],[[[29.225055555555503,41.01633888888889],[29.23312222222232,41.01670555555556],[29.2297,41.0164],[29.225055555555503,41.01633888888889]]],[[[29.237,41.0167],[29.2353,41.0169],[29.235274175239443,41.01689769421781],[29.237762928870293,41.02017556485355],[29.237,41.0167]]],[[[29.2429,41.0219],[29.2396,41.0215],[29.238390332805075,41.02100190174327],[29.2393,41.0222],[29.246002033898304,41.021805762711864],[29.2461,41.0218],[29.24690663538874,41.0235245308311],[29.249,41.028],[29.250668699839483,41.02801451043339],[29.253599999999977,41.02804],[29.26012646855563,41.028096751900485],[29.2605,41.0281],[29.261094693877556,41.02835897959184],[29.26371361256545,41.029499476439796],[29.2647,41.0296],[29.26545799676898,41.0302591276252],[29.266058950617275,41.03052083333333],[29.2667,41.0308],[29.266932911963885,41.031141805869076],[29.26760160528801,41.03212313503305],[29.270821538461554,41.03492307692309],[29.2716,41.0356],[29.27172571428571,41.03589183673469],[29.274192000000003,41.04161714285715],[29.274316751269037,41.0419067440174],[29.2744,41.0421],[29.282081818181805,41.04505454545454],[29.2822,41.0451],[29.282228318584075,41.04515221238938],[29.28442927689595,41.04921022927691],[29.28490678899082,41.05009064220182],[29.2854,41.051],[29.28612704791345,41.051246676970635],[29.290345485738793,41.052677932661375],[29.291,41.0529],[29.2998,41.0484],[29.301257746478875,41.04827323943662],[29.309,41.0476],[29.3248,41.0504],[29.329302164502185,41.048928138528126],[29.3302,41.0484],[29.330303833515877,41.04840865279299],[29.3373,41.0417],[29.34168985507246,41.04111594202899],[29.34851559322034,41.04020779661017],[29.352268173465625,41.03970852627711],[29.3606,41.0386],[29.362078655195617,41.03094578486975],[29.360538781231963,41.02989955471263],[29.356624515252562,41.02724010127208],[29.342092728208762,41.01736682969208],[29.2951,41.0148],[29.2944028340081,41.013737246963565],[29.290575298804782,41.00790258964144],[29.2869,41.0023],[29.277708539325822,41.003129033707864],[29.265065137614684,41.00426941896025],[29.261478703703705,41.004592901234574],[29.2615,41.0046],[29.2622,41.0048],[29.2666,41.0093],[29.2737,41.012],[29.2729,41.014],[29.2691,41.0159],[29.2639,41.0147],[29.2638,41.0173],[29.2607,41.0207],[29.2568,41.0215],[29.2503,41.0212],[29.2469,41.0195],[29.2461,41.0216],[29.2459,41.0218],[29.2429,41.0219]]]]}},{"type":"Feature","properties":{"id":"PARCA-34-003-KADIKOY-D1","plaka":34,"ilce":"TR-D-34-003","eskiIlce":"Kadıköy"},"geometry":{"type":"Polygon","coordinates":[[[29.1477,40.987],[29.1533,40.982],[29.1566,40.982],[29.1603,40.981],[29.16066306620209,40.98009233449477],[29.1575,40.9791],[29.15740331753554,40.979000473933645],[29.1574,40.979],[29.157390322580657,40.978987096774205],[29.1534839184598,40.974965798414495],[29.152322996515682,40.97377073170732],[29.1496,40.9725],[29.1448,40.9733],[29.1365,40.974],[29.1339,40.9729],[29.1277,40.9731],[29.1258,40.9725],[29.1234,40.9708],[29.12268415961306,40.9680261185006],[29.12178060941829,40.967049307479236],[29.1192,40.965],[29.116145573770478,40.96095737704916],[29.116,40.9608],[29.11131936636548,40.959335311923894],[29.099295700970142,40.97499857333079],[29.0979,40.9774],[29.0949,40.9815],[29.093334103317932,40.98276476270475],[29.093,40.9832],[29.092507213496226,40.983432635253045],[29.0897,40.9857],[29.0844,40.9884],[29.0796,40.9901],[29.0763,40.9914],[29.0797,40.992],[29.0867,40.9919],[29.0893,40.9943],[29.0904,40.9949],[29.091,40.9963],[29.101983339266642,41.00323684585262],[29.105069662921352,41.00162134831461],[29.1105,40.9978],[29.114938209817137,40.99639846005775],[29.1156,40.996],[29.115829076546916,40.99598946774497],[29.116,40.9959],[29.11610710355703,40.99589524443665],[29.131517615658364,40.99521099389934],[29.1322,40.9937],[29.1368,40.9937],[29.1447,40.9919],[29.1467,40.9892],[29.1477,40.987]]]}},{"type":"Feature","properties":{"id":"PARCA-34-003-USKUDAR-D1","plaka":34,"ilce":"TR-D-34-003","eskiIlce":"Üsküdar"},"geometry":{"type":"Polygon","coordinates":[[[29.0893,40.9943],[29.0867,40.9919],[29.0797,40.992],[29.0763,40.9914],[29.0734,40.9925],[29.074,40.997],[29.0723,41.0029],[29.0726,41.0056],[29.0727,41.0056],[29.074299764150904,41.00599292452829],[29.078467470767933,41.006848993995575],[29.089249117920147,41.00906360259982],[29.0909,41.007],[29.0891,41.0038],[29.0885,40.9971],[29.0885,40.997],[29.0893,40.9943]]]}},{"type":"Feature","properties":{"id":"PARCA-34-003-KARTAL-D1","plaka":34,"ilce":"TR-D-34-003","eskiIlce":"Kartal"},"geometry":{"type":"Polygon","coordinates":[[[29.1624,40.9808],[29.1652,40.9817],[29.1665,40.985],[29.1674,40.9904],[29.1686,40.9933],[29.172302425876076,40.992310242587585],[29.201348545176113,40.98398973966309],[29.2037,40.9831],[29.1981,40.9813],[29.19780479233227,40.9810785942492],[29.1978,40.9811],[29.188049999999997,40.9785],[29.1876,40.9785],[29.18737731958763,40.9783206185567],[29.1873,40.9783],[29.18609032258066,40.97728387096775],[29.184,40.9756],[29.180286133603236,40.97477469635628],[29.179449443468073,40.97505500878734],[29.1793,40.9764],[29.1766,40.9773],[29.175054711246197,40.9765273556231],[29.173028875520597,40.97720606200833],[29.1724,40.9778],[29.1624,40.9808]]]}},{"type":"Feature","properties":{"id":"BELIRSIZ-34-003-D1","plaka":34,"ilce":"TR-D-34-003","eskiIlce":null},"geometry":{"type":"MultiPolygon","coordinates":[[[[29.1192,40.965],[29.12178060941829,40.967049307479236],[29.116145573770478,40.96095737704916],[29.1192,40.965]]],[[[29.1258,40.9725],[29.1277,40.9731],[29.1339,40.9729],[29.1365,40.974],[29.1448,40.9733],[29.1496,40.9725],[29.152322996515682,40.97377073170732],[29.1507,40.9721],[29.1271,40.9728],[29.12268415961306,40.9680261185006],[29.1234,40.9708],[29.1258,40.9725]]],[[[29.093334103317932,40.98276476270475],[29.0949,40.9815],[29.0979,40.9774],[29.099295700970142,40.97499857333079],[29.093334103317932,40.98276476270475]]],[[[29.131517615658364,40.99521099389934],[29.15493878550441,40.99417105778648],[29.166826722338197,40.99364321503132],[29.1678,40.9936],[29.172302425876076,40.992310242587585],[29.1686,40.9933],[29.1674,40.9904],[29.1665,40.985],[29.1652,40.9817],[29.1624,40.9808],[29.1724,40.9778],[29.173028875520597,40.97720606200833],[29.1626,40.9807],[29.162105673758862,40.98054491725768],[29.16066306620209,40.98009233449477],[29.1603,40.981],[29.1566,40.982],[29.1533,40.982],[29.1477,40.987],[29.1467,40.9892],[29.1447,40.9919],[29.1368,40.9937],[29.1322,40.9937],[29.131517615658364,40.99521099389934]]],[[[29.0723,41.0029],[29.074,40.997],[29.0734,40.9925],[29.0763,40.9914],[29.0796,40.9901],[29.0844,40.9884],[29.0897,40.9857],[29.092507213496226,40.983432635253045],[29.0733,40.9925],[29.0719,41.0055],[29.074299764150904,41.00599292452829],[29.0727,41.0056],[29.0726,41.0056],[29.0723,41.0029]]],[[[29.114209464378618,40.996837233489316],[29.114938209817137,40.99639846005775],[29.1105,40.9978],[29.105069662921352,41.00162134831461],[29.114209464378618,40.996837233489316]]],[[[29.0891,41.0038],[29.0909,41.007],[29.089249117920147,41.00906360259982],[29.08998439587128,41.009214632665454],[29.091148183254347,41.008908372827804],[29.096137428896476,41.006296814562],[29.101983339266642,41.00323684585262],[29.091,40.9963],[29.0904,40.9949],[29.0893,40.9943],[29.0885,40.997],[29.0885,40.9971],[29.0891,41.0038]]],[[[29.1823,40.9741],[29.180286133603236,40.97477469635628],[29.184,40.9756],[29.18609032258066,40.97728387096775],[29.1823,40.9741]]],[[[29.175054711246197,40.9765273556231],[29.1766,40.9773],[29.1793,40.9764],[29.179449443468073,40.97505500878734],[29.175054711246197,40.9765273556231]]],[[[29.206,40.9753],[29.205112853470435,40.9755087403599],[29.2049,40.9761],[29.20389571150097,40.975795126705655],[29.2026,40.9761],[29.1993,40.9744],[29.1983,40.9811],[29.197826957637997,40.98097958921694],[29.19780479233227,40.9810785942492],[29.1981,40.9813],[29.2037,40.9831],[29.201348545176113,40.98398973966309],[29.2062,40.9826],[29.2122,40.976],[29.2056946518668,40.97389263370333],[29.20550487804878,40.97441978319783],[29.206,40.9753]]]]}},{"type":"Feature","properties":{"id":"PARCA-34-003-KADIKOY-D2","plaka":34,"ilce":"TR-D-34-003","eskiIlce":"Kadıköy"},"geometry":{"type":"Polygon","coordinates":[[[29.1477,40.987],[29.1533,40.982],[29.1566,40.982],[29.1603,40.981],[29.16066306620209,40.98009233449477],[29.1575,40.9791],[29.15740331753554,40.979000473933645],[29.1574,40.979],[29.157390322580657,40.978987096774205],[29.1534839184598,40.974965798414495],[29.152322996515682,40.97377073170732],[29.1496,40.9725],[29.1448,40.9733],[29.1365,40.974],[29.1339,40.9729],[29.1277,40.9731],[29.1258,40.9725],[29.1234,40.9708],[29.12268415961306,40.9680261185006],[29.12178060941829,40.967049307479236],[29.1192,40.965],[29.116145573770478,40.96095737704916],[29.116,40.9608],[29.11131936636548,40.959335311923894],[29.099295700970142,40.97499857333079],[29.0979,40.9774],[29.0949,40.9815],[29.093334103317932,40.98276476270475],[29.093,40.9832],[29.092507213496226,40.983432635253045],[29.0897,40.9857],[29.0844,40.9884],[29.0796,40.9901],[29.0763,40.9914],[29.0797,40.992],[29.0867,40.9919],[29.0893,40.9943],[29.0904,40.9949],[29.091,40.9963],[29.101983339266642,41.00323684585262],[29.105069662921352,41.00162134831461],[29.1105,40.9978],[29.114938209817137,40.99639846005775],[29.1156,40.996],[29.115829076546916,40.99598946774497],[29.116,40.9959],[29.11610710355703,40.99589524443665],[29.131517615658364,40.99521099389934],[29.1322,40.9937],[29.1368,40.9937],[29.1447,40.9919],[29.1467,40.9892],[29.1477,40.987]]]}},{"type":"Feature","properties":{"id":"PARCA-34-003-USKUDAR-D2","plaka":34,"ilce":"TR-D-34-003","eskiIlce":"Üsküdar"},"geometry":{"type":"Polygon","coordinates":[[[29.0893,40.9943],[29.0867,40.9919],[29.0797,40.992],[29.0763,40.9914],[29.0734,40.9925],[29.074,40.997],[29.0723,41.0029],[29.0726,41.0056],[29.0727,41.0056],[29.074299764150904,41.00599292452829],[29.078467470767933,41.006848993995575],[29.089249117920147,41.00906360259982],[29.0909,41.007],[29.0891,41.0038],[29.0885,40.9971],[29.0885,40.997],[29.0893,40.9943]]]}},{"type":"Feature","properties":{"id":"PARCA-34-003-KARTAL-D2","plaka":34,"ilce":"TR-D-34-003","eskiIlce":"Kartal"},"geometry":{"type":"Polygon","coordinates":[[[29.1624,40.9808],[29.1652,40.9817],[29.1665,40.985],[29.1674,40.9904],[29.1686,40.9933],[29.172302425876076,40.992310242587585],[29.201348545176113,40.98398973966309],[29.2037,40.9831],[29.1981,40.9813],[29.19780479233227,40.9810785942492],[29.1978,40.9811],[29.188049999999997,40.9785],[29.1876,40.9785],[29.18737731958763,40.9783206185567],[29.1873,40.9783],[29.18609032258066,40.97728387096775],[29.184,40.9756],[29.180286133603236,40.97477469635628],[29.179449443468073,40.97505500878734],[29.1793,40.9764],[29.1766,40.9773],[29.175054711246197,40.9765273556231],[29.173028875520597,40.97720606200833],[29.1724,40.9778],[29.1624,40.9808]]]}},{"type":"Feature","properties":{"id":"BELIRSIZ-34-003-D2","plaka":34,"ilce":"TR-D-34-003","eskiIlce":null},"geometry":{"type":"MultiPolygon","coordinates":[[[[29.1192,40.965],[29.12178060941829,40.967049307479236],[29.116145573770478,40.96095737704916],[29.1192,40.965]]],[[[29.1258,40.9725],[29.1277,40.9731],[29.1339,40.9729],[29.1365,40.974],[29.1448,40.9733],[29.1496,40.9725],[29.152322996515682,40.97377073170732],[29.1507,40.9721],[29.1271,40.9728],[29.12268415961306,40.9680261185006],[29.1234,40.9708],[29.1258,40.9725]]],[[[29.093334103317932,40.98276476270475],[29.0949,40.9815],[29.0979,40.9774],[29.099295700970142,40.97499857333079],[29.093334103317932,40.98276476270475]]],[[[29.131517615658364,40.99521099389934],[29.15493878550441,40.99417105778648],[29.166826722338197,40.99364321503132],[29.1678,40.9936],[29.172302425876076,40.992310242587585],[29.1686,40.9933],[29.1674,40.9904],[29.1665,40.985],[29.1652,40.9817],[29.1624,40.9808],[29.1724,40.9778],[29.173028875520597,40.97720606200833],[29.1626,40.9807],[29.162105673758862,40.98054491725768],[29.16066306620209,40.98009233449477],[29.1603,40.981],[29.1566,40.982],[29.1533,40.982],[29.1477,40.987],[29.1467,40.9892],[29.1447,40.9919],[29.1368,40.9937],[29.1322,40.9937],[29.131517615658364,40.99521099389934]]],[[[29.0723,41.0029],[29.074,40.997],[29.0734,40.9925],[29.0763,40.9914],[29.0796,40.9901],[29.0844,40.9884],[29.0897,40.9857],[29.092507213496226,40.983432635253045],[29.0733,40.9925],[29.0719,41.0055],[29.074299764150904,41.00599292452829],[29.0727,41.0056],[29.0726,41.0056],[29.0723,41.0029]]],[[[29.114209464378618,40.996837233489316],[29.114938209817137,40.99639846005775],[29.1105,40.9978],[29.105069662921352,41.00162134831461],[29.114209464378618,40.996837233489316]]],[[[29.0891,41.0038],[29.0909,41.007],[29.089249117920147,41.00906360259982],[29.08998439587128,41.009214632665454],[29.091148183254347,41.008908372827804],[29.096137428896476,41.006296814562],[29.101983339266642,41.00323684585262],[29.091,40.9963],[29.0904,40.9949],[29.0893,40.9943],[29.0885,40.997],[29.0885,40.9971],[29.0891,41.0038]]],[[[29.1823,40.9741],[29.180286133603236,40.97477469635628],[29.184,40.9756],[29.18609032258066,40.97728387096775],[29.1823,40.9741]]],[[[29.175054711246197,40.9765273556231],[29.1766,40.9773],[29.1793,40.9764],[29.179449443468073,40.97505500878734],[29.175054711246197,40.9765273556231]]],[[[29.206,40.9753],[29.205112853470435,40.9755087403599],[29.2049,40.9761],[29.20389571150097,40.975795126705655],[29.2026,40.9761],[29.1993,40.9744],[29.1983,40.9811],[29.197826957637997,40.98097958921694],[29.19780479233227,40.9810785942492],[29.1981,40.9813],[29.2037,40.9831],[29.201348545176113,40.98398973966309],[29.2062,40.9826],[29.2122,40.976],[29.2056946518668,40.97389263370333],[29.20550487804878,40.97441978319783],[29.206,40.9753]]]]}}]}